index,smiles,canonical_smiles,fold
0,C#CC1(CNC1=O)C#C,C#CC1(C#C)CNC1=O,4
1,CC1CC=CCOC=N1,CC1CC=CCOC=N1,3
2,CC1=C2CCC3C(C1)C23,CC1=C2CCC3C(C1)C23,4
3,COC(=O)CN1CC1C,COC(=O)CN1CC1C,3
4,OC1CC23CCCC12O3,OC1CC23CCCC12O3,1
5,CC1=C(C)C2(C)CC1O2,CC1=C(C)C2(C)CC1O2,1
6,CCOCC12CC(C1)O2,CCOCC12CC(C1)O2,4
7,OC1CC11OC2COC12,OC1CC12OC1COC12,3
8,CC12CC(=O)C(O)C1O2,CC12CC(=O)C(O)C1O2,2
9,N#CC12CC(CNC1)N2,N#CC12CNCC(C1)N2,3
10,OC1CCC2CC2CC1,OC1CCC2CC2CC1,0
11,CN1CC2(C1)OC2C#C,C#CC1OC12CN(C)C2,1
12,CC1OC2(CC#C)CC12,C#CCC12CC1C(C)O2,0
13,CC1=CCCN(C1)C=O,CC1=CCCN(C=O)C1,3
14,C1CC(=O)COCC=C1,O=C1CCC=CCOC1,4
15,CCC(C#N)C(=O)C#C,C#CC(=O)C(C#N)CC,4
16,NC(CC#N)C#CC#N,N#CC#CC(N)CC#N,2
17,OC1C2COCC12,OC1C2COCC12,1
18,CC1(C)CC1(C)NC=O,CC1(C)CC1(C)NC=O,3
19,CC1(C=O)C2CC1C2,CC1(C=O)C2CC1C2,2
20,NC(=O)C1NC1C#C,C#CC1NC1C(N)=O,0
21,CNc1conc1C#C,C#Cc1nocc1NC,1
22,CC1CCC(C#N)C1=O,CC1CCC(C#N)C1=O,3
23,C1CC1c2n[nH]nn2,C1CC1c1nn[nH]n1,1
24,CC12CC1C(O)CCO2,CC12CC1C(O)CCO2,4
25,OC(C=O)C1CC=CC1,O=CC(O)C1CC=CC1,1
26,CC(CN1CC1)C(N)=O,CC(CN1CC1)C(N)=O,3
27,CC1CC2(C)C(CO)N12,CC1CC2(C)C(CO)N12,3
28,Cc1cccc(c1)CO,Cc1cccc(CO)c1,2
29,OC12CC(C3CC13)C2=O,O=C1C2CC1(O)C1CC21,4
30,OC12C3CC1(OC23)C#C,C#CC12CC3C(O1)C32O,0
31,COC12CC1OC(C)C2,COC12CC(C)OC1C2,3
32,C#CC1(CCOC1)C#N,C#CC1(C#N)CCOC1,4
33,CC1NC(C)C1=O,CC1NC(C)C1=O,1
34,CC1N2CC2(C)C1=NO,CC1C(=NO)C2(C)CN12,3
35,CCCC1(C)CC2OC12,CCCC1(C)CC2OC21,0
36,C1N2C3C4OCC13C24,C1OC2C3N4CC13C24,4
37,C[NH+]1CC(C)(C1)C([O-])=O,C[NH+]1CC(C)(C(=O)[O-])C1,3
38,COC1CCC(O1)C=O,COC1CCC(C=O)O1,4
39,c1c(c(oc(=O)n1)N)F,Nc1oc(=O)ncc1F,3
40,N=C1OCC2(CO2)CO1,N=C1OCC2(CO1)CO2,1
41,NC(=O)C1(O)C2CC1O2,NC(=O)C1(O)C2CC1O2,2
42,CC(=O)C1(CC1)C#N,CC(=O)C1(C#N)CC1,2
43,CCC12NC(C1O)C2O,CCC12NC(C1O)C2O,4
44,CC1CCN=C(C)O1,CC1=NCCC(C)O1,4
45,NC(=O)C1CC(=O)C1O,NC(=O)C1CC(=O)C1O,2
46,CC1CC(C#N)C(=O)C1,CC1CC(=O)C(C#N)C1,3
47,CC1(CC(=O)C1)OC=O,CC1(OC=O)CC(=O)C1,1
48,C1C=CC23OC12C1OC31,C1=CC23OC2(C1)C1OC13,2
49,OC(C#C)C1OC1C#C,C#CC(O)C1OC1C#C,1
50,CC12CCOC(=N)C1N2,CC12CCOC(=N)C1N2,3
51,CN1CCc2c1onc2,CN1CCc2cnoc21,0
52,C1C2C3CC1C1OC1C23,C1C2CC3C1C3C1OC21,2
53,c1(c(c([nH]c1N)N)O)O,Nc1[nH]c(N)c(O)c1O,2
54,CC1OC2C3NC2C13O,CC1OC2C3NC2C13O,1
55,CC(=O)Oc1ncon1,CC(=O)Oc1ncon1,1
56,C1COc2c1onc2O,Oc1noc2c1OCC2,4
57,O=C1COC2C3CC3C12,O=C1COC2C3CC3C12,4
58,c1c2cncnc2c[nH]1,c1ncc2c[nH]cc2n1,1
59,CN=C1CC2NC2CO1,CN=C1CC2NC2CO1,4
60,C1CN1CC2OCCO2,C1COC(CN2CC2)O1,1
61,C1CCOCOC1,C1CCOCOC1,3
62,O=CC12CC3(CO3)C1O2,O=CC12CC3(CO3)C1O2,0
63,OC1CC11CC(=O)C1,O=C1CC2(C1)CC2O,0
64,CC1CC2(CC12)C#C,C#CC12CC(C)C1C2,2
65,CC1(C)CC(C)(O1)C#N,CC1(C)CC(C)(C#N)O1,1
66,COC1(COC1)CCO,COC1(CCO)COC1,1
67,CCC12CC1CN=CO2,CCC12CC1CN=CO2,1
68,CC1(C)C2C=CC1C2=O,CC1(C)C2C=CC1C2=O,0
69,CCC1CCCC(=O)O1,CCC1CCCC(=O)O1,2
70,Cc1c(cc([nH]1)CO)O,Cc1[nH]c(CO)cc1O,4
71,CC1(CO)COC(=O)O1,CC1(CO)COC(=O)O1,1
72,CCC1CC(C1)C(N)=O,CCC1CC(C(N)=O)C1,0
73,C1OC1C1C=CC2OC12,C1=CC(C2CO2)C2OC12,4
74,O=CC1OC2C3NC3C12,O=CC1OC2C3NC3C12,4
75,CC1C2C3OC1C1C3N21,CC1C2OC3C1N1C2C31,0
76,C#CC#Cc1ncno1,C#CC#Cc1ncno1,3
77,CCCCc1[nH]ccn1,CCCCc1ncc[nH]1,3
78,CCc1c(non1)C#N,CCc1nonc1C#N,4
79,C1OC2C=CCC22NC12,C1=CC2OCC3NC32C1,3
80,OCC(C#C)C1CO1,C#CC(CO)C1CO1,4
81,CC(C)(O)C12CC1CC2,CC(C)(O)C12CCC1C2,0
82,COC1CC(C)(C)C1=O,COC1CC(C)(C)C1=O,2
83,OCC1OC2CC=CC12,OCC1OC2CC=CC12,1
84,CCc1cccnc1F,CCc1cccnc1F,2
85,O=C1OCC1C1CCO1,O=C1OCC1C1CCO1,1
86,CC12CC1CC2CC#N,CC12CC1CC2CC#N,3
87,CC1CCC2CC2C1,CC1CCC2CC2C1,3
88,CCC1(C)CC1(C)C#C,C#CC1(C)CC1(C)CC,3
89,CC1COC1(C)C#C,C#CC1(C)OCC1C,2
90,CCC1(NCC1N)C#N,CCC1(C#N)NCC1N,2
91,CC(=O)Cn1ncnn1,CC(=O)Cn1ncnn1,0
92,OC1C23CCC12N=CO3,OC1C23CCC12OC=N3,3
93,CCCC12OCC1C2C,CCCC12OCC1C2C,3
94,C#Cc1c(c(n[nH]1)N)N,C#Cc1[nH]nc(N)c1N,2
95,CN=C1N=NON=C1F,CN=c1nnonc1F,0
96,COC1C2CC1C1OC21,COC1C2CC1C1OC21,2
97,ON=C1C2CC3C2OC13,ON=C1C2CC3C1OC23,4
98,O=CC12CCOCC1O2,O=CC12CCOCC1O2,0
99,CC(C)C(C)(O)C=O,CC(C)C(C)(O)C=O,3
100,COC(C)(CC#C)C#N,C#CCC(C)(C#N)OC,4
101,CC1(C)COC2CC2O1,CC1(C)COC2CC2O1,0
102,OC1C2NC1C(O)C=C2,OC1C=CC2NC1C2O,1
103,CC1(O)C2NC11CNC21,CC1(O)C2NC13CNC23,4
104,CCC(=O)COCC,CCOCC(=O)CC,0
105,CC(C)(C#N)C#N,CC(C)(C#N)C#N,2
106,c1c(nc(o1)C(=O)N)N,NC(=O)c1nc(N)co1,4
107,OCC1C2CC(=O)C12,O=C1CC2C(CO)C12,0
108,CC1C=CC(=O)C2NC12,CC1C=CC(=O)C2NC12,2
109,CC(O)C1OCC1(C)C,CC(O)C1OCC1(C)C,4
110,OC1CCC2CCC12O,OC1CCC2CCC12O,4
111,CC#CCOC(=O)NC,CC#CCOC(=O)NC,2
112,OC1CCOC(=N)C1O,N=C1OCCC(O)C1O,0
113,OC1C2CCC3(CO3)C12,OC1C2CCC3(CO3)C12,2
114,CC(=O)N1CC1CCO,CC(=O)N1CC1CCO,1
115,OC1C2C3C4CC2C1C34,OC1C2C3CC4C2C4C13,3
116,OCC1(CNC=O)CO1,O=CNCC1(CO)CO1,0
117,CC(C)C(CC#N)C#C,C#CC(CC#N)C(C)C,3
118,CC1=CC2CCOC1O2,CC1=CC2CCOC1O2,2
119,CC(CO)C1CCC1C,CC(CO)C1CCC1C,4
120,O=CC1CCC2(CO2)C1,O=CC1CCC2(CO2)C1,4
121,CC1(O)C2CC2C11CO1,CC1(O)C2CC2C12CO2,2
122,OCCC1CC1NC=O,O=CNC1CC1CCO,1
123,CC1(C)CC1C1CCC1,CC1(C)CC1C1CCC1,2
124,CC12C3C1C1C3CN21,CC12C3C4CN1C4C32,2
125,OCC1=NC(=N)C=CO1,N=c1ccoc(CO)n1,0
126,CC1OCC(O)C11CN1,CC1OCC(O)C12CN2,0
127,Cc1ccon1,Cc1ccon1,4
128,CC1(CC(=O)N1)C=O,CC1(C=O)CC(=O)N1,2
129,CC(=O)NC(=NC)C#C,C#CC(=NC)NC(C)=O,1
130,CC1OC2CC2(C)O1,CC1OC2CC2(C)O1,1
131,CC1C2(C)OC1(C)C=C2,CC1C2(C)C=CC1(C)O2,3
132,CC1C2CN2C1(C)CO,CC1C2CN2C1(C)CO,0
133,CC1CC(C)C1C1CO1,CC1CC(C)C1C1CO1,1
134,CCC(CCO)CC#N,CCC(CC#N)CCO,0
135,Cc1ccnc(n1)F,Cc1ccnc(F)n1,3
136,CCNC(=N)C(=O)NC,CCNC(=N)C(=O)NC,3
137,OC12CC1C1COC2O1,OC12CC1C1COC2O1,4
138,CC1=[NH+]C=C(N1)C([O-])=O,Cc1[nH]c(C(=O)[O-])c[nH+]1,4
139,CCOCCC1CC1,CCOCCC1CC1,1
140,OC1CN2C1=NC=C2O,Oc1cnc2n1CC2O,1
141,CCCC(C#N)C1CC1,CCCC(C#N)C1CC1,3
142,CCCC1CC(O1)C#N,CCCC1CC(C#N)O1,2
143,c1c(c2c(o1)nno2)N,Nc1coc2nnoc12,3
144,N=CN1C2CC2OC1=O,N=CN1C(=O)OC2CC21,3
145,COCCCC1OC1C,COCCCC1OC1C,4
146,COC(=O)C(O)C1CO1,COC(=O)C(O)C1CO1,1
147,CC1C2CC(C#C)C12C,C#CC1CC2C(C)C12C,2
148,O=CC1NC1C1CN1,O=CC1NC1C1CN1,3
149,COC1C2OC(C)=NC12,COC1C2N=C(C)OC21,4
150,CNC(=O)c1ccoc1,CNC(=O)c1ccoc1,0
151,OC1(COC1C=O)C#C,C#CC1(O)COC1C=O,3
152,CC12CC1C(CO)C2O,CC12CC1C(CO)C2O,2
153,OC1CNC1=NC1CC1,OC1CNC1=NC1CC1,1
154,CC1OC(=O)CNC1=N,CC1OC(=O)CNC1=N,1
155,Cc1c(ncnc1O)N,Cc1c(N)ncnc1O,2
156,CC(C=O)C(C)(C)C#N,CC(C=O)C(C)(C)C#N,2
157,CC12OC(C)(C1O)C2O,CC12OC(C)(C1O)C2O,4
158,CC1CC2=C(C1)N=NO2,CC1Cc2nnoc2C1,2
159,CC1OC(=N)C1C1CO1,CC1OC(=N)C1C1CO1,4
160,C1C2C3C4CN2CC4N13,C1C2C3CN1C1CN3C21,2
161,c1c2c([nH]n1)OCC=C2,C1=Cc2cn[nH]c2OC1,0
162,CC1CC=CC(C)C1O,CC1C=CCC(C)C1O,0
163,CN(CCC=O)C=O,CN(C=O)CCC=O,3
164,CC1C2CC1C(O2)C#C,C#CC1OC2CC1C2C,0
165,CC1C=CC2(C)CC12C,CC1C=CC2(C)CC12C,2
166,CC1=CN2CC2CC1=O,CC1=CN2CC2CC1=O,2
167,N#CC12CC3CCC1C23,N#CC12CC3CCC1C32,0
168,CC(C)(C)C(=O)N(C)C,CN(C)C(=O)C(C)(C)C,0
169,CCC1C2C(O)CN12,CCC1C2C(O)CN12,2
170,OC1CC2C3CC12CO3,OC1CC2C3CC12CO3,4
171,CC1CNC(=O)CN1C,CC1CNC(=O)CN1C,3
172,CCCOC(=O)C#CC,CC#CC(=O)OCCC,4
173,Cc1nc2n(n1)cco2,Cc1nc2occn2n1,0
174,CC(C)n1cn[nH]c1=O,CC(C)n1cn[nH]c1=O,4
175,COC1C2C3CC=C1C23,COC1C2=CCC3C2C13,4
176,CC12C3CC1=CC(=O)C23,CC12C3=CC(=O)C1C2C3,4
177,CC1OC2CC1C2C#N,CC1OC2CC1C2C#N,3
178,C(C1CN1)C1=COC=C1,c1cc(CC2CN2)co1,3
179,CC1(O)CC1C(N)C#N,CC1(O)CC1C(N)C#N,3
180,C1C2C3CC4OCC24C13,C1C2C3CC2C32COC12,1
181,C#CCN1CCC(=O)C1,C#CCN1CCC(=O)C1,3
182,OC12COC1C1OCC21,OC12COC1C1OCC12,4
183,CC1(CN1)C(=O)CC#N,CC1(C(=O)CC#N)CN1,1
184,C1OC1C1=NOC=N1,c1nc(C2CO2)no1,1
185,O=CC(=O)C1CC2CC12,O=CC(=O)C1CC2CC21,0
186,C#CCC12CCC1CO2,C#CCC12CCC1CO2,0
187,C1OC11C=CCC2OC12,C1=CC2(CO2)C2OC2C1,3
188,O=CC(=O)C1COCO1,O=CC(=O)C1COCO1,0
189,CC1(C)CC2(OC12)C#N,CC1(C)CC2(C#N)OC12,0
190,N=C1OCC2OC1C2=O,N=C1OCC2OC1C2=O,3
191,CC12NC1C=CCC2=O,CC12NC1C=CCC2=O,4
192,CC1C=CC2(CN2)C1O,CC1C=CC2(CN2)C1O,0
193,C1CC1C2=NCCO2,C1COC(C2CC2)=N1,2
194,Cc1c(=O)[nH]nc(n1)O,Cc1nc(O)n[nH]c1=O,3
195,CCC#CCN=COC,CCC#CCN=COC,0
196,[NH3+]CCC(C#C)C([O-])=O,C#CC(CC[NH3+])C(=O)[O-],3
197,CC1C2CC(C2)OC1=N,CC1C(=N)OC2CC1C2,4
198,CC1CCCC(C1)C#N,CC1CCCC(C#N)C1,4
199,CCOC=NC(C)C#C,C#CC(C)N=COCC,1
200,CC1OCC2(C)CC1O2,CC1OCC2(C)CC1O2,3
201,N=C1CC(CO1)C1CC1,N=C1CC(C2CC2)CO1,1
202,CCOC(C)C(=N)OC,CCOC(C)C(=N)OC,0
203,CC1OC(=N)C11CCO1,CC1OC(=N)C12CCO2,1
204,CN1C(C#N)C1(C)C#C,C#CC1(C)C(C#N)N1C,1
205,OCC12CN1C(=O)C2O,O=C1C(O)C2(CO)CN12,3
206,CC1(CCO)CN2CC12,CC1(CCO)CN2CC21,3
207,OCC1CC1OC1CC1,OCC1CC1OC1CC1,1
208,C#CC1=CCC2CC1C2,C#CC1=CCC2CC1C2,3
209,C1OC11CCC2CC1O2,C1CC2(CO2)C2CC1O2,4
210,O=C1OC23CC12NCC3,O=C1OC23CCNC12C3,0
211,CC1(COC1)OC=N,CC1(OC=N)COC1,1
212,CCC1CC1CNC=O,CCC1CC1CNC=O,2
213,OC12CC=C3CC1C23O,OC12CC=C3CC1C32O,3
214,OC12CN3C(C1)C(=O)C23,O=C1C2CC3(O)CN2C13,2
215,COCC12CC1N=CO2,COCC12CC1N=CO2,1
216,FC1=C(F)C=NC(=N)N1,N=c1ncc(F)c(F)[nH]1,4
217,CC1(CCOC=O)CO1,CC1(CCOC=O)CO1,3
218,CC(CO)C1=CC=NO1,CC(CO)c1ccno1,3
219,CC1=NNC(=N)C(N)=N1,Cc1n[nH]c(=N)c(N)n1,4
220,COc1ncc(=O)on1,COc1ncc(=O)on1,1
221,CN1C(C#C)C1(C)C=O,C#CC1N(C)C1(C)C=O,3
222,CCC#CC1CC1C#C,C#CC1CC1C#CCC,1
223,CN1N=C(OC1=N)C=O,Cn1nc(C=O)oc1=N,0
224,CCCC(CO)C#CC,CC#CC(CO)CCC,1
225,CCC(O)C1CC1C,CCC(O)C1CC1C,1
226,OC1(CC(C1)C=O)C#C,C#CC1(O)CC(C=O)C1,4
227,CC1CCC(C1)C1CO1,CC1CCC(C2CO2)C1,3
228,COC1=CC(=N)C=NO1,COc1cc(=N)cno1,2
229,CC12NC1C(=O)C21CC1,CC12NC1C(=O)C21CC1,1
230,C1CC1N1C2C3CC3C12,C1C2C1C1C2N1C1CC1,3
231,CCC12CN3C1CC23,CCC12CN3C1CC32,3
232,CC12CC3C4C1C2N34,CC12CC3C4C1C2N34,3
233,N=C1OC=CC=C1C=O,N=c1occcc1C=O,3
234,COC(C)CN1CC1C,COC(C)CN1CC1C,4
235,CC(O)C(O)C1OC1C,CC(O)C(O)C1OC1C,2
236,CC12CCC1C=CC2=O,CC12CCC1C=CC2=O,4
237,CCC1C2CC2C1(C)O,CCC1C2CC2C1(C)O,0
238,CC1CC(C)C1CO,CC1CC(C)C1CO,1
239,CCN1C2C3OC2C13,CCN1C2C3OC2C31,3
240,CC(=O)C(O)C#CC#N,CC(=O)C(O)C#CC#N,2
241,CC(=O)OCC(O)CO,CC(=O)OCC(O)CO,2
242,C1CC(C1)(COC=O)O,O=COCC1(O)CCC1,3
243,C1C2CC1C1=CN=CN21,c1ncn2c1C1CC2C1,2
244,Cc1c(c(ccn1)O)N,Cc1nccc(O)c1N,0
245,CC1=CC(=O)NCC1,CC1=CC(=O)NCC1,0
246,CN(C=N)c1ncno1,CN(C=N)c1ncno1,0
247,OC1C2CC(CC12)C#N,N#CC1CC2C(O)C2C1,1
248,COC1CC11CC2CN12,COC1CC12CC1CN12,2
249,CN1CC2(O)C(O)CC12,CN1CC2(O)C(O)CC12,2
250,C1OC1C12C3C4C1N4C23,C1OC1C12C3C4C1N4C32,3
251,Cc1cc(cnc1C)N,Cc1cc(N)cnc1C,0
252,COC1CC2CC2C1C,COC1CC2CC2C1C,3
253,CC(CC#N)C(C)C#N,CC(C#N)C(C)CC#N,2
254,CC1(CO)COC1=N,CC1(CO)COC1=N,2
255,c1cc([nH]c1CO)O,OCc1ccc(O)[nH]1,2
256,CCC(CC#CC)C#N,CC#CCC(C#N)CC,2
257,CC12CC1C(C)(N2)C#N,CC1(C#N)NC2(C)CC12,3
258,N=COC12CC1NC2=N,N=COC12CC1NC2=N,4
259,CC12OC3C1OC(=O)C23,CC12OC3C1OC(=O)C32,4
260,C1C=CC2COCC=C12,C1=CC2COCC=C2C1,1
261,O=C1CC2CN2C2CC12,O=C1CC2CN2C2CC12,1
262,C#Cc1coc(c1N)O,C#Cc1coc(O)c1N,0
263,CN=C1OC2CC1C=C2,CN=C1OC2C=CC1C2,1
264,CC1CC(O)C1CCO,CC1CC(O)C1CCO,3
265,c1cncc2c1cn[nH]2,c1cc2cn[nH]c2cn1,4
266,CCC1CN2C=NC=C12,CCC1Cn2cncc21,0
267,CC1C2OC(CO)OC12,CC1C2OC(CO)OC12,0
268,N=C1OCC(=C1)N1CC1,N=C1C=C(N2CC2)CO1,1
269,C1CC(C1)(CO)C=O,O=CC1(CO)CCC1,0
270,CC1=C(C=NN1)C1CO1,Cc1[nH]ncc1C1CO1,0
271,CC1C2CC3(O)CC2C13,CC1C2CC3(O)CC2C13,0
272,CC1(CN1)C(O)C1CC1,CC1(C(O)C2CC2)CN1,4
273,CC1OC(CO)C=C1C,CC1=CC(CO)OC1C,2
274,CCC1CC1(O)C(C)=O,CCC1CC1(O)C(C)=O,0
275,COC=NCC1CC1O,COC=NCC1CC1O,3
276,CCc1c(nnn1C)O,CCc1c(O)nnn1C,2
277,CCC1(O)CC1(C)CO,CCC1(O)CC1(C)CO,4
278,CC1C2C3CC3(CO)N12,CC1C2C3CC3(CO)N12,0
279,C#CCc1cc(no1)N,C#CCc1cc(N)no1,0
280,OCC(O)C(=O)CC#N,N#CCC(=O)C(O)CO,3
281,COCCC1(CC1)OC,COCCC1(OC)CC1,1
282,CCCC(NC=O)C#N,CCCC(C#N)NC=O,4
283,CC1C(O)CC11CCC1,CC1C(O)CC12CCC2,3
284,CC1(O)C2CC1C=CC2,CC1(O)C2C=CCC1C2,2
285,CC1C2C1C(CO)C2C,CC1C(CO)C2C(C)C12,0
286,c1c2c(con2)ncn1,c1ncc2nocc2n1,4
287,CC1(C)CC2NC1C2=O,CC1(C)CC2NC1C2=O,3
288,COC1(C)C(C)C1C,COC1(C)C(C)C1C,4
289,CC(NC(=N)C#N)C=O,CC(C=O)NC(=N)C#N,3
290,N#CC1CC2CCN1C2,N#CC1CC2CCN1C2,4
291,NC12C=CN3C=NC1C23,NC12C=CN3C=NC1C32,2
292,C1CC23OC4C(CC24)C13,C1CC23OC4C(CC42)C13,1
293,OCC1C2C3CN3C12,OCC1C2C3CN3C12,3
294,CC1CC1C1CNC1=O,CC1CC1C1CNC1=O,0
295,C1NC1C1OC2CC12,C1NC1C1OC2CC21,2
296,CC1C2CC=C(C)C12C,CC1=CCC2C(C)C12C,4
297,CCC1=CC(C)C2OC12,CCC1=CC(C)C2OC12,2
298,O=C1C2CNC22COC12,O=C1C2CNC23COC13,2
299,C(CNC=O)CO,O=CNCCCO,0
300,O=C1NC2CC3CCC123,O=C1NC2CC3CCC132,1
301,Cc1c[nH]c(n1)C#N,Cc1c[nH]c(C#N)n1,0
302,CCC(C)(C)C(C)(C)C,CCC(C)(C)C(C)(C)C,1
303,CC1C(C)C11CC(=O)O1,CC1C(C)C12CC(=O)O2,1
304,C1CC12CCOC(=O)C2,O=C1CC2(CCO1)CC2,0
305,C1OC2CC=CC1CO2,C1=CC2COC(C1)OC2,2
306,CCC1NC11COC1=O,CCC1NC12COC2=O,0
307,CN(CCC=O)CC=O,CN(CC=O)CCC=O,0
308,CC1C2C=C(C)C(=O)C12,CC1=CC2C(C)C2C1=O,3
309,COC(C(C)=O)C(N)=O,COC(C(C)=O)C(N)=O,3
310,COCC(C)CNC=O,COCC(C)CNC=O,3
311,OC1=C(O)C(=N)C=NN1,N=c1cn[nH]c(O)c1O,4
312,CC1CC1C1OCCO1,CC1CC1C1OCCO1,3
313,N#CCNC1CCC=C1,N#CCNC1C=CCC1,4
314,COC1(C)C2NC2C1C,COC1(C)C(C)C2NC21,0
315,CC1=CCC2CC1C2O,CC1=CCC2CC1C2O,1
316,CCC12CC1OCC2O,CCC12CC1OCC2O,1
317,CC(CC1COC1)C=O,CC(C=O)CC1COC1,2
318,CC1(C)C2C3NC3C12O,CC1(C)C2C3NC3C21O,0
319,C#CCCOCCC#N,C#CCCOCCC#N,0
320,CC1CC2(OC12C)C=O,CC1CC2(C=O)OC12C,2
321,OC1CC2CCCC1O2,OC1CC2CCCC1O2,1
322,c1nc([nH]n1)CC=O,O=CCc1ncn[nH]1,1
323,CC1CC1OC(C)=N,CC(=N)OC1CC1C,0
324,NC(=O)C1C2NC1C2O,NC(=O)C1C2NC1C2O,1
325,c1c(cn[nH]1)NCC#N,N#CCNc1cn[nH]c1,3
326,CC(=O)OCC(=O)N,CC(=O)OCC(N)=O,4
327,c1c(ocn1)C2CCC2,c1ncc(C2CCC2)o1,0
328,OCC1CC11CCC=C1,OCC1CC12C=CCC2,0
329,CC(=O)C1(CO1)C1CC1,CC(=O)C1(C2CC2)CO1,0
330,CC1CCNC(=O)C1,CC1CCNC(=O)C1,0
331,c1cc(c(=O)cnc1)O,O=c1cncccc1O,4
332,OCC1CC2(NC12)C#C,C#CC12CC(CO)C1N2,1
333,CNc1c(cn(n1)C)N,CNc1nn(C)cc1N,3
334,N=C1NN=CC(=O)N1,N=c1[nH]ncc(=O)[nH]1,2
335,OC1CC2(O)C1NC2=N,N=C1NC2C(O)CC12O,0
336,CC1(CC(=O)N1)C,CC1(C)CC(=O)N1,3
337,Cc1cnc(nn1)N,Cc1cnc(N)nn1,3
338,CC1(CC1)C(N)C#N,CC1(C(N)C#N)CC1,0
339,CC(OC=N)C(N)=O,CC(OC=N)C(N)=O,3
340,OC(C#C)C#CC=O,C#CC(O)C#CC=O,2
341,CC(CO)C#CC1CO1,CC(C#CC1CO1)CO,4
342,OCC1C2C3C(C2O)N13,OCC1C2C(O)C3C2N13,2
343,CC1(CN1C=O)C#N,CC1(C#N)CN1C=O,1
344,CCOCC1CC(C)C1,CCOCC1CC(C)C1,0
345,c1c(con1)C2CCC2,c1nocc1C1CCC1,0
346,CC(C#C)C1CC(=O)N1,C#CC(C)C1CC(=O)N1,3
347,C1OC11CCC11CCO1,C1CC2(CCC23CO3)O1,4
348,[NH3+]CC(=N)[N-]C(=O)C#N,N#CC(=O)[N-]C(=N)C[NH3+],0
349,CC1CC2(CC1O2)C#C,C#CC12CC(C)C(C1)O2,1
350,CC1OC(=N)OC1C=O,CC1OC(=N)OC1C=O,2
351,C1CN2C(=N1)COC2=O,O=C1OCC2=NCCN12,0
352,C(C=O)n1c(=O)[nH]nn1,O=CCn1nn[nH]c1=O,4
353,CC12C3C4C3N1C24,CC12C3C4C3N1C42,4
354,CC1C2(C)CC1(O2)C=O,CC1C2(C)CC1(C=O)O2,4
355,CCC12OC3C1OC23,CCC12OC3C1OC32,0
356,CCC(CC)NC(=O)N,CCC(CC)NC(N)=O,1
357,CC1NC(CC1=O)C#C,C#CC1CC(=O)C(C)N1,1
358,CN1CC1CCC(N)=O,CN1CC1CCC(N)=O,1
359,C#CC#CC1CC2CN12,C#CC#CC1CC2CN12,0
360,CC1(C)OC11CNC1=O,CC1(C)OC12CNC2=O,1
361,CC1CC(C)(CC#N)C1,CC1CC(C)(CC#N)C1,4
362,OC1C2C1C(=O)C2C#N,N#CC1C(=O)C2C(O)C12,0
363,C#CCN1CC2OCC12,C#CCN1CC2OCC21,1
364,CC1OC2C1C1NC21C,CC1OC2C1C1NC12C,0
365,CC1CCC2(C)OC2C1,CC1CCC2(C)OC2C1,4
366,CC(=NC)NC(=O)OC,CN=C(C)NC(=O)OC,0
367,NC1CC(O)C=C1C#N,N#CC1=CC(O)CC1N,0
368,Cc1cnn(c1C)C=O,Cc1cnn(C=O)c1C,0
369,C1OC2C1C21OCC=C1,C1=CC2(OC1)C1COC12,1
370,OC12CCN3C1CC23,OC12CCN3C1CC32,0
371,c1c(c(oc1N)O)O,Nc1cc(O)c(O)o1,2
372,OC1C(CNC1=O)C=O,O=CC1CNC(=O)C1O,4
373,O=CCN1C2C3CC1C23,O=CCN1C2CC3C2C31,4
374,CCC12CC1N1CC21C,CCC12CC1N1CC12C,3
375,COC(C#C)C(O)C#N,C#CC(OC)C(O)C#N,2
376,CC1OCC1CCC#N,CC1OCC1CCC#N,3
377,c1cc([nH]c1)CC(=O)N,NC(=O)Cc1ccc[nH]1,0
378,OC1CC1C(=O)C1CC1,O=C(C1CC1)C1CC1O,3
379,COc1ccnc(c1)F,COc1ccnc(F)c1,3
380,CC1OCC(=O)C(=O)O1,CC1OCC(=O)C(=O)O1,3
381,C#CC1C2C3OCC1C23,C#CC1C2COC3C1C23,1
382,CCC1=CCCCC1=O,CCC1=CCCCC1=O,2
383,OC(C#C)C1(CN1)C=O,C#CC(O)C1(C=O)CN1,4
384,C1CC1CNC(=N)C#N,N#CC(=N)NCC1CC1,2
385,COC1C2NC1(C)C=C2,COC1C2C=CC1(C)N2,4
386,CC1COC2=C1ON=N2,CC1COc2nnoc21,2
387,CC12C3C4C5C3N1C5C24,CC12C3C4C5C3N1C5C42,4
388,CC(CO)C(C)CC#N,CC(CO)C(C)CC#N,0
389,CC1CC2(CC2)C(=O)N1,CC1CC2(CC2)C(=O)N1,3
390,OCC12CN1CC2=O,O=C1CN2CC12CO,3
391,Cc1[nH]c2cocc2n1,Cc1nc2cocc2[nH]1,1
392,CCCc1c[nH]c(n1)O,CCCc1c[nH]c(O)n1,0
393,OC12CCC1(O)C(=O)C2,O=C1CC2(O)CCC12O,3
394,CC1CC(=N)OC11CC1,CC1CC(=N)OC12CC2,0
395,O=CC1OC2C3CC3C12,O=CC1OC2C3CC3C12,1
396,COc1cnccn1,COc1cnccn1,0
397,OCC12OC1C(O)C=C2,OCC12C=CC(O)C1O2,3
398,NC1(C#N)C(O)C1CO,N#CC1(N)C(O)C1CO,4
399,CC1C2(C)C3CC3C12C,CC1C2(C)C3CC3C12C,4
400,OCC1OC2CCC=C12,OCC1OC2CCC=C12,2
401,CC1C2OCC(=NO)C12,CC1C2OCC(=NO)C12,2
402,OC1CC2(NC12)C1CO1,OC1CC2(C3CO3)NC12,4
403,CCCc1cncn1C,CCCc1cncn1C,0
404,OC1CCC2OC1C2=O,O=C1C2CCC(O)C1O2,3
405,CCC(O)C1(C)CN1C,CCC(O)C1(C)CN1C,0
406,OC1CN=COCC1=O,O=C1COC=NCC1O,1
407,ON=C1C2CC2C11CN1,ON=C1C2CC2C12CN2,2
408,CCOC=NCC(C)O,CCOC=NCC(C)O,3
409,CC1C2OC(=N)C12C,CC1C2OC(=N)C12C,2
410,C1CC=C2C3NC3C2C1,C1=C2C(CCC1)C1NC21,4
411,CCC1CCC2CC2C1,CCC1CCC2CC2C1,2
412,C1CC1(CCC=O)O,O=CCCC1(O)CC1,0
413,OC1CCC2(CO2)C=C1,OC1C=CC2(CC1)CO2,0
414,CCC1(C)CCC1O,CCC1(C)CCC1O,3
415,CCCNc1ncno1,CCCNc1ncno1,0
416,CCN1CC2(O)C(C)C12,CCN1CC2(O)C(C)C12,4
417,OC1C2C3C4C1C2C34O,OC1C2C3C1C1C2C31O,1
418,CC1=C2CCN2C(=N)O1,Cc1oc(=N)n2c1CC2,2
419,CCCC1OCC1C,CCCC1OCC1C,4
420,CC1NC11CCC1C#C,C#CC1CCC12NC2C,1
421,C#CC12CC(C1)(O2)C#N,C#CC12CC(C#N)(C1)O2,3
422,COC(=O)C1CNC1=O,COC(=O)C1CNC1=O,4
423,OC12COC11CN(C1)C2,OC12COC13CN(C2)C3,4
424,CC12C3CC1=CCOC23,CC12C3=CCOC1C2C3,1
425,O=C1CC2OC2C2NC12,O=C1CC2OC2C2NC12,2
426,OC12C3OC1C3OC2=O,O=C1OC2C3OC2C13O,4
427,c1[nH]c2c(n[nH]c2n1)N,Nc1n[nH]c2nc[nH]c12,4
428,N#CC12CCC3C1OC23,N#CC12CCC3C1OC32,1
429,CC12NC1C1NC21C#C,C#CC12NC1C1NC12C,4
430,N=C1OC2C(CC#N)C12,N#CCC1C2OC(=N)C12,4
431,OC1(CC=O)C2CC1O2,O=CCC1(O)C2CC1O2,3
432,c1c(nc(oc1=O)O)N,Nc1cc(=O)oc(O)n1,1
433,CC1(C)CC2CC1O2,CC1(C)CC2CC1O2,3
434,O=C1NC23CC(C2)C13,O=C1NC23CC(C2)C13,4
435,OCC1CC(=O)CC=C1,O=C1CC=CC(CO)C1,2
436,CC1C(C)C(C)(O)C1C,CC1C(C)C(C)(O)C1C,0
437,CC1(O)C2CC11CCC21,CC1(O)C2CC13CCC23,3
438,CC1=CC(=N)C=C(F)O1,Cc1cc(=N)cc(F)o1,0
439,OC1C=C2COC2C1=O,O=C1C(O)C=C2COC12,4
440,OCC#CC1CC1CO,OCC#CC1CC1CO,4
441,CCC1C=CC2NC12C,CCC1C=CC2NC12C,0
442,CC12CC3C(C1)C23C=O,CC12CC3C(C1)C32C=O,4
443,CCOC1C2NCC12O,CCOC1C2NCC21O,3
444,O=CC1CCC1CC#N,N#CCC1CCC1C=O,3
445,CN1CC2NC2(C1)C=O,CN1CC2NC2(C=O)C1,1
446,OCC12CC(O)C1N2,OCC12CC(O)C1N2,0
447,O=CC(=O)C1(CO1)C#C,C#CC1(C(=O)C=O)CO1,3
448,O=C1C2NC3C2NC13,O=C1C2NC3C1NC23,2
449,O=C1CC2CC2CN1,O=C1CC2CC2CN1,3
450,CC(O)C1C(O)C1CO,CC(O)C1C(O)C1CO,1
451,CC1CC(C=C1C)C#C,C#CC1C=C(C)C(C)C1,4
452,c1c[nH]nc1C#CC#N,N#CC#Cc1cc[nH]n1,2
453,OC1CC2(NC12)C#C,C#CC12CC(O)C1N2,4
454,CC1(CC2(CN2)C1)C=O,CC1(C=O)CC2(CN2)C1,2
455,O=C1C2C3C(C2C#C)N13,C#CC1C2C(=O)N3C1C23,3
456,c1c[nH]c(nc1=O)O,O=c1cc[nH]c(O)n1,0
457,c1c2c([nH]c(=O)o2)on1,O=c1[nH]c2oncc2o1,4
458,N=C1OC2C3OC2C13,N=C1OC2C3OC2C13,4
459,C1OC11C2COC1OC2,C1OC2OCC1C21CO1,1
460,CC1(C)C2CC1C(=N)O2,CC1(C)C2CC1C(=N)O2,2
461,O=CC1CN1C1CC1,O=CC1CN1C1CC1,3
462,C(C1CO1)C1CC2CC12,C1OC1CC1CC2CC12,3
463,CCC(O)C(C#C)C#C,C#CC(C#C)C(O)CC,2
464,OCC12C(O)C1C1NC21,OCC12C(O)C1C1NC12,1
465,OCCC12C3CC1OC23,OCCC12C3CC1C2O3,1
466,OC1C(O)C1CC1CN1,OC1C(O)C1CC1CN1,0
467,Cc1c(c[nH]n1)CC#N,Cc1n[nH]cc1CC#N,1
468,CN=C1OC(=O)OC=N1,CN=c1ncoc(=O)o1,2
469,C1CC(C1)(C(=O)C#N)O,N#CC(=O)C1(O)CCC1,4
470,CC1C2C(O)C2(O)C1O,CC1C(O)C2(O)C(O)C12,4
471,CCC(CC)(CC)C#C,C#CC(CC)(CC)CC,3
472,OC12C3CN(CC1=O)C23,O=C1CN2CC3C2C13O,4
473,CC(=O)NC(=N)CO,CC(=O)NC(=N)CO,1
474,CC(O)CCC(O)CO,CC(O)CCC(O)CO,0
475,C[NH2+]C(C)C(CO)=N[O-],C[NH2+]C(C)C(CO)=N[O-],2
476,OC12CC(C1)C(=N)OC2,N=C1OCC2(O)CC1C2,3
477,CC(CC#CC#N)C#C,C#CC(C)CC#CC#N,2
478,Cc1c([nH]c(n1)O)C#C,C#Cc1[nH]c(O)nc1C,3
479,CC1C(O)C2=NC=CN12,CC1C(O)c2nccn21,2
480,CC1NC(=O)C1C=O,CC1NC(=O)C1C=O,2
481,COCC1COCO1,COCC1COCO1,2
482,CCc1ccnoc1=O,CCc1ccnoc1=O,3
483,COC12C3CC1CCC23,COC12C3CCC1C2C3,0
484,NC1=[NH+]C(CC1)C([O-])=O,NC1=[NH+]C(C(=O)[O-])CC1,3
485,CC(C)C1(C)CC1C#N,CC(C)C1(C)CC1C#N,2
486,N#CC12CCC3C(O1)C23,N#CC12CCC3C(O1)C32,0
487,C1CN1C1C2COCC12,C1OCC2C1C2N1CC1,3
488,COc1c(non1)C=O,COc1nonc1C=O,2
489,C1C2C3CC(CO3)CN12,C1OC2CC1CN1CC21,0
490,c1nc(c(o1)C#N)CN,N#Cc1ocnc1CN,4
491,CC1C2C3CN3CC12O,CC1C2C3CN3CC12O,4
492,CC1CC2NC2C1(C)O,CC1CC2NC2C1(C)O,4
493,CC12CC1(O)C=CC2O,CC12CC1(O)C=CC2O,4
494,OC1CC11CCC1C#C,C#CC1CCC12CC2O,1
495,OC1CC=CCOC1=N,N=C1OCC=CCC1O,1
496,CCc1nccc(=O)o1,CCc1nccc(=O)o1,4
497,C1CC1N=COC=O,O=COC=NC1CC1,2
498,CC12C3C1C1CC3C2O1,CC12C3OC4CC3C1C42,1
499,CC(O)C1(COC1)C=O,CC(O)C1(C=O)COC1,3
500,NC1=NC2C3OC1OC23,NC1=NC2C3OC1OC23,2
501,C#CC12CN(C1)C21CC1,C#CC12CN(C1)C21CC1,4
502,c1c(c(c(cn1)F)O)F,Oc1c(F)cncc1F,2
503,OCC1CCC1C#N,N#CC1CCC1CO,0
504,CC(CC#N)C1CCO1,CC(CC#N)C1CCO1,4
505,CC12C3CC1C3NC2=O,CC12C(=O)NC3C1CC32,4
506,C#CC1OC1CC#N,C#CC1OC1CC#N,3
507,CC12CC3CC1CC3C2,CC12CC3CC1CC3C2,4
508,CCCC(=O)C(C)C,CCCC(=O)C(C)C,4
509,CC(CCC1CO1)C#C,C#CC(C)CCC1CO1,3
510,CCc1[nH]c(cn1)C=O,CCc1ncc(C=O)[nH]1,4
511,c1cocc1C(=O)C=O,O=CC(=O)c1ccoc1,3
512,COC12CN3C(C13)C2O,COC12CN3C(C1O)C32,0
513,CC1(CC=O)CNC1=O,CC1(CC=O)CNC1=O,4
514,CC(C)C(C)C(N)=O,CC(C)C(C)C(N)=O,3
515,C#CC1CC11CCC1,C#CC1CC12CCC2,0
516,CCCC12CC1C(=O)N2,CCCC12CC1C(=O)N2,3
517,O=COC(C#C)C#N,C#CC(C#N)OC=O,1
518,CCNC(CC#N)C#N,CCNC(C#N)CC#N,0
519,Cc1c(non1)CCO,Cc1nonc1CCO,4
520,CC(O)C1=C(C)COC1,CC1=C(C(C)O)COC1,1
521,CC12C3C4CN1C2C34,CC12C3C4CN1C2C43,0
522,CCc1coc(c1C)N,CCc1coc(N)c1C,3
523,OC12CC3CC1C2OC3,OC12CC3COC1C2C3,0
524,c1c(=O)cc(oc1N)F,Nc1cc(=O)cc(F)o1,1
525,OCC#CC1(CN1)C#N,N#CC1(C#CCO)CN1,4
526,OC1CCN2N=NC=C12,OC1CCn2nncc21,0
527,COC(C)C1OCCO1,COC(C)C1OCCO1,3
528,CCC(CNC=O)C=O,CCC(C=O)CNC=O,3
529,OC12CCOC1C2C#N,N#CC1C2OCCC12O,4
530,CC1(C)C2C3NC3C12,CC1(C)C2C3NC3C21,2
531,CC1=CC(=O)C=CCC1,CC1=CC(=O)C=CCC1,1
532,O=COC(C#N)C1CN1,N#CC(OC=O)C1CN1,1
533,CCN1CC1C1CCC1,CCN1CC1C1CCC1,1
534,O=CC12C3CN1CC2O3,O=CC12C3CN1CC2O3,3
535,COC=NCC1CCC1,COC=NCC1CCC1,2
536,CN(C(=O)N)C(=O)OC,COC(=O)N(C)C(N)=O,2
537,CC1(C)CC(O1)C(N)=O,CC1(C)CC(C(N)=O)O1,0
538,CCCC(CO)C=O,CCCC(C=O)CO,4
539,CC1N2CC1(CC#C)C2,C#CCC12CN(C1)C2C,3
540,c1cncc(c1CO)O,OCc1ccncc1O,2
541,c1c(=O)c(noc1N)N,Nc1cc(=O)c(N)no1,4
542,O=CN1CC1(C=O)C#C,C#CC1(C=O)CN1C=O,2
543,C1C(CO1)OC(=O)CN,NCC(=O)OC1COC1,1
544,C1C2CN1CC=CCO2,C1=CCN2CC(C2)OC1,1
545,CC1C=CCC1CO,CC1C=CCC1CO,3
546,CCn1c(cnn1)N,CCn1nncc1N,0
547,N=C1OCCNCC1=O,N=C1OCCNCC1=O,2
548,C1=CC2C3C4C3C2C14,C1=CC2C3C1C1C2C31,3
549,CC1(CCCC1)OC,COC1(C)CCCC1,3
550,CCC1=CC(=O)OC1C,CCC1=CC(=O)OC1C,2
551,C1CC1C2(CC2)C=O,O=CC1(C2CC2)CC1,2
552,CCc1nc(no1)OC,CCc1nc(OC)no1,3
553,CC1(C)CN=C(N1)C=O,CC1(C)CN=C(C=O)N1,0
554,C1OC23CC(C2)COC13,C1OC2COC23CC1C3,4
555,CNC1=NCCOC1=N,CNC1=NCCOC1=N,2
556,CC1C2CCCC(O)C12,CC1C2CCCC(O)C12,0
557,OC1CC=CC(C1)C=O,O=CC1C=CCC(O)C1,3
558,CC(C)Cc1nnon1,CC(C)Cc1nnon1,1
559,C1CC1C1C2OCOC12,C1OC2C(O1)C2C1CC1,3
560,OC12CC1CC1CC2O1,OC12CC1CC1CC2O1,2
561,N=C1OC2C3CC(=C1)C23,N=C1C=C2CC3C(O1)C23,0
562,C[NH+](C)CC(CO)=N[O-],C[NH+](C)CC(CO)=N[O-],2
563,c1c2c(n[nH]1)OCO2,c1[nH]nc2c1OCO2,0
564,C1NC11CC=CC2NC12,C1=CC2NC2C2(C1)CN2,4
565,CC1C2CC2C2CC1C2,CC1C2CC(C2)C2CC12,0
566,C1C(CO1)C=O,O=CC1COC1,2
567,CC(CCO)C(C)=NO,CC(=NO)C(C)CCO,3
568,CN1CC(C1)(CO)OC,COC1(CO)CN(C)C1,3
569,CN1CC1(CO)C#C,C#CC1(CO)CN1C,3
570,O=CC1CC=CC1,O=CC1CC=CC1,0
571,CCC1=NNC=NC1=N,CCc1n[nH]cnc1=N,1
572,N=C1CNCC(O1)C#N,N#CC1CNCC(=N)O1,3
573,N#CC12C=CC3C1CC23,N#CC12C=CC3C1CC32,2
574,CCC12CCN1CC2=O,CCC12CCN1CC2=O,3
575,CC1=CC(O)CN2CC12,CC1=CC(O)CN2CC12,4
576,CC(=N)OC(C)(C)C#N,CC(=N)OC(C)(C)C#N,0
577,CN1CC(=O)CC(=O)C1,CN1CC(=O)CC(=O)C1,3
578,C#CC(C#C)C1CO1,C#CC(C#C)C1CO1,0
579,CC1C2(O)CCC12CO,CC1C2(O)CCC12CO,4
580,N#CC12CCC=CC1N2,N#CC12CCC=CC1N2,1
581,OC1C(C=O)C1C1CC1,O=CC1C(O)C1C1CC1,4
582,COC12CC1C(C)OC2,COC12COC(C)C1C2,1
583,CC1NCC2CC2C1=O,CC1NCC2CC2C1=O,3
584,OCC(OCC#N)C=O,N#CCOC(C=O)CO,4
585,ON=C1CC2NC1C2O,ON=C1CC2NC1C2O,1
586,C#CCc1coc(n1)N,C#CCc1coc(N)n1,0
587,O=COC1CC1C#C,C#CC1CC1OC=O,3
588,COCC(=O)C#CC#C,C#CC#CC(=O)COC,1
589,CN1CC11CNC(=O)C1,CN1CC12CNC(=O)C2,3
590,OC1CN=C2C1C1CN21,OC1CN=C2C1C1CN21,2
591,CNC(=O)COCC#C,C#CCOCC(=O)NC,0
592,COC1CN(C)C1=O,COC1CN(C)C1=O,2
593,O=C1CC2(OC12)C#C,C#CC12CC(=O)C1O2,0
594,CC1CC2C3CC3(O)C12,CC1CC2C3CC3(O)C12,4
595,CCCC(CC#C)C=O,C#CCC(C=O)CCC,4
596,OC12CCC1C=CC2=O,O=C1C=CC2CCC12O,0
597,COC1C2CCCC1O2,COC1C2CCCC1O2,0
598,CCCC(O)C1(C)CO1,CCCC(O)C1(C)CO1,0
599,C1C2C3C4C=CC3C4N12,C1=CC2C3C1C2N1CC31,3
600,CCC1NC(=N)C11CO1,CCC1NC(=N)C12CO2,4
601,CC1CC(O)C(=N)O1,CC1CC(O)C(=N)O1,1
602,CC12C3C4OC(CN13)C24,CC12C3C4CN1C2C3O4,0
603,CN1N=C2ON=NC2=N1,Cn1nc2nnoc2n1,4
604,c1c(c(n[nH]1)C2CC2)O,Oc1c[nH]nc1C1CC1,1
605,CC1C2C3CN3C(=O)C12,CC1C2C(=O)N3CC3C12,0
606,CCC(O)C(C)OC,CCC(O)C(C)OC,3
607,COC1C2NC2C11CO1,COC1C2NC2C12CO2,4
608,O=CC1N=CN2CC12,O=CC1N=CN2CC12,4
609,CC1CC1(C)N(C)C=O,CC1CC1(C)N(C)C=O,3
610,C1C(=NO)CN1C=O,O=CN1CC(=NO)C1,3
611,CC1CN2C=CC(O)=C12,CC1Cn2ccc(O)c21,4
612,c1c(c(=O)[nH]c(n1)N)N,Nc1ncc(N)c(=O)[nH]1,4
613,CC12OC1C1COC2C1,CC12OC1C1COC2C1,4
614,OC1CCCC1C1CO1,OC1CCCC1C1CO1,1
615,CC(C#N)N1CC=CC1,CC(C#N)N1CC=CC1,0
616,COCC1C2CC1C2,COCC1C2CC1C2,2
617,C1CN1C12CCC1OC2,C1CC2(N3CC3)COC12,3
618,CC12CC1C1CC2O1,CC12CC1C1CC2O1,0
619,Cc1coc(=NC)o1,CN=c1occ(C)o1,3
620,CC1(CC1)CC=O,CC1(CC=O)CC1,0
621,O=C1C2NC1C(=C2)C#N,N#CC1=CC2NC1C2=O,1
622,CC1CN1C(=O)OC=N,CC1CN1C(=O)OC=N,2
623,CCc1c(nno1)O,CCc1onnc1O,4
624,C1C2CC3C=CC1N23,C1=CC2CC3CC1N23,0
625,CC12CC1CC(=O)C=C2,CC12C=CC(=O)CC1C2,1
626,CC(O)C1(CCO)CO1,CC(O)C1(CCO)CO1,0
627,CNC(=NCCO)C#N,CNC(C#N)=NCCO,0
628,COC(CC=O)C1CN1,COC(CC=O)C1CN1,2
629,CC1C=CC(=NO)C1=O,CC1C=CC(=NO)C1=O,1
630,N=COC(=O)C1CO1,N=COC(=O)C1CO1,4
631,CC12COC34CC(C13)C24,CC12COC34CC(C13)C24,2
632,COC1C(O)C2OC12C,COC1C(O)C2OC12C,4
633,C1NC11C2CCCC1O2,C1CC2OC(C1)C21CN1,0
634,O=CN1CC1CC#N,N#CCC1CN1C=O,3
635,N=C1C=CC2(CN12)C#N,N#CC12C=CC(=N)N1C2,1
636,OC1(C=O)C2CC1OC2,O=CC1(O)C2COC1C2,1
637,CC1(C)OCOC1C=O,CC1(C)OCOC1C=O,2
638,CC1CN(C=O)C1C=O,CC1CN(C=O)C1C=O,1
639,N#CCC12CC(C1)C=C2,N#CCC12C=CC(C1)C2,1
640,CCC([NH+](C)C)C([O-])=O,CCC(C(=O)[O-])[NH+](C)C,0
641,CN=C1NC=NC1C#C,C#CC1N=CNC1=NC,0
642,CC(C#C)C#CCC#N,C#CC(C)C#CCC#N,4
643,CC1C2N3CC3C12C#C,C#CC12C(C)C1N1CC12,1
644,c1c(c[nH]c1NC=O)O,O=CNc1cc(O)c[nH]1,0
645,C#CCC#CCCC#N,C#CCC#CCCC#N,3
646,Cc1c(onc1O)C#N,Cc1c(O)noc1C#N,1
647,CC(=O)NC(=O)CC#C,C#CCC(=O)NC(C)=O,3
648,CC12C3N4C1C2(O)C34C,CC12C3N4C1C2(O)C34C,1
649,OC1CCC1C(=O)C=O,O=CC(=O)C1CCC1O,4
650,CC1C2CCCCC12C,CC1C2CCCCC12C,3
651,C1C2CC11CCC3C1N23,C1CC23CC(C2)N2C1C23,2
652,C1NC11CCOCOC1,C1CC2(CN2)COCO1,2
653,C1C23CCC12OCC3,C1CC23CCC2(C3)O1,4
654,CN=C1OCC1(O)C=O,CN=C1OCC1(O)C=O,4
655,OCC12CC(C1)CC=C2,OCC12C=CCC(C1)C2,0
656,CCOC(C#C)C1CC1,C#CC(OCC)C1CC1,1
657,CC1CN1C(CO)C=O,CC1CN1C(C=O)CO,2
658,CNC(=O)C1C2COC12,CNC(=O)C1C2COC21,0
659,C1CC(=O)C(=C1)CC#N,N#CCC1=CCCC1=O,4
660,OC12CN3C4C3C1CC24,OC12CN3C4C3C1CC42,1
661,CC12C3C4C3C1=CCN24,CC12C3=CCN1C1C3C12,4
662,CCc1c(nc(o1)O)O,CCc1oc(O)nc1O,2
663,O=C1C2COC22COC12,O=C1C2COC23COC13,3
664,OC1CC=CC(O)C1=O,O=C1C(O)C=CCC1O,4
665,CN1CC11CC2OC12,CN1CC12CC1OC12,2
666,CC1CC=CC1(C)C,CC1CC=CC1(C)C,3
667,OCC(O)C1C2COC12,OCC(O)C1C2COC21,4
668,CC1(CO)OCC11CO1,CC1(CO)OCC12CO2,3
669,CN1C(=O)C=CC12CC2,CN1C(=O)C=CC12CC2,3
670,c1cc(c(c(c1)F)N)O,Nc1c(O)cccc1F,2
671,CC1=C(C)C=NC(=N)O1,Cc1cnc(=N)oc1C,1
672,CCC12CC(C1)(O2)C#C,C#CC12CC(CC)(C1)O2,2
673,CCC(=O)C1CC1OC,CCC(=O)C1CC1OC,1
674,CC12CC(COC1=O)N2,CC12CC(COC1=O)N2,0
675,CCC1(O)CCC(C)=C1,CCC1(O)C=C(C)CC1,1
676,CC1OC2C1C2(C)C,CC1OC2C1C2(C)C,1
677,CCC1CC(=O)C(=O)N1,CCC1CC(=O)C(=O)N1,3
678,C#CCC1CC2CC1O2,C#CCC1CC2CC1O2,3
679,CC(O)CNC(=N)C=O,CC(O)CNC(=N)C=O,0
680,C(C=O)NC=NCC#N,N#CCN=CNCC=O,4
681,Cc1cnc(nc1)F,Cc1cnc(F)nc1,1
682,c1cc(c(c(c1)O)F)O,Oc1cccc(O)c1F,0
683,Cc1c(nc(o1)NC)N,CNc1nc(N)c(C)o1,3
684,CN1CC(C1)C#CCO,CN1CC(C#CCO)C1,0
685,C1CC1NC(C#N)C#N,N#CC(C#N)NC1CC1,4
686,N#CCC1CCCO1,N#CCC1CCCO1,0
687,CC1=C(C)C2OC1C2=O,CC1=C(C)C2OC1C2=O,3
688,CC12OC1CCOC2=N,CC12OC1CCOC2=N,3
689,CC(O)C1=C(N)N=CO1,CC(O)c1ocnc1N,0
690,O=C1OC2C3CC12OC3,O=C1OC2C3COC12C3,2
691,CC1CNC2=C1ON=C2,CC1CNc2cnoc21,4
692,Cn1cc(c(n1)N)CO,Cn1cc(CO)c(N)n1,3
693,N=C1NC=NCC1C#N,N#CC1CN=CNC1=N,1
694,CN=C1N=NNC=C1C,CN=c1nn[nH]cc1C,1
695,OC1(C#C)C2OC=NC12,C#CC1(O)C2N=COC21,1
696,CC12CC3N1C2C3(C)C,CC1(C)C2CC3(C)C1N23,4
697,CC1CC2C3CCC12O3,CC1CC2C3CCC12O3,2
698,O=CC1(CC1C#N)C#N,N#CC1CC1(C#N)C=O,2
699,CN=C1CC(O1)C1CN1,CN=C1CC(C2CN2)O1,0
700,c1ncn(n1)C2CC2,c1ncn(C2CC2)n1,4
701,OC1C2C3C1CCN23,OC1C2CCN3C1C23,1
702,CCC1(COC=N1)CC,CCC1(CC)COC=N1,4
703,c1nc2n(n1)CC(=O)O2,O=C1Cn2ncnc2O1,1
704,COC12CC1N1CCC21,COC12CC1N1CCC12,0
705,CC1CC2=C(O1)N=NO2,CC1Cc2onnc2O1,4
706,CC1(C)OC2=NCCC12,CC1(C)OC2=NCCC21,0
707,c1c(nco1)CC2CC2,c1nc(CC2CC2)co1,1
708,CCC(C#N)C1COC1,CCC(C#N)C1COC1,2
709,C1OC2CC1COCC2,C1CC2CC(CO1)CO2,0
710,C1C(CC1=O)OCC=O,O=CCOC1CC(=O)C1,4
711,CC1CN1C1CC1C=O,CC1CN1C1CC1C=O,3
712,N=C1CC2CC2(O1)C#N,N#CC12CC1CC(=N)O2,4
713,c1c(c(c(=O)[nH]n1)F)F,O=c1[nH]ncc(F)c1F,1
714,COc1nc(c(o1)N)N,COc1nc(N)c(N)o1,4
715,CC(O)C(C)N1CC1C,CC(O)C(C)N1CC1C,0
716,C1C2CN1C1=C2ON=C1,c1noc2c1N1CC2C1,0
717,CCC1(CC(O)C1)C#N,CCC1(C#N)CC(O)C1,4
718,CCC1CC(C#C)C1=O,C#CC1CC(CC)C1=O,4
719,CC1CCCOCCC1,CC1CCCOCCC1,1
720,CCC(C)C#CC(C)C,CCC(C)C#CC(C)C,4
721,CN=c1ncoc(n1)O,CN=c1ncoc(O)n1,2
722,CCC1C2CC3CC1N23,CCC1C2CC3CC1N32,4
723,CC1CCC(C)C1=O,CC1CCC(C)C1=O,1
724,N#CC#CCCC1CO1,N#CC#CCCC1CO1,1
725,N#CCCC1OC2CC12,N#CCCC1OC2CC12,0
726,CC1C(O)C2OCOC12,CC1C(O)C2OCOC12,2
727,O=COC12CC(C1)C2=O,O=COC12CC(C1)C2=O,0
728,CC1=NC=CN=CC1=N,Cc1nccncc1=N,3
729,N#CC12CCC1CC2,N#CC12CCC1CC2,0
730,C#CC1C2CC2C2NC12,C#CC1C2CC2C2NC12,0
731,Cc1cc(noc1=O)N,Cc1cc(N)noc1=O,3
732,CCc1cncnc1N,CCc1cncnc1N,0
733,CC1(CO)CO1,CC1(CO)CO1,2
734,OC12CC1CC1OC1C2,OC12CC3OC3CC1C2,2
735,CCC1OCC11CN1C,CCC1OCC12CN2C,4
736,c1nnn(n1)C2CCC2,c1nnn(C2CCC2)n1,2
737,N#CCC12OC3C1NC23,N#CCC12OC3C1NC32,4
738,CC1C2(C)COC12C,CC1C2(C)COC12C,3
739,CC1(CC1O)C(N)C#N,CC1(C(N)C#N)CC1O,2
740,O=CC1C2OC3CC2C13,O=CC1C2OC3CC2C31,0
741,CC([NH3+])C1(CN1)C([O-])=O,CC([NH3+])C1(C(=O)[O-])CN1,0
742,CCC1NC11COC1=N,CCC1NC12COC2=N,0
743,CCC(=O)C(C)OC=N,CCC(=O)C(C)OC=N,1
744,CC12CC1(O)C(O)C2=O,CC12CC1(O)C(O)C2=O,2
745,C#CC12OC3C4C(C14)C23,C#CC12OC3C4C(C31)C42,0
746,COCC1COC(=N)O1,COCC1COC(=N)O1,3
747,COc1cnc([nH]1)C=O,COc1cnc(C=O)[nH]1,4
748,CC1(CO)COCC1=O,CC1(CO)COCC1=O,3
749,CC1CC1(C)C1(O)CC1,CC1CC1(C)C1(O)CC1,0
750,c1cncc(cc1=O)O,O=c1ccncc(O)c1,2
751,CCc1n[nH]c(=O)n1C,CCc1n[nH]c(=O)n1C,0
752,CC(O)C(C)C#CC#C,C#CC#CC(C)C(C)O,4
753,CC1(C)C(C=O)N1C=O,CC1(C)C(C=O)N1C=O,4
754,CC1CC1OC1CC1O,CC1CC1OC1CC1O,3
755,CC1CC(CC#N)O1,CC1CC(CC#N)O1,4
756,C#CC1CC(C=C1)C#C,C#CC1C=CC(C#C)C1,1
757,C1CC1OCCN2CC2,C(CN1CC1)OC1CC1,1
758,CNc1coc(=O)o1,CNc1coc(=O)o1,4
759,c1coc(c1O)C2CC2,Oc1ccoc1C1CC1,3
760,OCC12CN1C(C2)C#N,N#CC1CC2(CO)CN12,4
761,OCC(O)C1CCC1=O,O=C1CCC1C(O)CO,2
762,CCCCC(C#N)C#N,CCCCC(C#N)C#N,1
763,OC1C(NC1C#N)C=O,N#CC1NC(C=O)C1O,4
764,C#CC(C#N)C1COC1,C#CC(C#N)C1COC1,4
765,CCCC(C)(CC)C=O,CCCC(C)(C=O)CC,3
766,OCC1OC1COC=O,O=COCC1OC1CO,1
767,CC(C)C1NC11COC1,CC(C)C1NC12COC2,3
768,CC1C(O)CC11CN1,CC1C(O)CC12CN2,1
769,C1C=C(C(=O)N1)C(=O)N,NC(=O)C1=CCNC1=O,4
770,O=C1COC11CC=CC1,O=C1COC12CC=CC2,0
771,NC(=O)C1COCC1=O,NC(=O)C1COCC1=O,1
772,COC1(CO)CCC=C1,COC1(CO)C=CCC1,3
773,CC1(C)OC11CNC1=N,CC1(C)OC12CNC2=N,0
774,CCC1(CCC1=O)C#C,C#CC1(CC)CCC1=O,1
775,C(C=O)c1nnon1,O=CCc1nnon1,1
776,CCC(=O)C1COCO1,CCC(=O)C1COCO1,0
777,CC(C)C1C2N1CC2=O,CC(C)C1C2C(=O)CN21,1
778,C(=Nc1nc(no1)O)N,NC=Nc1nc(O)no1,0
779,O=C1CNC(C1)C1CN1,O=C1CNC(C2CN2)C1,2
780,C#CC1CC23CC(C2)N13,C#CC1CC23CC(C2)N13,4
781,c1cnn(c1N)C2CC2,Nc1ccnn1C1CC1,3
782,c1nc(n(n1)C2CC2)O,Oc1ncnn1C1CC1,4
783,CC1C2NC(=O)C12C#C,C#CC12C(=O)NC1C2C,3
784,CC1C2C(CO)CC12C,CC1C2C(CO)CC12C,4
785,CC1(CC1)CC#CC#N,CC1(CC#CC#N)CC1,1
786,CC1OC(C)(C#C)C1O,C#CC1(C)OC(C)C1O,2
787,CC1(OC1CC=O)C=O,CC1(C=O)OC1CC=O,2
788,COC(CC#C)C(C)O,C#CCC(OC)C(C)O,4
789,N#CCC12CC(C1)N2,N#CCC12CC(C1)N2,4
790,OCCN1C2C3OC2C13,OCCN1C2C3OC2C31,2
791,COC1(C#C)C2CC1O2,C#CC1(OC)C2CC1O2,2
792,CC12C3C1C1=NC3C2O1,CC12C3OC4=NC3C1C42,0
793,CC1C2CC(O2)C1C=O,CC1C2CC(O2)C1C=O,3
794,C1OC2CCOC3C1C23,C1CC2OCC3C(O1)C23,3
795,Cc1cn(nn1)C,Cc1cn(C)nn1,3
796,Cc1c(nc(o1)OC)N,COc1nc(N)c(C)o1,0
797,c1c(nco1)OC2CC2,c1nc(OC2CC2)co1,4
798,CC1(C)C2CC2NC1=O,CC1(C)C(=O)NC2CC21,2
799,Cc1cc(on1)C#C,C#Cc1cc(C)no1,0
800,CCC1CC1(CO)OC,CCC1CC1(CO)OC,1
801,CC1C2N1C1C(O)C21O,CC1C2N1C1C(O)C21O,3
802,O=C(C#N)C1CC2CC12,N#CC(=O)C1CC2CC21,2
803,CCN=C(C#N)N,CCN=C(N)C#N,1
804,C(C=O)Oc1nnon1,O=CCOc1nnon1,3
805,CC1CC2OC2C(O)C1,CC1CC(O)C2OC2C1,2
806,CC1NC(=O)C(C)C1C,CC1NC(=O)C(C)C1C,0
807,CC1=CC2C3OC2(C)C13,CC1=CC2C3OC2(C)C13,2
808,CC1OC(=O)OC1C=O,CC1OC(=O)OC1C=O,0
809,OCC12CC1N(C2)C=O,O=CN1CC2(CO)CC12,1
810,CC1=C(C)C(=O)C(O)C1,CC1=C(C)C(=O)C(O)C1,3
811,CNC12COC1CC2=O,CNC12COC1CC2=O,4
812,CC(=O)C1(C)NCC1=O,CC(=O)C1(C)NCC1=O,3
813,CC(C)(CCO)N1CC1,CC(C)(CCO)N1CC1,1
814,c1c(ncnc1F)N,Nc1cc(F)ncn1,3
815,CC#Cc1cn[nH]c1O,CC#Cc1cn[nH]c1O,1
816,COCCCCC#C,C#CCCCCOC,1
817,OCC12CCC(C1)OC2,OCC12CCC(C1)OC2,1
818,CC(=N)N(C=O)C(=N)N,CC(=N)N(C=O)C(=N)N,3
819,C12C3C4C3C3C1C2C43,C12C3C1C1C4C1C3C24,3
820,CC1CCC=CC(=O)N1,CC1CCC=CC(=O)N1,2
821,CCC(=N)NC(=O)C,CCC(=N)NC(C)=O,0
822,OCCC1COC=NC1,OCCC1CN=COC1,3
823,CC1=CCC2OCC12O,CC1=CCC2OCC12O,0
824,NC12C3OC3C1OC2=N,N=C1OC2C3OC3C12N,4
825,CC(=O)C(=O)C(=O)CO,CC(=O)C(=O)C(=O)CO,2
826,O=C1CC2OC1C2C#N,N#CC1C2CC(=O)C1O2,3
827,CN1CC2OCC2C1=O,CN1CC2OCC2C1=O,1
828,CCC1NCCOC1=N,CCC1NCCOC1=N,2
829,OC(CC=O)C#C,C#CC(O)CC=O,3
830,CC1CC2CC2OC1=O,CC1CC2CC2OC1=O,1
831,CC(C)C1(CO1)C1CN1,CC(C)C1(C2CN2)CO1,4
832,c1cocc1NCC=O,O=CCNc1ccoc1,1
833,CNC(=[NH2+])C(CO)=N[O-],CNC(=[NH2+])C(CO)=N[O-],1
834,O=CC12CC(C1)(O2)C=O,O=CC12CC(C=O)(C1)O2,2
835,NC1=CC(=NO)C2NC12,NC1=CC(=NO)C2NC12,3
836,CN1CC(C)(CO)C1=O,CN1CC(C)(CO)C1=O,0
837,CC1(CC1(O)C=O)C#N,CC1(C#N)CC1(O)C=O,0
838,N=C1OC2C3OC2C3O1,N=C1OC2C3OC2C3O1,3
839,N=C1NCCC1=O,N=C1NCCC1=O,0
840,CC12CC1CC(=O)CO2,CC12CC1CC(=O)CO2,3
841,N=COC1C2COC12,N=COC1C2COC21,1
842,CN=COC1CC2CC12,CN=COC1CC2CC21,3
843,N#CC1C2CC3CC1N23,N#CC1C2CC3CC1N32,1
844,CN=c1occ(o1)C=O,CN=c1occ(C=O)o1,1
845,CCCCC1(CC1)C#N,CCCCC1(C#N)CC1,4
846,CC12C3C4C1CC2C34O,CC12C3CC1C1(O)C3C21,1
847,CCCC1C2OC1C2C,CCCC1C2OC1C2C,2
848,CC1OC2CC2O1,CC1OC2CC2O1,4
849,COCC1(C)C2COC12,COCC1(C)C2COC21,1
850,COC1COC1=N,COC1COC1=N,3
851,CCC1=CNN=NC1=N,CCc1c[nH]nnc1=N,4
852,C1CC1C#CCC=O,O=CCC#CC1CC1,0
853,CC[NH2+]CC(O)C([O-])=O,CC[NH2+]CC(O)C(=O)[O-],2
854,O=C1OC2C3CCN1C23,O=C1OC2C3CCN1C32,2
855,CC1=CC([O-])=C(C[NH3+])O1,Cc1cc([O-])c(C[NH3+])o1,1
856,COC=NC1(CC1)C#N,COC=NC1(C#N)CC1,0
857,CCC12NC1C1C2N1C,CCC12NC1C1C2N1C,1
858,COCCN=COC,COC=NCCOC,1
859,CC12CC3CC1(C)N23,CC12CC3CC1(C)N32,2
860,CCC1(CN1C=O)C#N,CCC1(C#N)CN1C=O,1
861,CC12CC1(CC#N)OC2,CC12COC1(CC#N)C2,0
862,CC(C)CNC(=N)C#N,CC(C)CNC(=N)C#N,4
863,CC12OC3C=CC1C23O,CC12OC3C=CC1C32O,1
864,O=C1C2OC2C2CN12,O=C1C2OC2C2CN12,3
865,CCC1CCC(CC)C1,CCC1CCC(CC)C1,3
866,OCC1N2C3CC1(O)C23,OCC1N2C3CC1(O)C32,0
867,CC12OC1C1OCCC21,CC12OC1C1OCCC12,2
868,C1CN1C(=O)CO,O=C(CO)N1CC1,2
869,Cn1c2cnoc2nn1,Cn1nnc2oncc21,3
870,CC1C=CC2=CCCC12,CC1C=CC2=CCCC21,3
871,CC1CC2(C)C(C)CC12,CC1CC2(C)C(C)CC12,3
872,OCC1(O)CC2OC12,OCC1(O)CC2OC21,0
873,COC1OCC=C1C#N,COC1OCC=C1C#N,3
874,OC1CCCC1O,OC1CCCC1O,2
875,CC1CN2CC2(C)C1=O,CC1CN2CC2(C)C1=O,4
876,O=CC(=O)C12CN1CC2,O=CC(=O)C12CCN1C2,0
877,CC1C=CC(=O)N1C,CC1C=CC(=O)N1C,2
878,OCC1CC2OCC=C12,OCC1CC2OCC=C12,3
879,O=CC1OC=NC1C=O,O=CC1N=COC1C=O,4
880,CC1OCC(CO)C1C,CC1OCC(CO)C1C,0
881,CC1CC2CC2(C)C=C1,CC1C=CC2(C)CC2C1,4
882,Cc1nc(co1)N2CC2,Cc1nc(N2CC2)co1,0
883,OC12CC3CC(CC1)C23,OC12CCC3CC(C1)C32,1
884,CC1=CCC2CC12C#N,CC1=CCC2CC12C#N,2
885,Cc1c(onc1NC)C,CNc1noc(C)c1C,4
886,OCC12OC1C1CC21,OCC12OC1C1CC12,0
887,c1c(ncnn1)NC=N,N=CNc1cnncn1,1
888,OC1C2C1C1=CN=NN21,OC1C2c3cnnn3C12,1
889,CCN1CC2OCC12,CCN1CC2OCC21,0
890,Cc1[nH]c(cc(=O)n1)N,Cc1nc(=O)cc(N)[nH]1,3
891,OC1C(CC#C)C1C=O,C#CCC1C(O)C1C=O,4
892,CCN1CC=C(C1)C#N,CCN1CC=C(C#N)C1,4
893,CC12C3NC3C1OC2=N,CC12C(=N)OC1C1NC12,3
894,CC12C3CC1=CCCC23,CC12C3=CCCC1C2C3,2
895,C#Cc1cc(cnc1)N,C#Cc1cncc(N)c1,0
896,N#CC12CC3C4C(C14)N23,N#CC12CC3C4C(C41)N32,0
897,C1C2CC3COCOC123,C1OCC2CC3CC23O1,0
898,CCC(C)(OC)C#N,CCC(C)(C#N)OC,1
899,CC1C(O)C1(C)C#C,C#CC1(C)C(C)C1O,2
900,c1c[nH]c2c1[nH]cn2,c1nc2[nH]ccc2[nH]1,2
901,OCC12OC3C1C(=O)C23,O=C1C2C3OC2(CO)C13,1
902,c1c2n(c(n1)C=O)CC2,O=Cc1ncc2n1CC2,3
903,CC1CC11C=CC2NC12,CC1CC12C=CC1NC12,4
904,CC12CC3C=CC1C3O2,CC12CC3C=CC1C3O2,1
905,CC1(O)CC(O)(C1)C=O,CC1(O)CC(O)(C=O)C1,0
906,CC(=O)NCC(=O)OC,COC(=O)CNC(C)=O,4
907,C1NC11CN2CC12,C1C2N1CC21CN1,0
908,O=CC1=NCCC2CN12,O=CC1=NCCC2CN12,1
909,OC1C2C3CC2C13C=O,O=CC12C(O)C3C1CC32,2
910,CC1C2C3CC(N23)C1=O,CC1C(=O)C2CC3C1N23,2
911,CC1C(O)C1C(O)C=O,CC1C(O)C1C(O)C=O,4
912,C1OC1C1C2CC1C=C2,C1=CC2CC1C2C1CO1,1
913,CC1NCC1=O,CC1NCC1=O,0
914,N=C1N=CC=CN1C=O,N=c1ncccn1C=O,0
915,CC12NC1C1(CC1)C2=O,CC12NC1C1(CC1)C2=O,4
916,CCC1(O)C2OC2C1C,CCC1(O)C(C)C2OC21,3
917,Cc1conc1C(=O)C,CC(=O)c1nocc1C,3
918,CC(C#N)C(O)C#C,C#CC(O)C(C)C#N,0
919,C(CNCC(=O)N)C#N,N#CCCNCC(N)=O,1
920,CC(COC=N)OC=O,CC(COC=N)OC=O,0
921,COCC1C2C3C1CN23,COCC1C2CN3C1C23,4
922,C1C=CCc2c1non2,C1=CCc2nonc2C1,3
923,C(C#CC1CN1)C1CN1,C(#CC1CN1)CC1CN1,0
924,CC1C2C1C(C=O)C2O,CC1C2C(O)C(C=O)C12,2
925,OC12CCC1(O)C2C=O,O=CC1C2(O)CCC12O,2
926,OC1=NC(F)=NC(=N)N1,N=c1nc(F)nc(O)[nH]1,4
927,c1cnc(nc1C#N)N,N#Cc1ccnc(N)n1,1
928,CN=c1ocno1,CN=c1ocno1,1
929,CN1CCc2c1nn[nH]2,CN1CCc2[nH]nnc21,1
930,c1c(c(co1)O)CO,OCc1cocc1O,2
931,CC(O)C1(C)CN1C=O,CC(O)C1(C)CN1C=O,2
932,N=COC(CC=O)C=O,N=COC(C=O)CC=O,3
933,COC(CO)C1CN1,COC(CO)C1CN1,3
934,CC12NC3C1NC23CO,CC12NC3C1NC32CO,2
935,CC12CC1C1(O)CC21,CC12CC1C1(O)CC21,1
936,CC1N2C3CC1(C#C)C23,C#CC12CC3C1N3C2C,0
937,CCC1CC2C(C)C2O1,CCC1CC2C(C)C2O1,2
938,CC1=CC2(CN2)C2NC12,CC1=CC2(CN2)C2NC12,4
939,CN1CC2(C1)CN2C=O,CN1CC2(C1)CN2C=O,2
940,CCC12CC1C1CC21O,CCC12CC1C1CC12O,4
941,CNc1cnc(o1)OC,CNc1cnc(OC)o1,0
942,O=C1NC(C=C1)C#C,C#CC1C=CC(=O)N1,1
943,CCC1=CC=CC=CC1,CCC1=CC=CC=CC1,1
944,OC1CC1C1CCC1=O,O=C1CCC1C1CC1O,3
945,O=C1CC=CC2OCC12,O=C1CC=CC2OCC12,4
946,CC1CCC(CC=O)=C1,CC1C=C(CC=O)CC1,1
947,N#CC12NC3C1CC23,N#CC12NC3C1CC32,0
948,CCN=C1OC2CC1C2,CCN=C1OC2CC1C2,2
949,C[NH2+]CCC(O)C([O-])=O,C[NH2+]CCC(O)C(=O)[O-],0
950,CNc1ccncc1F,CNc1ccncc1F,3
951,CCN1C2CC2CC1=O,CCN1C(=O)CC2CC21,1
952,[O-]C(=O)C1[NH2+]CC=C1,O=C([O-])C1C=CC[NH2+]1,4
953,O=C1OC23CC4C2C1C34,O=C1OC23CC4C2C1C43,4
954,CN=C1OC2(CC2)C1N,CN=C1OC2(CC2)C1N,3
955,CC1CN1C(=O)C#N,CC1CN1C(=O)C#N,2
956,CC1(C)CC(O)C(=O)O1,CC1(C)CC(O)C(=O)O1,2
957,CC(C)N1CC2(O)CC12,CC(C)N1CC2(O)CC12,2
958,CCCC(=O)CC(C)O,CCCC(=O)CC(C)O,4
959,Cc1c(cn(c1O)C)O,Cc1c(O)cn(C)c1O,0
960,CCC1(C)COC1CO,CCC1(C)COC1CO,2
961,CCCC1OCOC1=O,CCCC1OCOC1=O,0
962,CC1C2CC1C1(C)CC21,CC1C2CC1C1(C)CC21,3
963,C1C=C(C(=O)N1)NC=O,O=CNC1=CCNC1=O,3
964,NC1=CC(=O)OC(=N)O1,N=c1oc(N)cc(=O)o1,2
965,O=C(C#N)C1CCN1,N#CC(=O)C1CCN1,1
966,C1C2C1C1OCC3C2C13,C1C2C1C1C3COC2C31,4
967,c1cc2n(c1)CCOC2,c1cc2n(c1)CCOC2,1
968,CC1OCC(C=O)=C1N,CC1OCC(C=O)=C1N,1
969,CC1C(C#N)C1C#N,CC1C(C#N)C1C#N,2
970,O=C1C2CCC1CCC2,O=C1C2CCCC1CC2,4
971,CCC12CC3CC(O1)C23,CCC12CC3CC(O1)C32,4
972,CCN(C)c1ccno1,CCN(C)c1ccno1,2
973,N#CC1(CNC1)C1CO1,N#CC1(C2CO2)CNC1,2
974,C#Cc1nc(on1)CO,C#Cc1noc(CO)n1,1
975,CC(C#N)C12CC1OC2,CC(C#N)C12COC1C2,2
976,NC1=NC2CCCC2O1,NC1=NC2CCCC2O1,2
977,CC1(C)NC=NC1C#N,CC1(C)NC=NC1C#N,3
978,CN1CCCN(C1=O)C,CN1CCCN(C)C1=O,0
979,CN(C)C1(COC1)C#C,C#CC1(N(C)C)COC1,0
980,CC(O)C1OCCC=C1,CC(O)C1C=CCCO1,0
981,CC#Cc1n[nH]nn1,CC#Cc1nn[nH]n1,3
982,OC12CC3(CC1)OCC23,OC12CCC3(C1)OCC23,1
983,CCCC1OC1CC#C,C#CCC1OC1CCC,0
984,OC1C2C3C2C2(CC2)C13,OC1C2C3C1C1(CC1)C23,0
985,CN(C)C(=O)OC,COC(=O)N(C)C,4
986,COC1(C)CC1CC#C,C#CCC1CC1(C)OC,0
987,CC12C3CC1(C)CCN23,CC12CCN3C(C1)C32C,3
988,CC(C)OC(=O)C1CN1,CC(C)OC(=O)C1CN1,1
989,CC1(O)CCC1OC=O,CC1(O)CCC1OC=O,3
990,N=C1CC(O1)C1CCC1,N=C1CC(C2CCC2)O1,1
991,CC1C2C3C(C2O)C13C,CC1C2C(O)C3C2C13C,4
992,CNC(=O)OCCOC,CNC(=O)OCCOC,1
993,CN(C)C(=O)C(=O)C#C,C#CC(=O)C(=O)N(C)C,3
994,CC12COC1C1NC21,CC12COC1C1NC12,3
995,N=CN1CCCOC1=O,N=CN1CCCOC1=O,0
996,CC1(CC(O1)C#N)C#N,CC1(C#N)CC(C#N)O1,4
997,C(C#CC(C=O)C=O)O,O=CC(C#CCO)C=O,0
998,C1C=C(C(=O)N1)CC#N,N#CCC1=CCNC1=O,1
999,CC1(CN1)C#CC#C,C#CC#CC1(C)CN1,3
1000,NC(=O)C1C2OC=NC12,NC(=O)C1C2N=COC21,0
1001,COC(C)C1(C)CN1,COC(C)C1(C)CN1,1
1002,CCC1(C#N)C(O)C1O,CCC1(C#N)C(O)C1O,2
1003,CC(C)N1C2C3OC3C12,CC(C)N1C2C3OC3C21,4
1004,CC1=CCCC1(C)C,CC1=CCCC1(C)C,3
1005,OC(CC#N)C1CC1O,N#CCC(O)C1CC1O,3
1006,CC1C2C3C(CN13)C2=O,CC1C2C(=O)C3CN1C32,2
1007,CNC(=O)C(OC)C=O,CNC(=O)C(C=O)OC,1
1008,C#Cc1c(=O)ncon1,C#Cc1nocnc1=O,3
1009,CCC1=CC(=O)OC1=N,CCC1=CC(=O)OC1=N,3
1010,CC(C1[NH2+]C1C)C([O-])=O,CC1[NH2+]C1C(C)C(=O)[O-],2
1011,C1=C2C3C4C1C1C4N3C21,C1=C2C3C4C1C1C2N3C41,1
1012,C#CC1(COC1)CO,C#CC1(CO)COC1,2
1013,CC1CC(=O)NC1C#C,C#CC1NC(=O)CC1C,1
1014,C(OC1COC1)C1CN1,C1NC1COC1COC1,1
1015,O=C1OCC11C2CN1C2,O=C1OCC12C1CN2C1,4
1016,OCCC1CC1CCO,OCCC1CC1CCO,2
1017,CCC1C(N1C)C(C)=O,CCC1C(C(C)=O)N1C,0
1018,OC1(CNC1C=O)C=O,O=CC1NCC1(O)C=O,3
1019,C1CC11CC2NC2CO1,C1OC2(CC2)CC2NC12,0
1020,c1nc2n(n1)C(=O)CO2,O=C1COc2ncnn21,4
1021,O=C1C2NC1(C=C2)C#C,C#CC12C=CC(N1)C2=O,0
1022,C1CC=CC=C(C1)CO,OCC1=CC=CCCC1,2
1023,CCCC1CC(C)(O)C1,CCCC1CC(C)(O)C1,2
1024,CCn1c(=O)onn1,CCn1nnoc1=O,4
1025,CC1CC11CCC1C,CC1CCC12CC2C,0
1026,O=C1CC2N1CC21CO1,O=C1CC2N1CC21CO1,1
1027,OC12CC1N=C1OCC21,OC12CC1N=C1OCC12,4
1028,OC1CC2OCC3C1C23,OC1CC2OCC3C1C23,0
1029,CC1(C)CC2(C)COC12,CC1(C)CC2(C)COC12,4
1030,O=C(C#N)C12CC(C1)N2,N#CC(=O)C12CC(C1)N2,0
1031,CC(=O)C(=O)C(=O)C#C,C#CC(=O)C(=O)C(C)=O,1
1032,CN1CC2OCC12C=O,CN1CC2OCC21C=O,2
1033,OC1C2C3N2CC13C#N,N#CC12CN3C(C1O)C32,2
1034,Cn1nc(nn1)N(C)C,CN(C)c1nnn(C)n1,0
1035,CC1=CC=C(OC=N)O1,Cc1ccc(OC=N)o1,1
1036,CC1(O)C2CN2C1=N,CC1(O)C(=N)N2CC21,3
1037,c1c(coc1N(=O)=O)N,Nc1coc([N+](=O)[O-])c1,4
1038,Cc1c(nco1)OC=O,Cc1ocnc1OC=O,1
1039,CC1CN2C1=CC=C2N,CC1Cn2c(N)ccc21,2
1040,CC(C#C)C(C)=O,C#CC(C)C(C)=O,2
1041,COc1cc(c[nH]1)C#C,C#Cc1c[nH]c(OC)c1,3
1042,C1C=CC(=NO)C1=NO,ON=C1C=CCC1=NO,4
1043,CC12NC(C=C1)C2=O,CC12C=CC(N1)C2=O,4
1044,OCC1CCOC1,OCC1CCOC1,4
1045,c1c(n[nH]n1)C(=O)C#N,N#CC(=O)c1cn[nH]n1,3
1046,CC1(C)C2CC3C2N13,CC1(C)C2CC3C2N31,4
1047,O=C1C2CCC(N2)C1=O,O=C1C(=O)C2CCC1N2,1
1048,Cc1c[nH]c(=O)cc1O,Cc1c[nH]c(=O)cc1O,3
1049,N=C1OC23CCC2NC13,N=C1OC23CCC2NC13,3
1050,OC12C3C1C1CC3C2O1,OC12C3OC4CC3C1C42,3
1051,CC#CC(N)C#N,CC#CC(N)C#N,2
1052,OC1C(O)C11CC2OC12,OC1C(O)C12CC1OC12,2
1053,CC1CC(=O)C1(C)O,CC1CC(=O)C1(C)O,0
1054,CN1CC(C)(C#C)C1=O,C#CC1(C)CN(C)C1=O,4
1055,C1CC12CC(=O)CC=C2,O=C1CC=CC2(CC2)C1,4
1056,CC(C)C12CC1C(C)C2,CC1CC2(C(C)C)CC12,4
1057,CC1CC(C#C)C1C#C,C#CC1CC(C)C1C#C,3
1058,CC1=CCC(CC#C)C1,C#CCC1CC=C(C)C1,0
1059,CC(=O)NC(C)(C)C=O,CC(=O)NC(C)(C)C=O,2
1060,OC12CC1C(CC2)C#C,C#CC1CCC2(O)CC12,0
1061,N#CC12CC=CC1CN2,N#CC12CC=CC1CN2,2
1062,OCCC1COC1CO,OCCC1COC1CO,1
1063,O=CC12CC3C1N3C2=O,O=CC12CC3C1N3C2=O,1
1064,Cc1c([nH]c(c1O)C)C,Cc1[nH]c(C)c(O)c1C,1
1065,CC1COC1C#N,CC1COC1C#N,4
1066,CN1C=NC(=O)NC1=N,Cn1cnc(=O)[nH]c1=N,3
1067,C1C2C3C1N1CC3=CC21,C1=C2CN3C1C1CC3C21,4
1068,C1C=CC(=NO)C(=O)O1,O=C1OCC=CC1=NO,2
1069,CN1C2C3OC2(CO)C13,CN1C2C3OC2(CO)C31,1
1070,CC12CCCC1C2O,CC12CCCC1C2O,4
1071,OC1(COCC1=O)C#N,N#CC1(O)COCC1=O,1
1072,CCC1(C)CC1N1CC1,CCC1(C)CC1N1CC1,3
1073,CCC12CC(C1)C21CO1,CCC12CC(C1)C21CO1,2
1074,CC1(C)COCC1CO,CC1(C)COCC1CO,0
1075,CC#CC(C#CC)O,CC#CC(O)C#CC,2
1076,COCc1[nH]nc(n1)N,COCc1nc(N)n[nH]1,4
1077,C1C2C=CCOC=NC12,C1=CC2CC2N=COC1,2
1078,CN1CC1C1=CNC=N1,CN1CC1c1c[nH]cn1,1
1079,CC12CC1C1(C)CC21C,CC12CC1C1(C)CC21C,2
1080,c1c(c[nH]c1N)N,Nc1c[nH]c(N)c1,4
1081,N#CC12NCC3OC1C23,N#CC12NCC3OC1C32,2
1082,CC1C2CCOC1C=C2,CC1C2C=CC1OCC2,1
1083,CCC(CC)C1(CC1)C,CCC(CC)C1(C)CC1,3
1084,CC1N2CCC(C2)C1=O,CC1C(=O)C2CCN1C2,0
1085,OC1CC(O)C2CC1O2,OC1CC(O)C2CC1O2,0
1086,OCC1=CC(=O)N2CC12,O=C1C=C(CO)C2CN12,3
1087,CCC12C(C)C1C1CN21,CCC12C(C)C1C1CN12,3
1088,CC12OC1C1(O)CC21,CC12OC1C1(O)CC12,0
1089,CCC(=NO)C(C)C#C,C#CC(C)C(CC)=NO,1
1090,CC1(O)CC1(C)C1CN1,CC1(O)CC1(C)C1CN1,1
1091,CC(O)C(C)C1CC1,CC(O)C(C)C1CC1,4
1092,NC(=O)C12CC1CCC2,NC(=O)C12CCCC1C2,1
1093,N#CCC12OC1CC=C2,N#CCC12C=CCC1O2,1
1094,OC(C#C)C1OCC1O,C#CC(O)C1OCC1O,0
1095,COC1CC(=O)C1C#C,C#CC1C(=O)CC1OC,3
1096,CC1C(C#C)C1(C)C=O,C#CC1C(C)C1(C)C=O,1
1097,C1C2OC3=CC=CN3C12,c1cc2n(c1)C1CC1O2,2
1098,CC1=CN(C=O)C2CC12,CC1=CN(C=O)C2CC12,0
1099,NC(=O)CN1CC1C=O,NC(=O)CN1CC1C=O,4
1100,Cn1c(cc(n1)O)OC,COc1cc(O)nn1C,0
1101,Cc1cc(oc1)CC=O,Cc1coc(CC=O)c1,2
1102,OC12CC3C(CC1)C23,OC12CCC3C(C1)C32,2
1103,OC1C2C3C4C3C2C14,OC1C2C3C1C1C2C31,0
1104,C1CC1C12COC1CO2,C1CC1C12COC1CO2,2
1105,CN=C1OC(C)C11CN1,CN=C1OC(C)C12CN2,0
1106,CCOC(=O)NCC=O,CCOC(=O)NCC=O,0
1107,OC12C3CC3C3C1CC23,OC12C3CC3C3C1CC32,0
1108,CC12NC(C1O)C21CO1,CC12NC(C1O)C21CO1,1
1109,c1c(c(n[nH]1)C(=O)N)N,NC(=O)c1n[nH]cc1N,2
1110,c1c(coc1NC=N)O,N=CNc1cc(O)co1,3
1111,CC1=CC2CC1(O)C2=O,CC1=CC2CC1(O)C2=O,3
1112,CC12NC1C1OC(=O)C21,CC12NC1C1OC(=O)C12,0
1113,O=CC12C3CN(C13)C2=O,O=CC12C(=O)N3CC1C32,3
1114,CCC1OC(=O)NC=C1,CCC1C=CNC(=O)O1,1
1115,C(C(=O)COC(=O)N)O,NC(=O)OCC(=O)CO,0
1116,OCC1OC1C(=O)C#N,N#CC(=O)C1OC1CO,1
1117,N=C1CC2OCC2CO1,N=C1CC2OCC2CO1,1
1118,CC12CC(O)C1(C)N2,CC12CC(O)C1(C)N2,3
1119,C1CC2(C1)CC=CCO2,C1=CCC2(CCC2)OC1,1
1120,CC12CCC=C1CC2O,CC12CCC=C1CC2O,1
1121,OC1(C#N)C2C3C1CN23,N#CC1(O)C2CN3C2C31,1
1122,CC12CCC1(O)CC2,CC12CCC1(O)CC2,1
1123,CC1CCC(=N)OCO1,CC1CCC(=N)OCO1,4
1124,CN=C1N=NOC=C1N,CN=c1nnocc1N,3
1125,CC1CC(C=O)C(C)O1,CC1CC(C=O)C(C)O1,0
1126,NC1C(CC#N)C1C#N,N#CCC1C(N)C1C#N,1
1127,CC12CCC(O1)C2=O,CC12CCC(O1)C2=O,1
1128,NC1=NC(=N)OC(F)=C1,N=c1nc(N)cc(F)o1,4
1129,N#CC1NCC2CC12,N#CC1NCC2CC21,4
1130,OCC1N2CC2C11CO1,OCC1N2CC2C12CO2,3
1131,COC1(C)C(C)C1O,COC1(C)C(C)C1O,4
1132,CC12C3C1C1(C)C2N31,CC12C3C1C1(C)C2N31,4
1133,CC1N2CC(O)C12C=O,CC1N2CC(O)C12C=O,1
1134,CC(C)(C)C1COC1=O,CC(C)(C)C1COC1=O,4
1135,CC(=O)C#CC(=O)C#C,C#CC(=O)C#CC(C)=O,4
1136,CCCNC(=N)C=O,CCCNC(=N)C=O,4
1137,C1C2CC3CCC2C13,C1CC2C3CC1C2C3,1
1138,CC(O)C12CC(O1)C2O,CC(O)C12CC(O1)C2O,0
1139,CCC1(CO)COC1=N,CCC1(CO)COC1=N,3
1140,OC1C2CC1C1NC21,OC1C2CC1C1NC21,0
1141,O=CC1CCN=COC1,O=CC1CCN=COC1,0
1142,C1COC(=O)C(=O)N1,O=C1NCCOC1=O,2
1143,CC12CC3CC1OC3C2,CC12CC3CC1OC3C2,1
1144,CC1C2(O)CC2C11CC1,CC1C2(O)CC2C12CC2,0
1145,CC1C2CC1(O)CC=C2,CC1C2C=CCC1(O)C2,4
1146,CC#CC#CC1(C)CN1,CC#CC#CC1(C)CN1,4
1147,CC(C)C1NC1C=O,CC(C)C1NC1C=O,4
1148,CC1C2C3OCCN2C13,CC1C2C3OCCN2C13,1
1149,CC#CC1(CC1)CC#C,C#CCC1(C#CC)CC1,3
1150,CC1=CC2CC1(C)CO2,CC1=CC2CC1(C)CO2,4
1151,c1nc2c(o1)c([nH]n2)N,Nc1[nH]nc2ncoc12,3
1152,NC(C#N)C1(CO)CO1,N#CC(N)C1(CO)CO1,1
1153,CCc1c(nc(o1)N)C,CCc1oc(N)nc1C,2
1154,Cc1ncn(n1)C(C)C,Cc1ncn(C(C)C)n1,3
1155,CC(=O)C1CC2OC12,CC(=O)C1CC2OC21,3
1156,CCOC1C2OC(=O)C12,CCOC1C2OC(=O)C12,3
1157,CC1OC1CC#CC=O,CC1OC1CC#CC=O,2
1158,CC1OCC1NCC=O,CC1OCC1NCC=O,0
1159,C1C=CCC1=O,O=C1CC=CC1,4
1160,CC(=O)C1CCC1C#C,C#CC1CCC1C(C)=O,0
1161,C1CCC(=CC1)C#N,N#CC1=CCCCC1,0
1162,Cn1nc(nn1)CCO,Cn1nnc(CCO)n1,2
1163,CCNc1c(cn[nH]1)O,CCNc1[nH]ncc1O,4
1164,N=C1COCC2(CC2)O1,N=C1COCC2(CC2)O1,4
1165,CC(C)CC1(C)CO1,CC(C)CC1(C)CO1,2
1166,CC(C)(C)N1CC(=O)C1,CC(C)(C)N1CC(=O)C1,3
1167,C1OC2C1N1C3CC1C23,C1OC2C3C4CC3N4C12,0
1168,CC12CN3CC3(C)C1N2,CC12CN3CC3(C)C1N2,4
1169,N=C1OCC2=CN=NN12,N=C1OCc2cnnn21,4
1170,CC1(CCC1=O)C1CO1,CC1(C2CO2)CCC1=O,4
1171,CCNc1cc([nH]c1)O,CCNc1c[nH]c(O)c1,0
1172,N=C(OCCC=O)C#C,C#CC(=N)OCCC=O,4
1173,CCC12C(O)C1N1CC21,CCC12C(O)C1N1CC12,2
1174,COC1C2OC3CC3C12,COC1C2OC3CC3C12,0
1175,CC1OCC2=CNN=C12,CC1OCc2c[nH]nc21,3
1176,CC12C3C4C1C4(C)C23,CC12C3C4C1C4(C)C32,0
1177,CC1CCC(CC#N)O1,CC1CCC(CC#N)O1,1
1178,O=CC1CC=CC1=O,O=CC1CC=CC1=O,1
1179,NC1=NNC(=N)C(O)=C1,N=c1[nH]nc(N)cc1O,2
1180,CC1(NC1(C)C=O)C=O,CC1(C=O)NC1(C)C=O,0
1181,CC(=Nc1nc[nH]n1)N,CC(N)=Nc1nc[nH]n1,0
1182,CC1CC=C(C)C1CO,CC1=CCC(C)C1CO,3
1183,C1CN1CCCCCO,OCCCCCN1CC1,2
1184,Cn1nc(nn1)C#N,Cn1nnc(C#N)n1,1
1185,COC1CC(CO1)C#N,COC1CC(C#N)CO1,4
1186,COCCC1CC1C=O,COCCC1CC1C=O,3
1187,COCC1OC2C(O)C12,COCC1OC2C(O)C12,2
1188,CCN=c1n(nco1)C,CCN=c1ocnn1C,3
1189,COC1CN2CC=CC12,COC1CN2CC=CC12,1
1190,OC1C2NC1C(=O)C2O,O=C1C(O)C2NC1C2O,4
1191,CC(C)(O)C1OC1C=O,CC(C)(O)C1OC1C=O,4
1192,CC1(CC1)N2CC(=O)C2,CC1(N2CC(=O)C2)CC1,4
1193,Cc1c(n(cn1)C)C=O,Cc1ncn(C)c1C=O,0
1194,CCC12CC3C(C1)C23O,CCC12CC3C(C1)C32O,1
1195,NC1=CNC(OC=N)=N1,N=COc1nc(N)c[nH]1,1
1196,OCC1CC=CCCO1,OCC1CC=CCCO1,1
1197,OC1C2C3C(O)C1N23,OC1C2C(O)C3C1N23,0
1198,CC1CC2CC2(C1)C#C,C#CC12CC(C)CC1C2,1
1199,Cc1nccc(n1)F,Cc1nccc(F)n1,3
1200,COC12CC(CC1)C2=O,COC12CCC(C1)C2=O,4
1201,OCC12OC3C4C3C1C24,OCC12OC3C4C3C1C42,4
1202,C1C2C3C4C=CC13C24,C1=CC23CC4C2C1C43,4
1203,CCC1CN2CC2CO1,CCC1CN2CC2CO1,1
1204,OC1CN2CC2C1C#C,C#CC1C(O)CN2CC12,0
1205,CCOc1cc(n[nH]1)N,CCOc1cc(N)n[nH]1,4
1206,CC(=O)COC(=O)C#N,CC(=O)COC(=O)C#N,1
1207,CNC(=O)OC(C)CO,CNC(=O)OC(C)CO,2
1208,CC(O)C1=CC(N)=CO1,CC(O)c1cc(N)co1,2
1209,CC1C2C=CC3N2C13C,CC1C2C=CC3N2C13C,3
1210,CC(CC(=O)C#N)C=O,CC(C=O)CC(=O)C#N,2
1211,CC1OCCCN=CO1,CC1OC=NCCCO1,2
1212,CC(C)C(O)CC#C,C#CCC(O)C(C)C,3
1213,CCC1C=CNC1=O,CCC1C=CNC1=O,3
1214,OC1CC1C1CC(=N)O1,N=C1CC(C2CC2O)O1,1
1215,CCC(C)(CO)COC,CCC(C)(CO)COC,1
1216,CN1CC2CC1C(=O)O2,CN1CC2CC1C(=O)O2,1
1217,OC12C3C1C1=CC2=CC31,OC12C3=CC4C(=C3)C1C42,0
1218,C1CC23OCC4C2CC134,C1OC23CCC24CC3C14,0
1219,OC1CN2C1=NCC2=N,N=C1CN=C2C(O)CN12,1
1220,CC1OC(=N)C11CN1,CC1OC(=N)C12CN2,0
1221,CC1COC2CC12C#C,C#CC12CC1OCC2C,2
1222,CC(C#N)C(=O)CC#C,C#CCC(=O)C(C)C#N,2
1223,CC1(CC(C1)C#C)C#C,C#CC1CC(C)(C#C)C1,2
1224,c1coc(n1)OC(=O)N,NC(=O)Oc1ncco1,1
1225,N#CCN1CC2CCC12,N#CCN1CC2CCC21,2
1226,CC(C)OCC#CC#C,C#CC#CCOC(C)C,3
1227,C#CC1OCC2OCC12,C#CC1OCC2OCC12,3
1228,NC(C#N)C1=NOC=N1,N#CC(N)c1ncon1,1
1229,CC1N2C3COC1(C)C23,CC1N2C3COC1(C)C32,2
1230,OCC1(COC1=O)C#N,N#CC1(CO)COC1=O,4
1231,Cc1cc(nn1C)C#N,Cc1cc(C#N)nn1C,0
1232,CN1CC2OC=NC2C1,CN1CC2N=COC2C1,4
1233,CC1(CCCC=C1)C#C,C#CC1(C)C=CCCC1,3
1234,C1C2C3CC4CC2C13C4,C1C2CC3C4CC3(C2)C14,2
1235,O=C1C2C3C=CC1CN23,O=C1C2C=CC3C1N3C2,1
1236,CC(=O)CC(C)(C)C#C,C#CC(C)(C)CC(C)=O,0
1237,CC1(O)CC11CC(=O)C1,CC1(O)CC12CC(=O)C2,4
1238,N=C1NN=NC(C=O)=N1,N=c1nc(C=O)nn[nH]1,3
1239,CC12CC3C1OC2C3O,CC12CC3C(O)C1OC32,1
1240,ON=C1CC(O)C2NC12,ON=C1CC(O)C2NC12,1
1241,OC1C2COC1C1NC21,OC1C2COC1C1NC21,0
1242,CCC1(C)CC(=O)O1,CCC1(C)CC(=O)O1,1
1243,CC#CC(=N)OC1CC1,CC#CC(=N)OC1CC1,1
1244,C1CC2C1C21CC2OC12,C1CC2C1C21CC2OC21,2
1245,C#CC#CCN1CC1,C#CC#CCN1CC1,4
1246,C1C=CCC2OC12,C1=CCC2OC2C1,4
1247,CC12COC(=O)C1(C)N2,CC12COC(=O)C1(C)N2,3
1248,OC1CC2(CO2)CC1=O,O=C1CC2(CO2)CC1O,1
1249,CC1(O)CC(O)C2CC12,CC1(O)CC(O)C2CC21,4
1250,CNc1cn(nn1)C,CNc1cn(C)nn1,0
1251,C#CCN1CCC1C#N,C#CCN1CCC1C#N,1
1252,N#CC1OCCN=CO1,N#CC1OC=NCCO1,1
1253,c1cc(n(c1)C=O)CO,O=Cn1cccc1CO,3
1254,CCC1CC1C(C)(C)O,CCC1CC1C(C)(C)O,2
1255,CC1COCC1CC#N,CC1COCC1CC#N,4
1256,O=CC1CC1(C=O)C#C,C#CC1(C=O)CC1C=O,4
1257,C(C1CN1)C1=CC=NN1,c1cc(CC2CN2)[nH]n1,1
1258,CCNc1cnc([nH]1)O,CCNc1cnc(O)[nH]1,3
1259,CC1(CCCO1)OC=N,CC1(OC=N)CCCO1,1
1260,OCC(CC#C)OC=O,C#CCC(CO)OC=O,1
1261,O=C1C2C3N2C1C31CN1,O=C1C2C3N2C1C31CN1,4
1262,N#CC1CCC2CN2C1,N#CC1CCC2CN2C1,0
1263,CCN1CC=C(C1=O)C,CCN1CC=C(C)C1=O,3
1264,NC1=NC(=N)ON=C1F,N=c1nc(N)c(F)no1,4
1265,N=COC1CNC1C=O,N=COC1CNC1C=O,3
1266,c1c(n[nH]n1)CC(=O)N,NC(=O)Cc1cn[nH]n1,4
1267,CC(C)C1C(C)CC1O,CC(C)C1C(C)CC1O,2
1268,COC1COC2CC12O,COC1COC2CC12O,4
1269,CC12CC1NC2C#N,CC12CC1NC2C#N,3
1270,OC1C=CC2=C1OC=N2,OC1C=Cc2ncoc21,3
1271,CC1NCC2CN2C1=O,CC1NCC2CN2C1=O,4
1272,ON=C1CNC1CC#C,C#CCC1NCC1=NO,2
1273,C(c1[nH]c(nn1)CO)O,OCc1nnc(CO)[nH]1,3
1274,CC1=CC2(CCC2)CC1,CC1=CC2(CCC2)CC1,3
1275,CN1C2C3NC2(CO)C13,CN1C2C3NC2(CO)C31,2
1276,COC12CC(O)(C1)C2O,COC12CC(O)(C1)C2O,3
1277,CC(CO)OCC1CO1,CC(CO)OCC1CO1,4
1278,O=CN1CC2CC1CO2,O=CN1CC2CC1CO2,0
1279,CC1=CN2CC(O)C2=C1,Cc1cc2n(c1)CC2O,2
1280,CCCOCCC=O,CCCOCCC=O,3
1281,c1coc2c1c(c[nH]2)O,Oc1c[nH]c2occc12,1
1282,O=C1CN2C3C2C2C3N12,O=C1CN2C3C2C2C3N12,3
1283,CC(C=O)C(C)(O)C#N,CC(C=O)C(C)(O)C#N,3
1284,CC1NC(C#N)C11CN1,CC1NC(C#N)C12CN2,0
1285,C#CCCC(=O)CCO,C#CCCC(=O)CCO,1
1286,N=CN1C=NCCN=C1,N=CN1C=NCCN=C1,4
1287,C(C#N)c1[nH]nc(n1)O,N#CCc1nc(O)n[nH]1,2
1288,CCC1CC2CC12C#N,CCC1CC2CC12C#N,2
1289,CCC1(C)NC1C#CC,CC#CC1NC1(C)CC,4
1290,CNC(C)(C=O)C(N)=O,CNC(C)(C=O)C(N)=O,1
1291,OC1C=CC2=C1N=CN2,OC1C=Cc2[nH]cnc21,4
1292,CCC(=O)C(C)C(C)C,CCC(=O)C(C)C(C)C,0
1293,CC(C)(C=O)C(=O)CO,CC(C)(C=O)C(=O)CO,2
1294,CCc1cc([nH]n1)N,CCc1cc(N)[nH]n1,4
1295,COC=NCC(=O)N,COC=NCC(N)=O,3
1296,O=CC1CCOC=N1,O=CC1CCOC=N1,3
1297,CC1C2CC1C(C=O)=C2,CC1C2C=C(C=O)C1C2,3
1298,CC1C2C3CC(C2O)N13,CC1C2C(O)C3CC2N13,0
1299,O=C1C2CC1C1(CO1)C2,O=C1C2CC1C1(CO1)C2,4
1300,N#CC1C2C3OCC1C23,N#CC1C2COC3C1C23,1
1301,CN1N=CC(=N)N=C1F,Cn1ncc(=N)nc1F,1
1302,CC(O)(C#C)C(O)C=O,C#CC(C)(O)C(O)C=O,3
1303,CC12CC3(C)OC1(C)C23,CC12CC3(C)C1C3(C)O2,2
1304,OCC12OC1CC2=NO,OCC12OC1CC2=NO,2
1305,CCCC1NC1(C)C=O,CCCC1NC1(C)C=O,1
1306,O=C1CC23CCC2(C1)O3,O=C1CC23CCC2(C1)O3,4
1307,CC1NC(C#N)C(C)=C1,CC1=CC(C)NC1C#N,3
1308,OC1CCC1CC1CC1,OC1CCC1CC1CC1,4
1309,C1COCCN1CC=O,O=CCN1CCOCC1,3
1310,OC1C2CC1C=C2,OC1C2C=CC1C2,1
1311,OC1=NC=NC(=O)O1,O=c1ncnc(O)o1,1
1312,C1C2OC22CCCCC12,C1CCC23OC2CC3C1,1
1313,CCC(=O)n1cccn1,CCC(=O)n1cccn1,1
1314,Cc1cn(c(=NC)o1)C,CN=c1oc(C)cn1C,3
1315,c1nc(c(o1)C=O)O,O=Cc1ocnc1O,3
1316,C1CC2(C1)CCN2C=O,O=CN1CCC12CCC2,3
1317,CC#CC1CC2CCC12,CC#CC1CC2CCC12,3
1318,CC12CC(O1)C2(O)C#N,CC12CC(O1)C2(O)C#N,3
1319,CC1=CC(O)CC1C=O,CC1=CC(O)CC1C=O,4
1320,CC1(C)C2CC(C#C)N12,C#CC1CC2N1C2(C)C,4
1321,N=C1OC2=C(O1)C=CO2,N=c1oc2ccoc2o1,1
1322,C1NC1C12CCC1N2,C1NC1C12CCC1N2,1
1323,C#CC1CC2CC3C2N13,C#CC1CC2CC3C2N13,2
1324,c1c(c(=NO)cn[nH]1)N,Nc1c[nH]ncc1=NO,0
1325,O=C1OC23CCC12CC3,O=C1OC23CCC12CC3,1
1326,CC1CC2NC2C=C1C,CC1=CC2NC2CC1C,4
1327,Cc1cc(c([nH]1)C)OC,COc1cc(C)[nH]c1C,0
1328,O=C1C2OC2C2OC12,O=C1C2OC2C2OC12,3
1329,CC(O)C1C2CC(=O)N12,CC(O)C1C2CC(=O)N21,0
1330,Cn1cc(nc1OC)O,COc1nc(O)cn1C,3
1331,OC1CC2C3C4C3N2C14,OC1CC2C3C4C1N2C34,3
1332,CC1NC1C1=CC=CN1,CC1NC1c1ccc[nH]1,4
1333,CCC1CC2C1N2C=O,CCC1CC2C1N2C=O,1
1334,CC1OC2C(O)C2C1=O,CC1OC2C(O)C2C1=O,0
1335,CC1(CCOCO1)C=O,CC1(C=O)CCOCO1,1
1336,CCC(O)C1(C)CO1,CCC(O)C1(C)CO1,4
1337,CC1=COC(OC=N)=N1,Cc1coc(OC=N)n1,1
1338,OC1=NOC(=C1)C1CN1,Oc1cc(C2CN2)on1,0
1339,CC1CCC(=O)C1C,CC1CCC(=O)C1C,0
1340,C1CC1OCCC#N,N#CCCOC1CC1,1
1341,CC1CC1C1=NC=CN1,CC1CC1c1ncc[nH]1,0
1342,CC#CC1C=CC2CN12,CC#CC1C=CC2CN12,2
1343,C1CC2CCC3C1C23,C1CC2C3CCC1C23,1
1344,OC(CC#C)C(=O)C=O,C#CCC(O)C(=O)C=O,4
1345,CC1(O)C(O)C1N1CC1,CC1(O)C(O)C1N1CC1,4
1346,CN1CC=CCC1C=O,CN1CC=CCC1C=O,0
1347,OCC#CC(CO)C=O,O=CC(C#CCO)CO,3
1348,CC12CCC=CC1CO2,CC12CCC=CC1CO2,1
1349,CCC1CC2OCC12O,CCC1CC2OCC12O,0
1350,C#CC12CC1NC2C#N,C#CC12CC1NC2C#N,3
1351,CC1(CC#C)CCC1O,C#CCC1(C)CCC1O,1
1352,CCCOC1CCCC1,CCCOC1CCCC1,2
1353,N=C1C2C3OC(=N)N1C23,N=C1OC2C3C(=N)N1C23,2
1354,C1C=CC=CC2NC12,C1=CCC2NC2C=C1,0
1355,C(CO)C(=O)C#N,N#CC(=O)CCO,4
1356,CCC(C)OCC1CO1,CCC(C)OCC1CO1,3
1357,N#CC12CC3OCC1C23,N#CC12CC3OCC1C32,1
1358,C#CC1COC=NC1,C#CC1CN=COC1,2
1359,CCC(OC)C#C,C#CC(CC)OC,1
1360,OCCC1OC1CC=O,O=CCC1OC1CCO,0
1361,N#CC1OC2C3OC2C13,N#CC1OC2C3OC2C13,3
1362,CC1=C([O-])OC=C1C[NH3+],Cc1c(C[NH3+])coc1[O-],4
1363,CCC1(COC1=O)CC,CCC1(CC)COC1=O,4
1364,CNC12CC1OC2=NC,CN=C1OC2CC12NC,0
1365,Cc1c([nH]cc1C#N)C,Cc1[nH]cc(C#N)c1C,3
1366,CC(C=O)C1OC1C=O,CC(C=O)C1OC1C=O,4
1367,CC12OC1C(=N)NC2=N,CC12OC1C(=N)NC2=N,3
1368,CC(O)C1=NOC(N)=C1,CC(O)c1cc(N)on1,2
1369,CC1OCC2=C1NC=N2,CC1OCc2nc[nH]c21,4
1370,CC(CC(C)(C)C)C#N,CC(C#N)CC(C)(C)C,3
1371,CC1(CN1)C(=O)C(N)=N,CC1(C(=O)C(=N)N)CN1,4
1372,CC1(CC=O)CC1C#N,CC1(CC=O)CC1C#N,4
1373,CN1C(CO)C1CC#N,CN1C(CO)C1CC#N,3
1374,[O-]N=C(C=O)C1C[NH2+]C1,O=CC(=N[O-])C1C[NH2+]C1,3
1375,N=C1CCCCCO1,N=C1CCCCCO1,2
1376,CC1(CCC2CC12)C=O,CC1(C=O)CCC2CC21,3
1377,c1cnc(cn1)NC=N,N=CNc1cnccn1,2
1378,C1COC(=O)OC=N1,O=C1OC=NCCO1,4
1379,c1c(nn[nH]1)OCC#N,N#CCOc1c[nH]nn1,4
1380,CC12CC(C)(C1)O2,CC12CC(C)(C1)O2,4
1381,CN1CC1CC1(C)CO1,CN1CC1CC1(C)CO1,4
1382,OCC12C3OC(C13)C2=O,O=C1C2OC3C2C13CO,4
1383,OC(CNCC#C)C#N,C#CCNCC(O)C#N,0
1384,COC(C)(C)C(N)C#N,COC(C)(C)C(N)C#N,3
1385,N#CC1COCC2NC12,N#CC1COCC2NC12,2
1386,OC1C2OCOC(=O)C12,O=C1OCOC2C(O)C12,0
1387,CCC1=CC(=N)NC1=O,CCC1=CC(=N)NC1=O,0
1388,CC1=CCOCC(O)C1,CC1=CCOCC(O)C1,3
1389,CCCCC=O,CCCCC=O,4
1390,C1CN2C3C4C(C23)N14,C1CN2C3C4C(C32)N14,2
1391,CC1(O)CC(CO)C=C1,CC1(O)C=CC(CO)C1,0
1392,CCC1=COC(=N)N1C,CCc1coc(=N)n1C,0
1393,O=C1C=CC2C3CN2C13,O=C1C=CC2C3CN2C13,3
1394,OC12C3C1C1(C=O)C2N31,O=CC12C3C4N1C2C43O,4
1395,CCC1(CC2(C1)CC2)O,CCC1(O)CC2(CC2)C1,3
1396,C1CN1C12CC3C1CC23,C1C2C3CC2(N2CC2)C13,1
1397,OCC1(CC1O)C1CC1,OCC1(C2CC2)CC1O,3
1398,CC1(C)N2CC3C2C13O,CC1(C)N2CC3C2C31O,0
1399,O=CC12CCC1COC2,O=CC12CCC1COC2,1
1400,OC1C(NC1=N)C#N,N#CC1NC(=N)C1O,4
1401,C#CCC1CC11CCO1,C#CCC1CC12CCO2,2
1402,CC1COCC(=O)N1,CC1COCC(=O)N1,4
1403,CC12CC3C(C13)C2C=O,CC12CC3C(C1C=O)C32,0
1404,N#CC12CCC1OC=N2,N#CC12CCC1OC=N2,4
1405,CC(C)(C)C1CC2OC12,CC(C)(C)C1CC2OC21,1
1406,C1CC1C(=O)C#N,N#CC(=O)C1CC1,4
1407,OC12CN3C1CC23,OC12CN3C1CC32,2
1408,CCC(COC=O)OC,CCC(COC=O)OC,0
1409,CN1N=C(OC1=N)C#N,Cn1nc(C#N)oc1=N,4
1410,CC1(CC=CC1)C#N,CC1(C#N)CC=CC1,4
1411,CC#CC(O)C(C)(C)C,CC#CC(O)C(C)(C)C,2
1412,C#CC1OC2CCCC12,C#CC1OC2CCCC12,4
1413,CN1C2C3C(O)C2(O)C13,CN1C2C3C(O)C2(O)C31,2
1414,CCC1OCC11CC1C,CCC1OCC12CC2C,4
1415,COC1=NC(=N)N=NN1,COc1nc(=N)nn[nH]1,1
1416,COC1C(OC)C1(C)C,COC1C(OC)C1(C)C,4
1417,COc1c(nn[nH]1)C#C,C#Cc1nn[nH]c1OC,2
1418,OC1C2OC1C1OCC21,OC1C2OC1C1OCC21,2
1419,CC12CC(O1)C2C#C,C#CC1C2CC1(C)O2,2
1420,CC1CC2COC12CO,CC1CC2COC12CO,4
1421,C1CN=C2NC=NC2C1,C1=NC2CCCN=C2N1,0
1422,CC(=O)C1C2C3NC3C12,CC(=O)C1C2C3NC3C12,1
1423,CC12COC(C)(C)C1N2,CC12COC(C)(C)C1N2,0
1424,OCCC1(CN1)C1CN1,OCCC1(C2CN2)CN1,0
1425,O=C1COC1CN1CC1,O=C1COC1CN1CC1,1
1426,O=CC1NC11CCCC1,O=CC1NC12CCCC2,3
1427,CC(O)C1C(O)CN1C,CC(O)C1C(O)CN1C,4
1428,c1c(noc1N)C=O,Nc1cc(C=O)no1,3
1429,CC1(C)C2C3OC2C13C,CC1(C)C2C3OC2C31C,3
1430,O=CC12C3CC1OCC23,O=CC12C3CC1C2CO3,4
1431,OC1CC2CN2CC1O,OC1CC2CN2CC1O,3
1432,CC1(CNC1CO)C#N,CC1(C#N)CNC1CO,2
1433,OC12CC3CCC1C23O,OC12CC3CCC1C32O,3
1434,CC1(O)CC2(NC12)C#C,C#CC12CC(C)(O)C1N2,3
1435,OC12C3NC1C1OC3C21,OC12C3NC1C1OC3C12,0
1436,COc1cc(on1)N,COc1cc(N)on1,1
1437,OC1CC1CCCC#N,N#CCCCC1CC1O,4
1438,CC12CC1C(CO)C2,CC12CC(CO)C1C2,0
1439,CCCCC1CCC1=O,CCCCC1CCC1=O,3
1440,[NH3+]CC1=C(O)[N-]C(=N)O1,N=c1[n-]c(O)c(C[NH3+])o1,4
1441,O=CC1C2CC1C21CN1,O=CC1C2CC1C21CN1,1
1442,Cc1ccoc1N(C)C,Cc1ccoc1N(C)C,2
1443,CN1CC(=O)C2CC12,CN1CC(=O)C2CC21,1
1444,CN=C1OC2CC3C2C13,CN=C1OC2CC3C1C23,3
1445,CNc1nc(on1)CO,CNc1noc(CO)n1,4
1446,CC1=C(C)C2CC2CC1,CC1=C(C)C2CC2CC1,3
1447,CC(O)C1C2CCCC12,CC(O)C1C2CCCC21,1
1448,C#CC(CCCO)C#C,C#CC(C#C)CCCO,4
1449,CC(O)C1COC1=N,CC(O)C1COC1=N,1
1450,CCc1c(c[nH]n1)NC,CCc1n[nH]cc1NC,0
1451,CC#CCC(=O)NC=N,CC#CCC(=O)NC=N,0
1452,CC#CC12CNC1CN2,CC#CC12CNC1CN2,3
1453,CC1=CC2CC1(C)C2O,CC1=CC2CC1(C)C2O,2
1454,Cc1cc([nH]n1)C=O,Cc1cc(C=O)[nH]n1,0
1455,COCCOC(=N)C#C,C#CC(=N)OCCOC,0
1456,CC1CCC2CCC2=C1,CC1C=C2CCC2CC1,4
1457,C1C2CCC=CCCC12,C1=CCCC2CC2CC1,4
1458,CC1=CC(C)=NC(=N)O1,Cc1cc(C)oc(=N)n1,0
1459,CC(O)C(=O)CN(C)C,CC(O)C(=O)CN(C)C,2
1460,C(CCO)CNC=O,O=CNCCCCO,4
1461,CC1NCC=CCC1=O,CC1NCC=CCC1=O,4
1462,N=C1NCC(=O)OC1=N,N=C1NCC(=O)OC1=N,4
1463,CCOC(C#C)C1CN1,C#CC(OCC)C1CN1,0
1464,CNC(=[NH2+])OCC([O-])=O,CNC(=[NH2+])OCC(=O)[O-],4
1465,CCC1(CC[NH2+]1)C([O-])=O,CCC1(C(=O)[O-])CC[NH2+]1,1
1466,CC(C)C1(C)CC(=O)N1,CC(C)C1(C)CC(=O)N1,0
1467,CC1(C)C2OC1C2(C)C,CC1(C)C2OC1C2(C)C,0
1468,COC1OC2CC1C2O,COC1OC2CC1C2O,2
1469,NC1=CC(N)=NC(=N)O1,N=c1nc(N)cc(N)o1,2
1470,CC#CC1OC1C1CN1,CC#CC1OC1C1CN1,0
1471,CC1OC11COC1C#N,CC1OC12COC2C#N,2
1472,CC1CC(C(C)=O)C1=O,CC(=O)C1CC(C)C1=O,2
1473,c1c[nH]c(c(c1=O)O)N,Nc1[nH]ccc(=O)c1O,1
1474,[NH3+]C1CN2CC12C([O-])=O,[NH3+]C1CN2CC12C(=O)[O-],4
1475,CCC(CC)CC1CC1,CCC(CC)CC1CC1,0
1476,CCNC12CC1OC2=N,CCNC12CC1OC2=N,3
1477,CCC1C(CO)N1C,CCC1C(CO)N1C,4
1478,CC12CC3(CC3O)C1N2,CC12CC3(CC3O)C1N2,3
1479,O=C1NCC(N1)C#N,N#CC1CNC(=O)N1,0
1480,CC12CC3CC1C2(O)C3,CC12CC3CC1C2(O)C3,1
1481,CC1NC1C(CO)C#C,C#CC(CO)C1NC1C,3
1482,CCC1(CCC1=O)C#N,CCC1(C#N)CCC1=O,4
1483,CN1N=NC(=N)C(C)=N1,Cc1nn(C)nnc1=N,0
1484,OC1CC(=O)CC1O,O=C1CC(O)C(O)C1,0
1485,CC1(O)C(O)COC1=O,CC1(O)C(=O)OCC1O,1
1486,O=CC1CC2OC1C=C2,O=CC1CC2C=CC1O2,3
1487,CCC1CCO1,CCC1CCO1,0
1488,CC12C3CCC1C(=O)N23,CC12C3CCC1N2C3=O,2
1489,OC12CC1C(CC#C)C2,C#CCC1CC2(O)CC12,4
1490,C1CC11C2C3COC1C23,C1OC2C3C1C3C21CC1,2
1491,CC(=O)OC(=N)CCO,CC(=O)OC(=N)CCO,2
1492,N=C1NC(=O)NC1C#C,C#CC1NC(=O)NC1=N,4
1493,C1OC1C1C2OC=NC12,C1=NC2C(O1)C2C1CO1,1
1494,CC(=O)N1CCCC1=O,CC(=O)N1CCCC1=O,0
1495,CCc1cc[nH]c1OC,CCc1cc[nH]c1OC,0
1496,C1CCN=C(NC1)C=O,O=CC1=NCCCCN1,0
1497,CC1(C)C(OC1=O)C#C,C#CC1OC(=O)C1(C)C,1
1498,CC1C2CC2(C)C1CO,CC1C(CO)C2(C)CC12,1
1499,C#CC12C3OC1COC23,C#CC12C3COC1C2O3,3
1500,CC1OC2CC(=O)C1O2,CC1OC2CC(=O)C1O2,1
1501,CCc1cncnc1F,CCc1cncnc1F,2
1502,OCCCC1OC1C#C,C#CC1OC1CCCO,2
1503,CN1CCC(C#C)C1=O,C#CC1CCN(C)C1=O,0
1504,CCC12C3C4C3C1OC24,CCC12C3OC1C1C3C12,0
1505,OC1C2CCCCOC12,OC1C2CCCCOC12,4
1506,OC12CC1OCC2C#C,C#CC1COC2CC12O,1
1507,CCC1(O)C2CC1OC2,CCC1(O)C2COC1C2,1
1508,CC12CC=CC1OC=N2,CC12CC=CC1OC=N2,2
1509,CN1C=NC(C=O)C1=O,CN1C=NC(C=O)C1=O,0
1510,C1C2C3C4C5C4C(C15)N23,C1C2C3C4C3C3C1N3C24,2
1511,CC1(NC1C1CN1)C#C,C#CC1(C)NC1C1CN1,0
1512,CC12NC3COC1C23O,CC12NC3COC1C32O,4
1513,c1cnnn2c1cnn2,c1cc2cnnn2nn1,2
1514,OCC1C2CC(O)C1O2,OCC1C2CC(O)C1O2,2
1515,C1CC11C2C3CC=C1C23,C1=C2C3C(C1)C3C21CC1,2
1516,CC1(CCC1)C#N,CC1(C#N)CCC1,0
1517,CC(=NC)NC(=N)C#N,CN=C(C)NC(=N)C#N,1
1518,OCC1CC1(CO)CO,OCC1CC1(CO)CO,4
1519,CC1OC(C2CC2)C1O,CC1OC(C2CC2)C1O,4
1520,CC1NC1(CC=O)C#N,CC1NC1(C#N)CC=O,0
1521,CC1(O)CC1C#C,C#CC1CC1(C)O,3
1522,N#CC1=CC2CN(C2)C1,N#CC1=CC2CN(C1)C2,4
1523,CC1CN2C1=CC=C2C,Cc1ccc2n1CC2C,3
1524,CCC1C2CC2OC1C,CCC1C(C)OC2CC21,3
1525,C1C(CN1CCC=O)O,O=CCCN1CC(O)C1,1
1526,CC(O)C(CCO)C=O,CC(O)C(C=O)CCO,3
1527,CN1CC1C1(CC1)C#C,C#CC1(C2CN2C)CC1,3
1528,CC1CC(C)(O1)C1CC1,CC1CC(C)(C2CC2)O1,1
1529,COC(=O)C1(C)CN1,COC(=O)C1(C)CN1,4
1530,COCCOCCC#N,COCCOCCC#N,0
1531,OCC1OC(C#C)C1O,C#CC1OC(CO)C1O,1
1532,C[NH2+]CC1=C([O-])ON=N1,C[NH2+]Cc1nnoc1[O-],4
1533,C#CC1CCN1CC#N,C#CC1CCN1CC#N,0
1534,CC1=CC2CC3C2C13O,CC1=CC2CC3C2C13O,0
1535,O=C1C2C3CN2CC1O3,O=C1C2CN3CC(O2)C13,0
1536,CCC#CC1OCC1C,CCC#CC1OCC1C,2
1537,C1C2(CCO2)C11CCO1,C1CC2(CC23CCO3)O1,3
1538,CC(=N)OC12CC1CC2,CC(=N)OC12CCC1C2,3
1539,Cc1[nH]c2c[nH]cc2n1,Cc1nc2c[nH]cc2[nH]1,0
1540,c1c(c([nH]c1N)CO)N,Nc1cc(N)c(CO)[nH]1,2
1541,OC12CC1COC21CC1,OC12CC1COC21CC1,4
1542,CC1(C)C2NC2C1(C)O,CC1(C)C2NC2C1(C)O,3
1543,CCc1c(=O)cnon1,CCc1noncc1=O,1
1544,CC1=C(C)OC(=N)N1,Cc1[nH]c(=N)oc1C,2
1545,C#CC12NC1CC=C2,C#CC12C=CCC1N2,0
1546,CC1=CC2CC1OC2=N,CC1=CC2CC1OC2=N,1
1547,CC(=O)C(O)C(N)=O,CC(=O)C(O)C(N)=O,1
1548,c1c(c(c([nH]1)O)O)N,Nc1c[nH]c(O)c1O,0
1549,CC(=N)OC1=NNN=C1,CC(=N)Oc1cn[nH]n1,3
1550,CCC(=O)C12CC1CC2,CCC(=O)C12CCC1C2,4
1551,N=C1CC2CC2(O1)C=O,N=C1CC2CC2(C=O)O1,1
1552,CC1(C)NC1(C=O)C#C,C#CC1(C=O)NC1(C)C,2
1553,CC12CCC1C(CO)C2,CC12CCC1C(CO)C2,2
1554,CC(C)C1OC(=O)C1C,CC(C)C1OC(=O)C1C,0
1555,CC#CC(=O)C(=O)C=O,CC#CC(=O)C(=O)C=O,4
1556,N#CC12CC1NC=N2,N#CC12CC1NC=N2,2
1557,CC(OC(C)C=O)C=O,CC(C=O)OC(C)C=O,2
1558,CC(=O)C(OC=O)C#N,CC(=O)C(C#N)OC=O,2
1559,OC1C=C(C=O)C2CC12,O=CC1=CC(O)C2CC12,3
1560,COC1C(C#C)C1(C)C,C#CC1C(OC)C1(C)C,4
1561,CC1CC2NC12C(C)=O,CC(=O)C12NC1CC2C,1
1562,CNC1(COC1=O)C#N,CNC1(C#N)COC1=O,0
1563,CN(C(=O)C=O)C(=O)N,CN(C(N)=O)C(=O)C=O,4
1564,CN1CC2(O)C(O)C12C,CN1CC2(O)C(O)C12C,2
1565,CC1(C)C2NC(=O)C12,CC1(C)C2NC(=O)C21,4
1566,CC1OC1C#C,C#CC1OC1C,0
1567,NC1C(=N)OCOC1=O,N=C1OCOC(=O)C1N,4
1568,O=C1C2CC3C2CC13,O=C1C2CC3C1CC23,0
1569,ON=C1C2C3N2CC13O,ON=C1C2C3N2CC13O,3
1570,CC12NC3C1OC23C#C,C#CC12OC3C1NC32C,3
1571,c1c2c(n[nH]1)OCC=C2,C1=Cc2c[nH]nc2OC1,0
1572,OC1CCC(=O)C2CC12,O=C1CCC(O)C2CC12,4
1573,Cc1c(nn[nH]1)NC=N,Cc1[nH]nnc1NC=N,3
1574,CCCOC(C=O)C#N,CCCOC(C#N)C=O,2
1575,CCOC(C)CCCO,CCOC(C)CCCO,2
1576,Cc1cc(=NO)cno1,Cc1cc(=NO)cno1,1
1577,C1OC2C3OCOC1C23,C1OC2COC3C(O1)C23,4
1578,C#CC(=O)CC1(CC1)O,C#CC(=O)CC1(O)CC1,4
1579,CC(C)n1c(cnn1)O,CC(C)n1nncc1O,3
1580,Cc1cnc(=O)[nH]n1,Cc1cnc(=O)[nH]n1,0
1581,C#CC1CC2CC1C=C2,C#CC1CC2C=CC1C2,1
1582,OCC1(O)C=CCC1=O,O=C1CC=CC1(O)CO,3
1583,CC(=N)OCC1(C)CC1,CC(=N)OCC1(C)CC1,3
1584,COC12C3C4C(C13)C24O,COC12C3C4C(C31)C42O,3
1585,CC1=CC2OCC1C2O,CC1=CC2OCC1C2O,3
1586,[O-]C(=O)C1(CC1)C1C[NH2+]1,O=C([O-])C1(C2C[NH2+]2)CC1,2
1587,O=C1OC2CCOCC12,O=C1OC2CCOCC12,3
1588,CC12CC3C(CC1=O)C23,CC12CC3C(CC1=O)C32,2
1589,OCCN1CC(O)C1=O,O=C1C(O)CN1CCO,1
1590,Cn1cncc(c1=O)N,Cn1cncc(N)c1=O,1
1591,OC12CN3C1C1NC1C23,OC12CN3C1C1NC1C32,0
1592,C1CC2CCCC2C1,C1CC2CCCC2C1,2
1593,CCC1(CCC1)OC,CCC1(OC)CCC1,3
1594,CC1(CO1)C1=NOC=N1,CC1(c2ncon2)CO1,4
1595,C1CC(OC1)(CO)CO,OCC1(CO)CCCO1,4
1596,CCCC1CC1C#N,CCCC1CC1C#N,2
1597,C1OC2C3C4C(CN34)C12,C1OC2C1C1CN3C1C23,0
1598,C1NC1C1OCC2OC12,C1NC1C1OCC2OC21,0
1599,CC1C2CC(C)C1C2O,CC1CC2C(C)C1C2O,2
1600,C#CC12C3C4CC1N2C34,C#CC12C3C4CC1N2C43,2
1601,N=C1NC(CC1=O)C#N,N#CC1CC(=O)C(=N)N1,0
1602,C1CN2CCCOC2=N1,C1COC2=NCCN2C1,1
1603,N=C1NC2CC(C2)C1=O,N=C1NC2CC(C2)C1=O,4
1604,CCc1c(cnn1C)N,CCc1c(N)cnn1C,3
1605,C1CC2(C1=O)CC2,O=C1CCC12CC2,1
1606,CC1(O)C2COCC12O,CC1(O)C2COCC21O,3
1607,O=CC1CNC(=N1)C#N,N#CC1=NC(C=O)CN1,3
1608,COC(CCO)C=O,COC(C=O)CCO,2
1609,CC1C2COC(C)CN12,CC1CN2C(C)C2CO1,3
1610,C1C(=CNC1=O)NC=O,O=CNC1=CNC(=O)C1,4
1611,CNc1c(nco1)C=O,CNc1ocnc1C=O,3
1612,NC(CCC(N)=O)C#N,N#CC(N)CCC(N)=O,0
1613,CCN1CC(C1)C#N,CCN1CC(C#N)C1,1
1614,CCC1CN2CC12C#N,CCC1CN2CC12C#N,1
1615,C1C2C3C4C3C1N1C4C21,C1C2C3C4C3C3C2N3C14,2
1616,CC1C2CC1C(=C2)C#C,C#CC1=CC2CC1C2C,4
1617,C#Cc1ccoc1C#N,C#Cc1ccoc1C#N,3
1618,CC(C#N)C(N)C#C,C#CC(N)C(C)C#N,4
1619,CC1C2OC(C)OC12,CC1OC2C(C)C2O1,4
1620,c1c(c([nH]c(=O)n1)N)O,Nc1[nH]c(=O)ncc1O,0
1621,c1c(nno1)C(=O)N,NC(=O)c1conn1,3
1622,CCC(O)CC(C)C,CCC(O)CC(C)C,2
1623,CC12CC1C1OC=NC21,CC12CC1C1OC=NC12,0
1624,O=C1CC2CCCC2C1,O=C1CC2CCCC2C1,2
1625,COC(=O)C1(CN1)C#N,COC(=O)C1(C#N)CN1,4
1626,CC1C2N=COC(=O)C12,CC1C2N=COC(=O)C12,1
1627,CCC12CCC1(CC)O2,CCC12CCC1(CC)O2,0
1628,CC12CC1C1OCC1O2,CC12CC1C1OCC1O2,4
1629,CC1C2C3N2CC13CO,CC1C2C3N2CC13CO,2
1630,c1cnoc1C(=N)N,N=C(N)c1ccno1,2
1631,CC1CCCNC(=O)O1,CC1CCCNC(=O)O1,1
1632,CC1(C)CC1(C)CC#N,CC1(C)CC1(C)CC#N,1
1633,OC1CC2N=COC12,OC1CC2N=COC12,2
1634,CC1(CCO)CO1,CC1(CCO)CO1,0
1635,CC1=CC(O)C2CC1O2,CC1=CC(O)C2CC1O2,0
1636,O=C1CNC1C#CC#C,C#CC#CC1NCC1=O,4
1637,OC1CC2OC2CC1=O,O=C1CC2OC2CC1O,2
1638,CC1C(CC=O)C1C#C,C#CC1C(C)C1CC=O,2
1639,O=C1CC(=O)C(N1)C#C,C#CC1NC(=O)CC1=O,2
1640,O=C1C2CC1OC2,O=C1C2COC1C2,4
1641,C1CC23OC2CN=C3N1,C1CC23OC2CN=C3N1,3
1642,C1CC11CCCC2OC12,C1CC2OC2C2(C1)CC2,2
1643,C(#N)c1nc(c(o1)N)N,N#Cc1nc(N)c(N)o1,4
1644,CC(O)C12CC(O)C1O2,CC(O)C12CC(O)C1O2,2
1645,CCC1OC2CC1C2,CCC1OC2CC1C2,3
1646,CC1C2OCC3CC2C13,CC1C2OCC3CC2C31,4
1647,OCCC1CCC1CO,OCCC1CCC1CO,0
1648,OC12CC1C(=O)CCC2,O=C1CCCC2(O)CC12,1
1649,CN=C1CCOC(C)O1,CN=C1CCOC(C)O1,0
1650,CCN1CC(=O)C1C#C,C#CC1C(=O)CN1CC,2
1651,N=C1OCC1CCC#N,N#CCCC1COC1=N,2
1652,C1C2C3C4C=CCC13N24,C1=CC2C3C4CC3(C1)N24,4
1653,c1cn(nn1)CC=O,O=CCn1ccnn1,1
1654,OC1CCC2=C1N=NO2,OC1CCc2onnc21,1
1655,CC(C#C)C1OCC1=O,C#CC(C)C1OCC1=O,3
1656,OCC1NC1(C=O)C#C,C#CC1(C=O)NC1CO,2
1657,OC12CC1CCCOC2,OC12COCCCC1C2,0
1658,O=C1CC2NC2CC1=O,O=C1CC2NC2CC1=O,2
1659,CCC1NC1C(C)O,CCC1NC1C(C)O,1
1660,c1c[nH]c(c(c1=O)N)N,Nc1[nH]ccc(=O)c1N,0
1661,CCC1CCC=CC=C1,CCC1C=CC=CCC1,4
1662,COC1(C#N)C2CNC12,COC1(C#N)C2CNC21,1
1663,CCOC1(C)CC1CC,CCOC1(C)CC1CC,2
1664,CC12C3C4C(C4C1=O)N23,CC12C(=O)C3C4C3N1C42,3
1665,CC(O)CC(C)=NO,CC(CC(C)O)=NO,2
1666,Cc1c(oc(=O)n1C)C,Cc1oc(=O)n(C)c1C,3
1667,C#CCOC(C=O)C=O,C#CCOC(C=O)C=O,3
1668,CC1C=CC2=COC=C12,CC1C=Cc2cocc21,4
1669,CC1N2C3CC3C12C#N,CC1N2C3CC3C12C#N,0
1670,C1NC11C2CN3CC2C13,C1C2C3CN1C2C31CN1,0
1671,CC1OC(=N)OC1(C)C,CC1OC(=N)OC1(C)C,4
1672,CC(C)C(C)(C)C1CC1,CC(C)C(C)(C)C1CC1,4
1673,C(C1CO1)C1CN=CO1,C1=NCC(CC2CO2)O1,3
1674,CC1(C)C2CC(=O)CC12,CC1(C)C2CC(=O)CC21,2
1675,CCC(CC=O)CC#C,C#CCC(CC)CC=O,3
1676,OCC1CC1OC=O,O=COC1CC1CO,4
1677,CCOCC1CC(=O)N1,CCOCC1CC(=O)N1,2
1678,CC(=NO)CC#N,CC(CC#N)=NO,3
1679,C1CC11OCC11CCO1,C1CC2(COC23CC3)O1,4
1680,C#CC1(OC2CC12)C#N,C#CC1(C#N)OC2CC21,0
1681,CCC1CC1(C)C(N)=O,CCC1CC1(C)C(N)=O,2
1682,N#CC1=C2COC2CC1,N#CC1=C2COC2CC1,2
1683,COC(CO)C(O)C#N,COC(CO)C(O)C#N,0
1684,C1C2CC=CCC1C=C2,C1=CCC2C=CC(C1)C2,0
1685,Cc1cn2c(n1)onn2,Cc1cn2nnoc2n1,0
1686,O=CC1=CNCC2OC12,O=CC1=CNCC2OC12,3
1687,CN1CC1C1(C)COC1,CN1CC1C1(C)COC1,2
1688,C#CCOc1c[nH]cn1,C#CCOc1c[nH]cn1,2
1689,NC(=O)C1CNC1C#N,N#CC1NCC1C(N)=O,3
1690,Cc1cc(on1)OC=O,Cc1cc(OC=O)on1,0
1691,CNC(C)C1=NC=CO1,CNC(C)c1ncco1,1
1692,O=CC12COC3C1CC23,O=CC12COC3C1CC32,3
1693,OC1COC(=N)C1C=O,N=C1OCC(O)C1C=O,3
1694,CCC1C(CC)N1C=O,CCC1C(CC)N1C=O,1
1695,COC1C2CC1(C)O2,COC1C2CC1(C)O2,4
1696,CC1N2C(C)C(O)C12C,CC1C(O)C2(C)C(C)N12,2
1697,C1C2CC1C21CCCO1,C1COC2(C1)C1CC2C1,4
1698,CCN1C2C3C(C)C2C13,CCN1C2C3C(C)C2C31,0
1699,O=C1CC2CC3CC3C12,O=C1CC2CC3CC3C12,2
1700,CC1(C)CC(O)CO1,CC1(C)CC(O)CO1,3
1701,OC1CC11COC1=O,O=C1OCC12CC2O,2
1702,C1C(=CNC(=O)O1)C=O,O=CC1=CNC(=O)OC1,0
1703,CC1=C(N)ON=NC1=N,Cc1c(N)onnc1=N,0
1704,CC1COC11CCC=C1,CC1COC12C=CCC2,3
1705,CCCc1c(cco1)O,CCCc1occc1O,4
1706,CC1CC2COC3C1C23,CC1CC2COC3C1C23,1
1707,N=C1OC23CC4C2C1C34,N=C1OC23CC4C2C1C43,0
1708,OC1CC2COC(C1)O2,OC1CC2COC(C1)O2,0
1709,C1C2CC3OC=NC2C13,C1=NC2C3CC(O1)C2C3,1
1710,CCN1N=CC(=N)C=N1,CCn1ncc(=N)cn1,3
1711,CC1C2C3CCCC2C13,CC1C2C3CCCC2C13,0
1712,C1CC2(C1)C1CC=CC21,C1=CC2C(C1)C21CCC1,3
1713,CC(C)OCCC=O,CC(C)OCCC=O,4
1714,c1nc2n(n1)CC23CC3,c1nc2n(n1)CC21CC1,4
1715,C#CC1(CC2CC2)CN1,C#CC1(CC2CC2)CN1,0
1716,c1c(c[nH]c1C(=O)N)O,NC(=O)c1cc(O)c[nH]1,1
1717,CC#CC1=C(N)ON=N1,CC#Cc1nnoc1N,0
1718,N#CC1NCC11CN1,N#CC1NCC12CN2,3
1719,C1CCN(C(=O)C1)C=O,O=CN1CCCCC1=O,2
1720,OC12CC1C1OC1C=C2,OC12C=CC3OC3C1C2,2
1721,[O-]C(=O)C1C2NC=[NH+]C12,O=C([O-])C1C2NC=[NH+]C21,3
1722,CC1=C2CCC2C(=O)N1,CC1=C2CCC2C(=O)N1,0
1723,NC1(CNC1=N)C#N,N#CC1(N)CNC1=N,0
1724,CC1C=CCNC1=O,CC1C=CCNC1=O,3
1725,CC1C(C)C1(C=O)C#N,CC1C(C)C1(C#N)C=O,1
1726,COCC1(CN1)C(C)O,COCC1(C(C)O)CN1,3
1727,C1CC11C2NC3C2OC13,C1CC12C1NC3C1OC32,2
1728,Cc1cc(n[nH]1)COC,COCc1cc(C)[nH]n1,2
1729,CC1C2(C)CC2C11CO1,CC1C2(C)CC2C12CO2,1
1730,N=COCC1OCC1=O,N=COCC1OCC1=O,0
1731,CCCC1CC2CC2C1,CCCC1CC2CC2C1,3
1732,COc1ncc(o1)C#C,C#Cc1cnc(OC)o1,1
1733,C#CCC1=CCOC1=O,C#CCC1=CCOC1=O,0
1734,CCC1OC11C2CC1C2,CCC1OC12C1CC2C1,1
1735,COC12CC1(O)CCC2,COC12CCCC1(O)C2,2
1736,CC1CC2(C)CC2(C)C1,CC1CC2(C)CC2(C)C1,1
1737,CCOC1CC1C(C)C,CCOC1CC1C(C)C,4
1738,CCC1(C)CN1C=O,CCC1(C)CN1C=O,2
1739,CC12CC3C1OC2C3=O,CC12CC3C(=O)C1OC32,1
1740,OCCCC1CC2OC12,OCCCC1CC2OC12,1
1741,OCC1COC2CN1C2,OCC1COC2CN1C2,4
1742,CC1(C)CC1CO,CC1(C)CC1CO,0
1743,CC(O)C1(O)CC1C#N,CC(O)C1(O)CC1C#N,3
1744,CC1(C)OC(=O)C1C#N,CC1(C)OC(=O)C1C#N,4
1745,CC(CO)C1=COC=N1,CC(CO)c1cocn1,4
1746,CC12CC(C1)C(O)C2,CC12CC(O)C(C1)C2,4
1747,CC1OC2C(C)(O)C12C,CC1OC2C(C)(O)C12C,4
1748,C#CC12C3NC1COC23,C#CC12C3COC1C2N3,3
1749,CC1(C)CCC(O)C1O,CC1(C)CCC(O)C1O,0
1750,OCC1CC(CC#C)C1,C#CCC1CC(CO)C1,4
1751,CN1C(CCO)C1C#C,C#CC1C(CCO)N1C,3
1752,CCC#CCC#C,C#CCC#CCC,1
1753,NC(=O)C(=O)C1CO1,NC(=O)C(=O)C1CO1,0
1754,CC(COC=O)C(N)=O,CC(COC=O)C(N)=O,0
1755,CC1OC(=N)C11CN1C,CC1OC(=N)C12CN2C,2
1756,CC12CC3CN1C3C2=O,CC12CC3CN1C3C2=O,2
1757,Cc1c[nH]nc1CO,Cc1c[nH]nc1CO,0
1758,CC1C(COC=O)N1C,CC1C(COC=O)N1C,2
1759,CC1CC2OCOC12,CC1CC2OCOC12,3
1760,CC(CC(C)=O)C#C,C#CC(C)CC(C)=O,0
1761,CC12CC1N=C(O2)C#C,C#CC1=NC2CC2(C)O1,3
1762,CC12C3OC3C1(C)C2O,CC12C3OC3C1(C)C2O,4
1763,CC12COC1(CO)CN2,CC12COC1(CO)CN2,2
1764,c1c2n(nn1)CCCN2,c1nnn2c1NCCC2,1
1765,CCOCC(C)C,CCOCC(C)C,0
1766,CC1CC1C(=O)C#N,CC1CC1C(=O)C#N,0
1767,C1OC1C1=CN=NN=N1,c1nnnnc1C1CO1,2
1768,N=C1OCC1(C#N)C#N,N#CC1(C#N)COC1=N,1
1769,Cc1cc(=O)oc(n1)N,Cc1cc(=O)oc(N)n1,1
1770,COCC1CC(O1)C=O,COCC1CC(C=O)O1,1
1771,OCC1OC2CCC2=C1,OCC1C=C2CCC2O1,4
1772,CCCC(CCO)C#C,C#CC(CCC)CCO,3
1773,CC(C)CC(N)C#N,CC(C)CC(N)C#N,1
1774,CC(=NC)N(C=O)C=O,CN=C(C)N(C=O)C=O,4
1775,C1CN1C(=O)OCC=O,O=CCOC(=O)N1CC1,2
1776,CC(O)C1CC2OCC12,CC(O)C1CC2OCC21,0
1777,CC#Cc1c([nH]nn1)C,CC#Cc1nn[nH]c1C,2
1778,O=C1CNC1CC1CC1,O=C1CNC1CC1CC1,1
1779,CC1CC(=O)N1C(C)=O,CC(=O)N1C(=O)CC1C,1
1780,CC1(C)NC11CC2NC12,CC1(C)NC12CC1NC12,4
1781,C1OC1C1=NC2CC2N1,C1OC1C1=NC2CC2N1,1
1782,O=C1OCOC2CC12,O=C1OCOC2CC12,4
1783,CC1CC(=O)N1CCO,CC1CC(=O)N1CCO,3
1784,CC(C)(CC(=O)C#C)O,C#CC(=O)CC(C)(C)O,0
1785,N#CCC1CCC11CC1,N#CCC1CCC12CC2,4
1786,CC#CC(O)CCC#N,CC#CC(O)CCC#N,0
1787,COC(C#N)C(C)N,COC(C#N)C(C)N,3
1788,CC1(CC2(C1)CCC2)O,CC1(O)CC2(CCC2)C1,3
1789,CC#CCn1ccnn1,CC#CCn1ccnn1,3
1790,CN1C2COC(=N)C12C,CN1C2COC(=N)C21C,0
1791,O=C1CCC(=O)N2CC12,O=C1CCC(=O)N2CC12,3
1792,CC(C)(C)C1(CN1)C#C,C#CC1(C(C)(C)C)CN1,1
1793,N=COC1COC1=N,N=COC1COC1=N,1
1794,c1c(oc(n1)C=O)N,Nc1cnc(C=O)o1,4
1795,CC1(O)C=CCCC=C1,CC1(O)C=CCCC=C1,4
1796,C1CN=COC1,C1=NCCCO1,4
1797,C1Cc2c(onc2O)C1,Oc1noc2c1CCC2,1
1798,CC1=NC2C(O)C2CO1,CC1=NC2C(O)C2CO1,2
1799,O=C1NC=CCN2CC12,O=C1NC=CCN2CC12,4
1800,C1CC1C1(CO1)C1CN1,C1CC1C1(C2CN2)CO1,0
1801,C1CC2(C1)CCC(=O)N2,O=C1CCC2(CCC2)N1,4
1802,CC1C2CC=C(C#N)C12,CC1C2CC=C(C#N)C12,0
1803,OCC(O)C1(CO)CN1,OCC(O)C1(CO)CN1,2
1804,OC1CCC11CN1C=O,O=CN1CC12CCC2O,2
1805,CC1(O)CNC1=O,CC1(O)CNC1=O,3
1806,CCc1cnccn1,CCc1cnccn1,3
1807,CN1C2CC3OC3C12,CN1C2CC3OC3C21,0
1808,CN1CC2(C)OC3C1C23,CN1CC2(C)OC3C1C32,4
1809,CC12CC1CCC2,CC12CCCC1C2,0
1810,C#CCCc1ccc[nH]1,C#CCCc1ccc[nH]1,2
1811,N=C1OC23CN(CC2)C13,N=C1OC23CCN(C2)C13,3
1812,CCCc1cc(oc1)N,CCCc1coc(N)c1,3
1813,CCC(C)C(CO)C#C,C#CC(CO)C(C)CC,1
1814,Cc1cc2c([nH]1)CC=C2,Cc1cc2c([nH]1)CC=C2,3
1815,CC1C(C)C23CC(C2)C13,CC1C(C)C23CC(C2)C13,2
1816,CCC1(C)OCC2NC12,CCC1(C)OCC2NC21,3
1817,CC12OC3C1C2C3O,CC12OC3C(O)C1C32,0
1818,CCN1C2CCC(=O)C12,CCN1C2CCC(=O)C21,4
1819,CNc1cnco1,CNc1cnco1,2
1820,CC(=O)CC(O)C(C)=O,CC(=O)CC(O)C(C)=O,2
1821,CC1=C2CN3C(C1)C23C,CC1=C2CN3C(C1)C23C,3
1822,CC1(C(C1(C)C)(C)C)C,CC1(C)C(C)(C)C1(C)C,3
1823,CC12CC(CN3CC13)O2,CC12CC(CN3CC31)O2,3
1824,Cn1c(=O)cnc(n1)N,Cn1nc(N)ncc1=O,3
1825,CC1(C)C2N3CC3C12C,CC1(C)C2N3CC3C21C,4
1826,CC1CN1C(=N)C=O,CC1CN1C(=N)C=O,2
1827,C(CC#N)C#CC#N,N#CC#CCCC#N,2
1828,C1CC1C1OC1C1CN1,C1CC1C1OC1C1CN1,4
1829,CC1CC11CCO1,CC1CC12CCO2,3
1830,CC(N1CC1)C(C)(C)O,CC(N1CC1)C(C)(C)O,3
1831,CC1(COC(=O)N1)C,CC1(C)COC(=O)N1,2
1832,C1C=C2C=CC3C1C23,C1=CC2C3CC=C1C23,1
1833,OCC(=O)C1CNC1=O,O=C(CO)C1CNC1=O,0
1834,C#Cc1cncnc1O,C#Cc1cncnc1O,2
1835,OC1(C#N)C2C3CC1N23,N#CC1(O)C2CC3C1N32,0
1836,OC1C2CC(C#C)C1O2,C#CC1CC2OC1C2O,0
1837,CC(=O)N(CC#N)C=N,CC(=O)N(C=N)CC#N,2
1838,OCC1COCC(=O)O1,O=C1COCC(CO)O1,1
1839,CC1C(C)(C)C11COC1,CC1C(C)(C)C12COC2,3
1840,CCN=C1C=NNN=N1,CCN=c1cn[nH]nn1,1
1841,COC(=O)C1OCC1O,COC(=O)C1OCC1O,3
1842,CC1C2OC1(C)C2C=O,CC1C2OC1(C)C2C=O,2
1843,Cc1c(c(oc1O)N)N,Cc1c(O)oc(N)c1N,4
1844,C1OC11COCC=C1,C1=CC2(COC1)CO2,0
1845,CC1C2CCC1O2,CC1C2CCC1O2,4
1846,CCC1=CC(=O)C2NC12,CCC1=CC(=O)C2NC12,2
1847,CC1NC11CC(O)C1O,CC1NC12CC(O)C2O,0
1848,OC12CCOC1C1CC21,OC12CCOC1C1CC12,3
1849,COC12CC1(C)CCC2,COC12CCCC1(C)C2,0
1850,OC1CC1C#CCC#N,N#CCC#CC1CC1O,2
1851,OCC1C2CC(O2)C1=O,O=C1C2CC(O2)C1CO,3
1852,OCC1CC1C1CO1,OCC1CC1C1CO1,4
1853,c1(c(nc(o1)O)O)N,Nc1oc(O)nc1O,0
1854,CC1=Cc2c(nc[nH]2)C1,CC1=Cc2[nH]cnc2C1,1
1855,CC1(C=CCC12CC2)C,CC1(C)C=CCC12CC2,4
1856,OC12CC1C1(CN1)C2,OC12CC1C1(CN1)C2,2
1857,CC(=NO)CNCC#N,CC(CNCC#N)=NO,2
1858,C1C2OC1C13CC(O1)C23,C1C2OC1C13CC(O1)C23,2
1859,C(C=O)OCC#CCO,O=CCOCC#CCO,4
1860,OC1(CC1C#C)C1CN1,C#CC1CC1(O)C1CN1,3
1861,CCCn1c(ncn1)N,CCCn1ncnc1N,4
1862,CN(CCC=O)C(=O)N,CN(CCC=O)C(N)=O,3
1863,CN=C(CO)OC1CC1,CN=C(CO)OC1CC1,2
1864,CC1C2NC2C1O,CC1C(O)C2NC12,2
1865,CCC1(C)C(C)C1(C)O,CCC1(C)C(C)C1(C)O,0
1866,COC12C3CC(C13)C2=O,COC12C(=O)C3CC1C32,1
1867,CC(O)C(=O)C(=O)CO,CC(O)C(=O)C(=O)CO,1
1868,CC1CN2C=NC=C12,CC1Cn2cncc21,4
1869,N#CC12CC1OCOC2,N#CC12COCOC1C2,2
1870,OCC12CC3C1C=CC23,OCC12CC3C1C=CC32,0
1871,CCN=C1COC(=O)O1,CCN=C1COC(=O)O1,1
1872,C1CC(=NO)C2(C1)CC2,ON=C1CCCC12CC2,4
1873,CC(O)C(=O)C(C)(C)C,CC(O)C(=O)C(C)(C)C,4
1874,COCC1C2C=CC1C2,COCC1C2C=CC1C2,0
1875,CNc1cc(n[nH]1)CO,CNc1cc(CO)n[nH]1,0
1876,CC1CN=C2OCC2C1,CC1CN=C2OCC2C1,4
1877,CC1C2C3OC1C(=O)C23,CC1C2OC3C(C2=O)C13,2
1878,CC(=O)n1ccc(n1)O,CC(=O)n1ccc(O)n1,3
1879,c1c[nH]nc1C=O,O=Cc1cc[nH]n1,1
1880,CC(O)CC(CO)C#N,CC(O)CC(C#N)CO,2
1881,C1C2C3C4C3N2C14,C1C2C3C4C1N2C34,1
1882,CC1C2C(O)C2(C)C1=O,CC1C(=O)C2(C)C(O)C12,4
1883,C1OC23CC4C2CCC134,C1CC23COC24CC3C14,4
1884,CNC(=[NH2+])C1=CN=N[N-]1,CNC(=[NH2+])c1cnn[n-]1,0
1885,OCC1OC11C2CC1C2,OCC1OC12C1CC2C1,4
1886,OC1C(NC11CC1)C#N,N#CC1NC2(CC2)C1O,4
1887,O=C1CC2C3CC3C12,O=C1CC2C3CC3C12,3
1888,C(C#N)C(=O)CC#N,N#CCC(=O)CC#N,1
1889,c1cocc1NCC#N,N#CCNc1ccoc1,3
1890,CC1=C(C=O)C2OC2C1,CC1=C(C=O)C2OC2C1,2
1891,CNc1c(cccn1)F,CNc1ncccc1F,2
1892,CCC1COCC1=NO,CCC1COCC1=NO,1
1893,OCC1OC1C1CC1O,OCC1OC1C1CC1O,4
1894,OC(C#C)C1CCC1=O,C#CC(O)C1CCC1=O,3
1895,O=CC1C2CC(=O)CC12,O=CC1C2CC(=O)CC12,1
1896,CCOCC(C)(C)C=O,CCOCC(C)(C)C=O,3
1897,COCC1CNC(=O)N1,COCC1CNC(=O)N1,3
1898,CC1C2COCC1O2,CC1C2COCC1O2,1
1899,CC12CC1(CC=O)CC2,CC12CCC1(CC=O)C2,1
1900,CC12CC1(NC=N2)C#C,C#CC12CC1(C)N=CN2,4
1901,CC(=N[O-])C#CC(N)=[NH2+],CC(C#CC(N)=[NH2+])=N[O-],1
1902,N#CC1CC2C3CN1C23,N#CC1CC2C3CN1C23,0
1903,C1C2C3CC3C3OC3C12,C1C2C3CC3C3OC3C12,1
1904,CC1C2C1C(=O)NC2C,CC1NC(=O)C2C(C)C12,3
1905,c1c(c(oc(=O)n1)O)N,Nc1cnc(=O)oc1O,1
1906,CC1=CCOC(=O)NC1,CC1=CCOC(=O)NC1,3
1907,COC=NC1CCC1,COC=NC1CCC1,2
1908,N=C1CC(O1)C(=O)C#N,N#CC(=O)C1CC(=N)O1,4
1909,OC12CC1CCOCC2,OC12CCOCCC1C2,2
1910,C1CC11OC2CC1CO2,C1OC2CC1C1(CC1)O2,1
1911,OC1C2C3CC3C12C#N,N#CC12C(O)C1C1CC12,4
1912,C1N2C3C4C5OC13C2C45,C1N2C3C4C5OC13C2C54,2
1913,CC1CC(=NO)C1C=O,CC1CC(=NO)C1C=O,4
1914,Cc1c[nH]cc1N2CC2,Cc1c[nH]cc1N1CC1,3
1915,C(COCC=O)C#N,N#CCCOCC=O,3
1916,CC1NC11COC=NC1,CC1NC12CN=COC2,4
1917,CC1(O)CC2CC1C2=O,CC1(O)CC2CC1C2=O,4
1918,CCN(C)CC(=O)C#C,C#CC(=O)CN(C)CC,3
1919,CC(=O)C1(O)COC1=N,CC(=O)C1(O)COC1=N,0
1920,CC(CO)(OC=N)C=O,CC(C=O)(CO)OC=N,3
1921,CC(C)n1cncn1,CC(C)n1cncn1,3
1922,CC1OC11CNC1C#C,C#CC1NCC12OC2C,1
1923,CC1(C)CC2CCC12C,CC1(C)CC2CCC21C,4
1924,CCC1(CC(=O)C1)C,CCC1(C)CC(=O)C1,3
1925,OC12CC3OC1C2C=C3,OC12CC3C=CC1C2O3,4
1926,[NH2+]=C1[CH-]C(=O)C=CN1,[NH2+]=c1[cH-]c(=O)cc[nH]1,3
1927,CC1C2OCC12C1CO1,CC1C2OCC12C1CO1,1
1928,c1c(ncc(n1)O)C#N,N#Cc1cnc(O)cn1,4
1929,O=C1CN2CC3C(O1)C23,O=C1CN2CC3C(O1)C32,2
1930,COC(C)COC1CC1,COC(C)COC1CC1,1
1931,c1cc(=O)[nH]c(c1N)O,Nc1ccc(=O)[nH]c1O,1
1932,OCC#CC1CC(O)C1,OCC#CC1CC(O)C1,0
1933,CC1(CN1)C1=CC=CN1,CC1(c2ccc[nH]2)CN1,1
1934,[NH3+]CC#CCCC([O-])=O,[NH3+]CC#CCCC(=O)[O-],2
1935,COC12CC3C(C13)C2C,COC12CC3C(C1C)C32,4
1936,CC1C2CC3C2C(=O)C13,CC1C2CC3C1C(=O)C23,0
1937,Cc1cc(nc(=O)o1)F,Cc1cc(F)nc(=O)o1,3
1938,CC(C)CC1OCCO1,CC(C)CC1OCCO1,3
1939,N=C1NC(=O)C2CCC12,N=C1NC(=O)C2CCC12,0
1940,OC1=CN=C(F)C(=N)N1,N=c1[nH]c(O)cnc1F,4
1941,CC12OCC3(C)CC1C23,CC12COC3(C)C(C1)C23,2
1942,CNC(=O)CC(=N)OC,CNC(=O)CC(=N)OC,2
1943,CC#CC#CC(O)CO,CC#CC#CC(O)CO,3
1944,CC(C)(C)CN(C)C=O,CN(C=O)CC(C)(C)C,1
1945,CCC12CC3OC1C3O2,CCC12CC3OC1C3O2,2
1946,C1OCC1C12CC(C1)O2,C1OCC1C12CC(C1)O2,3
1947,CCc1cnc(nc1)C,CCc1cnc(C)nc1,3
1948,O[C-]1C(=[NH2+])NC=CC1=O,[NH2+]=c1[nH]ccc(=O)[c-]1O,0
1949,CC(=O)C1COC(=O)O1,CC(=O)C1COC(=O)O1,2
1950,O=CC1C2CCOCC12,O=CC1C2CCOCC12,4
1951,C1COCCN=COC1,C1=NCCOCCCO1,4
1952,N1C2C3OC4C1C2OC34,N1C2C3OC4C2OC4C13,3
1953,O=C1C2OCC22COC12,O=C1C2OCC23COC13,3
1954,CC(C)(C=O)C1CO1,CC(C)(C=O)C1CO1,2
1955,CC(O)CC(=O)CC#N,CC(O)CC(=O)CC#N,0
1956,CC1CC1C(=O)C1CN1,CC1CC1C(=O)C1CN1,3
1957,OCCCC1COC=N1,OCCCC1COC=N1,3
1958,CCC1(CC(O)C1)OC,CCC1(OC)CC(O)C1,0
1959,COC1CC2(O)CC12C,COC1CC2(O)CC12C,2
1960,CC1=NCCOCO1,CC1=NCCOCO1,4
1961,CNc1cc(=O)[nH]nc1,CNc1cn[nH]c(=O)c1,2
1962,CCC1=CCCC2OC12,CCC1=CCCC2OC12,0
1963,O=C1CN2CC1C21CC1,O=C1CN2CC1C21CC1,3
1964,Cn1cc(nc1O)N,Cn1cc(N)nc1O,1
1965,CC1OC(=O)C2C1N2C,CC1OC(=O)C2C1N2C,3
1966,N#CCC1OCC2OC12,N#CCC1OCC2OC12,1
1967,OC12CC1OC21CCC1,OC12CC1OC21CCC1,2
1968,CC1CC=C(C)C1C#C,C#CC1C(C)=CCC1C,4
1969,CC(COC=O)N1CC1,CC(COC=O)N1CC1,1
1970,CC(CC#N)C1CCC1,CC(CC#N)C1CCC1,1
1971,CC(CC#C)C1CC1O,C#CCC(C)C1CC1O,4
1972,CC12OC1(CC2O)C#N,CC12OC1(C#N)CC2O,2
1973,OCC1OC1CC#C,C#CCC1OC1CO,4
1974,CC(C)(C)C([NH3+])C([O-])=O,CC(C)(C)C([NH3+])C(=O)[O-],4
1975,CC(C)(COC)C1CC1,COCC(C)(C)C1CC1,4
1976,COC1=NC(CN1)C#C,C#CC1CNC(OC)=N1,1
1977,CCC12CC1OC2C,CCC12CC1OC2C,1
1978,CC12CC=CC1C2C#N,CC12CC=CC1C2C#N,3
1979,CC(CC#C)C(C)C#C,C#CCC(C)C(C)C#C,2
1980,CC1CC2(C)CC2C=C1,CC1C=CC2CC2(C)C1,3
1981,CC1C(O)C11CCC1,CC1C(O)C12CCC2,3
1982,CC12CC(C=C1)C=C2,CC12C=CC(C=C1)C2,3
1983,CC#CC1(C)OC1C#N,CC#CC1(C)OC1C#N,0
1984,C1CC2COC1OC=N2,C1=NC2CCC(O1)OC2,1
1985,CC12CC1(CC#C)CC2,C#CCC12CCC1(C)C2,3
1986,CC1C2OCOC12C#N,CC1C2OCOC12C#N,2
1987,Cc1nc(c(=O)on1)F,Cc1noc(=O)c(F)n1,2
1988,[NH3+]C[C-]1OC(=O)C=C1,[NH3+]C[c-]1ccc(=O)o1,4
1989,O=CC1N=C2OC3C1C23,O=CC1N=C2OC3C2C13,3
1990,C1NC11CCN2CC12,C1CC2(CN2)C2CN12,2
1991,OC1C2CC3CC2C1O3,OC1C2CC3CC2C1O3,1
1992,NC1C(OC1=O)C(N)=O,NC(=O)C1OC(=O)C1N,1
1993,CC12COC1(C#C)C2O,C#CC12OCC1(C)C2O,1
1994,COc1c(cc([nH]1)O)O,COc1[nH]c(O)cc1O,4
1995,N#CC1CC11CCCC1,N#CC1CC12CCCC2,4
1996,C#CC12OC1C1CC2C1,C#CC12OC1C1CC2C1,0
1997,c1[nH]nc(n1)NC=N,N=CNc1nc[nH]n1,4
1998,OC1C2OC(=O)C1C2=O,O=C1OC2C(=O)C1C2O,3
1999,COC1C2OC2C1(C)O,COC1C2OC2C1(C)O,3
2000,C1C2CC1OCOCC2,C1CC2CC(C2)OCO1,2
2001,OCC12CN3C(C13)C2O,OCC12CN3C(C1O)C32,4
2002,OCCC12CC=CC1N2,OCCC12CC=CC1N2,3
2003,COCC(C)(OC)C=O,COCC(C)(C=O)OC,4
2004,CC1(CCN2CC12)C#N,CC1(C#N)CCN2CC21,0
2005,O=C1CNC2C=CCC12,O=C1CNC2C=CCC12,4
2006,CCCC#CCC,CCC#CCCC,0
2007,CC(C)C12CC1OCC2,CC(C)C12CCOC1C2,3
2008,O=CC1OCCN=CO1,O=CC1OC=NCCO1,4
2009,CC1NC1(C=O)C#C,C#CC1(C=O)NC1C,4
2010,O=C1CCC2OC=NC12,O=C1CCC2OC=NC12,2
2011,CCOC(=O)CC(=O)C,CCOC(=O)CC(C)=O,4
2012,CC#CC1CCCC1O,CC#CC1CCCC1O,1
2013,CC1(C)C(O)C2CC12O,CC1(C)C(O)C2CC21O,2
2014,Cc1cc2n(n1)CC2,Cc1cc2n(n1)CC2,4
2015,CNc1nc(co1)OC,CNc1nc(OC)co1,1
2016,CCOC(C)C(=O)C#C,C#CC(=O)C(C)OCC,2
2017,OC1C=CCNC1=O,O=C1NCC=CC1O,1
2018,OCC1CNC(C=O)=N1,O=CC1=NC(CO)CN1,4
2019,C1CC=CCC2OC2C1,C1=CCC2OC2CCC1,0
2020,CCC(C)C(C)CCO,CCC(C)C(C)CCO,4
2021,CCOC1CN(C1)C=O,CCOC1CN(C=O)C1,4
2022,CC1OC1(C)C#CC#N,CC1OC1(C)C#CC#N,1
2023,COC1C2C3CC3(C)C12,COC1C2C3CC3(C)C12,0
2024,c1c(nco1)CCC=O,O=CCCc1cocn1,2
2025,OC1CC2C1C2(O)C#C,C#CC1(O)C2CC(O)C21,4
2026,NC(CO)(C#N)C1CN1,N#CC(N)(CO)C1CN1,2
2027,CC1CN2CC(=O)C12C,CC1CN2CC(=O)C12C,4
2028,C1CC(C1)CC2COC2,C1CC(CC2COC2)C1,0
2029,CC1NC(=O)OC11CC1,CC1NC(=O)OC12CC2,3
2030,CC(C)C(O)CCC#C,C#CCCC(O)C(C)C,2
2031,CC12C(CO)C3C1CN23,CC12C(CO)C3C1CN32,0
2032,OC1C(O)C11CC(=N)O1,N=C1CC2(O1)C(O)C2O,4
2033,CC1(O)CC1(C)O,CC1(O)CC1(C)O,2
2034,O=C1OC2(CC12)C1CN1,O=C1OC2(C3CN3)CC12,0
2035,COCCCC(F)(F)F,COCCCC(F)(F)F,2
2036,CC#CC1CCC(C)=C1,CC#CC1C=C(C)CC1,0
2037,CC1NC(=O)C=CC1O,CC1NC(=O)C=CC1O,4
2038,N=COC1COCC1=O,N=COC1COCC1=O,3
2039,C1OC2COCCC1O2,C1CC2COC(CO1)O2,3
2040,CCC12CC3NC3C1N2,CCC12CC3NC3C1N2,2
2041,CC12CC(N1)C2C#N,CC12CC(N1)C2C#N,3
2042,c1c(nno1)C(=O)CO,O=C(CO)c1conn1,0
2043,CC1COC=NCC1O,CC1COC=NCC1O,3
2044,COC1COCC=C1,COC1C=CCOC1,1
2045,O=C1CCC11CC2NC12,O=C1CCC12CC1NC12,2
2046,N#CCC12CC1N1CC21,N#CCC12CC1N1CC12,0
2047,C1C(CO1)CC#CCO,OCC#CCC1COC1,0
2048,CC1OC(OC1C)C#C,C#CC1OC(C)C(C)O1,1
2049,CC(=O)N1C2CC1(C)C2,CC(=O)N1C2CC1(C)C2,0
2050,OC1CCC(=O)C(=O)C1,O=C1CCC(O)CC1=O,2
2051,CC(C)C1OCC=C1,CC(C)C1C=CCO1,2
2052,CC(=NO)CC#CC#N,CC(CC#CC#N)=NO,3
2053,OC12C3CC(OC1=O)C23,O=C1OC2CC3C2C13O,0
2054,OC12CC3NC(=O)C1C23,O=C1NC2CC3(O)C1C23,3
2055,N#CC12CN1CCNC2,N#CC12CNCCN1C2,3
2056,OC1=COC(=N)C=N1,N=c1cnc(O)co1,4
2057,C1C(CO1)COC(=O)N,NC(=O)OCC1COC1,0
2058,CC(=O)NC1CC1(C)O,CC(=O)NC1CC1(C)O,0
2059,N#CC1CC2CCOC12,N#CC1CC2CCOC12,1
2060,CC(OC(=N)C=O)C#C,C#CC(C)OC(=N)C=O,2
2061,CC(O)C12CC1OC2=O,CC(O)C12CC1OC2=O,1
2062,C#CC1C2C3CN1C23,C#CC1C2C3CN1C32,0
2063,CC1CC2=C(N)N=NN12,CC1Cc2c(N)nnn21,4
2064,CC1CC=C(C=O)C1O,CC1CC=C(C=O)C1O,4
2065,COCC(C)(O)C1CO1,COCC(C)(O)C1CO1,4
2066,CC1C=CCC1(O)CO,CC1C=CCC1(O)CO,2
2067,CCC1CC(C)CC1C,CCC1CC(C)CC1C,4
2068,O1C2C1C1C=CC2C=C1,C1=CC2C=CC1C1OC21,2
2069,N=C1OCC1N1CCC1,N=C1OCC1N1CCC1,3
2070,CCC12CC3C1C(=O)C23,CCC12CC3C1C(=O)C32,1
2071,CC(C#C)C1OC1CO,C#CC(C)C1OC1CO,4
2072,CC12OC3C(CC=C1)C23,CC12C=CCC3C(O1)C32,0
2073,OCCC(NC=O)C=O,O=CNC(C=O)CCO,2
2074,CC#CC1C(C)OC1=N,CC#CC1C(=N)OC1C,1
2075,OCC12CC3CN1C23,OCC12CC3CN1C32,0
2076,CC(C)N1CC1CC=O,CC(C)N1CC1CC=O,3
2077,CN1CC1(C)C#CCO,CN1CC1(C)C#CCO,2
2078,C1c2c(nno2)NC=N1,C1=NCc2onnc2N1,3
2079,O=C1OC2CC11OCC21,O=C1OC2CC13OCC23,2
2080,CN(C=O)C1CNC1=O,CN(C=O)C1CNC1=O,1
2081,Cc1c(ocn1)CC#C,C#CCc1ocnc1C,0
2082,Cc1cn2cnnc2[nH]1,Cc1cn2cnnc2[nH]1,2
2083,CC#Cc1c(nc[nH]1)C,CC#Cc1[nH]cnc1C,4
2084,OCC(=N)N1CCN=C1,N=C(CO)N1C=NCC1,2
2085,CCCC(C=O)C=O,CCCC(C=O)C=O,0
2086,C(C(=O)C(=O)CO)O,O=C(CO)C(=O)CO,4
2087,CC1OC(C)C11CN1C,CC1OC(C)C12CN2C,1
2088,N=C1NCCNCC1=O,N=C1NCCNCC1=O,2
2089,CC1=CC2OC1C2=O,CC1=CC2OC1C2=O,0
2090,CC(O)CC1=NON=C1,CC(O)Cc1cnon1,4
2091,CC1C2CC3C2C1C3=O,CC1C2CC3C(=O)C1C32,0
2092,COc1c[nH]c(n1)C#C,C#Cc1nc(OC)c[nH]1,4
2093,OCC12COCC1N2,OCC12COCC1N2,3
2094,COCC(C)C(O)CO,COCC(C)C(O)CO,4
2095,CC(CC#CC#C)C=O,C#CC#CCC(C)C=O,2
2096,O=C1OC23CCC12NC3,O=C1OC23CCC12NC3,1
2097,CC12CC3C(O)C1C23O,CC12CC3C(O)C1C32O,4
2098,N1C2C1C1C3OC1C23,N1C2C1C1C3OC1C23,4
2099,CCC1=CC(NC1)C#N,CCC1=CC(C#N)NC1,1
2100,C1C2OC3COCCC123,C1CC23CC2OC3CO1,0
2101,CC#CC1NCC1=O,CC#CC1NCC1=O,4
2102,CC1=CCC(CCO)C1,CC1=CCC(CCO)C1,2
2103,OC12CC3CC1C1C3C21,OC12CC3CC1C1C3C12,3
2104,C1C2C3OC1CC1C3N21,C1C2CC3C4C(O2)C1N34,1
2105,C1OC1C1C2CC=CC12,C1=CC2C(C1)C2C1CO1,1
2106,NC12C3OC3C1NC2=O,NC12C(=O)NC1C1OC12,3
2107,OC1C2OC3CCC3C12,OC1C2OC3CCC3C12,0
2108,C#CC1(CC2CC12)C#N,C#CC1(C#N)CC2CC21,3
2109,CC1(O)CC1(C)N1CC1,CC1(O)CC1(C)N1CC1,4
2110,CCCC#CC1OC1C,CCCC#CC1OC1C,2
2111,CC1CC2CCC2(C)O1,CC1CC2CCC2(C)O1,4
2112,CC#CCC(=O)N(C)C,CC#CCC(=O)N(C)C,0
2113,CC12CC3C1CC23C#N,CC12CC3C1CC32C#N,0
2114,CC1(C)CC2COC2=N1,CC1(C)CC2COC2=N1,2
2115,Cc1nc(c(o1)C=O)O,Cc1nc(O)c(C=O)o1,3
2116,CCC1C2OC=NC12,CCC1C2N=COC12,0
2117,CC12CC(C1)C(=O)C2,CC12CC(=O)C(C1)C2,0
2118,C1C2CC11OCC3C2C13,C1OC23CC(C2)C2C1C23,4
2119,OC1CC2CC12CC#C,C#CCC12CC1CC2O,2
2120,CN=C1CC(O1)C=O,CN=C1CC(C=O)O1,4
2121,CC(CC=O)C(O)C#N,CC(CC=O)C(O)C#N,3
2122,CC1(C)COC1C1CC1,CC1(C)COC1C1CC1,3
2123,OC12C3CC1(O)COC23,OC12COC3C(C1)C32O,2
2124,C(=O)Oc1c([nH]nn1)N,Nc1[nH]nnc1OC=O,2
2125,COCCC1CC(O)C1,COCCC1CC(O)C1,2
2126,N=COC1C2C3OC3C12,N=COC1C2C3OC3C12,4
2127,CC1(O)C2OC(C)(C)C12,CC1(C)OC2C1C2(C)O,3
2128,C1CC12CCOC2,C1CC2(CC2)CO1,2
2129,CN=COCC(=O)N,CN=COCC(N)=O,2
2130,CCCC(=O)CC(=O)C,CCCC(=O)CC(C)=O,1
2131,C#Cc1cncc(=O)[nH]1,C#Cc1cncc(=O)[nH]1,4
2132,C1C(=O)COC(=O)CO1,O=C1COCC(=O)OC1,1
2133,C#CC1(CC=CC1)C#C,C#CC1(C#C)CC=CC1,2
2134,CCC(=O)N(C)C=O,CCC(=O)N(C)C=O,1
2135,NC1=NC2=C(O1)N=NO2,Nc1nc2onnc2o1,4
2136,O=C1OCC1C1CCC1,O=C1OCC1C1CCC1,3
2137,CC1CC2COC1CO2,CC1CC2COC1CO2,0
2138,CCC1CC(C1)=NO,CCC1CC(=NO)C1,1
2139,C1CC12COC(=O)CO2,O=C1COC2(CC2)CO1,3
2140,CC1OCCC(O)C1O,CC1OCCC(O)C1O,2
2141,CC#CC(OC=O)C#C,C#CC(C#CC)OC=O,0
2142,OC1CC2OC=NCC12,OC1CC2OC=NCC12,1
2143,CCC1=CC2COC1C2,CCC1=CC2COC1C2,2
2144,CC(=O)CC1COC1=O,CC(=O)CC1COC1=O,1
2145,CC1(CC1(O)C#N)C#C,C#CC1(C)CC1(O)C#N,3
2146,CCC1CC(=O)C11CN1,CCC1CC(=O)C12CN2,0
2147,C1NC1C12CC=CC1O2,C1=CC2OC2(C2CN2)C1,0
2148,CC12CCCC(O1)C=C2,CC12C=CC(CCC1)O2,3
2149,C1CC11OC2CC=CC12,C1=CC2C(C1)OC21CC1,3
2150,CCC1C(C=O)C1C=O,CCC1C(C=O)C1C=O,3
2151,CCC1OC1CC1CC1,CCC1OC1CC1CC1,4
2152,OC12CC3C4OC3C1C24,OC12CC3C4OC3C1C42,3
2153,CC(C)(C#C)NCC#N,C#CC(C)(C)NCC#N,1
2154,COC1COC(=N)C1O,COC1COC(=N)C1O,3
2155,CC1C2CC(O)C12C,CC1C2CC(O)C12C,3
2156,CC1OCC2CC2O1,CC1OCC2CC2O1,1
2157,CC#CC(C)OC(N)=O,CC#CC(C)OC(N)=O,4
2158,CNc1c(c(n[nH]1)O)N,CNc1[nH]nc(O)c1N,0
2159,NC1=NCC(O)C1=O,NC1=NCC(O)C1=O,3
2160,COC(C(C)C)C1CO1,COC(C(C)C)C1CO1,0
2161,COC1(CCC1N)C#N,COC1(C#N)CCC1N,2
2162,CCCCCCOCC,CCCCCCOCC,4
2163,CC(C)(C)C1CCCO1,CC(C)(C)C1CCCO1,1
2164,NC(=O)NC(=N)C1CN1,N=C(NC(N)=O)C1CN1,4
2165,OC1COCOC1=N,N=C1OCOCC1O,4
2166,c1noc2n1c(nn2)N,Nc1nnc2oncn12,2
2167,CC1CC(=O)C(C)C1C,CC1CC(=O)C(C)C1C,1
2168,COC1(CC1C=O)C=O,COC1(C=O)CC1C=O,0
2169,O=CN1CC11CC=CC1,O=CN1CC12CC=CC2,1
2170,CCC1OCC2C1N2C,CCC1OCC2C1N2C,4
2171,C(C#N)Oc1n[nH]nn1,N#CCOc1nn[nH]n1,3
2172,CC#CCC(C)NC=O,CC#CCC(C)NC=O,3
2173,CCN(C)CC#CC#N,CCN(C)CC#CC#N,3
2174,CC(C)(C#N)N(C)C,CN(C)C(C)(C)C#N,3
2175,COc1c(cccn1)F,COc1ncccc1F,2
2176,O=CC12C3OC1COC23,O=CC12C3COC1C2O3,4
2177,CC1(C)OC(CO)C=C1,CC1(C)C=CC(CO)O1,2
2178,OCCC1CCC(=O)N1,O=C1CCC(CCO)N1,4
2179,O=C1CC2CC3(CC3)N12,O=C1CC2CC3(CC3)N12,0
2180,CC1C2(C)OCC12C#N,CC1C2(C#N)COC12C,0
2181,OC1(CC#C)COC1=N,C#CCC1(O)COC1=N,2
2182,CC1C2CC3OC3CC12,CC1C2CC3OC3CC12,4
2183,Cn1cc2c(n1)OCC2,Cn1cc2c(n1)OCC2,2
2184,CC(C)CCC(C)C#N,CC(C)CCC(C)C#N,3
2185,COC1C(O)CC1=NO,COC1C(=NO)CC1O,4
2186,CCOCCC1COC1,CCOCCC1COC1,3
2187,OC1(CC2CO2)CCC1,OC1(CC2CO2)CCC1,1
2188,O=CC1CCOC(=O)O1,O=CC1CCOC(=O)O1,1
2189,COCC1CC1CC=O,COCC1CC1CC=O,0
2190,COc1[nH]ccc(=O)n1,COc1nc(=O)cc[nH]1,1
2191,CC1C(C)C2C(O)CC12,CC1C(C)C2C(O)CC12,0
2192,CC(=NO)C1COC=N1,CC(=NO)C1COC=N1,3
2193,CCC(=O)NCC#N,CCC(=O)NCC#N,1
2194,N#CCC1CC=CCO1,N#CCC1CC=CCO1,4
2195,CC#Cc1[nH]c(cn1)C,CC#Cc1ncc(C)[nH]1,2
2196,O=C1OCC(O1)C#N,N#CC1COC(=O)O1,3
2197,C1C2C3C4CCC3C4N12,C1CC2C3C1C2N1CC31,4
2198,c1n[nH]c(=O)n1C=O,O=Cn1cn[nH]c1=O,4
2199,NC(=O)C#CC(O)C#C,C#CC(O)C#CC(N)=O,4
2200,OC1C2CC3(CC3)C12O,OC1C2CC3(CC3)C12O,4
2201,OC12COC(OC1)C=C2,OC12C=CC(OC1)OC2,0
2202,CC1OC11CC2(CN2)C1,CC1OC12CC1(CN1)C2,4
2203,CCC#CC(O)C(N)=O,CCC#CC(O)C(N)=O,2
2204,O=COC1CCC=C1,O=COC1C=CCC1,4
2205,CC12CC=CC1(N2)C#N,CC12CC=CC1(C#N)N2,2
2206,CCC(CC(C)=O)C=O,CCC(C=O)CC(C)=O,4
2207,CCC(CC)CC=O,CCC(CC)CC=O,1
2208,CC#CC1(CCC1)O,CC#CC1(O)CCC1,4
2209,CC(C=O)C1=CNN=N1,CC(C=O)c1c[nH]nn1,1
2210,CC12C3C4C1C4(C#N)N23,CC12C3C4C1C4(C#N)N32,4
2211,CC1OC(=O)C2CC12O,CC1OC(=O)C2CC12O,4
2212,CCOCC1OC1C#C,C#CC1OC1COCC,4
2213,CN1C2C3C2C(C)(C)C13,CN1C2C3C2C(C)(C)C31,3
2214,CCC(O)C1(CO)CN1,CCC(O)C1(CO)CN1,3
2215,COc1ccc(=O)oc1,COc1ccc(=O)oc1,3
2216,CCOC1(C)CN2CC12,CCOC1(C)CN2CC21,1
2217,CC(C#C)(C#C)OC=O,C#CC(C)(C#C)OC=O,0
2218,CC1OC1CC1CC1O,CC1OC1CC1CC1O,3
2219,c1coc(=O)nc1N,Nc1ccoc(=O)n1,4
2220,CC(O)C1=NNN=C1,CC(O)c1cn[nH]n1,1
2221,Cc1cc([nH]c1)C(C)C,Cc1c[nH]c(C(C)C)c1,0
2222,O=C1CC(CC=C1)C#C,C#CC1CC=CC(=O)C1,0
2223,CC1CCCC(O1)C#C,C#CC1CCCC(C)O1,2
2224,CCC1=NCCOCO1,CCC1=NCCOCO1,3
2225,O=COC1CC2COC12,O=COC1CC2COC21,3
2226,OCC1C2CN2C1C=O,O=CC1C(CO)C2CN12,4
2227,CCc1c([nH]nc1C)C,CCc1c(C)n[nH]c1C,1
2228,COC(C)C1CCCC1,COC(C)C1CCCC1,0
2229,CC(O)C(C)C1CN1C,CC(O)C(C)C1CN1C,0
2230,O=C1CN2CC=CCC12,O=C1CN2CC=CCC12,1
2231,CC12CN1C(C)(C2)C#N,CC1(C#N)CC2(C)CN12,4
2232,C#CC(=O)c1ccc[nH]1,C#CC(=O)c1ccc[nH]1,3
2233,O=C(C#C)C12CCC1O2,C#CC(=O)C12CCC1O2,3
2234,O=CC1(CCC1)C1CO1,O=CC1(C2CO2)CCC1,3
2235,CC#CC(C)C1(C)CO1,CC#CC(C)C1(C)CO1,0
2236,CC1NC11CC2CN2C1,CC1NC12CC1CN1C2,4
2237,OC1CC(C=O)C1C#C,C#CC1C(O)CC1C=O,0
2238,C1C2CC1N=CO2,C1=NC2CC(C2)O1,4
2239,O=CNC12CC(C1)CC2,O=CNC12CCC(C1)C2,0
2240,N=C1ON=CN1C=O,N=c1oncn1C=O,4
2241,CC1=CC2CC2(CO)C1,CC1=CC2CC2(CO)C1,3
2242,OC1C2CN2C=C1C=O,O=CC1=CN2CC2C1O,4
2243,CC(C)C(C)C(C)=NO,CC(=NO)C(C)C(C)C,1
2244,CC1COC(=O)C2OC12,CC1COC(=O)C2OC12,0
2245,CC#CC1C=CCC1C,CC#CC1C=CCC1C,4
2246,O=CC1CCCC(=O)C1,O=CC1CCCC(=O)C1,2
2247,COCC1(C)C(C)C1O,COCC1(C)C(C)C1O,4
2248,CC(C#N)C(=O)CC=O,CC(C#N)C(=O)CC=O,0
2249,N#CC1C2C3COC2C13,N#CC1C2C3COC2C13,1
2250,CC12CC3NC3C1CO2,CC12CC3NC3C1CO2,3
2251,CC1(C)CCC(O1)C#C,C#CC1CCC(C)(C)O1,4
2252,N#CC12CCCC1CO2,N#CC12CCCC1CO2,1
2253,CC(C)N1C=CCC1=O,CC(C)N1C=CCC1=O,1
2254,COCCN=CNC=O,COCCN=CNC=O,3
2255,CC(C)(CO)C=O,CC(C)(C=O)CO,2
2256,c1c(oc(=O)o1)CC=O,O=CCc1coc(=O)o1,2
2257,CCC(OC(C)C)C#C,C#CC(CC)OC(C)C,4
2258,Cc1ccnc(n1)OC,COc1nccc(C)n1,3
2259,CCc1cc(c[nH]1)N,CCc1cc(N)c[nH]1,3
2260,N#CC12CC3CC(C1)N23,N#CC12CC3CC(C1)N32,4
2261,CC1(CN1)C#CC#N,CC1(C#CC#N)CN1,1
2262,CCC(C)C1=NC=CO1,CCC(C)c1ncco1,3
2263,Cn1c(nc(n1)O)CO,Cn1nc(O)nc1CO,0
2264,CC1NC2(CC12O)C#N,CC1NC2(C#N)CC12O,3
2265,C1C2C3C4C5C4C(C23)C15,C1C2C3C2C2C4C1C3C42,1
2266,O=C1CC2(NCC12)C#N,N#CC12CC(=O)C1CN2,0
2267,OC1C2C1C1C2OC1=N,N=C1OC2C1C1C(O)C21,2
2268,CC1(O)C2NC1C1OC21,CC1(O)C2NC1C1OC12,3
2269,CCCn1cc(nc1)N,CCCn1cnc(N)c1,0
2270,CC(=O)NC(=O)C1CN1,CC(=O)NC(=O)C1CN1,1
2271,CC1OC2CCCOC12,CC1OC2CCCOC12,2
2272,O=CCC1CN1CC=O,O=CCC1CN1CC=O,3
2273,CC(C)(C#N)C1(C)CN1,CC(C)(C#N)C1(C)CN1,2
2274,CC1(CC1)CCC(=O)N,CC1(CCC(N)=O)CC1,0
2275,OCC1(COC=N)CC1,N=COCC1(CO)CC1,0
2276,Cc1nc(no1)NC=N,Cc1nc(NC=N)no1,0
2277,CC12CC1(O)C(=N)O2,CC12CC1(O)C(=N)O2,2
2278,C1C=CC2OC3C1OC23,C1=CC2OC3C(C1)OC23,2
2279,OC1C2OC2C2COC12,OC1C2OCC2C2OC12,2
2280,COC1CN2CC2C=C1,COC1C=CC2CN2C1,1
2281,C1C2N1CC21OCC=C1,C1=CC2(CN3CC32)OC1,3
2282,NC1=CC(=O)C(O)C1=O,NC1=CC(=O)C(O)C1=O,2
2283,CC(COCC=O)C=O,CC(C=O)COCC=O,3
2284,ON=C1C(O)CC11CN1,ON=C1C(O)CC12CN2,2
2285,CN1CC1C1=NOC=C1,CN1CC1c1ccon1,1
2286,O=C1OCC2CCOC12,O=C1OCC2CCOC12,2
2287,CC1(C)C(C=O)C1C#N,CC1(C)C(C#N)C1C=O,2
2288,OC12CC1(CC2=O)C#C,C#CC12CC(=O)C1(O)C2,2
2289,CC1C=CNC(=O)C1C,CC1C=CNC(=O)C1C,4
2290,CC(CO)C(CO)C=O,CC(CO)C(C=O)CO,1
2291,COCC1C2CC1CC2,COCC1C2CCC1C2,1
2292,CC(=O)C1OC2COC12,CC(=O)C1OC2COC21,2
2293,C(=O)N(C=O)C(=O)C#N,N#CC(=O)N(C=O)C=O,2
2294,CC1C=CCC1C(N)=O,CC1C=CCC1C(N)=O,0
2295,CC1CC2C3N2CC13C,CC1CC2C3N2CC13C,0
2296,C#CC1CC=CC=CC1,C#CC1CC=CC=CC1,0
2297,OCCC(=NO)C1CN1,OCCC(=NO)C1CN1,1
2298,CC1OC(CO)OC1=O,CC1OC(CO)OC1=O,0
2299,OCC1(O)CC2CN2C1,OCC1(O)CC2CN2C1,0
2300,CC(=O)c1cnccn1,CC(=O)c1cnccn1,4
2301,CCCC1CC(=O)C1O,CCCC1CC(=O)C1O,2
2302,C1CC(C1)OCCCO,OCCCOC1CCC1,0
2303,CC1CCC1C#N,CC1CCC1C#N,2
2304,OC1C2CN3CC1C23,OC1C2CN3CC1C23,0
2305,OC1(CC=O)CC2OC12,O=CCC1(O)CC2OC21,4
2306,CC1OCC(C)(O)CO1,CC1OCC(C)(O)CO1,4
2307,O=C1OC(C#N)C1C#C,C#CC1C(=O)OC1C#N,2
2308,Cn1cc(nc1N)C#C,C#Cc1cn(C)c(N)n1,2
2309,CC(C)(C(C#N)C#N)N,CC(C)(N)C(C#N)C#N,0
2310,CC(N)C1=C(N)N=NO1,CC(N)c1onnc1N,2
2311,CC1=NC(=N)OC(O)=C1,Cc1cc(O)oc(=N)n1,1
2312,NC(C#N)C(=O)NC=N,N#CC(N)C(=O)NC=N,2
2313,OC1C2C3CC3C12O,OC1C2C3CC3C12O,0
2314,CCCC1(C)CC1C#N,CCCC1(C)CC1C#N,4
2315,OC1C2CCC(=N)OC12,N=C1CCC2C(O)C2O1,4
2316,CN1CC1COC(C)=O,CC(=O)OCC1CN1C,2
2317,OC12C3C1N1CC3CC21,OC12C3C4CC1N(C4)C32,1
2318,O=CCC12CC(=O)C1O2,O=CCC12CC(=O)C1O2,2
2319,CC1C2OCC2C1(C)O,CC1C2OCC2C1(C)O,0
2320,CC(C)OC1CC1(C)C,CC(C)OC1CC1(C)C,2
2321,OC1C2OC1(C)C21CC1,CC12OC(C1O)C21CC1,3
2322,CC(C)(C)C1CC1,CC(C)(C)C1CC1,2
2323,CC(NC=O)C#CC=O,CC(C#CC=O)NC=O,1
2324,Cc1coc(=O)cc1F,Cc1coc(=O)cc1F,2
2325,O=COC12CC3C1NC23,O=COC12CC3C1NC32,2
2326,COC=NC(C)C#N,COC=NC(C)C#N,4
2327,NC1=NNC(=C1)C1CN1,Nc1cc(C2CN2)[nH]n1,3
2328,N=C1N2CC2C=CC1=O,N=C1C(=O)C=CC2CN12,4
2329,NC1C2NC(=NC12)C#C,C#CC1=NC2C(N)C2N1,3
2330,CCC1=C(CNC1=O)C,CCC1=C(C)CNC1=O,1
2331,O=C1OCC2(CC12)C#C,C#CC12COC(=O)C1C2,0
2332,OCC1OC(=O)C11CO1,O=C1OC(CO)C12CO2,1
2333,COc1cn[nH]c1N,COc1cn[nH]c1N,1
2334,CC1CC2(CC2O)C1,CC1CC2(C1)CC2O,4
2335,CCC1(O)COCC1O,CCC1(O)COCC1O,4
2336,C1CC2NC2C=C1,C1=CC2NC2CC1,1
2337,O=C(C#C)C(=O)C1CO1,C#CC(=O)C(=O)C1CO1,0
2338,OC1CC1(O)CN1CC1,OC1CC1(O)CN1CC1,4
2339,OCC1(O)CC2NC2C1,OCC1(O)CC2NC2C1,4
2340,CCC1(N)CNC1C#N,CCC1(N)CNC1C#N,3
2341,CC1CCC(C)C=C1,CC1C=CC(C)CC1,4
2342,CC(C=O)(N=CN)C#N,CC(C#N)(C=O)N=CN,0
2343,CN=C1OC2CCOC12,CN=C1OC2CCOC12,3
2344,CC12C3OC1C(=N)OC23,CC12C3OC1C2OC3=N,0
2345,CN=COCC=O,CN=COCC=O,0
2346,C1C2C1C1COC3C2C13,C1OC2C3C1C1CC1C23,0
2347,OC12CC=C3C4C1N4C23,OC12CC=C3C4C1N4C32,1
2348,CC1=CCCCC1C=O,CC1=CCCCC1C=O,0
2349,CC12C3CC1C(C)(C)N23,CC1(C)C2CC3N1C32C,0
2350,Cn1c(ccc1O)C#N,Cn1c(O)ccc1C#N,2
2351,CC12NC1COCC2O,CC12NC1COCC2O,3
2352,[NH3+]C(C1CC1)C([O-])=O,[NH3+]C(C(=O)[O-])C1CC1,1
2353,CC1C2CCC12C1CO1,CC1C2CCC12C1CO1,4
2354,C1C2CC3OCOC1C23,C1OC2CC3CC(O1)C32,4
2355,O=CC1(CN2CC12)C=O,O=CC1(C=O)CN2CC21,3
2356,COC1C(O)C2COC12,COC1C(O)C2COC21,2
2357,CC1C2C3CC1(C)CN23,CC1C2C3CC1(C)CN32,3
2358,CC12CC(C1O)C2C#N,CC12CC(C1O)C2C#N,1
2359,CC12CC(C)(C1)C2C#C,C#CC1C2(C)CC1(C)C2,3
2360,CC#CCCC(=O)NC,CC#CCCC(=O)NC,3
2361,CNc1c(nc[nH]1)NC,CNc1nc[nH]c1NC,2
2362,COC1(CO)OCC=C1,COC1(CO)C=CCO1,4
2363,Cc1coc(c1C=O)N,Cc1coc(N)c1C=O,0
2364,O=C1CCC2COCC12,O=C1CCC2COCC12,1
2365,CC1C2CCC1C2C#N,CC1C2CCC1C2C#N,3
2366,O=C(C#C)C1CCOC1,C#CC(=O)C1CCOC1,0
2367,Cc1ncn(n1)CC#N,Cc1ncn(CC#N)n1,4
2368,COCCC=O,COCCC=O,2
2369,CCOC1(COC1)C#N,CCOC1(C#N)COC1,4
2370,CCC(N)(CCO)C#N,CCC(N)(C#N)CCO,2
2371,C1CC2(C1)C(=O)C=CN2,O=C1C=CNC12CCC2,3
2372,CC12NC1C=CCC2O,CC12NC1C=CCC2O,0
2373,OC1CC2CCC2=C1,OC1C=C2CCC2C1,1
2374,CC1OC1C1(CN1)C#N,CC1OC1C1(C#N)CN1,1
2375,Cc1ccc(o1)C2CC2,Cc1ccc(C2CC2)o1,0
2376,C#CCN1C=NC2CC12,C#CCN1C=NC2CC21,3
2377,COC(=O)CCCC#C,C#CCCCC(=O)OC,1
2378,C1NC2C3OC12C1NC31,C1NC2C3OC12C1NC31,2
2379,O=CC#CCC1CCO1,O=CC#CCC1CCO1,0
2380,NC1=NCC(=O)C1C#N,N#CC1C(=O)CN=C1N,1
2381,ON=C1C2OC1C1CC21,ON=C1C2OC1C1CC21,4
2382,CC1=CC2(C)C3OC2C13,CC1=CC2(C)C3OC2C13,2
2383,c1c(c[nH]c1O)CO,OCc1c[nH]c(O)c1,0
2384,CN1C2CC(O)C12C=O,CN1C2CC(O)C21C=O,2
2385,OC1CCCC(=O)NC1,O=C1CCCC(O)CN1,4
2386,C#Cc1ccncn1,C#Cc1ccncn1,2
2387,CCNC(=O)C1CN1C,CCNC(=O)C1CN1C,1
2388,CC1N2CC(C=O)C12C,CC1N2CC(C=O)C12C,0
2389,OCC(O)C1=CCCC1,OCC(O)C1=CCCC1,1
2390,CC1=CC2C(O)C2C1O,CC1=CC2C(O)C2C1O,0
2391,O=CC1CC=CCO1,O=CC1CC=CCO1,0
2392,CCC1CC2CC2(C)O1,CCC1CC2CC2(C)O1,2
2393,CC1CC2NC2C(=O)N1,CC1CC2NC2C(=O)N1,2
2394,CC1CC(=O)C1(O)C#C,C#CC1(O)C(=O)CC1C,0
2395,Cn1c(nc(n1)O)OC,COc1nc(O)nn1C,4
2396,CC1=C(COC1)C(=O)N,CC1=C(C(N)=O)COC1,0
2397,CC1OC2CC1NC2=O,CC1OC2CC1NC2=O,1
2398,C1OC23C1OC1C2OC31,C1OC23C1OC1C2OC13,4
2399,CC1(COCCC1=O)C,CC1(C)COCCC1=O,1
2400,OCC1(CC#C)CO1,C#CCC1(CO)CO1,0
2401,CC1C2CC1(C=O)C2O,CC1C2CC1(C=O)C2O,4
2402,CC1NC2(CC1C2)C#N,CC1NC2(C#N)CC1C2,1
2403,Cc1ccn(c1N)C,Cc1ccn(C)c1N,1
2404,CN1C2C3OC(=N)C1C23,CN1C2C(=N)OC3C2C31,3
2405,CC1C2OC(=N)C12C#C,C#CC12C(=N)OC1C2C,0
2406,CC1CCC2=NON=C12,CC1CCc2nonc21,2
2407,C(C#N)N=c1onno1,N#CCN=c1onno1,1
2408,OC1CC=CCC1C#N,N#CC1CC=CCC1O,0
2409,CC1(C#C)C2CC=CC12,C#CC1(C)C2C=CCC21,0
2410,CC1=CC(=O)C2NC12C,CC1=CC(=O)C2NC12C,4
2411,OC1CC2OC1C21CN1,OC1CC2OC1C21CN1,4
2412,Cn1cnc(n1)CC#N,Cn1cnc(CC#N)n1,0
2413,CCC1CCCC1C#C,C#CC1CCCC1CC,0
2414,C1C2OC3CC4C2C1C34,C1C2OC3CC4C2C1C34,3
2415,C1CC11CCC2OC12,C1CC2(CC2)C2OC12,0
2416,c1c(nc([nH]1)N2CC2)O,Oc1c[nH]c(N2CC2)n1,4
2417,OC1C(CC=O)C1C#N,N#CC1C(O)C1CC=O,1
2418,CC(O)CC(CO)=NO,CC(O)CC(CO)=NO,0
2419,CC1(O)CC1(C=O)C#C,C#CC1(C=O)CC1(C)O,1
2420,CC1(C)CC(CO)C1=O,CC1(C)CC(CO)C1=O,4
2421,CN=C1CC(C)(CO)O1,CN=C1CC(C)(CO)O1,4
2422,CC(COC=N)C#N,CC(C#N)COC=N,2
2423,CCNc1cnco1,CCNc1cnco1,0
2424,C#CC12CN3C1C=CC23,C#CC12CN3C1C=CC32,4
2425,CC12C3CCC1OCC23,CC12C3CCC1C2CO3,4
2426,CC(CO)(CO)OC,COC(C)(CO)CO,1
2427,C1C2NCC3OCC12O3,C1NC2CC23COC1O3,2
2428,COC1C2OC2C1(C)C,COC1C2OC2C1(C)C,3
2429,CC1C2CC1C(C2)C#C,C#CC1CC2CC1C2C,1
2430,CC1OCCCCC=C1,CC1C=CCCCCO1,4
2431,OCC1COCCCO1,OCC1COCCCO1,3
2432,C1C2C=CC11OCCC21,C1=CC23CC1C2CCO3,0
2433,OC1C2C1C1NC2C1=O,O=C1C2NC1C1C(O)C21,2
2434,c1c(c([nH]c1O)C#N)O,N#Cc1[nH]c(O)cc1O,3
2435,CC1(O)CC(=O)C1C=O,CC1(O)CC(=O)C1C=O,3
2436,O=C1CC2C(O1)C2C#N,N#CC1C2CC(=O)OC12,4
2437,N#CCC1CCCOC1,N#CCC1CCCOC1,1
2438,C#CC1(CCC1)C1CO1,C#CC1(C2CO2)CCC1,0
2439,CN1CC(CC1=O)C#N,CN1CC(C#N)CC1=O,2
2440,CC1(CC(=O)CO)CN1,CC1(CC(=O)CO)CN1,3
2441,C#CC(=O)CCN1CC1,C#CC(=O)CCN1CC1,1
2442,CC12CC3C(O)C(C1)C23,CC12CC3C(O)C(C1)C32,3
2443,[NH3+]CC1=NOC(O)=C1[O-],[NH3+]Cc1noc(O)c1[O-],1
2444,CN1CC2OC2C1C#N,CN1CC2OC2C1C#N,4
2445,OC12C3C4C3N(C14)C2=N,N=C1N2C3C4C3C1(O)C42,1
2446,OCC#CC(C#C)C#N,C#CC(C#N)C#CCO,4
2447,CC12C3C1C1CC3C21O,CC12C3C1C1CC3C12O,1
2448,C1C=Cc2c(non2)N1,C1=Cc2nonc2NC1,1
2449,CCC(C#N)C(=O)CO,CCC(C#N)C(=O)CO,1
2450,CC12CC1C(CO2)=NO,CC12CC1C(=NO)CO2,3
2451,C1OCC11C2CN=CN12,C1=NCC2N1C21COC1,3
2452,c1c(c[nH]c1C(=O)N)N,NC(=O)c1cc(N)c[nH]1,2
2453,OC1C2CC3CCC1C23,OC1C2CCC3CC1C32,3
2454,CN1C=CC(=C1)C1CO1,Cn1ccc(C2CO2)c1,0
2455,CC1=CC2(C)NC2CC1,CC1=CC2(C)NC2CC1,4
2456,OC1C2OC3OCC2C13,OC1C2OC3OCC2C31,1
2457,C1CC1C1=CC2CC2C1,C1=C(C2CC2)CC2CC12,0
2458,C1COCC=C1C#N,N#CC1=CCOCC1,4
2459,COC(=N)NC(=O)C=O,COC(=N)NC(=O)C=O,2
2460,N=C1CCN2CC2CO1,N=C1CCN2CC2CO1,0
2461,O=COC1CCC11CO1,O=COC1CCC12CO2,4
2462,Cc1c(nccn1)C#N,Cc1nccnc1C#N,3
2463,OC1CCC2=C1C=NN2,OC1CCc2[nH]ncc21,2
2464,CCOC(=N)CC,CCOC(=N)CC,2
2465,CCN=C1C(=O)OCO1,CCN=C1OCOC1=O,0
2466,OC(C=O)C#CC1CC1,O=CC(O)C#CC1CC1,0
2467,C1C23COC12CCCC3,C1CCC23CC2(C1)CO3,4
2468,CC1C2COC(=O)C12,CC1C2COC(=O)C12,3
2469,Cn1c2cnoc2cn1,Cn1ncc2oncc21,1
2470,CC#CC1CC(C)C1,CC#CC1CC(C)C1,4
2471,C1CC2CCC12,C1CC2CCC12,0
2472,CC1CCN=COC1=O,CC1CCN=COC1=O,2
2473,CCC1=CCC(C1)(C)C,CCC1=CCC(C)(C)C1,3
2474,CC1COC(O1)C#N,CC1COC(C#N)O1,1
2475,OCC12CCC=CC1N2,OCC12CCC=CC1N2,3
2476,C#CC1OCCCO1,C#CC1OCCCO1,3
2477,OC1CCC1CC#N,N#CCC1CCC1O,4
2478,CC12CC1(C#C)C1NC21,C#CC12CC1(C)C1NC12,1
2479,CC1N=C2OC3C1C23,CC1N=C2OC3C2C13,2
2480,NC1CC1([NH3+])CC([O-])=O,NC1CC1([NH3+])CC(=O)[O-],0
2481,C1CC(O1)C1=CN=CN1,c1ncc(C2CCO2)[nH]1,4
2482,CCC1(C)OC11COC1,CCC1(C)OC12COC2,3
2483,CN1CC1C1(CO)CO1,CN1CC1C1(CO)CO1,3
2484,CC12NC(C3OC13)C2=O,CC12NC(C1=O)C1OC12,3
2485,CC12CCOCCC1O2,CC12CCOCCC1O2,1
2486,CC1C2C3CC=C1C23C,CC1C2=CCC3C1C23C,2
2487,C1OC1C1(CC1)N1CC1,C1OC1C1(N2CC2)CC1,4
2488,OC1C=CC2OC2C1O,OC1C=CC2OC2C1O,3
2489,CCC1C(=O)C2OC12C,CCC1C(=O)C2OC12C,3
2490,CCC12CN1CC2OC,CCC12CN1CC2OC,3
2491,NC=[NH+]C1=C(O)N=N[N-]1,NC=[NH+]c1[n-]nnc1O,2
2492,COC1C=CCC1C,COC1C=CCC1C,0
2493,C#CC(=O)C1CC1,C#CC(=O)C1CC1,0
2494,O=C1OC2CNC2C1=O,O=C1OC2CNC2C1=O,4
2495,c1c(con1)CC2CC2,c1nocc1CC1CC1,3
2496,O=COC1C2C3C1CN23,O=COC1C2CN3C2C13,2
2497,[NH3+]CCCC(O)C([O-])=O,[NH3+]CCCC(O)C(=O)[O-],3
2498,CC1C2C3C(N3C)C12C,CC1C2C3C(N3C)C12C,1
2499,OC1C2OCC(=N)OC12,N=C1COC2C(O)C2O1,3
2500,C1OC1C1CCN=CO1,C1=NCCC(C2CO2)O1,2
2501,OC1C=CC2=C1C=NN2,OC1C=Cc2[nH]ncc21,3
2502,N=C1CC2(CN2)CCO1,N=C1CC2(CCO1)CN2,0
2503,C1CC2OCCC1C=C2,C1=CC2CCC1CCO2,4
2504,O=C1C2OCC11OCC21,O=C1C2OCC13OCC23,4
2505,NC(=[NH2+])C1(CC1)C([O-])=O,NC(=[NH2+])C1(C(=O)[O-])CC1,4
2506,CC1OC2COC12CO,CC1OC2COC12CO,0
2507,CN=C1NC(C)=NC1C,CN=C1NC(C)=NC1C,4
2508,OC12C3CC3N3C1CC23,OC12C3CC3N3C1CC32,0
2509,CC1CC2OC12C(C)=O,CC(=O)C12OC1CC2C,1
2510,OCC12CN1CCCC2,OCC12CCCCN1C2,0
2511,CC1CCC=C2CCC12,CC1CCC=C2CCC21,1
2512,C1C2C3C=CC=CC2C13,C1=CC2C3CC2C3C=C1,3
2513,OC12CC(C=C1)C=CC2,OC12C=CC(C=CC1)C2,0
2514,C#CC12CCC1CCO2,C#CC12CCC1CCO2,1
2515,CC(=NO)COC(=O)N,CC(COC(N)=O)=NO,3
2516,COCC1(O)CC1C#N,COCC1(O)CC1C#N,2
2517,OC1CC2NC2C1=O,O=C1C(O)CC2NC12,0
2518,C#CC1C2OC1C21OC1,C#CC1C2OC1C21CO1,1
2519,CC1C2CCC1C2(C)C,CC1C2CCC1C2(C)C,4
2520,CC12CC(C1)(O2)C=O,CC12CC(C=O)(C1)O2,1
2521,C#CCc1cc[nH]n1,C#CCc1cc[nH]n1,4
2522,CC(=N)OC(C=O)C#C,C#CC(C=O)OC(C)=N,0
2523,CC1NC1(C)C#N,CC1NC1(C)C#N,2
2524,C(c1nnc(o1)CN)N,NCc1nnc(CN)o1,4
2525,CCC1(C)C2OC(C)C12,CCC1(C)C2OC(C)C21,0
2526,C1CC1N=COC2CC2,C(=NC1CC1)OC1CC1,2
2527,OC1CC11CN=CO1,OC1CC12CN=CO2,3
2528,CC1C2OC1(C)C(C)=C2,CC1=CC2OC1(C)C2C,1
2529,COc1ccno1,COc1ccno1,1
2530,C1C2CCC3CC(C3)C12,C1CC2CC2C2CC1C2,1
2531,CN=C1OC2(CC12)C=O,CN=C1OC2(C=O)CC12,1
2532,CC12COC(CO1)C2O,CC12COC(CO1)C2O,4
2533,CC#CC1CCCCO1,CC#CC1CCCCO1,1
2534,COC12CN3C(C=C1)C23,COC12C=CC3C1N3C2,4
2535,C#CC1CC=CC1C#N,C#CC1CC=CC1C#N,3
2536,CC(=O)c1cnn(n1)C,CC(=O)c1cnn(C)n1,1
2537,OC1CC2(C1)COC=N2,OC1CC2(COC=N2)C1,0
2538,N=C1CC(C#C)N1C=O,C#CC1CC(=N)N1C=O,2
2539,C#CC1(CNC1)OC=O,C#CC1(OC=O)CNC1,0
2540,CC1(C)NC(C#N)C1=O,CC1(C)NC(C#N)C1=O,0
2541,CC(C)(C#N)C(N)C#N,CC(C)(C#N)C(N)C#N,1
2542,CC12CC(CO1)N=CO2,CC12CC(CO1)N=CO2,1
2543,CCN1C2CC(C2)C1=O,CCN1C(=O)C2CC1C2,2
2544,CC1(O)COC2CC12,CC1(O)COC2CC21,2
2545,CC1CC=CC1C(N)=O,CC1CC=CC1C(N)=O,4
2546,CC#CCC#CCO,CC#CCC#CCO,4
2547,OC1CCC1C(=O)C#N,N#CC(=O)C1CCC1O,2
2548,N=C1OCC=CC2NC12,N=C1OCC=CC2NC12,3
2549,CC1C2C(=O)CC12C#C,C#CC12CC(=O)C1C2C,1
2550,OC12CC1OC2,OC12COC1C2,1
2551,CC1C2C3C(N3C)C12O,CC1C2C3C(N3C)C12O,4
2552,C#CC12CC(CO1)C=C2,C#CC12C=CC(CO1)C2,0
2553,N=C1ON=CC(=O)C=N1,N=c1ncc(=O)cno1,0
2554,COC1CN=C(CO)O1,COC1CN=C(CO)O1,0
2555,CC1C2(O)CC1(O)C2C,CC1C2(O)CC1(O)C2C,2
2556,OC(C#N)C1CC(=O)O1,N#CC(O)C1CC(=O)O1,3
2557,CC1(C=O)C2CC(O)C12,CC1(C=O)C2CC(O)C21,4
2558,CCC1C(O)CN1C=O,CCC1C(O)CN1C=O,0
2559,Cc1coc(n1)N=CN,Cc1coc(N=CN)n1,3
2560,CC1(C)OC1CN1CC1,CC1(C)OC1CN1CC1,4
2561,c1c([nH]c(n1)O)CCO,OCCc1cnc(O)[nH]1,2
2562,COCCC1OCC1O,COCCC1OCC1O,2
2563,c1c(c(on1)N)CCO,Nc1oncc1CCO,1
2564,COCc1conn1,COCc1conn1,0
2565,CC#CC1(CO1)C(C)C,CC#CC1(C(C)C)CO1,1
2566,CCC1C(OC1=N)C=O,CCC1C(=N)OC1C=O,4
2567,CC1N=C(N)NC1=O,CC1N=C(N)NC1=O,0
2568,Cc1cc(c(o1)NC)O,CNc1oc(C)cc1O,2
2569,CC1CC(=O)NC(=O)C1,CC1CC(=O)NC(=O)C1,3
2570,CC1CN1C(C=O)C=O,CC1CN1C(C=O)C=O,3
2571,COC1CC(=O)C=C1N,COC1CC(=O)C=C1N,1
2572,CC1(O)C(O)C1(C)C#C,C#CC1(C)C(O)C1(C)O,4
2573,OCCC1=CCC2OC12,OCCC1=CCC2OC12,2
2574,CCCC12CCC1OC2,CCCC12CCC1OC2,0
2575,OC(C#C)C1CO1,C#CC(O)C1CO1,4
2576,O=CC1CC2C1C1CN21,O=CC1CC2C1C1CN21,4
2577,CC1OCC1(C)CCO,CC1OCC1(C)CCO,0
2578,CC12CC1COCC2,CC12CCOCC1C2,1
2579,CC(C)CC1C(C)N1C,CC(C)CC1C(C)N1C,4
2580,c1cnc(nc1)CO,OCc1ncccn1,1
2581,CC1C(O)C2OCC12O,CC1C(O)C2OCC12O,0
2582,CC12CC(O)(C1)C21CO1,CC12CC(O)(C1)C21CO1,1
2583,CCCC#CC1CC1,CCCC#CC1CC1,1
2584,CCCN=COCC#C,C#CCOC=NCCC,4
2585,CC12C3C(O)C(N13)C2=O,CC12C(=O)C3C(O)C1N32,3
2586,CC1=CC2CC(=O)N2C1,CC1=CC2CC(=O)N2C1,2
2587,N=C1OCC11C2CC1O2,N=C1OCC12C1CC2O1,3
2588,OCC1C=CNC1=O,O=C1NC=CC1CO,1
2589,CC(=O)CC(=N)NC=O,CC(=O)CC(=N)NC=O,1
2590,CC1=CC2C(O)C1C2O,CC1=CC2C(O)C1C2O,2
2591,CC1=NOC(O)=CC1=N,Cc1noc(O)cc1=N,4
2592,OC1(CC2CCC12)C#C,C#CC1(O)CC2CCC21,4
2593,O=C1OC23CC12COC3,O=C1OC23COCC12C3,2
2594,CC12C3CC=C1CN23,CC12C3=CCC1N2C3,3
2595,CC1(CO1)C1COC=N1,CC1(C2COC=N2)CO1,0
2596,CC#CC1CC(O)CO1,CC#CC1CC(O)CO1,4
2597,COC1CCC(O1)C#N,COC1CCC(C#N)O1,0
2598,CC12OC(=N)C1CC2O,CC12OC(=N)C1CC2O,2
2599,OC1C2CCC1(O2)C#N,N#CC12CCC(O1)C2O,0
2600,CCC1CCC1(C)C,CCC1CCC1(C)C,4
2601,CC12CC(=N)OC1CO2,CC12CC(=N)OC1CO2,4
2602,C1NC23C=CC4C2OC134,C1=CC23NCC24OC3C14,3
2603,C#CC1CC11CCCO1,C#CC1CC12CCCO2,0
2604,CC1C2C(=O)N(C)C12C,CC1C2C(=O)N(C)C12C,2
2605,NC1(C#N)C2C3CC2C13,N#CC1(N)C2C3CC2C31,1
2606,CCC1CC=CC(=O)N1,CCC1CC=CC(=O)N1,2
2607,C(C(=O)N)N=COC=O,NC(=O)CN=COC=O,0
2608,C1CC1CC(=N)NC=O,N=C(CC1CC1)NC=O,0
2609,CN=C1N2CC2C1(C)O,CN=C1N2CC2C1(C)O,4
2610,OC1C2COC22COC12,OC1C2COC23COC13,3
2611,CC1OC2CC3OCC123,CC1OC2CC3OCC132,0
2612,OC1COC(=N)N2CC12,N=C1OCC(O)C2CN12,4
2613,O=C1COCCC11CO1,O=C1COCCC12CO2,3
2614,CC(=NC)OCCC#N,CN=C(C)OCCC#N,4
2615,CC12CCC(C)(CC1)C2,CC12CCC(C)(CC1)C2,3
2616,CC12C3CC1C3CC2=O,CC12C(=O)CC3C1CC32,3
2617,CC1CN1CCO,CC1CN1CCO,4
2618,C1C(CC(=O)NC1=O)O,O=C1CC(O)CC(=O)N1,3
2619,CC(=O)n1ncc(n1)O,CC(=O)n1ncc(O)n1,4
2620,CCCC1CC1(C)C#C,C#CC1(C)CC1CCC,0
2621,OCC(=N)N1CC(=O)C1,N=C(CO)N1CC(=O)C1,3
2622,C(CCO)CCO,OCCCCCO,3
2623,CC(C)(C#C)OCC#C,C#CCOC(C)(C)C#C,3
2624,OC(C#N)C(O)C1CC1,N#CC(O)C(O)C1CC1,4
2625,CC1(CO1)C1=CNC=C1,CC1(c2cc[nH]c2)CO1,0
2626,COCC(C)OC(C)=N,COCC(C)OC(C)=N,0
2627,C1CC2CC(CC=C2)O1,C1=CC2CCOC(C1)C2,2
2628,CC12CC(OC=O)C1N2,CC12CC(OC=O)C1N2,4
2629,O=C1C2C=CC11COC21,O=C1C2C=CC13COC23,4
2630,CC1=CCOC1=N,CC1=CCOC1=N,3
2631,CC12CN1CCOCC2,CC12CCOCCN1C2,3
2632,CC1C(C#C)N1C=O,C#CC1C(C)N1C=O,2
2633,O=CC1COC1C1CO1,O=CC1COC1C1CO1,3
2634,COC(C)C1CC(C)C1,COC(C)C1CC(C)C1,2
2635,CCOC12CC1N1CC21,CCOC12CC1N1CC12,3
2636,CC1=CCOC1,CC1=CCOC1,1
2637,C#CC1=C(COC1)C#C,C#CC1=C(C#C)COC1,4
2638,CCOC(C)CC(C)O,CCOC(C)CC(C)O,1
2639,CCC1NC(C#N)C1N,CCC1NC(C#N)C1N,1
2640,OC1(CNC1=O)C1CC1,O=C1NCC1(O)C1CC1,3
2641,COC1(C)C2C3CC1C23,COC1(C)C2CC3C2C31,1
2642,CC(O)C12CC(O1)C2C,CC(O)C12CC(O1)C2C,3
2643,c1c(nc(o1)O)N2CC2,Oc1nc(N2CC2)co1,2
2644,CC1(C=O)C2CC1O2,CC1(C=O)C2CC1O2,0
2645,N#CC1OC2CCC2=C1,N#CC1C=C2CCC2O1,4
2646,Cc1c(c(=O)cco1)O,Cc1occc(=O)c1O,4
2647,Cc1nnc2n1nco2,Cc1nnc2ocnn12,3
2648,O=C1CC2CC1C(=O)C2,O=C1CC2CC(=O)C1C2,3
2649,C(CO)C(=O)C=O,O=CC(=O)CCO,4
2650,CC12CC1(C)C(=O)O2,CC12CC1(C)C(=O)O2,4
2651,NC(=O)C12CC3C1N3C2,NC(=O)C12CC3C1N3C2,0
2652,CC1C2CC2(C#N)C1C,CC1C(C)C2(C#N)CC12,1
2653,CC(C)(CN(C)C=O)O,CN(C=O)CC(C)(C)O,1
2654,CC12N=COC3C1CC23,CC12N=COC3C1CC32,4
2655,CC1OCC1C1CC1O,CC1OCC1C1CC1O,4
2656,CC12CC1C(CO)=CC2,CC12CC=C(CO)C1C2,2
2657,CC(O)C1=CC=C(N)N1,CC(O)c1ccc(N)[nH]1,1
2658,c1c2c(n[nH]1)OCCO2,c1[nH]nc2c1OCCO2,0
2659,CC1(CO1)C1(O)COC1,CC1(C2(O)COC2)CO1,0
2660,CNC1C(O)C1(C)C#N,CNC1C(O)C1(C)C#N,3
2661,NC1=NC(CO1)C1CC1,NC1=NC(C2CC2)CO1,2
2662,c1c(cncc1N)CO,Nc1cncc(CO)c1,1
2663,OCCC1C(O)C1C#N,N#CC1C(O)C1CCO,3
2664,CC1OC(=O)C1(C)O,CC1OC(=O)C1(C)O,2
2665,C#Cc1c[nH]c(n1)O,C#Cc1c[nH]c(O)n1,2
2666,O=C1OCCC2CC1N2,O=C1OCCC2CC1N2,2
2667,COC1CC1C(F)(F)F,COC1CC1C(F)(F)F,4
2668,CN(C=N)c1ccoc1,CN(C=N)c1ccoc1,3
2669,c1c(c(=O)onn1)N,Nc1cnnoc1=O,3
2670,C1C2N1CC1=C2OC=C1,c1cc2c(o1)C1CN1C2,1
2671,CC12CC(C1)(C#N)C2=O,CC12CC(C#N)(C1)C2=O,1
2672,CC1OC1C1CC(=O)O1,CC1OC1C1CC(=O)O1,3
2673,OC1CC(O)C1CC#C,C#CCC1C(O)CC1O,3
2674,CC(C)CCCOC,COCCCC(C)C,3
2675,C1CC(C1)C2(CC2)C#N,N#CC1(C2CCC2)CC1,0
2676,CNC(=O)C(=O)OC=N,CNC(=O)C(=O)OC=N,2
2677,CCOC(C)C1OC1C,CCOC(C)C1OC1C,1
2678,OC1C2N=CNC12C#N,N#CC12NC=NC1C2O,4
2679,CC#CC1COCC=C1,CC#CC1C=CCOC1,0
2680,COC1CC(=O)CO1,COC1CC(=O)CO1,3
2681,CN=C(C(=O)C(=O)N)N,CN=C(N)C(=O)C(N)=O,0
2682,CNC1C(=O)COC1=O,CNC1C(=O)COC1=O,0
2683,CC1=NC(=N)C=CN=C1,Cc1cnccc(=N)n1,1
2684,CC1CCCC(=O)NC1,CC1CCCC(=O)NC1,0
2685,C1CC1C1OC2CCC12,C1CC1C1OC2CCC21,3
2686,C1CC(=NO)C(=O)C1,O=C1CCCC1=NO,0
2687,O=C1NC=C2C3CC3C12,O=C1NC=C2C3CC3C12,3
2688,CC1(CNC(=O)C=C1)C,CC1(C)C=CC(=O)NC1,4
2689,OC1CC2C(O)CC12,OC1CC2C(O)CC12,3
2690,N=C1OC2CC1C1CC21,N=C1OC2CC1C1CC21,0
2691,CC1CC11CN=CO1,CC1CC12CN=CO2,3
2692,OC1C2OC11CCCC21,OC1C2OC13CCCC23,1
2693,CCC12CC3(O)CC1C23,CCC12CC3(O)CC1C32,0
2694,c1c(nnc(n1)CO)F,OCc1ncc(F)nn1,0
2695,CCCC1CCC1O,CCCC1CCC1O,1
2696,CCC12CN1CC2CO,CCC12CN1CC2CO,0
2697,CC12OCC1CN1CC21,CC12OCC1CN1CC12,2
2698,CC1=CN2CC2(C)C1=O,CC1=CN2CC2(C)C1=O,2
2699,CC(O)C(O)C(N)=O,CC(O)C(O)C(N)=O,4
2700,Cc1c(nn(c1O)C)N,Cc1c(N)nn(C)c1O,1
2701,CCC12CC1C(=O)O2,CCC12CC1C(=O)O2,4
2702,N=C1CC=CNC(=O)N1,N=C1CC=CNC(=O)N1,3
2703,CC(C)CN=CNC=O,CC(C)CN=CNC=O,2
2704,c1cnc(cc1C=O)O,O=Cc1ccnc(O)c1,2
2705,CC(O)COC(=O)C#N,CC(O)COC(=O)C#N,2
2706,C1C(=O)NC1(CO)CO,O=C1CC(CO)(CO)N1,0
2707,COC(=O)N1CCC=C1,COC(=O)N1C=CCC1,2
2708,CC(O)C1C(C)OC1C,CC(O)C1C(C)OC1C,1
2709,CC12CC1C1(CO)CC21,CC12CC1C1(CO)CC21,0
2710,CC1CN1C1CCC1C,CC1CCC1N1CC1C,3
2711,CN1Cc2conc2C1,CN1Cc2conc2C1,0
2712,c1nc(on1)CO,OCc1ncno1,0
2713,C(C(=O)C#CC(=O)N)O,NC(=O)C#CC(=O)CO,2
2714,N#CC1C=CCC11CO1,N#CC1C=CCC12CO2,1
2715,O=CC12C3OC1C1C3N21,O=CC12C3OC1C1C3N12,0
2716,CN(C=O)C12CC(C1)C2,CN(C=O)C12CC(C1)C2,0
2717,CC1CNC(=N)NC1=O,CC1CNC(=N)NC1=O,0
2718,CC(O)C12CC1C(O)C2,CC(O)C12CC(O)C1C2,1
2719,CNC1C2OC(C)=NC12,CNC1C2N=C(C)OC21,1
2720,COCC1(O)COC1C,COCC1(O)COC1C,4
2721,O=CC1NC2C3CN3C12,O=CC1NC2C3CN3C12,4
2722,CCN(C=O)C(=O)NC,CCN(C=O)C(=O)NC,0
2723,CC12CC1CC2(O)C#N,CC12CC1CC2(O)C#N,2
2724,CCC1CC2C(CO)C12,CCC1CC2C(CO)C12,3
2725,CN1CC1C1=NNC=N1,CN1CC1c1nc[nH]n1,0
2726,OCC1(CCO1)C1CC1,OCC1(C2CC2)CCO1,4
2727,CN1C(=N)OC(O)=C1C,Cc1c(O)oc(=N)n1C,2
2728,COC12CC1C(C)C2,COC12CC(C)C1C2,3
2729,O=CC1C2COC12,O=CC1C2COC12,4
2730,CC12CCC1=CC(=O)N2,CC12CCC1=CC(=O)N2,3
2731,CN=C1C(=CCO1)C#C,C#CC1=CCOC1=NC,0
2732,N#CCC1OC2CC2O1,N#CCC1OC2CC2O1,4
2733,CC1CCOC1,CC1CCOC1,4
2734,CN1C2C3CC2C13C,CN1C2C3CC2C31C,1
2735,CC1(C)CC(CC=O)O1,CC1(C)CC(CC=O)O1,2
2736,O=C1CN=C(N1)C1CO1,O=C1CN=C(C2CO2)N1,2
2737,CC(=O)C(=O)C1CCO1,CC(=O)C(=O)C1CCO1,4
2738,CC12NC1CCC21CO1,CC12NC1CCC21CO1,3
2739,OC1C2NCC12OC=N,N=COC12CNC1C2O,1
2740,CC#CC1=NCCO1,CC#CC1=NCCO1,2
2741,CCC1CC1C(O)C#N,CCC1CC1C(O)C#N,1
2742,C1C2OC22CCCC=C12,C1=C2CC3OC23CCC1,1
2743,CN1CC=CC(=NO)C1,CN1CC=CC(=NO)C1,3
2744,C1OC2C3OCC1OC23,C1OC2C3OCC1OC23,1
2745,CCC1OC(CC)C1O,CCC1OC(CC)C1O,4
2746,O=C1CNC1CCC#C,C#CCCC1NCC1=O,1
2747,CCn1cc(nc1O)N,CCn1cc(N)nc1O,2
2748,CCC1=CC2CC1CO2,CCC1=CC2CC1CO2,2
2749,CCC(C)CC(O)CC,CCC(C)CC(O)CC,2
2750,CC12CCCC11CC2O1,CC12CCCC13CC2O3,1
2751,N=COC(CC#N)C#C,C#CC(CC#N)OC=N,2
2752,NC(CCOC=O)C#N,N#CC(N)CCOC=O,1
2753,O=C1C2C3C(N13)C21CC1,O=C1C2C3C(N13)C21CC1,2
2754,Cc1cnc(cn1)C#N,Cc1cnc(C#N)cn1,4
2755,CCCCCC(=O)NC,CCCCCC(=O)NC,4
2756,CC1(C)OC2CCC1O2,CC1(C)OC2CCC1O2,2
2757,c1c(c([nH]n1)O)CCO,OCCc1cn[nH]c1O,4
2758,CCC1CC=C(C)CO1,CCC1CC=C(C)CO1,0
2759,COCC1(C)CCC1C,COCC1(C)CCC1C,1
2760,CNC(=O)CC(C)C=O,CNC(=O)CC(C)C=O,4
2761,COc1c([nH]nc1O)N,COc1c(O)n[nH]c1N,1
2762,O=CNC12CC1CC2,O=CNC12CCC1C2,0
2763,COC1CNCC(=O)C1,COC1CNCC(=O)C1,3
2764,O=CC1CC11CNC1=O,O=CC1CC12CNC2=O,3
2765,CCNC(=O)CCO,CCNC(=O)CCO,0
2766,CC1=CCOC(=O)OC1,CC1=CCOC(=O)OC1,2
2767,OC1C2CCC2NC1=O,O=C1NC2CCC2C1O,4
2768,C1C2COC3C4CC23N14,C1OC2C3CC24C1CN34,3
2769,C1CC12C(=NO)CN2,ON=C1CNC12CC2,2
2770,CC1(C)C2CC1C2CO,CC1(C)C2CC1C2CO,0
2771,CC1CC23CC12CCO3,CC1CC23CC12CCO3,2
2772,CN=COCCC1CC1,CN=COCCC1CC1,2
2773,O=C1C=C2CC3C2C13,O=C1C=C2CC3C1C23,4
2774,CC(=O)CC1CC1C#N,CC(=O)CC1CC1C#N,0
2775,O=C1CCC2OC2CC1,O=C1CCC2OC2CC1,0
2776,OC1(C#C)C2NC1C=C2,C#CC1(O)C2C=CC1N2,0
2777,CN1N=NC(=N)C(N)=N1,Cn1nnc(=N)c(N)n1,4
2778,CC(O)C1C2COCC12,CC(O)C1C2COCC21,1
2779,CN=C1CNC2CC2O1,CN=C1CNC2CC2O1,0
2780,C#CC(=O)C(CO)CO,C#CC(=O)C(CO)CO,2
2781,CC1C2CC2OC1C=O,CC1C(C=O)OC2CC21,3
2782,N=CN1CC1(C=O)C#N,N#CC1(C=O)CN1C=N,1
2783,CC12CC(C1)(O2)C#N,CC12CC(C#N)(C1)O2,0
2784,CCOC1=NCC(C)N1,CCOC1=NCC(C)N1,3
2785,C#CC#CC1(CO1)C#C,C#CC#CC1(C#C)CO1,0
2786,CC12CC1C1CC1(C)O2,CC12CC1C1CC1(C)O2,2
2787,CC1OC1(C)C(C)(C)C,CC1OC1(C)C(C)(C)C,3
2788,CC1N2CC(=O)C12C=O,CC1N2CC(=O)C12C=O,3
2789,CC1OC11CCOC1,CC1OC12CCOC2,4
2790,O=CC(OCC#N)C#C,C#CC(C=O)OCC#N,4
2791,CC1OC2CC3CC12C3,CC1OC2CC3CC12C3,3
2792,CC1CC=C2C3CC3C12,CC1CC=C2C3CC3C21,2
2793,CC1C2OC1(C)C1CC21,CC1C2OC1(C)C1CC21,4
2794,CC1=C2C(O)CC2CC1,CC1=C2C(O)CC2CC1,0
2795,OC1C2C3OCC2(O)C13,OC1C2C3OCC2(O)C13,2
2796,CC1OCC2NC2C1C,CC1OCC2NC2C1C,2
2797,OC12CC1CCN1CC21,OC12CC1CCN1CC12,3
2798,O=C1C2CC3CCN2C13,O=C1C2CC3CCN2C13,0
2799,COC1CCC(O)CC1,COC1CCC(O)CC1,3
2800,c1c(c(=O)onc1N)O,Nc1cc(O)c(=O)on1,4
2801,COC(=O)C1COC1,COC(=O)C1COC1,0
2802,CC(C)N=COC=O,CC(C)N=COC=O,0
2803,C1COCOC(=N1)C=O,O=CC1=NCCOCO1,4
2804,C1C2CC3(CN=CO3)C12,C1=NCC2(CC3CC32)O1,1
2805,CC1C2CC3(CO3)C1O2,CC1C2CC3(CO3)C1O2,4
2806,CC1(C=O)C2CCC1O2,CC1(C=O)C2CCC1O2,2
2807,CC1NC(C=O)C11CN1,CC1NC(C=O)C12CN2,0
2808,CCC12CC1CNC2=O,CCC12CC1CNC2=O,2
2809,C1OC11CC=CC2CC12,C1=CC2CC2C2(C1)CO2,3
2810,O=CC12NC1CC=C2,O=CC12C=CCC1N2,1
2811,CC12CN=CN1C2C=O,CC12CN=CN1C2C=O,3
2812,CC1C2CC1(C#C)C2=O,C#CC12CC(C1=O)C2C,0
2813,CC1(CC(=O)CC1=O)C,CC1(C)CC(=O)CC1=O,4
2814,CCC1C2OC(C#C)C12,C#CC1OC2C(CC)C12,4
2815,c1cnc-2nconc12,c1cc2nocnc-2n1,2
2816,CCC12CC(C1)C1CN21,CCC12CC(C1)C1CN12,0
2817,C1OC2C3C4C=CC12N34,C1=CC23COC2C2C1N23,3
2818,CC1CCC(=NO)C1C,CC1CCC(=NO)C1C,3
2819,CC1N=COCCC1=O,CC1N=COCCC1=O,0
2820,CC1C(O)C1C1CO1,CC1C(O)C1C1CO1,4
2821,CCC1(O)COC(=O)C1,CCC1(O)COC(=O)C1,4
2822,OC1CC2(O)C(C=O)C12,O=CC1C2C(O)CC12O,4
2823,O=CC1C2CC1N2C,CN1C2CC1C2C=O,2
2824,CC1C2CC(C)OC12,CC1CC2C(C)C2O1,3
2825,ON=C1CC(=O)N2CC12,O=C1CC(=NO)C2CN12,0
2826,N=C1OC2CNC12C=O,N=C1OC2CNC12C=O,2
2827,CC12CC3C1N3CCO2,CC12CC3C1N3CCO2,4
2828,CC(C)C1CC(C)C1C,CC(C)C1CC(C)C1C,3
2829,N=C1COC(=N)N1C=O,N=C1COC(=N)N1C=O,1
2830,C1C=C(COCO1)CO,OCC1=CCOCOC1,0
2831,CC(C)c1c[nH]nc1,CC(C)c1cn[nH]c1,0
2832,OC12CCC1C(C2)C#C,C#CC1CC2(O)CCC12,0
2833,CC(O)C1OCC(C)=C1,CC1=CC(C(C)O)OC1,0
2834,COC(=O)C(=O)C1CO1,COC(=O)C(=O)C1CO1,4
2835,CCn1ccc(n1)O,CCn1ccc(O)n1,0
2836,CC1CC2CN2C(=O)N1,CC1CC2CN2C(=O)N1,2
2837,CC12C3C1C1(O)CN3C21,CC12C3C1C1(O)CN3C12,4
2838,CC(O)C1COC11CC1,CC(O)C1COC12CC2,1
2839,C1COc2n1c(=O)on2,O=c1onc2n1CCO2,1
2840,CC1C2NC2C(=O)C1=O,CC1C(=O)C(=O)C2NC12,3
2841,CC(CO)OC(=N)CO,CC(CO)OC(=N)CO,2
2842,C1CC2C3C4C3C(=C1)C24,C1=C2C3C(CC1)C1C2C31,4
2843,CC1CC2OC12CO,CC1CC2OC12CO,0
2844,OCC(O)C1OC2CC12,OCC(O)C1OC2CC21,4
2845,OCC12CCC1N=CO2,OCC12CCC1N=CO2,4
2846,OC1CC23CC(CC12)O3,OC1CC23CC(CC12)O3,3
2847,C1C2N1CCC21COC1,C1CC2(COC2)C2CN12,2
2848,CCC1CCC(C)C1,CCC1CCC(C)C1,4
2849,C1OC23C1OC1C2NC31,C1OC23C1OC1C2NC13,3
2850,CC(=O)C1OC1(C)C#C,C#CC1(C)OC1C(C)=O,1
2851,CC(CO)(C#C)C1CN1,C#CC(C)(CO)C1CN1,1
2852,CC1CCOC11CC1O,CC1CCOC12CC2O,0
2853,COC1CCCC1(C)O,COC1CCCC1(C)O,0
2854,C1CC12CN=C(O2)C#N,N#CC1=NCC2(CC2)O1,3
2855,CN1C2CC1C21CN1,CN1C2CC1C21CN1,3
2856,COCc1c(cn[nH]1)O,COCc1[nH]ncc1O,0
2857,c1nc(c(c(=O)o1)O)O,O=c1ocnc(O)c1O,4
2858,O=CN1C2CC1C1OC21,O=CN1C2CC1C1OC12,3
2859,C1COC(=N1)C(=O)N,NC(=O)C1=NCCO1,0
2860,Cc1c(c[nH]c(=O)n1)F,Cc1nc(=O)[nH]cc1F,0
2861,CC1NC(=O)C1C1CN1,CC1NC(=O)C1C1CN1,4
2862,COC1C2CC1(C2)C#N,COC1C2CC1(C#N)C2,4
2863,CC12C(O)C1C1(O)CC21,CC12C(O)C1C1(O)CC12,1
2864,CC1CC2(CN2)C11CN1,CC1CC2(CN2)C12CN2,1
2865,CC(=O)CC(O)CC#N,CC(=O)CC(O)CC#N,1
2866,CC1CC2(CC2)CO1,CC1CC2(CC2)CO1,0
2867,CN1C(CO)C1(C)CO,CN1C(CO)C1(C)CO,3
2868,OC1CCC11OCC=C1,OC1CCC12C=CCO2,3
2869,C1OC2(OCC=C2)C=C1,C1=CC2(C=CCO2)OC1,3
2870,ON=C1C2CC2(O)C1O,ON=C1C(O)C2(O)CC12,3
2871,CC1[NH2+]C[C-](C=O)C1=O,CC1[NH2+]C[C-](C=O)C1=O,0
2872,OC12COC1C=CC2,OC12CC=CC1OC2,1
2873,CCC1(O)C2CC(=O)C12,CCC1(O)C2CC(=O)C21,0
2874,C1CC23NC2CCC3=C1,C1=C2CCC3NC23CC1,1
2875,CC12CC(C)(C#C)C1O2,C#CC1(C)CC2(C)OC12,4
2876,CN1CC2(O)CCN=C12,CN1CC2(O)CCN=C12,2
2877,CCOC(C)C#N,CCOC(C)C#N,4
2878,CC1C(C)C1(CO)C#C,C#CC1(CO)C(C)C1C,2
2879,C[NH2+]C(C#C)C([O-])=O,C#CC([NH2+]C)C(=O)[O-],2
2880,CC1(O)C2CCC12,CC1(O)C2CCC21,1
2881,CCC1COC1COC,CCC1COC1COC,2
2882,CCCC1COCC1O,CCCC1COCC1O,3
2883,CN1CC1C(=O)NC=N,CN1CC1C(=O)NC=N,3
2884,c1c[nH]c2c1[nH]nc2N,Nc1n[nH]c2cc[nH]c12,0
2885,NC(=O)CC(C#C)C#N,C#CC(C#N)CC(N)=O,0
2886,O=CNC(C=O)C1CO1,O=CNC(C=O)C1CO1,3
2887,CC(CCO)OC(C)=O,CC(=O)OC(C)CCO,4
2888,OC1C2CC(C=O)C12,O=CC1CC2C(O)C12,2
2889,COC1(C)C(O)C1C=O,COC1(C)C(O)C1C=O,0
2890,CCC1C2C3C2N2C3C12,CCC1C2C3C2N2C1C32,0
2891,OCC1CCC(=O)OC1,O=C1CCC(CO)CO1,3
2892,CC12CC3(O)CC3C1N2,CC12CC3(O)CC3C1N2,2
2893,COC(=O)C(C)O,COC(=O)C(C)O,4
2894,CNC12CN3C(C13)C2=O,CNC12CN3C(C1=O)C32,0
2895,C[NH+]1C2CC1(C2)C([O-])=O,C[NH+]1C2CC1(C(=O)[O-])C2,3
2896,CC12NC(=O)C3C1CC23,CC12NC(=O)C3C1CC32,2
2897,CC(C#C)C1COC1=N,C#CC(C)C1COC1=N,1
2898,N=COCC1CC(=N)O1,N=COCC1CC(=N)O1,4
2899,C1C2CC3NC3COC12,C1OC2CC2CC2NC12,0
2900,Cc1c([nH]cn1)C(C)C,Cc1nc[nH]c1C(C)C,2
2901,OC1C2OC1C2OC=O,O=COC1C2OC1C2O,3
2902,CC#CC(O)C1(C)CC1,CC#CC(O)C1(C)CC1,3
2903,CCC1N=C(N)NC1=O,CCC1N=C(N)NC1=O,2
2904,CC1CC(C)C(C)C1,CC1CC(C)C(C)C1,3
2905,CC(C=O)C1=CN=NO1,CC(C=O)c1cnno1,2
2906,[NH3+]C12COC1C2C([O-])=O,[NH3+]C12COC1C2C(=O)[O-],0
2907,OC1CNC=NC1C#N,N#CC1N=CNCC1O,2
2908,CC1=CC2(C)CC1CO2,CC1=CC2(C)CC1CO2,0
2909,CC12CC(=O)C1C2C#C,C#CC1C2C(=O)CC12C,3
2910,CC1C=C(C)C(=O)C1O,CC1=CC(C)C(O)C1=O,1
2911,CCC1(CC1C)OC=O,CCC1(OC=O)CC1C,2
2912,O=C1C2CC1N=COC2,O=C1C2COC=NC1C2,4
2913,O=C1CN2CC2CCN1,O=C1CN2CC2CCN1,1
2914,NC12C3OC1C3NC2=O,NC12C(=O)NC3C1OC32,4
2915,CC1OC11C(C)NC1=O,CC1NC(=O)C12OC2C,3
2916,CC1CCCN1CC#N,CC1CCCN1CC#N,0
2917,CCC1CCCCC1=O,CCC1CCCCC1=O,3
2918,CC(CO)C(C)OC=O,CC(CO)C(C)OC=O,0
2919,C1C2C3C4C2OCC1N34,C1OC2C3CC1N1C3C21,0
2920,CC1=CCC2OC(=N)C12,CC1=CCC2OC(=N)C12,3
2921,N#CC12CCC(CC1)O2,N#CC12CCC(CC1)O2,1
2922,C1C2C3C4C1C=CC2N34,C1=CC2C3CC1C1C3N21,4
2923,OC1CCCC(=C1)C#C,C#CC1=CC(O)CCC1,4
2924,CC1CCC(O)C(C)=C1,CC1=CC(C)CCC1O,2
2925,CCNc1c([nH]cn1)N,CCNc1nc[nH]c1N,1
2926,N=C1C=CC=NOC1=O,N=c1cccnoc1=O,4
2927,CC1([NH3+])CCC1C([O-])=O,CC1([NH3+])CCC1C(=O)[O-],0
2928,COc1cc([nH]n1)C#C,C#Cc1cc(OC)n[nH]1,1
2929,O=C1CCCC2CC1O2,O=C1CCCC2CC1O2,3
2930,CC12CC1(C=O)C=CC2,CC12CC=CC1(C=O)C2,1
2931,CCC1C2CC1(C)C2,CCC1C2CC1(C)C2,4
2932,CC(CCO)OC=N,CC(CCO)OC=N,0
2933,CC(C)C1CC(=O)N1C,CC(C)C1CC(=O)N1C,1
2934,COC=NCCCCO,COC=NCCCCO,2
2935,CC1OC2CC1CC=C2,CC1OC2C=CCC1C2,4
2936,CC12COC1(CN2)C#C,C#CC12CNC1(C)CO2,0
2937,N#CC12C3OC1COC23,N#CC12C3COC1C2O3,0
2938,CC1=C(F)C(=N)NN=C1,Cc1cn[nH]c(=N)c1F,0
2939,CCc1cnnnn1,CCc1cnnnn1,2
2940,CCC#CC1(CC)CN1,CCC#CC1(CC)CN1,2
2941,COc1coc(c1O)N,COc1coc(N)c1O,3
2942,OC1CCC(=N)OC1=O,N=C1CCC(O)C(=O)O1,3
2943,CC12CCC(CO1)CO2,CC12CCC(CO1)CO2,0
2944,CC#CC1(C)CC1C,CC#CC1(C)CC1C,3
2945,O=CC1(C#N)C2CCN12,N#CC1(C=O)C2CCN21,4
2946,C1C2CN3N=CN=C3N12,c1nc2n(n1)CC1CN21,4
2947,CCCC1CC(C1)=NO,CCCC1CC(=NO)C1,1
2948,CC1=C2COC2C(O)C1,CC1=C2COC2C(O)C1,1
2949,CC1C2C(O)C(CO)N12,CC1C2C(O)C(CO)N12,1
2950,CC(=O)C(C)(C)CO,CC(=O)C(C)(C)CO,3
2951,CC12NC1C(O)C21CC1,CC12NC1C(O)C21CC1,2
2952,C[NH2+]C1C[C-](C=O)C1=O,C[NH2+]C1C[C-](C=O)C1=O,1
2953,CC(C)OC(=O)C=O,CC(C)OC(=O)C=O,0
2954,C#CC1CCC=C1C#N,C#CC1CCC=C1C#N,2
2955,N=C1NN=CC(=O)C=C1,N=c1ccc(=O)cn[nH]1,2
2956,COC1C2CC=CCC12,COC1C2CC=CCC21,4
2957,O=C1CC2(CC2N1)C#C,C#CC12CC(=O)NC1C2,3
2958,CC#CC(=N)OCC#N,CC#CC(=N)OCC#N,3
2959,c1c(c(=O)nc([nH]1)O)N,Nc1c[nH]c(O)nc1=O,0
2960,COC1C(C#C)C1(C)O,C#CC1C(OC)C1(C)O,1
2961,CNc1cn[nH]c1CO,CNc1cn[nH]c1CO,1
2962,CC1CC(=O)C1C1CO1,CC1CC(=O)C1C1CO1,2
2963,Cc1ccc(nc1)C#C,C#Cc1ccc(C)cn1,0
2964,C1OC23COCC2CC13,C1OCC23OCC2CC13,2
2965,C1OC2C3OC3C3C1C23,C1OC2C3OC3C3C1C23,1
2966,CC#CCC(C)C(C)=O,CC#CCC(C)C(C)=O,0
2967,CC1CN2N=CN=C12,CC1Cn2ncnc21,0
2968,CC1C2C3OC4C3N1C24,CC1C2C3OC4C3N1C42,4
2969,c1[nH]c(c(n1)N2CC2)O,Oc1[nH]cnc1N1CC1,3
2970,O=CN1C2C3OC3C12,O=CN1C2C3OC3C21,1
2971,CC#CC(O)(C=O)C#C,C#CC(O)(C#CC)C=O,1
2972,[O-]C(=O)C1CC(=[NH2+])N1,[NH2+]=C1CC(C(=O)[O-])N1,3
2973,CC1=NCC(=O)N1C=O,CC1=NCC(=O)N1C=O,0
2974,CC1(C#N)C2NC2C1O,CC1(C#N)C(O)C2NC21,2
2975,OC12CC1(C#C)N1CC21,C#CC12CC1(O)C1CN12,0
2976,O=CC1CCN1C=O,O=CC1CCN1C=O,1
2977,CC1=NC(CO1)C=O,CC1=NC(C=O)CO1,0
2978,COC1C=CC(O)C1C,COC1C=CC(O)C1C,0
2979,c1[nH]c2c(n1)CCC=C2,C1=Cc2[nH]cnc2CC1,2
2980,CC1=NCC(O1)C1CC1,CC1=NCC(C2CC2)O1,1
2981,CC#CCNC(=O)C=O,CC#CCNC(=O)C=O,3
2982,N#CC12NC1C1COC21,N#CC12NC1C1COC12,1
2983,Cn1ncc(n1)N(=O)=O,Cn1ncc([N+](=O)[O-])n1,3
2984,COC1CC11CCC1C,COC1CC12CCC2C,1
2985,NC(=O)C(N)(CO)C#N,N#CC(N)(CO)C(N)=O,1
2986,OC1CC2CC2C1O,OC1CC2CC2C1O,3
2987,Cc1cnc([nH]1)C(=O)C,CC(=O)c1ncc(C)[nH]1,1
2988,CCCc1coc(=O)[nH]1,CCCc1coc(=O)[nH]1,0
2989,CC1CCC(=NO)C1O,CC1CCC(=NO)C1O,3
2990,CC1CC(=O)C2CC2O1,CC1CC(=O)C2CC2O1,3
2991,OC12CC=C3CC1C23,OC12CC=C3CC1C32,4
2992,C1C2C1C1C=CC3C2N13,C1=CC2C3C4CC4C1N23,4
2993,CN=C(C#C)OC=O,C#CC(=NC)OC=O,1
2994,N=C1OCOC(=N)C1=O,N=C1OCOC(=N)C1=O,0
2995,c1c(coc1N)CC=O,Nc1cc(CC=O)co1,0
2996,c1c(nc(c(n1)N)N)N,Nc1cnc(N)c(N)n1,2
2997,CC1C2CC(C)C(=O)N12,CC1CC2C(C)N2C1=O,2
2998,CC1C2CC2(O)C11CC1,CC1C2CC2(O)C12CC2,0
2999,c1c(c(c([nH]1)N)C#N)N,N#Cc1c(N)c[nH]c1N,1
3000,CC1C=C2CC3OC1C23,CC1C=C2CC3OC1C23,4
3001,CNc1c(non1)C#N,CNc1nonc1C#N,3
3002,Cc1nc(=NC)cno1,CN=c1cnoc(C)n1,1
3003,OCCC1C2C3CN2C13,OCCC1C2C3CN2C13,1
3004,Cc1ncc(c(n1)O)F,Cc1ncc(F)c(O)n1,3
3005,c1c(cncc1O)N,Nc1cncc(O)c1,1
3006,NC1C(N)C1C#N,N#CC1C(N)C1N,3
3007,CNC1=CN=NOC1=N,CNc1cnnoc1=N,1
3008,O=CC1C(C=O)C1C=O,O=CC1C(C=O)C1C=O,4
3009,O=C1COCCN2CC12,O=C1COCCN2CC12,3
3010,OC1C2CC3C2CCC13,OC1C2CC3C1CCC23,4
3011,CC1=C(N)OC(=N)C=N1,Cc1ncc(=N)oc1N,2
3012,CCOc1c[nH]c(n1)N,CCOc1c[nH]c(N)n1,0
3013,CCC1C(C#CC)N1C,CC#CC1C(CC)N1C,1
3014,C1CN1C1CC2CCC12,C1CC2C1CC2N1CC1,2
3015,OCC(CC#N)C=O,N#CCC(C=O)CO,3
3016,OC(COCC#N)C=O,N#CCOCC(O)C=O,4
3017,OC1=C(F)C(=N)N=NO1,N=c1nnoc(O)c1F,3
3018,O=C1NC2C1CC21CO1,O=C1NC2C1CC21CO1,0
3019,c1c(onc1O)CC#N,N#CCc1cc(O)no1,4
3020,CC1(CC1)[NH2+]CC([O-])=O,CC1([NH2+]CC(=O)[O-])CC1,4
3021,CNC(=O)C(=O)CC#C,C#CCC(=O)C(=O)NC,0
3022,CC#CC(CC#N)C#N,CC#CC(C#N)CC#N,3
3023,CC(C)C(OC=O)C=O,CC(C)C(C=O)OC=O,2
3024,CC1=NC=C(F)C(=N)N1,Cc1ncc(F)c(=N)[nH]1,2
3025,CN(CC1CO1)C(N)=O,CN(CC1CO1)C(N)=O,2
3026,OC1C=CC2OCC=C12,OC1C=CC2OCC=C12,3
3027,CC(=O)OC12CC1CC2,CC(=O)OC12CCC1C2,1
3028,c1c(n2c(n1)OCC2)O,Oc1cnc2n1CCO2,1
3029,O=CCCC(C=O)C#N,N#CC(C=O)CCC=O,0
3030,CC1=COC(=N)N1,Cc1coc(=N)[nH]1,2
3031,C1COCC(=O)CO1,O=C1COCCOC1,0
3032,CC1=CC(C)(NC1)C#N,CC1=CC(C)(C#N)NC1,4
3033,CNC(CO)(C#N)C#N,CNC(C#N)(C#N)CO,4
3034,C1C2COC3=CN=C1N23,c1nc2n3c1OCC3C2,0
3035,CC12CC1(O)CC=CC2,CC12CC=CCC1(O)C2,3
3036,COCC1CN(C1)C=O,COCC1CN(C=O)C1,3
3037,CC1COC(C)(C)CO1,CC1COC(C)(C)CO1,1
3038,CC(O)C12NC1C1OC21,CC(O)C12NC1C1OC12,1
3039,CC(C)C#CC(=O)C#N,CC(C)C#CC(=O)C#N,2
3040,CC1C(O)C(C)(C)C1O,CC1C(O)C(C)(C)C1O,4
3041,CC12CC(OC1)C2(C)C,CC12COC(C1)C2(C)C,1
3042,C1CC2=CCC3OC3C12,C1=C2CCC2C2OC2C1,1
3043,c1cc(cnc1)O,Oc1cccnc1,2
3044,O=CC1C2CCC1OC2,O=CC1C2CCC1OC2,1
3045,CC([NH3+])C1=N[N-]N=N1,CC([NH3+])c1nn[n-]n1,2
3046,OC1CCC2CN2C1=O,O=C1C(O)CCC2CN12,3
3047,OC1C=CC2CC3C2C13,OC1C=CC2CC3C1C23,4
3048,CCC1(CC=CC1)C=O,CCC1(C=O)CC=CC1,1
3049,CCNc1c[nH]cc1O,CCNc1c[nH]cc1O,0
3050,C1C2CC3(CC4NC34)N12,C1C2CC3(CC4NC43)N12,1
3051,CC1CC(C=C1C)C#N,CC1=CC(C#N)CC1C,3
3052,Cn1c(coc1=O)N,Cn1c(N)coc1=O,1
3053,Cc1cn[nH]c1NC=O,Cc1cn[nH]c1NC=O,0
3054,c1cc(=O)[nH]nc1N,Nc1ccc(=O)[nH]n1,2
3055,CC1N(C)C1(C)C(C)=O,CC(=O)C1(C)C(C)N1C,3
3056,CCC1CC=CCC1C,CCC1CC=CCC1C,0
3057,CNc1c(oc(n1)O)N,CNc1nc(O)oc1N,0
3058,COC1CCC(C)C1C,COC1CCC(C)C1C,0
3059,CC1CN1C(C=O)C#N,CC1CN1C(C#N)C=O,3
3060,CC1C(CO)C1CO,CC1C(CO)C1CO,1
3061,CCn1ccc(n1)NC,CCn1ccc(NC)n1,0
3062,CN1CCCCC1C#N,CN1CCCCC1C#N,1
3063,O=C1CC2CC1N=CO2,O=C1CC2CC1N=CO2,4
3064,CC1COCC=CC1,CC1CC=CCOC1,1
3065,CC1(CC(O1)C#C)C#C,C#CC1CC(C)(C#C)O1,4
3066,CC1NC1CC(O)C=O,CC1NC1CC(O)C=O,4
3067,O=CNC1(CC1)C1OC1,O=CNC1(C2CO2)CC1,3
3068,OC1(CC1)C12CC1CC2,OC1(C23CCC2C3)CC1,1
3069,CC1C(C=O)N2CC12C,CC1C(C=O)N2CC12C,1
3070,CC1(CC#CCO)CO1,CC1(CC#CCO)CO1,0
3071,CC1C2CN2CC1O,CC1C(O)CN2CC12,3
3072,CC(C=O)C(C)C1CC1,CC(C=O)C(C)C1CC1,1
3073,CC(C#C)(C#N)C(N)=O,C#CC(C)(C#N)C(N)=O,0
3074,CC1CN(C)C1C(N)=O,CC1CN(C)C1C(N)=O,4
3075,CNC(=O)CC1CO1,CNC(=O)CC1CO1,1
3076,Cc1cn2cc[nH]c2n1,Cc1cn2cc[nH]c2n1,3
3077,CCOCC#C,C#CCOCC,3
3078,CC1N(C)CC1=NO,CC1C(=NO)CN1C,2
3079,CC1(C#N)C2COC12,CC1(C#N)C2COC21,0
3080,COC1CC(C)C2NC12,COC1CC(C)C2NC12,2
3081,CC1C2CC3N1C23C=O,CC1C2CC3N1C23C=O,3
3082,CC(C)c1c(n[nH]n1)O,CC(C)c1n[nH]nc1O,1
3083,COc1ccoc1,COc1ccoc1,1
3084,CCC12CCC(C1)OC2,CCC12CCC(C1)OC2,1
3085,CC1C2CC(C2)C1C#C,C#CC1C2CC(C2)C1C,1
3086,CC1(C)OC2C(C=O)C12,CC1(C)OC2C(C=O)C21,2
3087,CC1CN(C=O)C(=N)O1,CC1CN(C=O)C(=N)O1,4
3088,CC12CC3CCC1(C)C23,CC12CCC3CC1(C)C32,4
3089,CC12C3OC1C3C2C=O,CC12C(C=O)C3C1OC32,4
3090,OCCC1C=CNC1=O,O=C1NC=CC1CCO,4
3091,Cn1c(cc(n1)N)C#N,Cn1nc(N)cc1C#N,0
3092,CCC12CC1C1(CC1)C2,CCC12CC1C1(CC1)C2,3
3093,Cc1c(cn[nH]1)COC,COCc1cn[nH]c1C,4
3094,CC12CC1C(C)(CO)C2,CC1(CO)CC2(C)CC12,1
3095,OC1CC1C(C=O)C=O,O=CC(C=O)C1CC1O,1
3096,OCC1CC1(O)CC=O,O=CCC1(O)CC1CO,0
3097,C1C(=O)C(=O)C(=O)CO1,O=C1COCC(=O)C1=O,3
3098,C1C2C3C1C1C=C3CC21,C1=C2CC3C1C1CC3C21,3
3099,C#Cc1cc(ncn1)O,C#Cc1cc(O)ncn1,3
3100,CCCC(O)COC=O,CCCC(O)COC=O,1
3101,Cc1ccc(=O)oc1O,Cc1ccc(=O)oc1O,0
3102,CN(C)C1(CC1)CC#N,CN(C)C1(CC#N)CC1,3
3103,N#CC1CC2CC(C2)C1,N#CC1CC2CC(C1)C2,3
3104,CC1CC(C)C2CC12,CC1CC(C)C2CC12,2
3105,CCCC1COC1=O,CCCC1COC1=O,3
3106,CNC(C#C)C#CC#N,C#CC(C#CC#N)NC,2
3107,O=CC1CCCC(=O)N1,O=CC1CCCC(=O)N1,4
3108,CC1CN2C(C=O)C12C,CC1CN2C(C=O)C12C,2
3109,C1CC1N1C2COCC12,C1CC1N1C2COCC21,3
3110,N#CC1(CN1)C1CN1,N#CC1(C2CN2)CN1,0
3111,CC1C2CC2(C=O)C1C,CC1C(C)C2(C=O)CC12,3
3112,COC1C2CC1C(O)C2,COC1C2CC(O)C1C2,3
3113,CCC1(C)CC(O1)C#C,C#CC1CC(C)(CC)O1,0
3114,OC1CC11CCCC=C1,OC1CC12C=CCCC2,3
3115,CC12OC1CC(=O)C=C2,CC12C=CC(=O)CC1O2,2
3116,CN=C1OCC1(C)C#C,C#CC1(C)COC1=NC,0
3117,CC#CC(=O)CC(C)O,CC#CC(=O)CC(C)O,4
3118,C#CCc1c(cno1)N,C#CCc1oncc1N,2
3119,CCOC(CC)C1CC1,CCOC(CC)C1CC1,0
3120,COC(C#N)C#CC=O,COC(C#N)C#CC=O,1
3121,c1cn(nn1)C(=O)CO,O=C(CO)n1ccnn1,1
3122,CC(=NO)C#C,C#CC(C)=NO,0
3123,N#CC12NCC1C1NC21,N#CC12NCC1C1NC12,0
3124,CNC(=O)C(=O)C(C)O,CNC(=O)C(=O)C(C)O,2
3125,CCC12CCC(O1)C2=O,CCC12CCC(O1)C2=O,0
3126,C1OC2CC3OCOC123,C1OC2CC3OCC23O1,0
3127,NC1=NC(=N)NC(=O)O1,N=c1nc(N)oc(=O)[nH]1,2
3128,OCC(O)(C=O)C1CO1,O=CC(O)(CO)C1CO1,1
3129,CC1OC(=N)CCC1=O,CC1OC(=N)CCC1=O,4
3130,OC12CC1(CC#N)NC2,N#CCC12CC1(O)CN2,0
3131,CC#CCC(C)CC#C,C#CCC(C)CC#CC,3
3132,CCC(OC)C(C)OC,CCC(OC)C(C)OC,1
3133,c1c(nc[nH]1)CC2CC2,c1nc(CC2CC2)c[nH]1,0
3134,CC(OCCCO)C#N,CC(C#N)OCCCO,2
3135,OCC1=CC(=O)CC1O,O=C1C=C(CO)C(O)C1,2
3136,CC(=O)C1CC1C#C,C#CC1CC1C(C)=O,0
3137,CC1C2NC2(C#N)C1C,CC1C(C)C2(C#N)NC12,4
3138,c1c(c(n[nH]1)NC=N)N,N=CNc1n[nH]cc1N,0
3139,C1C=C(CC1=O)CC=O,O=CCC1=CCC(=O)C1,3
3140,C1OC2C3C4C2C1N34,C1OC2C3C1N1C2C31,0
3141,OC1COC2=C1N=CO2,OC1COc2ocnc21,1
3142,C#Cc1cc(no1)C#N,C#Cc1cc(C#N)no1,4
3143,CCN(C=N)C(=N)C#N,CCN(C=N)C(=N)C#N,4
3144,CC#CCC(C)(O)C#C,C#CC(C)(O)CC#CC,4
3145,C#Cc1c[nH]c(n1)CO,C#Cc1c[nH]c(CO)n1,0
3146,CC12C3C1N1C3C21C=O,CC12C3C1N1C3C12C=O,3
3147,CC1CC2(NC12)C#C,C#CC12CC(C)C1N2,2
3148,CC(=O)C(O)CC1CO1,CC(=O)C(O)CC1CO1,2
3149,CN=C1CCC(O1)C=O,CN=C1CCC(C=O)O1,3
3150,O=C1CNC2CC2OC1,O=C1CNC2CC2OC1,3
3151,CC1C(C#N)C1(C)O,CC1C(C#N)C1(C)O,2
3152,OC12CCN=C1NC=C2,OC12C=CNC1=NCC2,1
3153,OC1=C(NC=N1)OC=N,N=COc1[nH]cnc1O,3
3154,COCC1CC1C#CC,CC#CC1CC1COC,0
3155,CC(CC(C)=O)NC=O,CC(=O)CC(C)NC=O,2
3156,c1c2c(c[nH]1)nn[nH]2,c1[nH]cc2[nH]nnc12,0
3157,C1C=C(CO1)CCCO,OCCCC1=CCOC1,2
3158,CC1CCC2(O)CC12,CC1CCC2(O)CC12,4
3159,CCC1(CO1)C1(C)CO1,CCC1(C2(C)CO2)CO1,1
3160,CCOc1nc(no1)O,CCOc1nc(O)no1,3
3161,CC12CC1C(=N)OC2=O,CC12CC1C(=N)OC2=O,0
3162,CC1NC1(C#N)C1CO1,CC1NC1(C#N)C1CO1,1
3163,CC1COCC(C)(C)O1,CC1COCC(C)(C)O1,3
3164,CN1CCC(O)C1C#N,CN1CCC(O)C1C#N,0
3165,CC12C3C4N1C4(C#N)C23,CC12C3C4N1C4(C#N)C32,2
3166,C#CC12CN1CC=CC2,C#CC12CC=CCN1C2,0
3167,CC1(CCO)CC=CC1,CC1(CCO)CC=CC1,1
3168,NC1=CC(=[NH2+])O[C-]1C=O,Nc1cc(=[NH2+])o[c-]1C=O,3
3169,C(CO)c1c(onn1)N,Nc1onnc1CCO,3
3170,CCC1=C(O)NC(=N)O1,CCc1oc(=N)[nH]c1O,0
3171,CC12OC3C4OC1C2C34,CC12OC3C4OC1C2C43,0
3172,O=CC1CC=CC1C#C,C#CC1C=CCC1C=O,3
3173,CC(O)C1=NN(C)N=N1,CC(O)c1nnn(C)n1,3
3174,CC12CC1C(=N)NC2=O,CC12CC1C(=N)NC2=O,0
3175,N#CC1C2CN1CCN2,N#CC1C2CN1CCN2,3
3176,C(C1COCO1)N1CC1,C1OCC(CN2CC2)O1,4
3177,CN1C2C1C1OCC2O1,CN1C2C3COC(O3)C21,3
3178,CCCC1OC2COC12,CCCC1OC2COC12,2
3179,CCN(C=N)C(=O)NC,CCN(C=N)C(=O)NC,2
3180,CC12OC(=O)C1(C)C2O,CC12OC(=O)C1(C)C2O,1
3181,C1OC2C3CC(C3)OC12,C1C2CC1C1OCC1O2,0
3182,C1C2COC3CC(C3)C12,C1OC2CC(C2)C2CC12,1
3183,N=C1OC2C1C21CCC1,N=C1OC2C1C21CCC1,2
3184,CC1OCC2=C1C=NN2,CC1OCc2[nH]ncc21,0
3185,OC(C=O)C(=O)C1CO1,O=CC(O)C(=O)C1CO1,1
3186,CC(C#N)N1N=CC=N1,CC(C#N)n1nccn1,1
3187,CC1=NNC(=O)OC1=N,Cc1n[nH]c(=O)oc1=N,4
3188,CC1C2COC(C)CC12,CC1CC2C(C)C2CO1,4
3189,c1nc(=O)nc2n1CC2,O=c1ncn2c(n1)CC2,1
3190,CCC12CC(=NO)C1N2,CCC12CC(=NO)C1N2,2
3191,NC1C(O)C1(CO)C#N,N#CC1(CO)C(N)C1O,2
3192,O=CCN1C2CC=CC12,O=CCN1C2C=CCC21,2
3193,CC1OC2(C)CC2C=C1,CC1C=CC2CC2(C)O1,1
3194,[NH3+]C(CC([O-])=O)C1CN1,[NH3+]C(CC(=O)[O-])C1CN1,4
3195,CC12CN1C1CC21C#N,CC12CN1C1CC12C#N,4
3196,CCn1nc(nn1)C#C,C#Cc1nnn(CC)n1,2
3197,CC1C(C#N)C11COC1,CC1C(C#N)C12COC2,3
3198,O=C1CCC2=CCCC12,O=C1CCC2=CCCC12,4
3199,CC12CC(CO1)CC2O,CC12CC(CO1)CC2O,2
3200,Cc1ccnc(c1O)O,Cc1ccnc(O)c1O,1
3201,OC1CC2NC12,OC1CC2NC12,3
3202,NC(=O)CC(=O)C1CN1,NC(=O)CC(=O)C1CN1,2
3203,CC1(O)C2CCCC1O2,CC1(O)C2CCCC1O2,4
3204,CC1C=CCC1(C)C#N,CC1C=CCC1(C)C#N,2
3205,CC1C(C=O)C2OC12C,CC1C(C=O)C2OC12C,2
3206,CC1C2C3CC3(C)N12,CC1C2C3CC3(C)N12,0
3207,CC1NCC=C(C)C1=O,CC1=CCNC(C)C1=O,3
3208,O=CC12CNC(=O)C1O2,O=CC12CNC(=O)C1O2,4
3209,CC(C)C(=O)C#CCO,CC(C)C(=O)C#CCO,2
3210,CC12CC1(O)C1(CC1)C2,CC12CC3(CC3)C1(O)C2,1
3211,CCc1nc[nH]n1,CCc1nc[nH]n1,1
3212,CCC12CC3C1C1C2N31,CCC12CC3C1C1C2N31,1
3213,O=C1NCC2CC1CO2,O=C1NCC2CC1CO2,4
3214,CCC(C#N)C(C)O,CCC(C#N)C(C)O,3
3215,c1cc(=O)onnc1=O,O=c1ccc(=O)onn1,1
3216,CC1OC2CC2N2CC12,CC1OC2CC2N2CC12,3
3217,OC1CC2(CC2)C1C#C,C#CC1C(O)CC12CC2,0
3218,CC12CC1(OC2)C(N)=O,CC12COC1(C(N)=O)C2,2
3219,CC1=CC2OCC1O2,CC1=CC2OCC1O2,4
3220,CC(C)(CC=O)CC#C,C#CCC(C)(C)CC=O,0
3221,OC12CCC1N(C2)C=O,O=CN1CC2(O)CCC12,1
3222,CCCC1CC1C1CO1,CCCC1CC1C1CO1,2
3223,C#Cc1nnn(n1)C=O,C#Cc1nnn(C=O)n1,0
3224,Cn1c2c(nn1)onn2,Cn1nnc2onnc21,2
3225,CC1CC2C1CCC2O,CC1CC2C(O)CCC12,2
3226,C1COc2n1nc(n2)N,Nc1nc2n(n1)CCO2,4
3227,CC(CO)C(C)C#N,CC(C#N)C(C)CO,3
3228,Cn1c(c(c(n1)O)N)N,Cn1nc(O)c(N)c1N,3
3229,CN1C(CC11CC1)C=O,CN1C(C=O)CC12CC2,2
3230,CC(C)C(O)C(O)CO,CC(C)C(O)C(O)CO,2
3231,CC1CC=CC1CO,CC1CC=CC1CO,3
3232,CC12COC1C(=O)C2O,CC12COC1C(=O)C2O,2
3233,CC(O)C1CC2(CO2)C1,CC(O)C1CC2(CO2)C1,0
3234,NC1(CC1OC=O)C#N,N#CC1(N)CC1OC=O,4
3235,CC12CC1(O)CN2C=O,CC12CC1(O)CN2C=O,4
3236,CC1(C)OC1(C=O)C#N,CC1(C)OC1(C#N)C=O,2
3237,O=C1CC(CC#C)CO1,C#CCC1COC(=O)C1,1
3238,c1cc(n2c1CC2)CO,OCc1ccc2n1CC2,4
3239,N=C1NC2C=CCOC12,N=C1NC2C=CCOC12,1
3240,O=CC1C2COC(=O)N12,O=CC1C2COC(=O)N12,0
3241,OC1CC2C3OC2C3C1,OC1CC2C3OC2C3C1,4
3242,CN1CCC1(CO)C=O,CN1CCC1(C=O)CO,3
3243,CN1CC11C=CCC1=O,CN1CC12C=CCC2=O,4
3244,N=C1OC2CC3(CN3)C12,N=C1OC2CC3(CN3)C12,4
3245,CC1C(C#C)C1(C)C#C,C#CC1C(C)C1(C)C#C,3
3246,O=C1C=CC2OC12C#N,N#CC12OC1C=CC2=O,2
3247,CC1(C)C(O)CNC1=O,CC1(C)C(=O)NCC1O,0
3248,C#CC1CCCOC=N1,C#CC1CCCOC=N1,2
3249,CN1C(=N)C=NC=C1F,Cn1c(F)cncc1=N,2
3250,CC1=CON=CC1=N,Cc1concc1=N,1
3251,CC(O)C1=C(N)NC=N1,CC(O)c1nc[nH]c1N,0
3252,CC1C2C3OCC3CN12,CC1C2C3OCC3CN12,3
3253,CC1C2C3C2C2(C)C3C12,CC1C2C3C2C2(C)C1C32,1
3254,CN=C1NC(=N)OC1C,CN=C1NC(=N)OC1C,2
3255,COCC1(CN1)C(C)C,COCC1(C(C)C)CN1,4
3256,OC1CCC1(O)CC#N,N#CCC1(O)CCC1O,2
3257,C1CC1C(=NO)CC#N,N#CCC(=NO)C1CC1,4
3258,CCCCOCC#CC,CC#CCOCCCC,3
3259,CC1(CC(O)CO1)C=O,CC1(C=O)CC(O)CO1,3
3260,CC1(CO1)C1(C)COC1,CC1(C2(C)CO2)COC1,4
3261,CC#CCC#CC=O,CC#CCC#CC=O,3
3262,OC1C=C2C3C4C1C2N34,OC1C=C2C3C1C1C2N31,0
3263,CCCOCC(C)OC,CCCOCC(C)OC,1
3264,CC1C2(O)C3CC2C13O,CC1C2(O)C3CC2C13O,0
3265,C#CC1CC2OC1C=C2,C#CC1CC2C=CC1O2,4
3266,CC(C)(C)C(O)C=O,CC(C)(C)C(O)C=O,2
3267,CC1C2C3CC(C3)C12C,CC1C2C3CC(C3)C12C,0
3268,CNc1nccc(n1)O,CNc1nccc(O)n1,3
3269,CC12CC1(O)CC2C#C,C#CC1CC2(O)CC12C,0
3270,CC(C)(O)C1CC2OC12,CC(C)(O)C1CC2OC21,2
3271,OC1CC2CCN2C1=O,O=C1C(O)CC2CCN12,3
3272,CC1CN=CO1,CC1CN=CO1,3
3273,O=C1C2C3NC1COC23,O=C1C2COC3C(N2)C13,0
3274,O=C1NC(C#C)C2CC12,C#CC1NC(=O)C2CC12,4
3275,OC1C2CN2C1C#C,C#CC1C(O)C2CN12,1
3276,O=CC12CC1N1CC21,O=CC12CC1N1CC12,0
3277,C1NC1C1=CCC2OC12,C1=C(C2CN2)C2OC2C1,1
3278,CC1(OCC(=N)O1)C#C,C#CC1(C)OCC(=N)O1,0
3279,CC(C)c1ncon1,CC(C)c1ncon1,3
3280,CC1N2CC2(C#C)C1=O,C#CC12CN1C(C)C2=O,1
3281,CC(=O)C1C2NC2C1=O,CC(=O)C1C(=O)C2NC21,0
3282,CC#CC1C(C)C1(C)O,CC#CC1C(C)C1(C)O,4
3283,c1c(onn1)N2CCC2,c1nnoc1N1CCC1,2
3284,CN1CCOC(C1)C#N,CN1CCOC(C#N)C1,4
3285,CCC12CN3C4C3C1C24,CCC12CN3C4C3C1C42,2
3286,CC1CC11C2OC1C2=O,CC1CC12C1OC2C1=O,4
3287,Cc1c(oc(n1)C)N,Cc1nc(C)c(N)o1,4
3288,O=CC1CC23CC(C2)N13,O=CC1CC23CC(C2)N13,4
3289,CC1(CCC=C1C#C)C,C#CC1=CCCC1(C)C,0
3290,O=C1OCC11OC1C#N,N#CC1OC12COC2=O,0
3291,C1C2C3OCC33CN1C23,C1C2C3OCC34CN1C24,1
3292,OC1C2OCC2(O)C1=O,O=C1C(O)C2OCC12O,2
3293,C1CC11CC2(CO2)C=C1,C1=CC2(CO2)CC12CC2,0
3294,CCCC(C)(O)C(C)O,CCCC(C)(O)C(C)O,4
3295,O=CN1CC2C3C1CN23,O=CN1CC2C3C1CN23,0
3296,CC(O)CC1CN2CC12,CC(O)CC1CN2CC12,2
3297,COC1CC(=O)C1C#N,COC1CC(=O)C1C#N,3
3298,COC=Nc1cnn[nH]1,COC=Nc1cnn[nH]1,0
3299,C#CC#CC1(CCC1)O,C#CC#CC1(O)CCC1,3
3300,NCC(O)(CO)C#N,N#CC(O)(CN)CO,0
3301,N#CC12CN(C1)C1CC21,N#CC12CN(C1)C1CC12,1
3302,N#CC1CC=CC11CN1,N#CC1CC=CC12CN2,2
3303,CC(=O)C(=NCCO)N,CC(=O)C(N)=NCCO,2
3304,CC12C3CC1NC(=O)N23,CC12C3CC1N2C(=O)N3,1
3305,COC1(CC#N)CC1C,COC1(CC#N)CC1C,0
3306,CCc1nn(c(=O)o1)C,CCc1nn(C)c(=O)o1,1
3307,CCC1CCCC2OC12,CCC1CCCC2OC12,4
3308,CC(N=C(N)CO)C#C,C#CC(C)N=C(N)CO,4
3309,C1OC1C1CCC11CC1,C1OC1C1CCC12CC2,3
3310,CC1OCC2OC12C#N,CC1OCC2OC12C#N,1
3311,c1coc2c1[nH]nc2,c1cc2[nH]ncc2o1,1
3312,CC1CCC11CC(=O)N1,CC1CCC12CC(=O)N2,2
3313,C1CC2N=COCCC12,C1=NC2CCC2CCO1,2
3314,CC1C2CC(O)CC12C,CC1C2CC(O)CC12C,1
3315,OCC1C2C1C1OCC21,OCC1C2C3COC3C12,4
3316,C1C23CCC12OC=NC3,C1=NCC23CCC2(C3)O1,2
3317,CCC1CN1CCC#C,C#CCCN1CC1CC,4
3318,CCN1C(C)C1C#N,CCN1C(C)C1C#N,1
3319,NC1(CC#N)CC1O,N#CCC1(N)CC1O,4
3320,COCC(O)C1(C)CO1,COCC(O)C1(C)CO1,1
3321,CC12CC(O)C1NC2=O,CC12CC(O)C1NC2=O,2
3322,CC1C(CC11CC1)C#N,CC1C(C#N)CC12CC2,4
3323,CC1(CCC(O1)(C)C)C,CC1(C)CCC(C)(C)O1,0
3324,CCC1(C)C2C3CC2C13,CCC1(C)C2C3CC2C31,2
3325,CC1(CCC(=NO)C1)C,CC1(C)CCC(=NO)C1,3
3326,CCCC1(CCC1)OC,CCCC1(OC)CCC1,4
3327,OCC1NC1CC1CO1,OCC1NC1CC1CO1,2
3328,CC(C)c1ccn(c1)C,CC(C)c1ccn(C)c1,0
3329,CC1CC2(CO)C(O)C12,CC1CC2(CO)C(O)C12,0
3330,CCC12CC(C1)C2C,CCC12CC(C1)C2C,2
3331,C1CC(=O)OCCC=C1,O=C1CCC=CCCO1,2
3332,CC(C)(C)C1COCO1,CC(C)(C)C1COCO1,1
3333,CC#CC1OC(=O)C=C1,CC#CC1C=CC(=O)O1,2
3334,Cc1c(nc[nH]c1=O)C,Cc1nc[nH]c(=O)c1C,4
3335,COC1(CCC1)C(C)O,COC1(C(C)O)CCC1,2
3336,C1CC(C1)C#CCCO,OCCC#CC1CCC1,2
3337,COC1CC11CC(C)O1,COC1CC12CC(C)O2,2
3338,CCOc1cn[nH]c1O,CCOc1cn[nH]c1O,0
3339,N#CCN1CC2CC12,N#CCN1CC2CC21,2
3340,C1CC=C(C1)NC(=O)N,NC(=O)NC1=CCCC1,1
3341,CCCNc1ccno1,CCCNc1ccno1,3
3342,CC1OCC2C3CC3C12,CC1OCC2C3CC3C12,0
3343,CCC1COCC2CC12,CCC1COCC2CC12,0
3344,N#CC1=CCC2(CO2)C1,N#CC1=CCC2(CO2)C1,3
3345,OC12CC1C=C(C2)C#N,N#CC1=CC2CC2(O)C1,4
3346,OC1C2NC2C=CC1=O,O=C1C=CC2NC2C1O,3
3347,CC1(NCC1C=O)C#N,CC1(C#N)NCC1C=O,4
3348,CC(C#C)C1NCC1=O,C#CC(C)C1NCC1=O,2
3349,O=C1CC2(CN2)C(=O)N1,O=C1CC2(CN2)C(=O)N1,1
3350,CC1C2(C)C3CN2C13C,CC1C2(C)C3CN2C13C,4
3351,CC1(CC1CO)N1CC1,CC1(N2CC2)CC1CO,2
3352,CN1C2C3CC3C1C2O,CN1C2C(O)C1C1CC12,0
3353,C1CC(C1)N2CC(=O)C2,O=C1CN(C2CCC2)C1,0
3354,OC12CCN3CC1C23,OC12CCN3CC1C32,1
3355,C1C2=CC3C=C1C1C2N31,C1=C2CC3=CC1N1C2C31,0
3356,CCC1C(C)C(=O)C1C,CCC1C(C)C(=O)C1C,4
3357,CC(C)(CC1CC1)CO,CC(C)(CO)CC1CC1,3
3358,C1CNC(=NC1)C(=O)N,NC(=O)C1=NCCCN1,3
3359,OCC1(O)C2CCC1O2,OCC1(O)C2CCC1O2,2
3360,OC12CC1C1C2NC1=O,O=C1NC2C1C1CC12O,1
3361,C#CCN=C(CO)N,C#CCN=C(N)CO,0
3362,CC1(O)CC(=O)C=C1N,CC1(O)CC(=O)C=C1N,0
3363,N=COC1=CC=NC=C1,N=COc1ccncc1,3
3364,CC1=CCC(=N)NC1=O,CC1=CCC(=N)NC1=O,4
3365,CC12CC(O1)C2N1CC1,CC12CC(O1)C2N1CC1,0
3366,C1C(=O)CN1C(=O)C=O,O=CC(=O)N1CC(=O)C1,4
3367,CCCOCCC#CC,CC#CCCOCCC,1
3368,CC12CC3C(CCC1)C23,CC12CCCC3C(C1)C32,3
3369,CC1C2CCC1C1OC21,CC1C2CCC1C1OC21,3
3370,C#CC1C2C3C1CN23,C#CC1C2CN3C1C23,0
3371,OC1C2NC2CNC1=O,O=C1NCC2NC2C1O,4
3372,CC1CC(C#N)C1O,CC1CC(C#N)C1O,2
3373,OC1C2OCC2C1C#N,N#CC1C(O)C2OCC12,1
3374,N=C1COCOC(=N)N1,N=C1COCOC(=N)N1,2
3375,CC12OC1(CO)CC=C2,CC12C=CCC1(CO)O2,4
3376,N#CC12CN1CCC=C2,N#CC12C=CCCN1C2,3
3377,CC(N)C1(NC1C)C#N,CC(N)C1(C#N)NC1C,1
3378,CC1(CCO1)C1COC1,CC1(C2COC2)CCO1,0
3379,CC1(CN(C1)CC#N)O,CC1(O)CN(CC#N)C1,1
3380,CC1C2C3CC3CC12O,CC1C2C3CC3CC12O,2
3381,CC12CC1CC1OCC21,CC12CC1CC1OCC12,2
3382,O=C1COC(CN1)C#C,C#CC1CNC(=O)CO1,1
3383,CCCN(CC#C)C=O,C#CCN(C=O)CCC,2
3384,COC1=COC(=N)N1,COc1coc(=N)[nH]1,0
3385,CC12CC1CCC(=O)N2,CC12CC1CCC(=O)N2,3
3386,CN1C(C#C)C1C#C,C#CC1C(C#C)N1C,4
3387,CC12C3CC(C1O)C23O,CC12C(O)C3CC1C32O,1
3388,CC(C)C1C(C#C)N1C,C#CC1C(C(C)C)N1C,1
3389,Cn1cnc(c1C=O)N,Cn1cnc(N)c1C=O,1
3390,CC1C2OC3C2(C)C13O,CC1C2OC3C2(C)C13O,2
3391,CC12CC3C1N2C3C=O,CC12CC3C(C=O)N1C32,4
3392,CC(O)C1CNC1=O,CC(O)C1CNC1=O,2
3393,c1c(c(nc(n1)N)O)F,Nc1ncc(F)c(O)n1,1
3394,CC12CCC1(CCO)O2,CC12CCC1(CCO)O2,1
3395,Cc1cc(ccn1)C#N,Cc1cc(C#N)ccn1,2
3396,CNc1ccnc(c1)F,CNc1ccnc(F)c1,2
3397,CC1CCOC(C1)C=O,CC1CCOC(C=O)C1,1
3398,C1C2CC34CC(C3)C4N12,C1C2CC34CC(C3)C4N12,1
3399,CC1C=CCCC1=NO,CC1C=CCCC1=NO,4
3400,C#CCC(=O)CN1CC1,C#CCC(=O)CN1CC1,0
3401,C1C2N=C3NC4C2N1C34,C1C2N=C3NC4C3N1C24,1
3402,O=C1C2OC2CC1C#N,N#CC1CC2OC2C1=O,3
3403,CC1=NNC=C(O)C1=N,Cc1n[nH]cc(O)c1=N,0
3404,CNc1cnc(cn1)O,CNc1cnc(O)cn1,3
3405,CCC1C(CO)N1CC,CCC1C(CO)N1CC,3
3406,O=C1CC23CCC12CO3,O=C1CC23CCC12CO3,4
3407,CC([NH3+])(C#C)C([O-])=O,C#CC(C)([NH3+])C(=O)[O-],4
3408,C#CC1NC1(C#N)C#N,C#CC1NC1(C#N)C#N,0
3409,CCC12OCC1OC2C,CCC12OCC1OC2C,4
3410,CCC1(CC1O)NC=O,CCC1(NC=O)CC1O,2
3411,c1c(coc(=O)n1)CO,O=c1ncc(CO)co1,1
3412,CC12NC1(C)C(=O)C2O,CC12NC1(C)C(O)C2=O,2
3413,OC12CCC1CCOC2,OC12CCC1CCOC2,4
3414,N#CC1NCC2OCC12,N#CC1NCC2OCC12,2
3415,CC(O)C12CC1NC2=O,CC(O)C12CC1NC2=O,1
3416,C1C2(CN1C=O)COC2,O=CN1CC2(COC2)C1,2
3417,CN=C1OCC11NC1C,CN=C1OCC12NC2C,1
3418,OCC1CC11CCC1O,OCC1CC12CCC2O,0
3419,CC(C)c1cc(no1)N,CC(C)c1cc(N)no1,2
3420,NC(=O)C(C#N)C1CC1,N#CC(C(N)=O)C1CC1,0
3421,CC1(C=O)C2CC1C2=O,CC1(C=O)C2CC1C2=O,1
3422,O=C1C=CC2(NC12)C#N,N#CC12C=CC(=O)C1N2,4
3423,O=CC12CC1OC=NC2,O=CC12CN=COC1C2,1
3424,CC(=N)OC1=NNC=N1,CC(=N)Oc1nc[nH]n1,3
3425,O=C1CC2C3CN(C3)C12,O=C1CC2C3CN(C3)C12,0
3426,CC(CNCC#C)C#N,C#CCNCC(C)C#N,1
3427,CC1(O)C2COC2C1=O,CC1(O)C(=O)C2OCC21,4
3428,C#CC1OC2OC1C=C2,C#CC1OC2C=CC1O2,4
3429,CCC1C2OC1C1CC21,CCC1C2OC1C1CC12,1
3430,C#CC(=O)c1c[nH]cn1,C#CC(=O)c1c[nH]cn1,0
3431,C1CC1C12COCC1O2,C1CC1C12COCC1O2,3
3432,OC1CCCCCOC1,OC1CCCCCOC1,0
3433,OC1C2CC2CC1=O,O=C1CC2CC2C1O,3
3434,CC1COCC1C(C)=O,CC(=O)C1COCC1C,3
3435,O=CC12CC(C1)COC2,O=CC12COCC(C1)C2,4
3436,CC1(OC(=O)C=C1)C#C,C#CC1(C)C=CC(=O)O1,4
3437,O=CC(CC#C)C#C,C#CCC(C#C)C=O,0
3438,COC1(C)CCCC1C,COC1(C)CCCC1C,3
3439,CCC(C)(CO)C#CC,CC#CC(C)(CC)CO,3
3440,O=CC(CC#C)C1CO1,C#CCC(C=O)C1CO1,3
3441,CC12NC1C1OCC21,CC12NC1C1OCC12,3
3442,CCOc1ccc[nH]1,CCOc1ccc[nH]1,4
3443,ON=C1CC2OCOC12,ON=C1CC2OCOC12,3
3444,O=C1CCN=C2OCC12,O=C1CCN=C2OCC12,1
3445,OC12CN3CC1(C=O)C23,O=CC12CN3CC1(O)C32,0
3446,CC1(C)COCC1C#C,C#CC1COCC1(C)C,3
3447,COC(=N)N1CC1CO,COC(=N)N1CC1CO,0
3448,CCOCC#CC,CC#CCOCC,3
3449,c1cnoc1C2CCC2,c1cc(C2CCC2)on1,4
3450,CC1(C)OC1CC1CO1,CC1(C)OC1CC1CO1,3
3451,CCCC1(CCN1)C#N,CCCC1(C#N)CCN1,3
3452,CC1(C)CC1OC(N)=O,CC1(C)CC1OC(N)=O,4
3453,CCN=C(C)OCCO,CCN=C(C)OCCO,1
3454,CNC(C)(C=O)C#N,CNC(C)(C#N)C=O,1
3455,C(c1c([nH]nn1)N)O,Nc1[nH]nnc1CO,2
3456,Cc1nc(no1)N=CN,Cc1nc(N=CN)no1,3
3457,c1c2c(n[nH]1)NCCN2,c1[nH]nc2c1NCCN2,4
3458,CC1CC11CC2(C)NC12,CC1CC12CC1(C)NC12,4
3459,O=CC1COC(C1)C#C,C#CC1CC(C=O)CO1,0
3460,CCC12CC(C1C)C2O,CCC12CC(C1C)C2O,0
3461,CCC(=N)N(C=N)C=O,CCC(=N)N(C=N)C=O,3
3462,CC1C2C3OCC3(C)N12,CC1C2C3OCC3(C)N12,4
3463,CC#Cc1cc(n[nH]1)O,CC#Cc1cc(O)n[nH]1,4
3464,O=CC(=O)C12CC1CO2,O=CC(=O)C12CC1CO2,4
3465,C1C2OCC3N=CN1C23,C1=NC2COC3CN1C23,3
3466,CC1CNC(=O)OC=N1,CC1CNC(=O)OC=N1,3
3467,O=CCC1C2CC1C2=O,O=CCC1C2CC1C2=O,1
3468,CN1CC2NCC(=O)C12,CN1CC2NCC(=O)C21,1
3469,CCCOCCCCO,CCCOCCCCO,3
3470,OCCCC1CCC1=O,O=C1CCC1CCCO,3
3471,OC12CC3CC1CC23O,OC12CC3CC1CC32O,3
3472,OC(COCC#C)C#C,C#CCOCC(O)C#C,1
3473,CCC1(O)CCC=C1,CCC1(O)C=CCC1,2
3474,[NH3+]C(CC#C)C([O-])=O,C#CCC([NH3+])C(=O)[O-],4
3475,CC(C=O)C1(CC1)C#N,CC(C=O)C1(C#N)CC1,0
3476,CC12C3CC4C(OC14)C23,CC12C3CC4C(OC41)C32,3
3477,C#CC1(OC1C#N)C#C,C#CC1(C#C)OC1C#N,3
3478,CC1CCC2(CN2)C1=O,CC1CCC2(CN2)C1=O,3
3479,c1coc2c1CCN2,c1cc2c(o1)NCC2,4
3480,CC1NC=CC(=O)C1O,CC1NC=CC(=O)C1O,4
3481,CCC1=CC2CC2OC1,CCC1=CC2CC2OC1,3
3482,O=CC1OC2CN3C2C13,O=CC1OC2CN3C1C23,2
3483,CC1CCC2=C1CCC2,CC1CCC2=C1CCC2,1
3484,OC1CC11C2CN2C1=O,O=C1N2CC2C12CC2O,0
3485,C1CC1CC#CCCO,OCCC#CCC1CC1,1
3486,COC(=O)C(CO)C#N,COC(=O)C(C#N)CO,2
3487,O=C1C2C3C4C(CC14)N23,O=C1C2CC3C2C2C1N32,1
3488,CC(=O)C(C)(C)CC#N,CC(=O)C(C)(C)CC#N,0
3489,c1c(nc(nc1F)O)O,Oc1cc(F)nc(O)n1,2
3490,OCC1CC(=O)C1O,O=C1CC(CO)C1O,1
3491,C1CC(=O)CC(=O)NC1,O=C1CCCNC(=O)C1,0
3492,OC1(C=O)C2C3CC2C13,O=CC1(O)C2C3CC2C31,1
3493,COC1CCC(O)C1,COC1CCC(O)C1,0
3494,O=C(C#N)C1(CN1)C#C,C#CC1(C(=O)C#N)CN1,4
3495,CC1(CNC1C#C)C#N,C#CC1NCC1(C)C#N,1
3496,OCC1C2C3C2C(=O)N13,O=C1C2C3C(CO)N1C23,0
3497,C1CN=CNC(=O)OC1,O=C1NC=NCCCO1,3
3498,CC1OCC(=O)C(=N)O1,CC1OCC(=O)C(=N)O1,1
3499,CC1(CC1)C1(CO)CN1,CC1(C2(CO)CN2)CC1,1
3500,O=C1CC2CCCN12,O=C1CC2CCCN12,2
3501,CN(C=O)C(=O)NC=N,CN(C=O)C(=O)NC=N,2
3502,COC(C#C)C1CC1O,C#CC(OC)C1CC1O,3
3503,C#Cc1coc(n1)C#C,C#Cc1coc(C#C)n1,4
3504,C1CC2COC1CO2,C1CC2COC1CO2,3
3505,OCC1OC(=N)NC1=O,N=C1NC(=O)C(CO)O1,3
3506,OC(CC#C)C=O,C#CCC(O)C=O,3
3507,O=C1C=CC23CC(O2)C13,O=C1C=CC23CC(O2)C13,0
3508,CCC(C)C1C2COC12,CCC(C)C1C2COC21,4
3509,CC12CC3CC1(C#N)C23,CC12CC3CC1(C#N)C32,1
3510,N#CC1CC2CCC12,N#CC1CC2CCC12,4
3511,CCc1ccc[nH]1,CCc1ccc[nH]1,2
3512,CCC(OC(N)=O)C#N,CCC(C#N)OC(N)=O,0
3513,C(C#CCC(=O)N)C#N,N#CCC#CCC(N)=O,2
3514,C1C2OC1C1=NOC=C21,c1onc2c1C1CC2O1,0
3515,CC1C(CO)COC1=N,CC1C(=N)OCC1CO,3
3516,CC1CC1C1=NCCO1,CC1CC1C1=NCCO1,0
3517,COCC1OC(=O)C1N,COCC1OC(=O)C1N,3
3518,CC12C3CC(C)(C1O)N23,CC12CC3N1C3(C)C2O,0
3519,C1CC11CCC2OCC12,C1CC2(CC2)C2COC12,1
3520,O=C1CC2C3C1CCN23,O=C1CC2C3C1CCN23,1
3521,CCC(C)(O)COC,CCC(C)(O)COC,3
3522,NC1=C(F)NN=NC1=N,N=c1nn[nH]c(F)c1N,1
3523,N#CC1CC2OC=NC12,N#CC1CC2OC=NC12,4
3524,c1cnc-2ncnc2[nH]1,c1c[nH]c2ncnc-2n1,3
3525,CN(C)C(C=O)C1CN1,CN(C)C(C=O)C1CN1,0
3526,CC1C2CC2C(C)C1=O,CC1C(=O)C(C)C2CC12,4
3527,N#CC1(CN1)C1CCC1,N#CC1(C2CCC2)CN1,4
3528,CC(O)C12CC3C(C1)N23,CC(O)C12CC3C(C1)N32,3
3529,C1C2CC11N=COC21,C1=NC23CC(C2)C3O1,4
3530,c1(c(=O)onc(n1)N)O,Nc1noc(=O)c(O)n1,0
3531,Cc1c[nH]cc1C,Cc1c[nH]cc1C,2
3532,CC1=CC(CC1)NC=O,CC1=CC(NC=O)CC1,2
3533,O=CC1CCCO1,O=CC1CCCO1,4
3534,CC#CC12CC3CC1N23,CC#CC12CC3CC1N32,4
3535,CC1=CC2(C)OCC2C1,CC1=CC2(C)OCC2C1,3
3536,C#Cc1ncc(nn1)N,C#Cc1ncc(N)nn1,1
3537,CC(O)C(O)C(C)C=O,CC(O)C(O)C(C)C=O,2
3538,O=C1OCC11NCC=C1,O=C1OCC12C=CCN2,0
3539,OCC#CC1(CO1)C#N,N#CC1(C#CCO)CO1,2
3540,CC#CC12CCC1C2C,CC#CC12CCC1C2C,1
3541,CCCC1OCC2CC12,CCCC1OCC2CC21,3
3542,COC1=NCC2(C)CN12,COC1=NCC2(C)CN12,3
3543,CC(CO)(CO)CO,CC(CO)(CO)CO,4
3544,CCN1CC(C1)(C=O)O,CCN1CC(O)(C=O)C1,1
3545,c1c(cnc(c1N)N)O,Nc1cc(O)cnc1N,1
3546,OC12CCCC1C=CC2,OC12CC=CC1CCC2,3
3547,O=CC12NC1C1CC21,O=CC12NC1C1CC12,4
3548,OC1COC(=O)OC1=N,N=C1OC(=O)OCC1O,3
3549,N#CC1C2C3CCC3N12,N#CC1C2C3CCC3N12,0
3550,CC(=O)CC=O,CC(=O)CC=O,3
3551,CCC(C)(NC=O)C#C,C#CC(C)(CC)NC=O,2
3552,CC1C2C(C#C)C1C2=O,C#CC1C2C(=O)C1C2C,0
3553,C(=O)NC(=O)C(=N)N,N=C(N)C(=O)NC=O,4
3554,c1c(c(c(nn1)F)N)F,Nc1c(F)cnnc1F,0
3555,O=COC1CC2(CO2)C1,O=COC1CC2(CO2)C1,0
3556,OCC12C3C1C1C3CC21,OCC12C3CC4C3C1C42,0
3557,CC1CCC2(CN12)C#N,CC1CCC2(C#N)CN12,3
3558,CC1(CC#N)CC1C#N,CC1(CC#N)CC1C#N,1
3559,CC1CC2(O)C(C=O)C12,CC1CC2(O)C(C=O)C12,2
3560,CC1(O)C2C3N2CC13O,CC1(O)C2C3N2CC31O,0
3561,CC(O)C(C)C1CO1,CC(O)C(C)C1CO1,3
3562,CCC(CC)(CC#C)O,C#CCC(O)(CC)CC,4
3563,CCC(=O)NC1(CC1)C,CCC(=O)NC1(C)CC1,0
3564,CC12CC3CCC1C3O2,CC12CC3CCC1C3O2,0
3565,CC1CCC(O)(CO)C1,CC1CCC(O)(CO)C1,2
3566,CC1(CC1(O)CO)C=O,CC1(C=O)CC1(O)CO,2
3567,CCNc1nnn(n1)C,CCNc1nnn(C)n1,4
3568,C1CC1(CN2CC2)O,OC1(CN2CC2)CC1,2
3569,c1c(c(nn1C=O)N)N,Nc1cn(C=O)nc1N,2
3570,CC1COCCC(C)=C1,CC1=CC(C)COCC1,1
3571,N#CC12CCC1C1NC21,N#CC12CCC1C1NC12,3
3572,CC1([NH2+]C2CC12)C([O-])=O,CC1(C(=O)[O-])[NH2+]C2CC21,3
3573,CC1C(O)C11CCC=C1,CC1C(O)C12C=CCC2,3
3574,c1c(n[nH]c1N2CC2)N,Nc1cc(N2CC2)[nH]n1,2
3575,OC1=C(NN=C1)OC=N,N=COc1[nH]ncc1O,3
3576,CC1(OC1C1CO1)C#N,CC1(C#N)OC1C1CO1,4
3577,COC1OC(=O)NC1C,COC1OC(=O)NC1C,1
3578,COC1=C(N)NC(=N)O1,COc1oc(=N)[nH]c1N,3
3579,C1CC2CC(C1)N=CO2,C1=NC2CCCC(C2)O1,3
3580,FC1=NNC(=N)C=C1,N=c1ccc(F)n[nH]1,3
3581,OCC1(CC#N)CC1O,N#CCC1(CO)CC1O,4
3582,c1c(c([nH]c1O)O)C#N,N#Cc1cc(O)[nH]c1O,4
3583,CC1(C)CCCOC1=N,CC1(C)CCCOC1=N,3
3584,c1c2c(oc(=O)[nH]2)on1,O=c1[nH]c2cnoc2o1,1
3585,Cc1ccnc(n1)N,Cc1ccnc(N)n1,0
3586,CCC(C)(O)C(=O)C#N,CCC(C)(O)C(=O)C#N,3
3587,C1NC11COCC=CC1,C1=CCC2(CN2)COC1,4
3588,O=C1C(C2CC2)C2CN12,O=C1C(C2CC2)C2CN12,4
3589,CC(O)CC1COC1,CC(O)CC1COC1,2
3590,c1c(ocn1)C(=O)CO,O=C(CO)c1cnco1,2
3591,CCC1C(C#N)C2CN12,CCC1C(C#N)C2CN12,0
3592,C#CC1C2CCN=CN12,C#CC1C2CCN=CN12,1
3593,CC1CC(O)C11CCO1,CC1CC(O)C12CCO2,3
3594,CCC1CCC2OCC12,CCC1CCC2OCC12,3
3595,CC(C)(C)OC=O,CC(C)(C)OC=O,2
3596,OCC12C=CC3CC1N23,OCC12C=CC3CC1N32,2
3597,C1C(CN1)(C(F)(F)F)O,OC1(C(F)(F)F)CNC1,0
3598,CN1C2C3NC3C12CO,CN1C2C3NC3C21CO,0
3599,OCCCC1(CN1)C#C,C#CC1(CCCO)CN1,2
3600,CC1OCC=C(C)C1O,CC1=CCOC(C)C1O,0
3601,N=C1C=CNC(=N1)C#C,C#Cc1nc(=N)cc[nH]1,0
3602,C1C=CC(=O)N1C(=N)N,N=C(N)N1CC=CC1=O,2
3603,CCC12CCC3C1CC23,CCC12CCC3C1CC32,1
3604,OCC1CC1OCC=O,O=CCOC1CC1CO,2
3605,CCCCOC(=N)C=O,CCCCOC(=N)C=O,3
3606,CCCC(O)CC(N)=O,CCCC(O)CC(N)=O,0
3607,N=C1OC23CCC12CC3,N=C1OC23CCC12CC3,3
3608,C#CCc1[nH]cc(n1)O,C#CCc1nc(O)c[nH]1,0
3609,Cc1c(nnn1C)N,Cc1c(N)nnn1C,4
3610,O=C1C2C3CC1N23,O=C1C2CC3C1N23,1
3611,CC1=CC2=C(ON=N2)O1,Cc1cc2nnoc2o1,0
3612,CNC(=O)NC(=O)CO,CNC(=O)NC(=O)CO,3
3613,CC1(CNC(=O)N1)C#N,CC1(C#N)CNC(=O)N1,0
3614,COC1C2CN2C1C=O,COC1C(C=O)N2CC12,3
3615,CN=COC(=O)NC=N,CN=COC(=O)NC=N,0
3616,O=CC1C=C2CC3C1C23,O=CC1C=C2CC3C2C13,1
3617,CCC1NC1(CO)C#N,CCC1NC1(C#N)CO,3
3618,c1c([nH]c(n1)O)C#N,N#Cc1cnc(O)[nH]1,3
3619,COc1nc(on1)OC,COc1noc(OC)n1,0
3620,OC1CC1C1NC1C#N,N#CC1NC1C1CC1O,4
3621,O=CC1NCCC1C#N,N#CC1CCNC1C=O,3
3622,NC(=O)C1NC1C1CO1,NC(=O)C1NC1C1CO1,4
3623,CCC1OC(C)C2NC12,CCC1OC(C)C2NC12,0
3624,CC1(C)C2CC1C=CC2,CC1(C)C2C=CCC1C2,1
3625,CCC1CN=C(O1)C#N,CCC1CN=C(C#N)O1,4
3626,c1c(c([nH]n1)N2CC2)O,Oc1cn[nH]c1N1CC1,0
3627,CCc1c(nccn1)C,CCc1nccnc1C,4
3628,OC1CCC(=O)C1C=O,O=CC1C(=O)CCC1O,1
3629,CN1CCc2c1coc2,CN1CCc2cocc21,1
3630,c1c[nH]c(c1N)C=O,Nc1cc[nH]c1C=O,1
3631,CC1=NCC(OC=N)O1,CC1=NCC(OC=N)O1,4
3632,CC12CN1CC2(O)CO,CC12CN1CC2(O)CO,2
3633,CCC#CCC(C)OC,CCC#CCC(C)OC,1
3634,CC1(C)C2C3CN2C13C,CC1(C)C2C3CN2C31C,0
3635,CCC(C)(C)OC(=O)C,CCC(C)(C)OC(C)=O,4
3636,Cc1c(ocn1)CCO,Cc1ncoc1CCO,4
3637,CC1=CC2C3CC1C23O,CC1=CC2C3CC1C23O,3
3638,CC1NC11C(C)OC1C,CC1NC12C(C)OC2C,3
3639,C1C2COCC3OC1C23,C1OCC2OC3CC1C23,0
3640,O=C1NC=CC2OC12,O=C1NC=CC2OC12,4
3641,Cn1c(noc1=O)C=O,Cn1c(C=O)noc1=O,1
3642,COc1cn[nH]c1O,COc1cn[nH]c1O,0
3643,CC1C(=O)CC1(O)C#N,CC1C(=O)CC1(O)C#N,2
3644,CC1OC11CCC1C#C,C#CC1CCC12OC2C,3
3645,Cc1cc([nH]c1)C2CC2,Cc1c[nH]c(C2CC2)c1,2
3646,CC1OC1(C#C)C(N)=O,C#CC1(C(N)=O)OC1C,0
3647,CC1C(CO)OC11CC1,CC1C(CO)OC12CC2,3
3648,CC1=C(COC1)C#C,C#CC1=C(C)COC1,1
3649,CC1(N)C(NC1=N)C#N,CC1(N)C(=N)NC1C#N,4
3650,CC1CC2C1OC2=O,CC1CC2C(=O)OC12,2
3651,N=COC1C2NC(=O)C12,N=COC1C2NC(=O)C21,2
3652,CCCC1(CC(=O)C1)C,CCCC1(C)CC(=O)C1,1
3653,CC12NC1C1C3OC1C23,CC12NC1C1C3OC1C32,0
3654,CN(C)C(=O)N(C)C=O,CN(C)C(=O)N(C)C=O,2
3655,O=C1OC23CCC2CC13,O=C1OC23CCC2CC13,0
3656,CC1C(C)C11COC1=N,CC1C(C)C12COC2=N,4
3657,Cc1c(nc(o1)N)OC,COc1nc(N)oc1C,4
3658,CC1=CC(O)COCC1,CC1=CC(O)COCC1,1
3659,OC1C2CCC1N2C=O,O=CN1C2CCC1C2O,2
3660,CC1(O)C=CC2COC12,CC1(O)C=CC2COC21,0
3661,CNc1cnn(c1O)C,CNc1cnn(C)c1O,1
3662,COC1C2OC1C2O,COC1C2OC1C2O,0
3663,CN1CC2OC(C#C)C12,C#CC1OC2CN(C)C12,1
3664,C1CC(C1)(CCO)C=O,O=CC1(CCO)CCC1,2
3665,C1CC1CC(=O)C#N,N#CC(=O)CC1CC1,0
3666,Cc1ncc(o1)N(=O)=O,Cc1ncc([N+](=O)[O-])o1,2
3667,CC1=CCC2CC12C=O,CC1=CCC2CC12C=O,4
3668,CC(CO)C1=NNN=N1,CC(CO)c1nn[nH]n1,3
3669,CN1C2CCCC12C#C,C#CC12CCCC1N2C,2
3670,CC(=O)C(C#C)C#N,C#CC(C#N)C(C)=O,1
3671,Cc1c2c(co1)C=CC2,Cc1occ2c1CC=C2,4
3672,CCC1(C)NC1COC,CCC1(C)NC1COC,4
3673,COCC(C)C(=O)CO,COCC(C)C(=O)CO,2
3674,CC1(CO)N2CC2C1=O,CC1(CO)C(=O)C2CN21,3
3675,C1CC2C1N1C=CN=C21,c1cn2c(n1)C1CCC12,4
3676,C#CC12CC1C1OCC21,C#CC12CC1C1OCC12,0
3677,C1C=CC(O1)(C#N)C#N,N#CC1(C#N)C=CCO1,2
3678,OC1CCC2=COC=C12,OC1CCc2cocc21,3
3679,CC1C2CCC2OC1=O,CC1C(=O)OC2CCC21,1
3680,CC1(COCC=O)CO1,CC1(COCC=O)CO1,4
3681,Cn1c(c(nn1)CO)N,Cn1nnc(CO)c1N,2
3682,C1CN1c2nc(no2)N,Nc1noc(N2CC2)n1,4
3683,CC1=CC23CC1C2CO3,CC1=CC23CC1C2CO3,4
3684,NCC1NC=NC1C#N,N#CC1N=CNC1CN,2
3685,C1CC(=O)C=C1CC#N,N#CCC1=CC(=O)CC1,0
3686,O=CCC12CC(O1)C=C2,O=CCC12C=CC(C1)O2,4
3687,C1CN=COCCC=C1,C1=CCCOC=NCC1,0
3688,CNC1(CC1C)C#N,CNC1(C#N)CC1C,4
3689,OCC1OC(=N)C(=N)O1,N=C1OC(CO)OC1=N,3
3690,OC1C=CC2CC12C=O,O=CC12CC1C=CC2O,1
3691,CC1C(CO)C1(C)C#N,CC1C(CO)C1(C)C#N,0
3692,CC12CC1(CO)CCO2,CC12CC1(CO)CCO2,3
3693,COC12C(O)C3C1OC23,COC12C(O)C3C1OC32,0
3694,ON=C1CC2C3CC1N23,ON=C1CC2C3CC1N23,1
3695,c1c(ncn1CC=O)O,O=CCn1cnc(O)c1,4
3696,NC(=O)C12NC1C1OC21,NC(=O)C12NC1C1OC12,3
3697,CCNc1cncnc1,CCNc1cncnc1,0
3698,O=CC1OC11C2CC1C2,O=CC1OC12C1CC2C1,3
3699,CC1CC(CCC#C)O1,C#CCCC1CC(C)O1,1
3700,OC1CNC(=O)NC1=N,N=C1NC(=O)NCC1O,4
3701,O=C1CC2COCC2=C1,O=C1C=C2COCC2C1,3
3702,C1OCC11C2CC=CC12,C1=CC2C(C1)C21COC1,1
3703,CC(O)C1CCCC1,CC(O)C1CCCC1,4
3704,OCC12CCC(O)C1O2,OCC12CCC(O)C1O2,3
3705,CC(C)([NH3+])C1=CN=N[N-]1,CC(C)([NH3+])c1cnn[n-]1,2
3706,CC1=CCc2n1cnc2,CC1=CCc2cncn21,0
3707,CN=CNC(=O)C(=O)N,CN=CNC(=O)C(N)=O,4
3708,CC1(CCNC1=O)C=O,CC1(C=O)CCNC1=O,2
3709,CCC1OCC1C(C)O,CCC1OCC1C(C)O,3
3710,CC1CC2OC2C2CC12,CC1CC2OC2C2CC12,0
3711,O=CC1CC2=CN=CN12,O=CC1Cc2cncn21,3
3712,CN=C1CC2CN=CN12,CN=C1CC2CN=CN12,3
3713,OCC12COC3CC1C23,OCC12COC3CC1C32,2
3714,CC1=NOC=CC1=N,Cc1noccc1=N,0
3715,CC1C(=O)C2NC2C1=O,CC1C(=O)C2NC2C1=O,0
3716,CCC1CCCC(C)O1,CCC1CCCC(C)O1,3
3717,CC(O)C(=O)NC=O,CC(O)C(=O)NC=O,0
3718,CNC1=NC(=N)C=CO1,CNc1nc(=N)cco1,2
3719,CC1OC(C#C)C1CO,C#CC1OC(C)C1CO,4
3720,CCC(CC)OC(=O)C,CCC(CC)OC(C)=O,1
3721,Cc1c(ccn1C=O)O,Cc1c(O)ccn1C=O,4
3722,CC12CC3(C1)OC=NC23,CC12CC3(C1)OC=NC23,3
3723,CC1=CCC(C1)NC=O,CC1=CCC(NC=O)C1,3
3724,OCC1N=COC1C#C,C#CC1OC=NC1CO,2
3725,CC12OC1C(O)C1OC21,CC12OC1C(O)C1OC12,0
3726,C#CC1OCCC11CN1,C#CC1OCCC12CN2,3
3727,CC1NC1(C=O)C(N)=O,CC1NC1(C=O)C(N)=O,1
3728,CC(C)C(OC=O)C#N,CC(C)C(C#N)OC=O,0
3729,CC(O)CCC1COC1,CC(O)CCC1COC1,1
3730,CC12CC(C1)OC=N2,CC12CC(C1)OC=N2,0
3731,O=C1COCCC2CC12,O=C1COCCC2CC12,4
3732,O=C1C2NC2C2CC1O2,O=C1C2CC(O2)C2NC12,2
3733,CCOCC12CCC1N2,CCOCC12CCC1N2,2
3734,OCC1C2CC(O)CN12,OCC1C2CC(O)CN12,3
3735,Cn1ccc(=O)c(c1)O,Cn1ccc(=O)c(O)c1,0
3736,CC1CN1CC1CO1,CC1CN1CC1CO1,2
3737,CCC1(O)C(O)C1CO,CCC1(O)C(O)C1CO,1
3738,CC1C2C(OC12C)C=O,CC1C2C(C=O)OC12C,0
3739,O=COC1CC1C1CO1,O=COC1CC1C1CO1,2
3740,OC1CC=CC(O)C1O,OC1C=CCC(O)C1O,4
3741,c1cnn(c1)C2COC2,c1cnn(C2COC2)c1,0
3742,C1OC=NCC#CC=C1,C1#CCN=COCC=C1,4
3743,COC1C2CCC12C#N,COC1C2CCC21C#N,0
3744,C#CC#Cc1ncco1,C#CC#Cc1ncco1,0
3745,CCC(CC)(COC)O,CCC(O)(CC)COC,2
3746,C1CC11CC2N=COC12,C1=NC2CC3(CC3)C2O1,4
3747,OCC12CC(C1)C1CN21,OCC12CC(C1)C1CN12,0
3748,c1c(nc([nH]1)O)OC=O,O=COc1c[nH]c(O)n1,3
3749,CC1CC2C3CC12CC3,CC1CC2C3CCC12C3,1
3750,C1C2OC3=CNN=C3C12,c1[nH]nc2c1OC1CC21,3
3751,OC1CC(O)C2OCC12,OC1CC(O)C2OCC12,3
3752,OC1C2NC1C(=O)C=C2,O=C1C=CC2NC1C2O,3
3753,CCc1cnc(o1)C=O,CCc1cnc(C=O)o1,4
3754,OC1CN(C2CC2)C1=O,O=C1C(O)CN1C1CC1,2
3755,C1CCC(=CC1)CO,OCC1=CCCCC1,2
3756,OC12CC1(O)C=CCC2,OC12C=CCCC1(O)C2,1
3757,CN1C2C3NC3C1C2O,CN1C2C(O)C1C1NC12,0
3758,N=C1NC(=NC=N1)C#N,N#Cc1ncnc(=N)[nH]1,3
3759,OCC12CC1CCCO2,OCC12CC1CCCO2,4
3760,COC12CC(C1)C1OC21,COC12CC(C1)C1OC12,1
3761,c1cn[nH]c(=O)c1CO,O=c1[nH]nccc1CO,2
3762,CN1C=CCC=CC1=O,CN1C=CCC=CC1=O,0
3763,CC1(CC1)OC(=N)C#C,C#CC(=N)OC1(C)CC1,1
3764,OC1CC(=O)C(O)C1=O,O=C1CC(O)C(=O)C1O,0
3765,C(CNC(=O)N)NC=O,NC(=O)NCCNC=O,4
3766,CC12CC1C1(CC1)C2=O,CC12CC1C1(CC1)C2=O,4
3767,COc1c([nH]c(=O)[nH]1)O,COc1[nH]c(=O)[nH]c1O,4
3768,COC(=O)C1CC1C,COC(=O)C1CC1C,4
3769,c1cc(n(c1O)C=O)O,O=Cn1c(O)ccc1O,1
3770,CC(C)Oc1conn1,CC(C)Oc1conn1,2
3771,CC1(O)CN=C(N)C1O,CC1(O)CN=C(N)C1O,2
3772,CCCC1(O)CC1(C)O,CCCC1(O)CC1(C)O,3
3773,C(C=O)c1c(n[nH]n1)N,Nc1n[nH]nc1CC=O,0
3774,O=C1COC(O1)C1CN1,O=C1COC(C2CN2)O1,0
3775,CC1C2CCN(C=O)C12,CC1C2CCN(C=O)C12,2
3776,CCC(C)C(=O)N1CC1,CCC(C)C(=O)N1CC1,3
3777,OC12CC1C1OC=NC21,OC12CC1C1OC=NC12,0
3778,c1(nc(on1)N)C(=N)N,N=C(N)c1noc(N)n1,2
3779,CC12CC1C(C#C)C2=O,C#CC1C(=O)C2(C)CC12,1
3780,CN=C1OC=CC(F)=C1,CN=c1cc(F)cco1,2
3781,O=CCC1OCCC1=O,O=CCC1OCCC1=O,1
3782,CC(O)C1(C)NC1C,CC(O)C1(C)NC1C,0
3783,CC#CC(CO)C#CC,CC#CC(C#CC)CO,4
3784,COC1CC(=O)C(C)=C1,COC1C=C(C)C(=O)C1,3
3785,CCC1OC(=O)N2CC12,CCC1OC(=O)N2CC12,4
3786,C(C1CO1)C1=CNN=C1,c1n[nH]cc1CC1CO1,4
3787,O=CC#CC12CCC1N2,O=CC#CC12CCC1N2,0
3788,CC12CC=CC1C1NC21,CC12CC=CC1C1NC12,4
3789,CCC(O)CCNC=O,CCC(O)CCNC=O,1
3790,OCC1=CC2OC2C1,OCC1=CC2OC2C1,0
3791,CC1C2OC(=O)CC12C,CC1C2OC(=O)CC12C,2
3792,CC1NC(=O)C(=O)C1C,CC1NC(=O)C(=O)C1C,0
3793,C#CC1CC1(C#N)C#N,C#CC1CC1(C#N)C#N,1
3794,CCC12C3C1C1C3OC21,CCC12C3OC4C3C1C42,2
3795,COC(=O)C1NCC=C1,COC(=O)C1C=CCN1,1
3796,CC12OC3=NCCC1C23,CC12OC3=NCCC1C32,1
3797,CCC1CC=CC2NC12,CCC1CC=CC2NC12,4
3798,CCC12C3C4OC1C4N23,CCC12C3OC4C3N1C42,2
3799,O=C1CC2(CCC12)C#N,N#CC12CCC1C(=O)C2,1
3800,OC1C2CC=CC1O2,OC1C2C=CCC1O2,0
3801,Cc1nc(no1)COC,COCc1noc(C)n1,0
3802,CC12CC(O)C1C(O)C2,CC12CC(O)C1C(O)C2,1
3803,C1CC(C1)(C#N)C#N,N#CC1(C#N)CCC1,4
3804,N=C1OC23CC12CCC3,N=C1OC23CCCC12C3,1
3805,CC(O)C1=NCC(C)O1,CC1CN=C(C(C)O)O1,3
3806,CC12CC1C1(CO1)CO2,CC12CC1C1(CO2)CO1,1
3807,CCNc1ncc(o1)C,CCNc1ncc(C)o1,1
3808,CC(N)(C#N)C1CC1O,CC(N)(C#N)C1CC1O,4
3809,c1c(c(on1)N)N(=O)=O,Nc1oncc1[N+](=O)[O-],4
3810,CCC(CC)(C#C)C#C,C#CC(C#C)(CC)CC,4
3811,CC1(COC(=N)N1)C=O,CC1(C=O)COC(=N)N1,0
3812,CCN1CC1C(O)C#C,C#CC(O)C1CN1CC,4
3813,CCCC(NC)C#N,CCCC(C#N)NC,2
3814,CC1C(O)C(C)N1C=O,CC1C(O)C(C)N1C=O,4
3815,CC1(C)CC11CCC=C1,CC1(C)CC12C=CCC2,2
3816,O=C1C2C3C1CN23,O=C1C2CN3C1C23,0
3817,OC1CNC(C#N)C1=O,N#CC1NCC(O)C1=O,2
3818,CC1COC(C1)OC=O,CC1COC(OC=O)C1,1
3819,C1C2CC3CC(CC12)O3,C1C2CC3CC3CC1O2,3
3820,NC1(C#N)C2C3CC1N23,N#CC1(N)C2CC3C1N32,3
3821,CC1C(C2CO2)N1C,CC1C(C2CO2)N1C,1
3822,N=C1OC=CNC1=O,N=c1occ[nH]c1=O,2
3823,CCC(=O)CNCC#N,CCC(=O)CNCC#N,1
3824,Cc1cc2c([nH]1)nc[nH]2,Cc1cc2[nH]cnc2[nH]1,4
3825,CCc1cc([nH]c1)C,CCc1c[nH]c(C)c1,3
3826,C(C1CC1)C12CN(C1)C2,C1CC1CC12CN(C1)C2,3
3827,CN=c1ccnc([nH]1)O,CN=c1ccnc(O)[nH]1,2
3828,CC(=O)C1OCCCO1,CC(=O)C1OCCCO1,4
3829,CC1C2CCCC12CO,CC1C2CCCC12CO,0
3830,C1CC23COC12CO3,C1CC23COC12CO3,1
3831,N#CC12NC3CC1C23,N#CC12NC3CC1C32,4
3832,COC1COC1C1CO1,COC1COC1C1CO1,1
3833,CCC12CN3C1C2C3=O,CCC12CN3C(=O)C1C32,2
3834,CCC1CC(C=O)C1O,CCC1CC(C=O)C1O,0
3835,OC1C2CN(CC12)C=O,O=CN1CC2C(O)C2C1,3
3836,C(CO)C(CO)CO,OCCC(CO)CO,4
3837,CC(=O)n1c(ncn1)N,CC(=O)n1ncnc1N,1
3838,CCC1OC1C(N)=O,CCC1OC1C(N)=O,1
3839,COC12CCC1(C)CC2,COC12CCC1(C)CC2,2
3840,CC(CN1CC1)C1CC1,CC(CN1CC1)C1CC1,4
3841,CCN=C1NC2CC12O,CCN=C1NC2CC12O,4
3842,OC1C2CC(C1O)C2=O,O=C1C2CC1C(O)C2O,3
3843,c1c[nH]nc1CCCO,OCCCc1cc[nH]n1,0
3844,CCC1(O)C2OC=NC12,CCC1(O)C2N=COC21,2
3845,COC12CC(C1)C=C2,COC12C=CC(C1)C2,2
3846,OC1C2N=COC12C#N,N#CC12OC=NC1C2O,4
3847,COc1coc(n1)CO,COc1coc(CO)n1,0
3848,COC1(C)CC1OC=N,COC1(C)CC1OC=N,2
3849,CCC1OC11CC(C)C1,CCC1OC12CC(C)C2,2
3850,CCNC(=O)NCCO,CCNC(=O)NCCO,2
3851,OC1CC11CC2COC12,OC1CC12CC1COC12,1
3852,CNC(=O)C1(CO)CN1,CNC(=O)C1(CO)CN1,0
3853,CC1=C(C)CC2(CO2)C1,CC1=C(C)CC2(CO2)C1,3
3854,CC1=C(C)C2(O)CC2C1,CC1=C(C)C2(O)CC2C1,0
3855,CNC1CC2NC12C#N,CNC1CC2NC12C#N,3
3856,O=CCCC1CC2OC12,O=CCCC1CC2OC12,3
3857,CNc1c(non1)C#C,C#Cc1nonc1NC,2
3858,CC(CO)C12CCC1O2,CC(CO)C12CCC1O2,2
3859,[NH3+]CC1=COC([O-])=C1O,[NH3+]Cc1coc([O-])c1O,4
3860,c1nc(n(n1)C(=O)N)N,NC(=O)n1ncnc1N,0
3861,C1CC1(CC#CC#N)O,N#CC#CCC1(O)CC1,0
3862,OCC1COC(CO)O1,OCC1COC(CO)O1,3
3863,CCNc1cnoc1N,CCNc1cnoc1N,0
3864,O=C1CNC(C=C1)C#N,N#CC1C=CC(=O)CN1,4
3865,CC1(CN=CO1)C#C,C#CC1(C)CN=CO1,0
3866,N#CC1C2COCC1O2,N#CC1C2COCC1O2,0
3867,COC1OCC(=O)C=C1,COC1C=CC(=O)CO1,1
3868,CCN1CC1(C)CC#C,C#CCC1(C)CN1CC,4
3869,CCc1cc(nn1C)O,CCc1cc(O)nn1C,1
3870,CC1COCC1OC=N,CC1COCC1OC=N,3
3871,CC1CCC(CC=O)O1,CC1CCC(CC=O)O1,2
3872,c1c([nH]c(nc1=O)F)N,Nc1cc(=O)nc(F)[nH]1,3
3873,CC1CC(=O)C=CC1O,CC1CC(=O)C=CC1O,4
3874,CC12OC1C(=O)OC2=N,CC12OC1C(=O)OC2=N,3
3875,CNc1c([nH]c(n1)N)O,CNc1nc(N)[nH]c1O,4
3876,C1CC1C(=O)NC2CC2,O=C(NC1CC1)C1CC1,4
3877,CC1(C2(CC2)C(=O)N1)C,CC1(C)NC(=O)C12CC2,0
3878,CC1(O)CC(=O)C1(C)C,CC1(O)CC(=O)C1(C)C,1
3879,COC1(C=O)C2CC1C2,COC1(C=O)C2CC1C2,3
3880,O=C1OC2C3OCC3C12,O=C1OC2C3OCC3C12,1
3881,CC1CCC(=O)NC1=N,CC1CCC(=O)NC1=N,4
3882,O=CC1C=CCCC=C1,O=CC1C=CCCC=C1,1
3883,CC(O)(C#C)C1(C)CC1,C#CC(C)(O)C1(C)CC1,4
3884,CC1CC2=NC=CN12,CC1Cc2nccn21,1
3885,CC1CC2CC1CCO2,CC1CC2CC1CCO2,4
3886,CCC12CC1N=C(C)O2,CCC12CC1N=C(C)O2,4
3887,CC(O)C(=O)C(C)(C)O,CC(O)C(=O)C(C)(C)O,1
3888,CCC12NC1CC21CN1,CCC12NC1CC21CN1,1
3889,CC1CC(CO)CCO1,CC1CC(CO)CCO1,1
3890,CC1C2OC(=O)C(O)C12,CC1C2OC(=O)C(O)C12,2
3891,NC(CC#CCO)C#N,N#CC(N)CC#CCO,3
3892,C1OC11CC2OCC=C12,C1=C2C(CC23CO3)OC1,4
3893,CCCC(OC=O)C#N,CCCC(C#N)OC=O,4
3894,O=C1CN2C3CC2C3N1,O=C1CN2C3CC2C3N1,1
3895,C1CC2CN=COC2C1,C1=NCC2CCCC2O1,4
3896,CC1C2C3CN3C12C,CC1C2C3CN3C12C,3
3897,CCCN=C(C)OC=O,CCCN=C(C)OC=O,3
3898,N#CC12C3CN=C1OC23,N#CC12C3=NCC1C2O3,2
3899,[N-]1[NH+]=CC=C2C=CN=C12,c1cc2cc[nH+][n-]c-2n1,1
3900,CCC(C)OC1CCC1,CCC(C)OC1CCC1,2
3901,C1OC2OCC1C1OC21,C1OC2OCC1C1OC21,3
3902,OC1CCC(C1)C=O,O=CC1CCC(O)C1,2
3903,CN1C2C3OC(=O)C1C23,CN1C2C(=O)OC3C2C31,1
3904,CCC1=NOC(=N)N1C,CCc1noc(=N)n1C,4
3905,CN1C2CC1(C)C2=O,CN1C2CC1(C)C2=O,4
3906,O1C=C2C=CC=C2N=N1,c1cc2connc-2c1,1
3907,CC1OCC1(CO)C#N,CC1OCC1(C#N)CO,0
3908,COC1CCC(C1)C#N,COC1CCC(C#N)C1,1
3909,CNc1cccn1C=O,CNc1cccn1C=O,0
3910,CC1(CO1)C(O)CCO,CC1(C(O)CCO)CO1,1
3911,c1c(con1)OC2CC2,c1nocc1OC1CC1,4
3912,CCC12OC1CC2(C)C,CCC12OC1CC2(C)C,3
3913,CC(O)C(N)=NCC#C,C#CCN=C(N)C(C)O,4
3914,O=CC1(COCO1)C#C,C#CC1(C=O)COCO1,2
3915,CCc1c(non1)C=O,CCc1nonc1C=O,2
3916,c1coc(=NCC=O)[nH]1,O=CCN=c1[nH]cco1,3
3917,CNC(CC(C)=O)C#N,CNC(C#N)CC(C)=O,4
3918,Cc1c([nH]nn1)COC,COCc1[nH]nnc1C,2
3919,CC(O)C1COCC1C,CC(O)C1COCC1C,2
3920,CC1C2(C)C3CC1(O)C23,CC1C2(O)CC3C2C31C,4
3921,Cc1cc([nH]c(=O)n1)N,Cc1cc(N)[nH]c(=O)n1,3
3922,CC1CC(C)=CC1=O,CC1=CC(=O)C(C)C1,1
3923,COC12CC3CC1C2C3,COC12CC3CC1C2C3,2
3924,OC1CC2OC(=N)C=C12,N=C1C=C2C(O)CC2O1,1
3925,CC1(CO1)C1(CN1)C#C,C#CC1(C2(C)CO2)CN1,2
3926,O=CCOC(C=O)C#N,N#CC(C=O)OCC=O,2
3927,O1C2C=CC1C=C2,C1=CC2C=CC1O2,1
3928,COCC1COC(=O)N1,COCC1COC(=O)N1,0
3929,CCC1=CCC2CC12O,CCC1=CCC2CC12O,2
3930,Cc1c[nH]nc(c1=O)N,Cc1c[nH]nc(N)c1=O,1
3931,CC1C2C1C1(CN21)C#N,CC1C2C1C1(C#N)CN21,1
3932,N=COC12CC1C1CC21,N=COC12CC1C1CC12,2
3933,Cc1cc(=O)cc(o1)N,Cc1cc(=O)cc(N)o1,3
3934,CC(O)(CCC#C)C#N,C#CCCC(C)(O)C#N,4
3935,O=C1CCC=CC1C#C,C#CC1C=CCCC1=O,2
3936,Cc1c(ncc(n1)N)N,Cc1nc(N)cnc1N,4
3937,CC1=CC2CC1(O)C2,CC1=CC2CC1(O)C2,4
3938,O=CC1CCC2CN1C2,O=CC1CCC2CN1C2,4
3939,CC1=CC2CN2CC1=O,CC1=CC2CN2CC1=O,0
3940,CCC1C(C=O)N1CC,CCC1C(C=O)N1CC,4
3941,OCC(O)C12CN(C1)C2,OCC(O)C12CN(C1)C2,3
3942,CCC12CC1N1CC21,CCC12CC1N1CC12,2
3943,CCc1cn(cn1)C,CCc1cn(C)cn1,4
3944,CC12CC1OC(=N)O2,CC12CC1OC(=N)O2,1
3945,NC(C#N)C1(CO1)C#N,N#CC(N)C1(C#N)CO1,0
3946,OCC1OCOC1C=O,O=CC1OCOC1CO,2
3947,c1c(nc(c(n1)F)O)N,Nc1cnc(F)c(O)n1,3
3948,CC1(CN1)C1=CNN=C1,CC1(c2cn[nH]c2)CN1,3
3949,COC1(C)C(C)C1(C)C,COC1(C)C(C)C1(C)C,4
3950,OCCC1COC(=O)C1,O=C1CC(CCO)CO1,0
3951,C1COC(=O)CN1C=O,O=CN1CCOC(=O)C1,2
3952,CCC1CCC(=O)NC1,CCC1CCC(=O)NC1,4
3953,CCCC1C2OC2C1C,CCCC1C(C)C2OC12,2
3954,NC1=NOC(=N)C(=N)N1,N=c1[nH]c(N)noc1=N,4
3955,c1coc2c1CCC2=O,O=C1CCc2ccoc21,4
3956,OC1C(C#N)C1C#N,N#CC1C(O)C1C#N,3
3957,ON=C1C2CC1OCO2,ON=C1C2CC1OCO2,2
3958,CCOCCOC=N,CCOCCOC=N,4
3959,CC1(CC(C1)=NO)C=O,CC1(C=O)CC(=NO)C1,2
3960,C1C2CC3CC12CCO3,C1CC23CC(CC2C3)O1,1
3961,CCCCN1C(C)C1C,CCCCN1C(C)C1C,4
3962,CC1C2N1C(C#C)C2=O,C#CC1C(=O)C2C(C)N12,3
3963,C1C2CC3C4C2C1N34,C1C2CC3C4C2C1N34,0
3964,CCN1CC(C)NC1=O,CCN1CC(C)NC1=O,0
3965,CC1CC(=NO)C(=N)O1,CC1CC(=NO)C(=N)O1,2
3966,N#CCC1C2C3CN1C23,N#CCC1C2C3CN1C32,1
3967,CC1(OCC1C#N)C#N,CC1(C#N)OCC1C#N,0
3968,CC1C=C2CNC2C1=O,CC1C=C2CNC2C1=O,4
3969,C1C=CC=CC2OC12,C1=CCC2OC2C=C1,1
3970,CC1C2COC(=O)NC12,CC1C2COC(=O)NC12,0
3971,CC1(CN=COCO1)C,CC1(C)CN=COCO1,0
3972,C1CC12CC(=O)OC2,O=C1CC2(CC2)CO1,2
3973,CC12C=CCC1NC2=O,CC12C=CCC1NC2=O,0
3974,CC1CCOC11CCC1,CC1CCOC12CCC2,0
3975,c1cc-2cncc2[nH]c1,c1c[nH]c2cncc-2c1,1
3976,O=C1CC(C=C1)C#N,N#CC1C=CC(=O)C1,2
3977,Cc1c([nH]cn1)OC,COc1[nH]cnc1C,0
3978,CC12CC3(O)COC1C23,CC12CC3(O)COC1C32,2
3979,CC(C)C1(C)C2CC1C2,CC(C)C1(C)C2CC1C2,3
3980,CC1CN1CC1CCO1,CC1CN1CC1CCO1,3
3981,CN1C(C(N)=O)C1(C)C,CN1C(C(N)=O)C1(C)C,0
3982,c1[nH]nc(n1)N2CC2,c1nc(N2CC2)n[nH]1,2
3983,C#CC1=CC2CC1CO2,C#CC1=CC2CC1CO2,3
3984,N=C1ON=CC(=N1)C#C,C#Cc1cnoc(=N)n1,2
3985,CC12CN1C1(C)COC21,CC12COC1C1(C)CN21,0
3986,C1CC2C=CCOC2=N1,C1=CC2CCN=C2OC1,3
3987,CC12OC3(C)C1COC23,CC12OC3(C)C1COC23,0
3988,CC1(CC(=O)C1O)C#C,C#CC1(C)CC(=O)C1O,3
3989,CCC12CC1(C)OC2=N,CCC12CC1(C)OC2=N,0
3990,CC1CC(O)C1CO,CC1CC(O)C1CO,4
3991,NC(=O)CC12CC(C1)O2,NC(=O)CC12CC(C1)O2,4
3992,O=CC12CC1OC(=O)C2,O=CC12CC(=O)OC1C2,3
3993,CC1(N)C2NC(=N)C12O,CC1(N)C2NC(=N)C21O,0
3994,CC1(CO1)C1CC1,CC1(C2CC2)CO1,1
3995,CCc1coc(=O)o1,CCc1coc(=O)o1,1
3996,CC(O)C1(CC#N)CO1,CC(O)C1(CC#N)CO1,0
3997,C1CC23COC4C(C24)C13,C1CC23COC4C(C12)C43,3
3998,C(CO)N=CNC=O,O=CNC=NCCO,4
3999,COCc1cc(co1)N,COCc1cc(N)co1,0
4000,C1OC2=NCCC3C1N23,C1CC2C3COC(=N1)N23,1
4001,N=C1NC(CO1)C#C,C#CC1COC(=N)N1,4
4002,C[NH2+]CC1NC1C([O-])=O,C[NH2+]CC1NC1C(=O)[O-],2
4003,OC12CC1(OCC2)C#C,C#CC12CC1(O)CCO2,0
4004,C1CC2=CC3OC3C2O1,C1=C2CCOC2C2OC12,3
4005,CC(C)C12CC(C1)C2,CC(C)C12CC(C1)C2,1
4006,N=C1OCCCCC1=O,N=C1OCCCCC1=O,3
4007,C1CNC(=O)CNC1=O,O=C1CCNC(=O)CN1,1
4008,CC1C2CC1(CC#N)O2,CC1C2CC1(CC#N)O2,4
4009,OC1CCOC(=O)NC1,O=C1NCC(O)CCO1,4
4010,OC1C2C3N2C(=O)C13O,O=C1N2C3C(O)C1(O)C32,3
4011,CC1=CCC(=O)CC1,CC1=CCC(=O)CC1,2
4012,CC(C)C1=CNC(=N)O1,CC(C)c1c[nH]c(=N)o1,1
4013,CC1(CC#C)OC1C=O,C#CCC1(C)OC1C=O,3
4014,c1c2c(on1)NC=NC2,C1=NCc2cnoc2N1,3
4015,CC(C#C)C1CC1C=O,C#CC(C)C1CC1C=O,4
4016,C1CN=C(OC1)C#N,N#CC1=NCCCO1,2
4017,CCCC1C2C3OC2C13,CCCC1C2C3OC2C13,2
4018,OC1C2C=CC1C2C=O,O=CC1C2C=CC1C2O,4
4019,c1cn(cc1N)CC#N,N#CCn1ccc(N)c1,4
4020,OC1CC1C1=CN=NN1,OC1CC1c1cnn[nH]1,0
4021,CC(C)(CC#C)CC#N,C#CCC(C)(C)CC#N,2
4022,CN=C1CC(O1)C1CO1,CN=C1CC(C2CO2)O1,1
4023,N=C1OCCC(=O)C=C1,N=C1C=CC(=O)CCO1,0
4024,CCC1(C=O)C2CCN12,CCC1(C=O)C2CCN21,2
4025,CC1(C)C2CCC1OC2,CC1(C)C2CCC1OC2,3
4026,C(CO)C(=O)CCO,O=C(CCO)CCO,3
4027,CCC1COC1=NC,CCC1COC1=NC,1
4028,C(CO)C(CCO)O,OCCC(O)CCO,4
4029,CC(C#N)C1COC1=O,CC(C#N)C1COC1=O,4
4030,COC1(CC1C)C1CN1,COC1(C2CN2)CC1C,4
4031,c1nc(c(n1C=O)O)O,O=Cn1cnc(O)c1O,0
4032,CC1=NNC(=N)C=C1F,Cc1n[nH]c(=N)cc1F,1
4033,CCC12C3C4C3C1C24,CCC12C3C4C3C1C42,0
4034,COC(C)C1NC1CO,COC(C)C1NC1CO,3
4035,CC1CC=CC=CC1C,CC1C=CC=CCC1C,4
4036,OC1CCC1CC#C,C#CCC1CCC1O,0
4037,CC(=O)CNC(=O)C,CC(=O)CNC(C)=O,4
4038,CC1C2CC(=O)CN12,CC1C2CC(=O)CN12,1
4039,CC(C)(C)N=C(C=O)N,CC(C)(C)N=C(N)C=O,4
4040,OC(C#C)C1(CN1)C#C,C#CC(O)C1(C#C)CN1,0
4041,OC1COCCOC1=N,N=C1OCCOCC1O,2
4042,N#CC12CN3CC3C1N2,N#CC12CN3CC3C1N2,2
4043,CC1CN2N=C(O)C=C12,CC1Cn2nc(O)cc21,4
4044,Cc1cc2ccoc2o1,Cc1cc2ccoc2o1,2
4045,CC1C2COC12CC=O,CC1C2COC12CC=O,1
4046,C1C2C=CCC=CC12,C1=CC2CC2C=CC1,1
4047,c1c2n(nn1)CC23CC3,c1nnn2c1C1(CC1)C2,3
4048,C#CC1=CC2OC3C2C13,C#CC1=CC2OC3C1C23,4
4049,CC12CC1C(=O)C2C#C,C#CC1C(=O)C2CC12C,3
4050,CC(C)C1(CC1)CC=O,CC(C)C1(CC=O)CC1,0
4051,C1C2C1C1CC2OC=N1,C1=NC2CC(O1)C1CC21,1
4052,C1C2CCC3=C2N1C=N3,c1nc2c3n1CC3CC2,0
4053,CC1OC2C(CC#C)C12,C#CCC1C2OC(C)C12,2
4054,Cc1c(ocn1)CC#N,Cc1ncoc1CC#N,2
4055,c1conc1NC=O,O=CNc1ccon1,2
4056,C1CC2CC=CCC2O1,C1=CCC2OCCC2C1,4
4057,O=C1CCN2CC2C=C1,O=C1C=CC2CN2CC1,4
4058,CC(CO)CNCC#N,CC(CO)CNCC#N,0
4059,CC1(C)OC1C1COC1,CC1(C)OC1C1COC1,2
4060,CC#CCCC#C,C#CCCC#CC,4
4061,CC1OCC1C(C)(C)C,CC1OCC1C(C)(C)C,4
4062,CCC1(CO)C2CCC12,CCC1(CO)C2CCC21,1
4063,CC(CO)C1(C)CN1C,CC(CO)C1(C)CN1C,3
4064,CCC1CC2(C)CC2O1,CCC1CC2(C)CC2O1,2
4065,N=COC1(CC#C)CC1,C#CCC1(OC=N)CC1,4
4066,OC1CNC2(CC12)C#N,N#CC12CC1C(O)CN2,2
4067,CC1OC1(C#N)C1CN1,CC1OC1(C#N)C1CN1,0
4068,OC1C(=O)N2CC12C#C,C#CC12CN1C(=O)C2O,4
4069,OC1CC(C1)NC=O,O=CNC1CC(O)C1,4
4070,CCOCC(=N)NC=O,CCOCC(=N)NC=O,0
4071,CC1=CN=C(O)NC1=N,Cc1cnc(O)[nH]c1=N,2
4072,N=C1OC2CC2(O1)C=O,N=C1OC2CC2(C=O)O1,0
4073,OC12CCC3C(C13)C2=O,O=C1C2C3CCC1(O)C32,4
4074,CC(O)C(=N)NC=O,CC(O)C(=N)NC=O,0
4075,CCCC12CC1CC=C2,CCCC12C=CCC1C2,0
4076,NC1(C#N)C2CC1C2O,N#CC1(N)C2CC1C2O,4
4077,CC1(O)CC1(C)C=O,CC1(O)CC1(C)C=O,3
4078,CC12CCC(OC1=N)O2,CC12CCC(OC1=N)O2,0
4079,CNc1cc(cn1C)N,CNc1cc(N)cn1C,2
4080,CCN(C)C1(CC1)C#N,CCN(C)C1(C#N)CC1,0
4081,C1C2CC1C1=C2NC=N1,c1nc2c([nH]1)C1CC2C1,2
4082,OC1CCC1C1CC1,OC1CCC1C1CC1,2
4083,CC(=O)C(C=O)C#C,C#CC(C=O)C(C)=O,2
4084,CC1OCC2C3CC1N23,CC1OCC2C3CC1N23,0
4085,OC1C2NC2C1C1CO1,OC1C2NC2C1C1CO1,0
4086,CC1CCCC1C,CC1CCCC1C,2
4087,OCC1NC1C#N,N#CC1NC1CO,4
4088,ON=C1C(O)CC11CC1,ON=C1C(O)CC12CC2,2
4089,CC(C)(C)C1CC2CN12,CC(C)(C)C1CC2CN21,1
4090,CCN1C2CC2OC1=O,CCN1C(=O)OC2CC21,1
4091,CN1C(=N)ON=C1C#N,Cn1c(C#N)noc1=N,2
4092,O=CN1C2CC(=O)C12,O=CN1C2CC(=O)C21,2
4093,CC1N(C)C1(CN)C#N,CC1N(C)C1(C#N)CN,0
4094,CN1C2CCC2C1C#N,CN1C(C#N)C2CCC21,0
4095,[N-]1[NH+]=CN=C2C=CN=C12,c1cc2nc[nH+][n-]c-2n1,0
4096,OCCC1C2C3C1CN23,OCCC1C2CN3C1C23,0
4097,CNc1coc(=O)cn1,CNc1coc(=O)cn1,0
4098,N=C1CCCCC(=O)O1,N=C1CCCCC(=O)O1,1
4099,C1CC=CC2(C1)COC2,C1=CC2(CCC1)COC2,0
4100,CC(CO)COC=O,CC(CO)COC=O,0
4101,CC1OCC1C1(O)CC1,CC1OCC1C1(O)CC1,2
4102,CC1CN(C)C1C#N,CC1CN(C)C1C#N,2
4103,OC1CCCC1=O,O=C1CCCC1O,4
4104,CC#CC1CCOC1=N,CC#CC1CCOC1=N,2
4105,OCC1=NC2CC(C2)O1,OCC1=NC2CC(C2)O1,4
4106,COCC1NC1C1CC1,COCC1NC1C1CC1,0
4107,COC(C)C(=O)N(C)C,COC(C)C(=O)N(C)C,2
4108,CN=COC(C)CC#N,CN=COC(C)CC#N,3
4109,CC1=NC2=C(ON=N2)O1,Cc1nc2nnoc2o1,0
4110,C1C2CCC3COCC123,C1CC2CC23COCC13,4
4111,C1OC23C=CCC2CC13,C1=CC23OCC2CC3C1,3
4112,CC1C2CC1(C)C1CN21,CC1C2CC1(C)C1CN21,1
4113,CC1(O)CNC=C1C=O,CC1(O)CNC=C1C=O,1
4114,CCC12CC1(CO2)C#N,CCC12CC1(C#N)CO2,4
4115,C[NH2+]C1C(O)C1C([O-])=O,C[NH2+]C1C(O)C1C(=O)[O-],0
4116,CC(C)C(O)CC(N)=O,CC(C)C(O)CC(N)=O,3
4117,C#CC1(CCCN1)C#N,C#CC1(C#N)CCCN1,2
4118,CN=C1OCC1(O)C#C,C#CC1(O)COC1=NC,3
4119,CC1=NC(=N)C(C)=NN1,Cc1nc(=N)c(C)n[nH]1,3
4120,O=C1COCC1C#C,C#CC1COCC1=O,1
4121,NC(=O)C1OCOC1=N,N=C1OCOC1C(N)=O,3
4122,CCCC(C)(C)C#C,C#CC(C)(C)CCC,2
4123,CC(CCCCO)C=O,CC(C=O)CCCCO,3
4124,NC1(C#N)C(O)C1O,N#CC1(N)C(O)C1O,4
4125,Cc1cnoc1C=O,Cc1cnoc1C=O,1
4126,N=C1CC2NC2C(=O)O1,N=C1CC2NC2C(=O)O1,0
4127,OCC1CC(=O)C=CN1,O=C1C=CNC(CO)C1,3
4128,N=C1OC2CC2C1C=O,N=C1OC2CC2C1C=O,2
4129,CC1CC11C2CC1CC2,CC1CC12C1CCC2C1,2
4130,CC12COC1(CN2)C=O,CC12COC1(C=O)CN2,4
4131,c1nc2c(o1)CCCC2,c1nc2c(o1)CCCC2,4
4132,NC(=O)C[NH2+]CC([O-])=O,NC(=O)C[NH2+]CC(=O)[O-],3
4133,O=COC1CN2CCC12,O=COC1CN2CCC12,4
4134,C#CC1OCC1N1CC1,C#CC1OCC1N1CC1,0
4135,CC1(C#C)C2C3CC2C13,C#CC1(C)C2C3CC2C31,1
4136,Cc1ccc(cc1)C=O,Cc1ccc(C=O)cc1,4
4137,C1OC1C1OCC11CC1,C1OC1C1OCC12CC2,0
4138,CC1(CC1O)C(=O)CO,CC1(C(=O)CO)CC1O,4
4139,CCC12COC1C1CC21,CCC12COC1C1CC12,3
4140,CCC1CC1OC(C)=O,CCC1CC1OC(C)=O,1
4141,C#CC12C3C4C3N1C24,C#CC12C3C4C3N1C42,0
4142,CCOCC(=O)C(C)C,CCOCC(=O)C(C)C,0
4143,COC1CC1CC#N,COC1CC1CC#N,4
4144,CC(C)OC(=O)CN,CC(C)OC(=O)CN,3
4145,CC1C(=O)C2C(O)C12C,CC1C(=O)C2C(O)C12C,4
4146,COc1c(onn1)CN,COc1nnoc1CN,0
4147,CC1C2N1CCC21CN1,CC1C2N1CCC21CN1,4
4148,CC#Cc1nc[nH]n1,CC#Cc1nc[nH]n1,1
4149,CCC12C3CC1(O)CN23,CCC12C3CC1(O)CN32,0
4150,CC1(CC#C)C2CCC12,C#CCC1(C)C2CCC21,4
4151,C1c2c(non2)NC=N1,C1=NCc2nonc2N1,1
4152,CC1CNC2=C1C=CN2,CC1CNc2[nH]ccc21,4
4153,CC1OC11C2CC1C2O,CC1OC12C1CC2C1O,2
4154,c1c2c(on1)N=COC2,C1=Nc2oncc2CO1,0
4155,OCC12OCC3C1CC23,OCC12OCC3C1CC32,2
4156,CC1C2C(O)CC12C,CC1C2C(O)CC12C,2
4157,CC1(CC1)C1CO1,CC1(C2CO2)CC1,1
4158,CN=C1OC=CC=C1,CN=c1cccco1,3
4159,CC12CC3C(CC1)C23,CC12CCC3C(C1)C32,3
4160,CC1(CO1)C1CC=CC1,CC1(C2CC=CC2)CO1,3
4161,Cn1cc(c(c1)O)CO,Cn1cc(O)c(CO)c1,0
4162,C#CC1CC(O1)C#N,C#CC1CC(C#N)O1,0
4163,CN(C)c1cnc(o1)N,CN(C)c1cnc(N)o1,2
4164,CC12OC1CC2OC=N,CC12OC1CC2OC=N,4
4165,OC12CC3C(C=C1)N3C2,OC12C=CC3C(C1)N3C2,1
4166,CC(C#C)C1CC(C)O1,C#CC(C)C1CC(C)O1,0
4167,CC1C2CN1CC2=NO,CC1C2CN1CC2=NO,1
4168,CC(=O)C1CC11CCC1,CC(=O)C1CC12CCC2,1
4169,C1CC23CCCC12O3,C1CC23CCC2(C1)O3,2
4170,C#CCC1(CC1)CC#C,C#CCC1(CC#C)CC1,1
4171,CC1OC2CC3C(C2)C13,CC1OC2CC3C(C2)C13,4
4172,CC1(CC2CN12)C#N,CC1(C#N)CC2CN21,3
4173,O=CC1CC2OCC1O2,O=CC1CC2OCC1O2,4
4174,CCC(=O)C(=O)C#CC,CC#CC(=O)C(=O)CC,1
4175,OC1CCOC1C=O,O=CC1OCCC1O,3
4176,Cc1c(c(=O)cn[nH]1)N,Cc1[nH]ncc(=O)c1N,0
4177,COC(=O)C1(CO1)C=O,COC(=O)C1(C=O)CO1,4
4178,CC1C2OC1C21CN1C,CC1C2OC1C21CN1C,3
4179,CC1C(=O)OC11CC1,CC1C(=O)OC12CC2,2
4180,OCC12C3CN=C1OC23,OCC12C3=NCC1C2O3,2
4181,c1noc(=NCC=O)o1,O=CCN=c1ocno1,4
4182,CC(O)CN1C=CC=N1,CC(O)Cn1cccn1,2
4183,CC1NC1C1OCC=C1,CC1NC1C1C=CCO1,4
4184,CC(C)(C=O)N=COC,COC=NC(C)(C)C=O,3
4185,CC1C(O)C1C(C)=NO,CC(=NO)C1C(C)C1O,0
4186,CC12CC3(C)C1CCC23,CC12CC3(C)C1CCC23,0
4187,O=COC1CC1N1CC1,O=COC1CC1N1CC1,3
4188,N#CC1C2CC3C2OC13,N#CC1C2CC3C1OC23,1
4189,Cc1c(c(=O)ocn1)O,Cc1ncoc(=O)c1O,2
4190,C1C2OC11COCC21,C1OCC23CC(O2)C13,3
4191,C#CCC1CC=CC1,C#CCC1CC=CC1,4
4192,CCNc1c(non1)N,CCNc1nonc1N,3
4193,C1CC12COCCOC2,C1COCC2(CC2)CO1,0
4194,C1C2C3C1COCCN23,C1CN2C3CC(CO1)C32,1
4195,CCC1C2NC1C2=O,CCC1C2NC1C2=O,3
4196,OCC12C3CC(C13)C2=O,O=C1C2CC3C2C13CO,0
4197,N=C1OC2CC1C21CN1,N=C1OC2CC1C21CN1,2
4198,CC1COCCCO1,CC1COCCCO1,3
4199,CCc1cc[nH]c1C#C,C#Cc1[nH]ccc1CC,0
4200,O=CC1(C#N)C2CC1O2,N#CC1(C=O)C2CC1O2,0
4201,CC1(O)C2CC1C2C#N,CC1(O)C2CC1C2C#N,3
4202,C#CC1OCC11CC1,C#CC1OCC12CC2,0
4203,CC1CC(=CCO1)C#N,CC1CC(C#N)=CCO1,2
4204,CC1C2OC2C1C,CC1C(C)C2OC12,1
4205,CCC1COC(=N1)C#C,C#CC1=NC(CC)CO1,2
4206,CC12CN3C(C13)C21CC1,CC12CN3C1C3C21CC1,1
4207,CC1OC2COC(C)C12,CC1OCC2OC(C)C12,3
4208,CC1CC(C1)(C#N)C#N,CC1CC(C#N)(C#N)C1,3
4209,OCC(OCC=O)C#N,N#CC(CO)OCC=O,2
4210,Cc1ccc(o1)N(=O)=O,Cc1ccc([N+](=O)[O-])o1,0
4211,OCC12CC1CC21CO1,OCC12CC1CC21CO1,4
4212,OC1CC2CC2C2OC12,OC1CC2CC2C2OC12,4
4213,C1CC(=O)C(=C1N)C#N,N#CC1=C(N)CCC1=O,0
4214,CC1(O)CC2C(O)CC12,CC1(O)CC2C(O)CC21,3
4215,COC1OC2C3NC2C13,COC1OC2C3NC2C13,4
4216,CC(C)C(CO)CC#C,C#CCC(CO)C(C)C,1
4217,C1C2OCCC3CC12O3,C1CC2CC3(CC3O1)O2,1
4218,CCOC=NC1COC1,CCOC=NC1COC1,4
4219,CC1CCCC1(C)C=O,CC1CCCC1(C)C=O,0
4220,CC12CC3(C#N)C(N1)C23,CC12CC3(C#N)C(N1)C23,3
4221,CC1COC(=N)N1C=N,CC1COC(=N)N1C=N,4
4222,OC1C2CC3C1C2C3=O,O=C1C2CC3C(O)C2C13,1
4223,Cc1coc(c1CO)C,Cc1coc(C)c1CO,4
4224,CC1OC1C#CCCO,CC1OC1C#CCCO,3
4225,c1cnc(nc1O)C=O,O=Cc1nccc(O)n1,3
4226,CC1OC2C(O)C12C#N,CC1OC2C(O)C12C#N,4
4227,COC1CC1(C)CC#N,COC1CC1(C)CC#N,1
4228,O=C1C=CCOC1C#N,N#CC1OCC=CC1=O,0
4229,c1cc(oc1)C2COC2,c1coc(C2COC2)c1,1
4230,C#CC1CC2CC2CO1,C#CC1CC2CC2CO1,2
4231,OC1C2CC1(O)C2,OC1C2CC1(O)C2,1
4232,CC1NC(=O)CNC1=O,CC1NC(=O)CNC1=O,4
4233,C1NC1C1=CN=CO1,c1ncc(C2CN2)o1,1
4234,COCC1C2COC12,COCC1C2COC12,0
4235,Cn1ccc(n1)OC=O,Cn1ccc(OC=O)n1,3
4236,CCC12CCCC1O2,CCC12CCCC1O2,3
4237,CC(C)C(=N)N(C)C=O,CC(C)C(=N)N(C)C=O,0
4238,[O-]C(=O)C1CC1C1C[NH2+]1,O=C([O-])C1CC1C1C[NH2+]1,1
4239,CCCC1C(C)N1C,CCCC1C(C)N1C,2
4240,CC12CC1(C)OCOC2,CC12COCOC1(C)C2,2
4241,CCOC1(CCC1)C#C,C#CC1(OCC)CCC1,0
4242,CC1CC(C1)(C=O)C#C,C#CC1(C=O)CC(C)C1,4
4243,CC(C)(C)NC(=N)C=O,CC(C)(C)NC(=N)C=O,4
4244,CC1CC([NH+]1C)C([O-])=O,CC1CC(C(=O)[O-])[NH+]1C,1
4245,c1c(c(co1)N(=O)=O)N,Nc1cocc1[N+](=O)[O-],0
4246,CC(NC=[NH2+])C([O-])=O,CC(NC=[NH2+])C(=O)[O-],2
4247,O=C1CNC=CC(=O)N1,O=C1C=CNCC(=O)N1,1
4248,CC12OC(=O)CC1C2O,CC12OC(=O)CC1C2O,2
4249,CC1OC11COC1C=O,CC1OC12COC2C=O,4
4250,O=CC12OC3C1CC23,O=CC12OC3C1CC32,0
4251,COC1COCC1C#C,C#CC1COCC1OC,3
4252,Cc1[nH]nc(n1)CO,Cc1nc(CO)n[nH]1,0
4253,CCCC(CC)CO,CCCC(CC)CO,3
4254,OCC1CN=CN1C=O,O=CN1C=NCC1CO,1
4255,CC12NC1C(C)(O)C2O,CC1(O)C(O)C2(C)NC12,0
4256,CCNC(=O)OC(C)C,CCNC(=O)OC(C)C,2
4257,O=C1C2C3N2C1C31CC1,O=C1C2C3N2C1C31CC1,2
4258,OC1CCC=CC1,OC1CC=CCC1,1
4259,COC(CO)C(=N)OC,COC(=N)C(CO)OC,2
4260,CC12CC(=O)OCC1N2,CC12CC(=O)OCC1N2,4
4261,N#CC1CCOC2CC12,N#CC1CCOC2CC12,2
4262,C#CC1C2COC12C#N,C#CC1C2COC12C#N,1
4263,Cc1c([nH]nc1NC)N,CNc1n[nH]c(N)c1C,1
4264,OCC(=O)C(=O)C1CN1,O=C(CO)C(=O)C1CN1,3
4265,CC1CCCC(=N)O1,CC1CCCC(=N)O1,3
4266,OC1C2C3CN2C3C1O,OC1C(O)C2C3CN2C13,2
4267,OC1C2CC3CC3C12O,OC1C2CC3CC3C12O,2
4268,OC1=CN=COC1=N,N=c1ocncc1O,3
4269,CC1C(N1C)C(=O)C#C,C#CC(=O)C1C(C)N1C,4
4270,CC1(CC=CC1=NO)C,CC1(C)CC=CC1=NO,3
4271,CC(O)C(C)CCC#N,CC(O)C(C)CCC#N,0
4272,C1C2OC3CC12OCC3,C1CC2CC3(CC3O2)O1,4
4273,OC1C2NC2COC1=N,N=C1OCC2NC2C1O,0
4274,c1nc2c(o1)C=CC2=O,O=C1C=Cc2ocnc21,3
4275,CCc1cc(=O)cc[nH]1,CCc1cc(=O)cc[nH]1,3
4276,NC1=CC(=N)C(O)=NN1,N=c1cc(N)[nH]nc1O,2
4277,COC1CC1CO,COC1CC1CO,3
4278,C1C2CCC3OC12C=C3,C1=CC23CC2CCC1O3,1
4279,CC1CC2CC1CC=C2,CC1CC2C=CCC1C2,0
4280,OC1C2COCC1N2,OC1C2COCC1N2,4
4281,CC1(CC1N1CC1)C=O,CC1(C=O)CC1N1CC1,4
4282,CC1(C)OC(=N)C1C#N,CC1(C)OC(=N)C1C#N,1
4283,O=CC12OC3C1COC23,O=CC12OC3C1COC32,2
4284,CCC1(O)CNC1=O,CCC1(O)CNC1=O,0
4285,OC1C2NC(=O)COC12,O=C1COC2C(O)C2N1,1
4286,Cc1cn[nH]c1N,Cc1cn[nH]c1N,0
4287,CC1CC2CC2CC1C,CC1CC2CC2CC1C,0
4288,CC1(O)CNC(=O)C1O,CC1(O)CNC(=O)C1O,3
4289,CC1COC(=O)N1C=O,CC1COC(=O)N1C=O,2
4290,O=CC1C(=O)CC11CC1,O=CC1C(=O)CC12CC2,3
4291,CC12C3N1CC2C31CO1,CC12C3CN1C2C31CO1,2
4292,OC12C3CC(C13)C21CC1,OC12C3CC(C31)C21CC1,3
4293,N#CC1OC2CC(C2)O1,N#CC1OC2CC(C2)O1,0
4294,C#CC1(CO1)C1CO1,C#CC1(C2CO2)CO1,0
4295,OCC(=O)C1OC1C#C,C#CC1OC1C(=O)CO,1
4296,C1C(CN1C(=O)N)C=O,NC(=O)N1CC(C=O)C1,3
4297,CC(C)C(=O)C(O)CO,CC(C)C(=O)C(O)CO,1
4298,COCCC1(O)CC1C,COCCC1(O)CC1C,3
4299,CC1C(C)C1(C#C)C#C,C#CC1(C#C)C(C)C1C,3
4300,CC(C)c1c(c[nH]n1)N,CC(C)c1n[nH]cc1N,0
4301,CC1C2C3C(C#C)C2N13,C#CC1C2C3C(C)N2C13,3
4302,CCC1CC2CCC2=C1,CCC1C=C2CCC2C1,1
4303,CC1(O)C2CC1N2C=O,CC1(O)C2CC1N2C=O,4
4304,CN1CC1C(=O)C(C)=O,CC(=O)C(=O)C1CN1C,0
4305,N=C1OCC(=O)C11CN1,N=C1OCC(=O)C12CN2,3
4306,CCC1=CC(C)CCC1,CCC1=CC(C)CCC1,1
4307,COC(CO)C1(C)CO1,COC(CO)C1(C)CO1,4
4308,c1c2c(ncn1)CC=C2,C1=Cc2cncnc2C1,2
4309,OC1CCC2=C1NN=N2,OC1CCc2nn[nH]c21,4
4310,O=CCC12CCCC1N2,O=CCC12CCCC1N2,2
4311,OC1CCC2C3OC2C13,OC1CCC2C3OC2C13,3
4312,N#CC1=CC2C3OC1C23,N#CC1=CC2C3OC1C23,0
4313,CCC(OC(C)C)C=O,CCC(C=O)OC(C)C,2
4314,CCOC1CN(C)C1=O,CCOC1CN(C)C1=O,2
4315,CC12CC1(CO2)C=O,CC12CC1(C=O)CO2,3
4316,CN1CCC(N)(C1)C#N,CN1CCC(N)(C#N)C1,3
4317,C1OC2C3OC4C3OC124,C1OC2C3OC4C3OC124,2
4318,C1C=CC2(O1)COC2,C1=CC2(COC2)OC1,2
4319,N=COC1=NC=NO1,N=COc1ncno1,2
4320,CCC1=C2CN3C(C1)C23,CCC1=C2CN3C(C1)C23,4
4321,CN1CC23OC(C2O)C13,CN1CC23OC(C2O)C13,2
4322,O1N=NC2=CC=NC2=N1,c1cc2nnonc-2n1,1
4323,COCCC#CCC#C,C#CCC#CCCOC,4
4324,CC1(C)OC(=O)OC1=N,CC1(C)OC(=O)OC1=N,3
4325,c1c(nco1)C2CC2,c1nc(C2CC2)co1,0
4326,CN1C2C3N4CCC13C24,CN1C2C3N4CCC31C24,2
4327,OC1C(O)C11OCC1=O,O=C1COC12C(O)C2O,4
4328,CC1OC(=N)C2C(O)C12,CC1OC(=N)C2C(O)C12,2
4329,C(CO)C#CC#CC=O,O=CC#CC#CCCO,2
4330,O=CCCC12CN1CC2,O=CCCC12CCN1C2,2
4331,CC1OCC=CC(C)=C1,CC1=CC(C)OCC=C1,1
4332,CC1OC2CC2CC=C1,CC1C=CCC2CC2O1,3
4333,Cc1c[nH]cnc1=O,Cc1c[nH]cnc1=O,0
4334,CCCC1CNC(=O)O1,CCCC1CNC(=O)O1,2
4335,CC(=O)C(=O)C1CN1,CC(=O)C(=O)C1CN1,4
4336,NC(=[NH2+])CC1=N[N-]N=N1,NC(=[NH2+])Cc1nn[n-]n1,2
4337,CC#CCN1CC1C#C,C#CC1CN1CC#CC,0
4338,C1CC2C3OC3C=C2C1,C1=C2CCCC2C2OC12,1
4339,O=C1C2CCC11CCN21,O=C1C2CCC13CCN23,1
4340,CC12CC1(O)CC21CC1,CC12CC1(O)CC21CC1,0
4341,C1CCCC(CC1)O,OC1CCCCCC1,2
4342,CC1OC11CCNC1=O,CC1OC12CCNC2=O,2
4343,CCC1(CO1)C1CCO1,CCC1(C2CCO2)CO1,3
4344,CC1C=C(C)C(=O)C1=O,CC1=CC(C)C(=O)C1=O,0
4345,OC1CC1(C#C)C1CO1,C#CC1(C2CO2)CC1O,2
4346,CCN=COC(C)C#C,C#CC(C)OC=NCC,4
4347,c1c(c(on1)NC=O)N,Nc1cnoc1NC=O,0
4348,OC1CN(CC2CO2)C1,OC1CN(CC2CO2)C1,0
4349,COC1(C)CCC1(C)O,COC1(C)CCC1(C)O,4
4350,O=C1C2CC1C=CC2,O=C1C2C=CCC1C2,0
4351,CCOC1(CC1)C,CCOC1(C)CC1,0
4352,CC12N=COC3C1NC23,CC12N=COC3C1NC32,0
4353,COC1OC(C)=NC1C,COC1OC(C)=NC1C,4
4354,CCCC#CC(=NO)C,CCCC#CC(C)=NO,1
4355,COCC1CC1OC,COCC1CC1OC,2
4356,CC1C2CCC(C)C12,CC1CCC2C(C)C12,1
4357,O=C1NN=NC=C1C#C,C#Cc1cnn[nH]c1=O,4
4358,CCC1C(C)C1C(C)=O,CCC1C(C)C1C(C)=O,4
4359,OC1C2OC1C(O)C2O,OC1C(O)C2OC1C2O,2
4360,c1c2n(c(n1)O)CC2,Oc1ncc2n1CC2,3
4361,OC12CN3CC4C(C14)C23,OC12CN3CC4C(C41)C32,1
4362,CC1=CC(=O)C=CNC1,CC1=CC(=O)C=CNC1,0
4363,CCC(C(C)O)C1CO1,CCC(C(C)O)C1CO1,3
4364,O=C(OCC1CO1)C#C,C#CC(=O)OCC1CO1,4
4365,C1C=CC23OC12CC=C3,C1=CC23C=CCC2(C1)O3,2
4366,CC(=O)CC12CC1CC2,CC(=O)CC12CCC1C2,4
4367,CC1=CC(=O)C(=N)OC1,CC1=CC(=O)C(=N)OC1,1
4368,OC1=NOC(=O)C(=N)N1,N=c1[nH]c(O)noc1=O,2
4369,CCOCCNC=O,CCOCCNC=O,2
4370,N=C1OCC(=O)C11CC1,N=C1OCC(=O)C12CC2,2
4371,COc1c[nH]cc1C#C,C#Cc1c[nH]cc1OC,1
4372,CC1(C(=O)COCO1)C,CC1(C)OCOCC1=O,2
4373,Cc1c[nH]c(c1O)C#C,C#Cc1[nH]cc(C)c1O,4
4374,CCC1NC1(C)C=O,CCC1NC1(C)C=O,0
4375,O=CC1CC2NC2C=C1,O=CC1C=CC2NC2C1,1
4376,Cc1cc(oc1C)OC,COc1cc(C)c(C)o1,0
4377,C1CC(=CNC1)C=O,O=CC1=CNCCC1,2
4378,COC(C)CC1CO1,COC(C)CC1CO1,2
4379,CC12CC1(CO)C1OC21,CC12CC1(CO)C1OC12,2
4380,C1C(=O)COC(=N1)C#N,N#CC1=NCC(=O)CO1,4
4381,c1(c(=O)onc(n1)F)N,Nc1nc(F)noc1=O,4
4382,CC(=O)C12CC3C(C1)N23,CC(=O)C12CC3C(C1)N32,1
4383,OC1C(C#N)C11CCO1,N#CC1C(O)C12CCO2,4
4384,OC12CC1CCC21CN1,OC12CC1CCC21CN1,2
4385,OC(C=O)C(O)C1CC1,O=CC(O)C(O)C1CC1,4
4386,N=C1N=NOC=C1C#C,C#Cc1connc1=N,3
4387,CC1NC2C(O)C2C1=O,CC1NC2C(O)C2C1=O,2
4388,O=CC1=CC2OCC2C1,O=CC1=CC2OCC2C1,0
4389,CC12OC1C1(C)OC21C,CC12OC1C1(C)OC21C,4
4390,CC(C#CCO)N1CC1,CC(C#CCO)N1CC1,4
4391,CC12CC(N1)C(=O)C2=O,CC12CC(N1)C(=O)C2=O,2
4392,CC(C#N)C(C)=NO,CC(=NO)C(C)C#N,4
4393,Cc1cc([nH]c1C)OC,COc1cc(C)c(C)[nH]1,4
4394,C1NC11CN2CC2C=C1,C1=CC2(CN2)CN2CC12,4
4395,COC1OC2CC1C=C2,COC1OC2C=CC1C2,0
4396,CCC1CC1(CO)C=O,CCC1CC1(C=O)CO,4
4397,C1CC1C1C2OC=NC12,C1=NC2C(O1)C2C1CC1,1
4398,C#CC1CCC2CC1C2,C#CC1CCC2CC1C2,1
4399,CCC1(NC1C)C1CO1,CCC1(C2CO2)NC1C,4
4400,CC(=O)CNC1COC1,CC(=O)CNC1COC1,0
4401,CC1C2NC2(C)C1CO,CC1C(CO)C2(C)NC12,1
4402,C1NC1C12CC1CO2,C1OC2(C3CN3)CC12,1
4403,CC1(C)C2C3COC2C13,CC1(C)C2C3COC2C31,0
4404,COc1c[nH]c(=O)nc1,COc1cnc(=O)[nH]c1,0
4405,C1NC2COC1OC2,C1OC2CNC1CO2,1
4406,CC1=CC2OC1C1CC21,CC1=CC2OC1C1CC21,4
4407,OCC(C#C)C(=O)C#C,C#CC(=O)C(C#C)CO,1
4408,CNc1cc(oc1N)N,CNc1cc(N)oc1N,1
4409,OC1C2CC11CCC1O2,OC1C2CC13CCC3O2,0
4410,CC1(NCC1=O)C1CN1,CC1(C2CN2)NCC1=O,2
4411,CN1CC11COC1(C)C,CN1CC12COC2(C)C,1
4412,CC1CCC1=O,CC1CCC1=O,3
4413,C#Cc1c(n[nH]n1)N,C#Cc1n[nH]nc1N,0
4414,C(COC=O)NC(=O)N,NC(=O)NCCOC=O,0
4415,CC1CCCN1C(N)=O,CC1CCCN1C(N)=O,4
4416,c1cnc(c(n1)CO)O,OCc1nccnc1O,1
4417,C#CC(=O)N1CC1,C#CC(=O)N1CC1,1
4418,CC(O)CCC(C)(C)O,CC(O)CCC(C)(C)O,1
4419,OC1COC1(C=O)C#N,N#CC1(C=O)OCC1O,4
4420,O=CC1C2C3C=CC2N13,O=CC1C2C3C=CC2N13,0
4421,CC(C#N)C1(C)CN1,CC(C#N)C1(C)CN1,1
4422,CC1N2CC=CC2C1=O,CC1C(=O)C2C=CCN12,4
4423,O=COC12CC1NC2=O,O=COC12CC1NC2=O,2
4424,CC1OCCC=C1,CC1C=CCCO1,4
4425,CC#CC(=O)C(O)C=O,CC#CC(=O)C(O)C=O,0
4426,CCOC(C#N)C(C)=O,CCOC(C#N)C(C)=O,0
4427,OC12CC3C4C3C1(O)C24,OC12CC3C4C3C1(O)C42,1
4428,CC1=CC=CC2CC1C2,CC1=CC=CC2CC1C2,2
4429,CC1C=CCCN1C=O,CC1C=CCCN1C=O,1
4430,C(C(CO)C#N)O,N#CC(CO)CO,4
4431,CCC(=O)C(O)COC,CCC(=O)C(O)COC,3
4432,C(C1CC1)C1CCC=C1,C1=CC(CC2CC2)CC1,2
4433,OCC1COC(=O)C=C1,O=C1C=CC(CO)CO1,0
4434,O=CC12CCC3C1CC23,O=CC12CCC3C1CC32,0
4435,C1CN(C1)C(C=O)C=O,O=CC(C=O)N1CCC1,4
4436,C1C2N1C1(CC1)C21CO1,C1C2N1C1(CC1)C21CO1,3
4437,CC1COC2CNC2=N1,CC1COC2CNC2=N1,1
4438,C1OC1C12CC1OCC2,C1CC2(C3CO3)CC2O1,3
4439,O=COC1CCC1=O,O=COC1CCC1=O,3
4440,CCC1CCCCOC1,CCC1CCCCOC1,3
4441,CC12CC(CO)(O1)C2=O,CC12CC(CO)(O1)C2=O,0
4442,OC12CN3C1C2C3C=O,O=CC1C2C3N1CC23O,4
4443,C1OC11C=CC2COC12,C1=CC2(CO2)C2OCC12,0
4444,C#CCC1CCC1C#N,C#CCC1CCC1C#N,3
4445,CCC(CO)C(C)C#N,CCC(CO)C(C)C#N,0
4446,CC1NC11CC2(C)OC12,CC1NC12CC1(C)OC12,1
4447,c1c2c(on1)CN=C2N,NC1=NCc2oncc21,0
4448,C1CC2CC=CC22OC12,C1=CC23OC2CCC3C1,2
4449,CC1=CCCCC1C#N,CC1=CCCCC1C#N,2
4450,CCC12C3CC=C1CN23,CCC12C3=CCC1N2C3,0
4451,CC12CN3C1C1CC1C23,CC12CN3C1C1CC1C32,3
4452,CC1CN=C(N1)C=O,CC1CN=C(C=O)N1,3
4453,CC#CCC#CC#N,CC#CCC#CC#N,0
4454,CC1(O)CC2CC(=O)C12,CC1(O)CC2CC(=O)C21,4
4455,CCC(O)C12CCC1O2,CCC(O)C12CCC1O2,2
4456,CC1CCOC(O1)C#C,C#CC1OCCC(C)O1,1
4457,COC(C#CC)C(C)C,CC#CC(OC)C(C)C,1
4458,O=C1C2CNC(=O)C1O2,O=C1NCC2OC1C2=O,1
4459,c1cn(cn1)C(=O)N,NC(=O)n1ccnc1,2
4460,C1CC23OC4CC(C12)C34,C1C2OC34CCC3C1C24,2
4461,CC(C)N(C)C(=O)C=O,CC(C)N(C)C(=O)C=O,2
4462,c1nc2[nH]nc(n2n1)N,Nc1n[nH]c2ncnn12,4
4463,C1C2NC22C=CC3C1C23,C1=CC23NC2CC2C1C23,1
4464,C#CC1(CC1)CCC#N,C#CC1(CCC#N)CC1,0
4465,C#CC1CCC2(CC2)C1,C#CC1CCC2(CC2)C1,1
4466,CC(OC=N)(C#C)C#N,C#CC(C)(C#N)OC=N,1
4467,C1C2CC34CC(C3)C1C24,C1C2CC34CC(C3)C1C24,0
4468,CCC1C2C3C1C2C3=O,CCC1C2C3C(=O)C2C13,4
4469,CCC[NH+](C)CC([O-])=O,CCC[NH+](C)CC(=O)[O-],4
4470,C1OC2CC1CCCC2,C1CCC2CC(C1)CO2,2
4471,CC(=O)C1OCC=C1,CC(=O)C1C=CCO1,3
4472,CC1OCC1(C)C(N)=O,CC1OCC1(C)C(N)=O,4
4473,C1C2OC3CC4OC1C234,C1C2OC3CC4OC1C234,4
4474,CCc1c(nn[nH]1)N,CCc1[nH]nnc1N,1
4475,CC12OCC1CC1CC21,CC12OCC1CC1CC12,2
4476,CC12OC1C(=O)C2(C)O,CC1(O)C(=O)C2OC21C,1
4477,CC12CC3C(=O)C1C23C,CC12CC3C(=O)C1C32C,1
4478,C1OC11CC2COCC12,C1OCC2C1CC21CO1,3
4479,CC1=NN(C=O)C(=N)O1,Cc1nn(C=O)c(=N)o1,0
4480,CCC(C#C)C1CN1C,C#CC(CC)C1CN1C,1
4481,C#CC1C2CC(C#C)N12,C#CC1CC2C(C#C)N12,4
4482,COC1(CC1)C2CC2,COC1(C2CC2)CC1,1
4483,CC1C(O)C(=O)C11CC1,CC1C(O)C(=O)C12CC2,2
4484,Cc1c([nH]cn1)C(=O)C,CC(=O)c1[nH]cnc1C,0
4485,COC1CN(C1)CC#N,COC1CN(CC#N)C1,4
4486,CN1CC2OCC12C,CN1CC2OCC21C,3
4487,CC(C)C12CC1CCO2,CC(C)C12CC1CCO2,3
4488,CC1=CCNC1=O,CC1=CCNC1=O,1
4489,CN(C)c1n[nH]c(=O)o1,CN(C)c1n[nH]c(=O)o1,3
4490,CC(=O)C1CN1CC#C,C#CCN1CC1C(C)=O,4
4491,COC1CCC(C1)OC,COC1CCC(OC)C1,1
4492,CC(C)(COCC=O)O,CC(C)(O)COCC=O,1
4493,CC12CCCCCC1O2,CC12CCCCCC1O2,2
4494,c1c(nn(n1)CC#N)N,N#CCn1ncc(N)n1,0
4495,CC(CC#N)C(=O)CO,CC(CC#N)C(=O)CO,4
4496,CC(O)C(=O)C1CO1,CC(O)C(=O)C1CO1,3
4497,CNc1nc(n(n1)C)N,CNc1nc(N)n(C)n1,3
4498,CC(O)C1CN=CO1,CC(O)C1CN=CO1,4
4499,COC1C2C3CN2C13C,COC1C2C3CN2C31C,4
4500,C1C2C1C1CC2OCO1,C1OC2CC(O1)C1CC21,4
4501,OC1C(O)C2=CCCC12,OC1C2=CCCC2C1O,1
4502,O=C1C2C3OC1(C#N)C23,N#CC12OC3C(C1=O)C32,0
4503,CC1(C)C2C3OC1C23O,CC1(C)C2OC3C1C32O,1
4504,CC(C)C(=O)CNC=O,CC(C)C(=O)CNC=O,3
4505,CC1N=C(NC1=O)C#C,C#CC1=NC(C)C(=O)N1,0
4506,c1c[nH]c2c1C(=O)NC2,O=C1NCc2[nH]ccc21,4
4507,C#CC1(CCC=C1)C#C,C#CC1(C#C)C=CCC1,1
4508,c1c(nc(c(=O)o1)O)N,Nc1coc(=O)c(O)n1,1
4509,N=COCC1C2CC1O2,N=COCC1C2CC1O2,1
4510,N=C1NC(=NO1)C1CN1,N=c1[nH]c(C2CN2)no1,4
4511,Cc1nc(=O)c(co1)O,Cc1nc(=O)c(O)co1,0
4512,CC1C2(C)C3CC2C13O,CC1C2(C)C3CC2C13O,0
4513,N=C1OC(OC1=N)C#C,C#CC1OC(=N)C(=N)O1,4
4514,CC1COC(O1)C1CC1,CC1COC(C2CC2)O1,4
4515,CC1(CCO1)C1CCC1,CC1(C2CCC2)CCO1,0
4516,C1C2(CCC2)C11CCO1,C1CC2(C1)CC21CCO1,1
4517,O=C1OCC(O1)C#C,C#CC1COC(=O)O1,1
4518,CC(=O)C1CC2(C)CC12,CC(=O)C1CC2(C)CC12,2
4519,CCC#CCC(C)C,CCC#CCC(C)C,2
4520,C1C2C1C1CC3C2CC13,C1C2C1C1CC3C1CC23,2
4521,C1OCC2OC2CO1,C1OCC2OC2CO1,3
4522,O=C1C2NC3CC1NC23,O=C1C2CC3NC1C3N2,4
4523,N=C1OCCOC1=O,N=C1OCCOC1=O,2
4524,OC12CN(CC1)C2C=O,O=CC1N2CCC1(O)C2,4
4525,C1CC(=O)COC(=O)C1,O=C1CCCC(=O)OC1,3
4526,CCC1=CCCC1C#C,C#CC1CCC=C1CC,2
4527,COC(C)(CC#C)C#C,C#CCC(C)(C#C)OC,4
4528,CC1=CCC2CC=CC12,CC1=CCC2CC=CC12,1
4529,CC1C2COCC(C)N12,CC1COCC2C(C)N12,4
4530,Cc1cnc(n1C=O)C,Cc1cnc(C)n1C=O,4
4531,CC1C(OC1C=O)C=O,CC1C(C=O)OC1C=O,3
4532,CC(O)C1=CC=CN1C,CC(O)c1cccn1C,3
4533,CC1C2OC1(C=O)C=C2,CC1C2C=CC1(C=O)O2,1
4534,CC1C2COC2C2CN12,CC1C2COC2C2CN12,2
4535,C1CCC2(C1)COCO2,C1CCC2(C1)COCO2,4
4536,OC1C(O)C11CC(=O)N1,O=C1CC2(N1)C(O)C2O,3
4537,CC12C3OC1C(C=O)C23,CC12C3OC1C2C3C=O,1
4538,CNC(CNC=O)C#N,CNC(C#N)CNC=O,1
4539,CC1C2CC2C2CC12C,CC1C2CC2C2CC12C,0
4540,COC1CC2COC1O2,COC1CC2COC1O2,4
4541,COC1CCC11NC1C,COC1CCC12NC2C,0
4542,CC(C=O)N1CC1C#C,C#CC1CN1C(C)C=O,1
4543,[NH3+]C12CCC1C2C([O-])=O,[NH3+]C12CCC1C2C(=O)[O-],4
4544,Cc1cc(on1)C(=O)C,CC(=O)c1cc(C)no1,0
4545,CC(=O)CCC=O,CC(=O)CCC=O,1
4546,CCC1(O)CC(=O)C1O,CCC1(O)CC(=O)C1O,0
4547,C1CCC2(C1)COC=N2,C1=NC2(CCCC2)CO1,2
4548,OC1CCC2C3CC1N23,OC1CCC2C3CC1N23,2
4549,C1OC11CC2C3CC2C13,C1C2C3CC4(CO4)C2C13,0
4550,OC1C2OC(C3CN3)C12,OC1C2OC(C3CN3)C12,0
4551,OCCNC1COC1=N,N=C1OCC1NCCO,4
4552,CC1(CO1)C1(O)CC1,CC1(C2(O)CC2)CO1,0
4553,CC1CC=C(C)C1C#N,CC1=CCC(C)C1C#N,1
4554,CCOc1cocc1C,CCOc1cocc1C,1
4555,OC1CN2C(C3CN3)C12,OC1CN2C1C2C1CN1,2
4556,CC1(C)C2CCC12O,CC1(C)C2CCC21O,1
4557,CC1COC1C(O)C=O,CC1COC1C(O)C=O,3
4558,CN=C1N=CON=C1N,CN=c1nconc1N,0
4559,CCC1(COC1C)OC,CCC1(OC)COC1C,4
4560,CC(C#C)C(C)(C)C=O,C#CC(C)C(C)(C)C=O,4
4561,c1cc-2[nH]ccnc2c1,c1cc2ncc[nH]c-2c1,3
4562,CC1(O)CC(O)C2OC12,CC1(O)CC(O)C2OC21,1
4563,C(C1CC1)C1CC2CC12,C1CC1CC1CC2CC12,2
4564,CC(C)(C#N)C1(CC1)O,CC(C)(C#N)C1(O)CC1,1
4565,CC(=O)OCC#N,CC(=O)OCC#N,1
4566,CC1OCOCC2CC12,CC1OCOCC2CC21,2
4567,NC(C#N)C1=CN=NO1,N#CC(N)c1cnno1,2
4568,CCC1CC(O)C1CO,CCC1CC(O)C1CO,2
4569,CCOc1coc(n1)N,CCOc1coc(N)n1,2
4570,CC12CNC1C(=N)OC2,CC12CNC1C(=N)OC2,3
4571,C1C=CC2OC1C=C2,C1=CC2C=CC(C1)O2,1
4572,N1C2C3OC2C13,N1C2C3OC2C13,1
4573,CN=COC(=O)NC=O,CN=COC(=O)NC=O,4
4574,CCC(C)(O)CC1CO1,CCC(C)(O)CC1CO1,4
4575,CCCC(=O)NC(=O)C,CCCC(=O)NC(C)=O,1
4576,CCOC(=O)C#CC,CC#CC(=O)OCC,3
4577,CC1C2OC(C)=NC12,CC1=NC2C(C)C2O1,1
4578,CC1C2C1C1(C)NC21C,CC1C2C1C1(C)NC21C,4
4579,Cc1cc(cnc1N)O,Cc1cc(O)cnc1N,3
4580,CCN1C2CC3OC3C12,CCN1C2CC3OC3C21,2
4581,C1CC1CC(=O)CC=O,O=CCC(=O)CC1CC1,2
4582,O=C1NC=NCC1C#C,C#CC1CN=CNC1=O,2
4583,C#CC12CC3(CN3)C1O2,C#CC12CC3(CN3)C1O2,1
4584,CC12CC(C1)(C2)C1CO1,CC12CC(C3CO3)(C1)C2,4
4585,CC1(CO)NCC1=NO,CC1(CO)NCC1=NO,4
4586,c1c2n(nn1)C=CCN2,C1=Cn2nncc2NC1,2
4587,CCCCC1CC=CC1,CCCCC1CC=CC1,4
4588,N#CC1C2NC1C2=O,N#CC1C2NC1C2=O,4
4589,CC(=NO)C(=NO)C#C,C#CC(=NO)C(C)=NO,1
4590,C1C2CC11N=COC1C2,C1=NC23CC(CC2O1)C3,3
4591,COC12CC3C(C13)C2=O,COC12CC3C(C1=O)C32,0
4592,COC(C#C)C1CCC1,C#CC(OC)C1CCC1,3
4593,CC(C)(O)CC1CCO1,CC(C)(O)CC1CCO1,4
4594,C1CC(C1)(C=O)C=O,O=CC1(C=O)CCC1,3
4595,CC1(CCC[NH2+]1)C([O-])=O,CC1(C(=O)[O-])CCC[NH2+]1,4
4596,NC(=O)C1CCCC1=O,NC(=O)C1CCCC1=O,0
4597,CC1OCC=CCO1,CC1OCC=CCO1,3
4598,CCC1=CON=CC1=N,CCc1concc1=N,2
4599,C1CC(=O)N(C1)CC#N,N#CCN1CCCC1=O,4
4600,CCC1=C(C)C(O)CC1,CCC1=C(C)C(O)CC1,3
4601,COCCC1CN1C=O,COCCC1CN1C=O,2
4602,CC(C)N(CC#C)C=O,C#CCN(C=O)C(C)C,1
4603,CC1=CCC2(C)NC12,CC1=CCC2(C)NC12,2
4604,CNCC(=O)OC1CC1,CNCC(=O)OC1CC1,2
4605,Cc1c(nn[nH]1)N(C)C,Cc1[nH]nnc1N(C)C,0
4606,CC1=COC(=N)C=C1F,Cc1coc(=N)cc1F,0
4607,CC1CCC11CCCO1,CC1CCC12CCCO2,2
4608,CN1CC(C1)(C#N)C#N,CN1CC(C#N)(C#N)C1,3
4609,NC1=CC=C(O1)C1CO1,Nc1ccc(C2CO2)o1,2
4610,Cn1nc2c(n1)COC2,Cn1nc2c(n1)COC2,4
4611,CC12C(CC1O)N2C=O,CC12C(O)CC1N2C=O,3
4612,CC1CC(C)C2(O)CC12,CC1CC(C)C2(O)CC12,4
4613,CC(C)C1CC(O1)C=O,CC(C)C1CC(C=O)O1,0
4614,COC1CC1C(=O)C#N,COC1CC1C(=O)C#N,0
4615,CC1CN(C1)C(=O)CO,CC1CN(C(=O)CO)C1,2
4616,N=C1C=C2CCN2C=N1,N=c1cc2n(cn1)CC2,3
4617,OC12CC(=O)C3CC1C23,O=C1CC2(O)C3CC1C32,0
4618,CC1(OCC(=O)O1)C#C,C#CC1(C)OCC(=O)O1,3
4619,O=C1COC2CCC1C2,O=C1COC2CCC1C2,2
4620,CC(=NO)C#CCC=O,CC(C#CCC=O)=NO,1
4621,CN=C(CN1CC1)OC,CN=C(CN1CC1)OC,4
4622,CC(CO)OCC1CN1,CC(CO)OCC1CN1,3
4623,OC12CC3C(C1)C23C=O,O=CC12C3CC1(O)CC32,1
4624,CCc1[nH]c(=O)ccn1,CCc1nccc(=O)[nH]1,1
4625,CC12CC1CC(=N)OC2,CC12COC(=N)CC1C2,3
4626,N#CC12CC3C=CC1N23,N#CC12CC3C=CC1N32,3
4627,OC1CC1(O)CC#N,N#CCC1(O)CC1O,1
4628,CC(CO)COCCO,CC(CO)COCCO,3
4629,c1[nH]c2c(n1)OCCN2,c1nc2c([nH]1)NCCO2,0
4630,CC1(CC1C=O)C1CO1,CC1(C2CO2)CC1C=O,4
4631,CC1CC(CC#N)CO1,CC1CC(CC#N)CO1,1
4632,NC(=O)C1C2CN2C1=O,NC(=O)C1C(=O)N2CC12,2
4633,c1nc2c(n[nH]c2o1)N,Nc1n[nH]c2ocnc12,2
4634,CC1OC11CCC=C1,CC1OC12C=CCC2,0
4635,N#CC12NCC3CC1C23,N#CC12NCC3CC1C32,1
4636,c1c(c(c(o1)O)N)C=O,Nc1c(C=O)coc1O,1
4637,CC1OC2C1N(C)C2=O,CC1OC2C(=O)N(C)C12,0
4638,OC1C2OC2C11COC1,OC1C2OC2C12COC2,1
4639,CN=CNC(C#C)C#N,C#CC(C#N)NC=NC,3
4640,C1C2CC3COC(C3)C12,C1OC2CC1CC1CC12,1
4641,CC1OC23CC(C12)C3=O,CC1OC23CC(C2=O)C13,4
4642,CC1C(=O)C2CC12C#N,CC1C(=O)C2CC12C#N,2
4643,C1COCOC(=O)OC1,O=C1OCCCOCO1,2
4644,CC(C)C1(CC1)CC#C,C#CCC1(C(C)C)CC1,3
4645,OCC1NC11CCCC1,OCC1NC12CCCC2,0
4646,CC1=CC2CC2(C)C1,CC1=CC2CC2(C)C1,2
4647,OC12CC(C1)(NC2)C#N,N#CC12CC(O)(CN1)C2,3
4648,CC1CC2C1N2CC=O,CC1CC2C1N2CC=O,2
4649,CCOC(C)C(O)C#C,C#CC(O)C(C)OCC,1
4650,c1coc(c1C2CC2)N,Nc1occc1C1CC1,3
4651,Cc1cncc(n1)C#C,C#Cc1cncc(C)n1,3
4652,COC(=O)C(N)C#CC,CC#CC(N)C(=O)OC,2
4653,CC(=O)COCCC=O,CC(=O)COCCC=O,1
4654,CC12C3C4C1C4(C=O)N23,CC12C3C4C1C4(C=O)N32,2
4655,O=C1CC(O1)(C#C)C#N,C#CC1(C#N)CC(=O)O1,0
4656,CCOC(CC=O)C#C,C#CC(CC=O)OCC,2
4657,CC1=CCC(O)C1O,CC1=CCC(O)C1O,2
4658,CC(C=O)C1CC(=O)C1,CC(C=O)C1CC(=O)C1,1
4659,CN=c1cncnn1C,CN=c1cncnn1C,0
4660,N=C1OCC2NC12C#C,C#CC12NC1COC2=N,4
4661,CC12CN1CC2OC=N,CC12CN1CC2OC=N,0
4662,C(C=O)C#CC(=O)N,NC(=O)C#CCC=O,4
4663,NC1=NC(=N)NC(F)=N1,N=c1nc(N)nc(F)[nH]1,2
4664,CN=C1OC(O)=CC=N1,CN=c1nccc(O)o1,2
4665,O=CCC1CNC(=O)N1,O=CCC1CNC(=O)N1,3
4666,NC1=CC(=O)CC11CN1,NC1=CC(=O)CC12CN2,0
4667,CCC1CC(=O)C1(C)C,CCC1CC(=O)C1(C)C,1
4668,N=C1NCC11COCO1,N=C1NCC12COCO2,0
4669,COC1OC2CC1C2=O,COC1OC2CC1C2=O,0
4670,CC(C#N)C(O)CC#N,CC(C#N)C(O)CC#N,3
4671,C1OC2=NCCCC12,C1CN=C2OCC2C1,0
4672,CC#CC1(N)COC1=O,CC#CC1(N)COC1=O,0
4673,OCC(OCC=O)C#C,C#CC(CO)OCC=O,4
4674,OCC1(CCC=O)CN1,O=CCCC1(CO)CN1,0
4675,CC1=C(N)OC(=N)C=C1,Cc1ccc(=N)oc1N,3
4676,CCC1CCC11CO1,CCC1CCC12CO2,1
4677,N=C1CCC2OCC2O1,N=C1CCC2OCC2O1,2
4678,Cc1c(onc1O)N,Cc1c(O)noc1N,3
4679,CN(C=O)C1(C)CC1O,CN(C=O)C1(C)CC1O,4
4680,N=C1OC=C(O1)C1CN1,N=c1occ(C2CN2)o1,2
4681,CCC1OCC(=O)C1C,CCC1OCC(=O)C1C,1
4682,COc1ccn(n1)C=O,COc1ccn(C=O)n1,1
4683,N#CC12C3COC1CN23,N#CC12C3CN1C2CO3,2
4684,COC(=N)N(C=O)C=O,COC(=N)N(C=O)C=O,4
4685,O=CN1C2CC2C2CC12,O=CN1C2CC2C2CC21,1
4686,C1C2C3C1N2C31COC1,C1C2C3C1N2C31COC1,3
4687,C1C2OC3COC1C23,C1OC2CC3OC1C23,2
4688,C1C2OC3=C(NC=C3)C12,c1cc2c([nH]1)C1CC1O2,0
4689,O=C1ON=C2C3CC3N12,O=c1onc2n1C1CC21,2
4690,CCc1[nH]c(c(n1)N)O,CCc1nc(N)c(O)[nH]1,0
4691,c1coc2c1CCO2,c1cc2c(o1)OCC2,4
4692,CN(C=N)c1c[nH]nn1,CN(C=N)c1c[nH]nn1,2
4693,CC1(C(=O)OC12CC2)C,CC1(C)C(=O)OC12CC2,1
4694,CN1C2C3C2C2(CO2)C13,CN1C2C3C2C2(CO2)C31,2
4695,COC=NCCC#C,C#CCCN=COC,2
4696,C1CC1(C(=O)CCO)O,O=C(CCO)C1(O)CC1,4
4697,CC12C=CC(=O)C1C2O,CC12C=CC(=O)C1C2O,4
4698,CC1(CO)CC(C1)C=O,CC1(CO)CC(C=O)C1,1
4699,N=C1CNC2CCC2O1,N=C1CNC2CCC2O1,1
4700,CC1CC2CC2(O)C1C,CC1CC2CC2(O)C1C,3
4701,N#CC1CC2C3CC3N12,N#CC1CC2C3CC3N12,0
4702,CCC1COCC1C=O,CCC1COCC1C=O,2
4703,O=C1CN2C3C=CC2C13,O=C1CN2C3C=CC2C13,2
4704,OCC12NC(=O)C1C2O,O=C1NC2(CO)C(O)C12,0
4705,CC1NC(C)(C=O)C1=O,CC1NC(C)(C=O)C1=O,2
4706,c1c(c(n[nH]1)N)CC#N,N#CCc1c[nH]nc1N,1
4707,CC12CC(CO1)C(=N)O2,CC12CC(CO1)C(=N)O2,4
4708,CC(CO)C(O)C(C)=O,CC(=O)C(O)C(C)CO,2
4709,COC1(C)CCOC1,COC1(C)CCOC1,4
4710,CC12CCC3N1C2C3=O,CC12CCC3C(=O)C1N32,2
4711,C1CC11C2OC1C=C2,C1=CC2OC1C21CC1,3
4712,N#CC1(OC2CC12)C#N,N#CC1(C#N)OC2CC21,0
4713,Cc1cc(c2n1CC2)O,Cc1cc(O)c2n1CC2,3
4714,C1OC23COC4C2CC134,C1OC23COC4C2CC143,3
4715,OC1CN2N=CC(O)=C12,Oc1cnn2c1C(O)C2,0
4716,O=CC12NCC3C1OC23,O=CC12NCC3C1OC32,3
4717,CCCC(C)C#CC#C,C#CC#CC(C)CCC,4
4718,OC1C2N3C1CC23C#N,N#CC12CC3C(O)C1N32,4
4719,CC12C3C1C1C3C21C#C,C#CC12C3C4C(C31)C42C,0
4720,C1C2C3OC1CCOC23,C1CC2CC3C(O1)C3O2,4
4721,CC(=N)OC(=O)C1CO1,CC(=N)OC(=O)C1CO1,3
4722,CCn1c(nnc1N)N,CCn1c(N)nnc1N,3
4723,OC1CC(C1)C#CC=O,O=CC#CC1CC(O)C1,3
4724,CC1(COC12CC2)C,CC1(C)COC12CC2,0
4725,O=C1NC2CC(C2)CO1,O=C1NC2CC(CO1)C2,0
4726,CC(N=C1CCO1)C#C,C#CC(C)N=C1CCO1,1
4727,CN=C1OC2C3CN3C12,CN=C1OC2C3CN3C12,1
4728,OC1COC11CC2NC12,OC1COC12CC1NC12,2
4729,CCc1cncc(n1)F,CCc1cncc(F)n1,2
4730,C1OC1C1CC2CC12,C1OC1C1CC2CC21,3
4731,O=CC12CC1C1COC21,O=CC12CC1C1COC12,2
4732,CC1=NC(CO1)C1CN1,CC1=NC(C2CN2)CO1,4
4733,CC1C2C3(O)CC1C23O,CC1C2CC3(O)C1C23O,3
4734,C1C2OCC3CCC2C13,C1CC2C3CC2C1CO3,2
4735,OCCC1OC2C(O)C12,OCCC1OC2C(O)C12,1
4736,COC1(COC1)CC#N,COC1(CC#N)COC1,3
4737,CC(CC#CC#N)C#N,CC(C#N)CC#CC#N,0
4738,Cc1c(nco1)C2CC2,Cc1ocnc1C1CC1,2
4739,CC1CC11C2CC1(O)C2,CC1CC12C1CC2(O)C1,4
4740,CC1(CC1)C(O)C(N)=O,CC1(C(O)C(N)=O)CC1,4
4741,CC12CC(O)C(O1)C=C2,CC12C=CC(O1)C(O)C2,0
4742,N#CCC1OCC2CC12,N#CCC1OCC2CC21,4
4743,NC1(CCC(O)C1)C#N,N#CC1(N)CCC(O)C1,3
4744,C1CC1OC1CCC=C1,C1=CC(OC2CC2)CC1,4
4745,N=C1COC(CC=O)O1,N=C1COC(CC=O)O1,2
4746,O=C1C=CC2(CC12)C#C,C#CC12C=CC(=O)C1C2,3
4747,C(C#CC=O)C(=O)C=O,O=CC#CCC(=O)C=O,3
4748,CC(C#C)N1C=CC=C1,C#CC(C)n1cccc1,1
4749,O=C1OC2CC12C1CN1,O=C1OC2CC12C1CN1,2
4750,NC(=O)OC1C2COC12,NC(=O)OC1C2COC21,3
4751,CC(C)CC1CCC1=O,CC(C)CC1CCC1=O,1
4752,CC#Cc1cnc(o1)O,CC#Cc1cnc(O)o1,3
4753,CCC#CC1NC1CO,CCC#CC1NC1CO,0
4754,CCc1cnc(cn1)C,CCc1cnc(C)cn1,4
4755,CNC(=O)CC#CC#C,C#CC#CCC(=O)NC,0
4756,COCC(=O)COC=N,COCC(=O)COC=N,0
4757,O=C1COC2CC(C2)O1,O=C1COC2CC(C2)O1,1
4758,O=CC12CC1NC(=O)O2,O=CC12CC1NC(=O)O2,4
4759,CC1OCC1N(C)C=O,CC1OCC1N(C)C=O,4
4760,OC1(CC1N1CC1)C=O,O=CC1(O)CC1N1CC1,3
4761,C1CN1CCCO,OCCCN1CC1,0
4762,O=C1CCCC2COC12,O=C1CCCC2COC12,4
4763,CCC#CCC,CCC#CCC,3
4764,OC1CCC2=C1CCC2,OC1CCC2=C1CCC2,0
4765,Cc1c[nH]c(n1)C=O,Cc1c[nH]c(C=O)n1,0
4766,Cc1cc[nH]c1CC=O,Cc1cc[nH]c1CC=O,4
4767,CCOC(CO)CC#N,CCOC(CO)CC#N,0
4768,CCC1=CC2CC2(C)C1,CCC1=CC2CC2(C)C1,4
4769,O=C1NC=C2COC12,O=C1NC=C2COC12,2
4770,Cc1ccc(nc1C)F,Cc1ccc(F)nc1C,0
4771,OC1CC2CC1(O)CO2,OC1CC2CC1(O)CO2,4
4772,CC1=CC2C(O)C2C1,CC1=CC2C(O)C2C1,4
4773,CCC(=O)C1CC1O,CCC(=O)C1CC1O,4
4774,N=C1C=NN(C=O)N=C1,N=c1cnn(C=O)nc1,1
4775,CC1(CO1)C(=O)C(N)=O,CC1(C(=O)C(N)=O)CO1,1
4776,C1CC1C12CC1OCC2,C1CC2(C3CC3)CC2O1,1
4777,O=C1CC2NC(C#N)C12,N#CC1NC2CC(=O)C12,3
4778,CC12CN1C(=NC2)C#C,C#CC1=NCC2(C)CN12,4
4779,CCC12CC1C1(O)CC21,CCC12CC1C1(O)CC12,3
4780,CC1(C)C2C3CC1C23,CC1(C)C2CC3C2C31,3
4781,Cc1c(nc(=O)on1)N,Cc1noc(=O)nc1N,2
4782,CC1CC1(O)C(=O)CO,CC1CC1(O)C(=O)CO,3
4783,O=C(CC1CN1)C#C,C#CC(=O)CC1CN1,0
4784,CN1C2CCC12C#N,CN1C2CCC21C#N,4
4785,CC(C)CN1CC1C=O,CC(C)CN1CC1C=O,4
4786,OC1(CC=CC1=O)C#C,C#CC1(O)CC=CC1=O,0
4787,NC(=O)C1CC1NC=O,NC(=O)C1CC1NC=O,2
4788,CC(O)CC(C)CC#N,CC(O)CC(C)CC#N,3
4789,C1OC2C3OC1C=CC23,C1=CC2C3OCC1OC23,3
4790,COC(C)C#CC#N,COC(C)C#CC#N,4
4791,CC(C)C(C)C(=O)C#N,CC(C)C(C)C(=O)C#N,1
4792,Cc1ccn(n1)C(C)C,Cc1ccn(C(C)C)n1,4
4793,Cn1c(=O)[nH]nc1O,Cn1c(O)n[nH]c1=O,0
4794,O=CNC1CNC(=O)C1,O=CNC1CNC(=O)C1,1
4795,NC1C(O)C1C#N,N#CC1C(N)C1O,2
4796,CCc1conc1CC,CCc1conc1CC,2
4797,CCC(C#N)C1CO1,CCC(C#N)C1CO1,4
4798,COC1(C)CNC1C#N,COC1(C)CNC1C#N,4
4799,C1CC2(C1)CCOCC2,C1CC2(C1)CCOCC2,3
4800,CCOC12CC(C)(C1)C2,CCOC12CC(C)(C1)C2,0
4801,OC12CC3CC1COC23,OC12CC3CC1COC32,3
4802,CC1C(N)C1(N)C#N,CC1C(N)C1(N)C#N,2
4803,Cc1c(n(cc1N)C)C,Cc1c(N)cn(C)c1C,0
4804,O=C1CC2C3C=CC2C13,O=C1CC2C3C=CC2C13,1
4805,C#CC1=CC(=O)CCC1,C#CC1=CC(=O)CCC1,4
4806,CCC12NC1CC2CO,CCC12NC1CC2CO,0
4807,CCC12OC1C(O)C2C,CCC12OC1C(O)C2C,4
4808,O=CNC1CCC2OC12,O=CNC1CCC2OC12,4
4809,CNC(=O)C1CCC1=O,CNC(=O)C1CCC1=O,0
4810,CC1CC2=NNN=C2N1,CC1Cc2n[nH]nc2N1,4
4811,CCn1cc(cc1C)C,CCn1cc(C)cc1C,4
4812,C1CC(O1)C1CC2OC12,C1CC(C2CC3OC32)O1,1
4813,OC1CCN(C=O)C=C1,O=CN1C=CC(O)CC1,4
4814,O=C(C#N)C1CN2CC12,N#CC(=O)C1CN2CC12,1
4815,OC12C=CC3C1OC23,OC12C=CC3C1OC32,1
4816,COC1C2CCC12C=O,COC1C2CCC21C=O,2
4817,O=CC(C#N)C1CN1,N#CC(C=O)C1CN1,1
4818,OC1C2OC2CN2CC12,OC1C2OC2CN2CC12,0
4819,COC12CC(C1)C2,COC12CC(C1)C2,1
4820,CC(O)(C=O)C#C,C#CC(C)(O)C=O,0
4821,CCOC1CC1C(C)O,CCOC1CC1C(C)O,2
4822,CC1(CO)NC11CCC1,CC1(CO)NC12CCC2,0
4823,OC1COC(=N)C11CO1,N=C1OCC(O)C12CO2,0
4824,COC1OC(C)C=C1,COC1C=CC(C)O1,3
4825,CC1C2(C)C3N2CC13O,CC1C2(O)CN3C2C13C,0
4826,COC1C=CC2(C)CC12,COC1C=CC2(C)CC12,1
4827,OCC1(O)CCOC1,OCC1(O)CCOC1,0
4828,CC1=NNC=C1C1CN1,Cc1n[nH]cc1C1CN1,3
4829,CC1(O)CC2NC2C1O,CC1(O)CC2NC2C1O,2
4830,Cc1c([nH]c(n1)O)C=O,Cc1nc(O)[nH]c1C=O,3
4831,CC(C)C1OCCC1C,CC(C)C1OCCC1C,3
4832,CC(C=O)C12CC(C1)O2,CC(C=O)C12CC(C1)O2,0
4833,O=CC(=O)C1(CO1)C=O,O=CC(=O)C1(C=O)CO1,0
4834,Cc1cocc1C#C,C#Cc1cocc1C,1
4835,CC(C)C1C(C)C1(C)O,CC(C)C1C(C)C1(C)O,3
4836,CCn1ncc(n1)C#N,CCn1ncc(C#N)n1,2
4837,CC(C)N1CCCC1=O,CC(C)N1CCCC1=O,1
4838,CC(CO)C(C)(C)C=O,CC(CO)C(C)(C)C=O,0
4839,NC(=[NH2+])N1N=NC=C1[O-],NC(=[NH2+])n1nncc1[O-],4
4840,CN(C)C(=[NH2+])CC([O-])=O,CN(C)C(=[NH2+])CC(=O)[O-],3
4841,C1CC23COCC12O3,C1CC23COCC12O3,0
4842,[O-]C(=O)C1C2CC(=[NH2+])N12,[NH2+]=C1CC2C(C(=O)[O-])N12,3
4843,CC(=O)C12CC(=O)C1N2,CC(=O)C12CC(=O)C1N2,4
4844,CCC1(O)CC2CC1O2,CCC1(O)CC2CC1O2,1
4845,CC1C2OC(CCO)C12,CC1C2OC(CCO)C12,3
4846,CC(=N)OC1OCC=C1,CC(=N)OC1C=CCO1,1
4847,OCC12CC1C(=O)CN2,O=C1CNC2(CO)CC12,4
4848,CN1C2C=CC(=O)C12,CN1C2C=CC(=O)C21,4
4849,C#CC1CC2(CC2)O1,C#CC1CC2(CC2)O1,0
4850,CC1C(C)=CCC11CO1,CC1=CCC2(CO2)C1C,0
4851,OC1C2CCC2OC1=O,O=C1OC2CCC2C1O,2
4852,CC1NCC(=O)C11CO1,CC1NCC(=O)C12CO2,1
4853,C1C(=CC(=O)O1)N,NC1=CC(=O)OC1,3
4854,Cn1cc(c(=O)cn1)O,Cn1cc(O)c(=O)cn1,3
4855,CCC1=CC(O)CC1,CCC1=CC(O)CC1,0
4856,CC(C)C1CNC(=O)O1,CC(C)C1CNC(=O)O1,3
4857,O=C1OCC23CC(N2)C13,O=C1OCC23CC(N2)C13,1
4858,CCCC(=N)NC(=O)C,CCCC(=N)NC(C)=O,2
4859,OC1CC2CC2(C1)C#C,C#CC12CC(O)CC1C2,4
4860,CC(O)C1(CC1)C=O,CC(O)C1(C=O)CC1,4
4861,CN1CC2(O)CC12CO,CN1CC2(O)CC12CO,4
4862,CCCOC(=O)C#N,CCCOC(=O)C#N,3
4863,COC1CC1OC1CC1,COC1CC1OC1CC1,4
4864,NC(=O)C(CC#C)C=O,C#CCC(C=O)C(N)=O,0
4865,CC12COC3CC1C2O3,CC12COC3CC1C2O3,3
4866,CC1=CC(=O)N(C1)C,CC1=CC(=O)N(C)C1,3
4867,CNC(=O)C(=O)C1CC1,CNC(=O)C(=O)C1CC1,0
4868,CN=C1OC(C)=CC=N1,CN=c1nccc(C)o1,1
4869,CNC(=O)C1COC1C,CNC(=O)C1COC1C,0
4870,c1ncn(n1)CCCO,OCCCn1cncn1,1
4871,CCC1(C)OC1CO,CCC1(C)OC1CO,1
4872,OCC1=CNCC1=NO,OCC1=CNCC1=NO,1
4873,CN1N=CC(C)=NC1=N,Cc1cnn(C)c(=N)n1,2
4874,O=CCC1CCCC1=O,O=CCC1CCCC1=O,1
4875,CCC(C#N)N1CC1C,CCC(C#N)N1CC1C,0
4876,CC1=NOC(=N)C=C1F,Cc1noc(=N)cc1F,4
4877,CCc1c[nH]cc1C#C,C#Cc1c[nH]cc1CC,0
4878,c1cn(cn1)CCO,OCCn1ccnc1,2
4879,CCC1(CO)NCC1=O,CCC1(CO)NCC1=O,4
4880,NC1=NC=COC1=N,N=c1occnc1N,1
4881,O=C1CCNC1C#C,C#CC1NCCC1=O,2
4882,CCN1C2CC1C2(C)O,CCN1C2CC1C2(C)O,1
4883,CC1C2(C)COC12C=O,CC1C2(C)COC12C=O,0
4884,CCC1NC1COC=O,CCC1NC1COC=O,3
4885,C1CC23CCC4C(C12)N34,C1CC23CCC2C2C1N23,4
4886,Cc1coc2c1ocn2,Cc1coc2ncoc12,4
4887,CC12CC(C1)C=CC2,CC12CC=CC(C1)C2,4
4888,Cc1cc2c(o1)ocn2,Cc1cc2ncoc2o1,3
4889,OC12C3C1N1C3C21C=O,O=CC12C3C4C(N31)C42O,4
4890,COC(C)CCC(C)C,COC(C)CCC(C)C,3
4891,Cc1c(c(=O)cco1)N,Cc1occc(=O)c1N,0
4892,CC1OC2=NCCOC12,CC1OC2=NCCOC21,1
4893,Cc1cc(cn1C)C#N,Cc1cc(C#N)cn1C,4
4894,CC1(C)C2CC1C=C2,CC1(C)C2C=CC1C2,0
4895,OC12C3C4C3N3C1C2C43,OC12C3C4C3N3C4C1C32,1
4896,CCCC(=O)CCCO,CCCC(=O)CCCO,3
4897,CC1(C)OC2CC12CO,CC1(C)OC2CC21CO,3
4898,CCC(C)(C#N)C(C)C,CCC(C)(C#N)C(C)C,2
4899,CC1CC(C)(C)C1CO,CC1CC(C)(C)C1CO,3
4900,CC1(C)CC(CO)O1,CC1(C)CC(CO)O1,1
4901,O=CC1(C#C)C2CCN12,C#CC1(C=O)C2CCN21,3
4902,N=COC12CC1C1OC21,N=COC12CC1C1OC12,3
4903,C1CC23CC(OC=N2)C13,C1=NC23CCC2C(C3)O1,0
4904,CCOC1C2NC(=O)C12,CCOC1C2NC(=O)C21,2
4905,CCC1N2CC2CC1=O,CCC1C(=O)CC2CN21,3
4906,c1cocc-2cncc12,c1cc2cncc-2co1,1
4907,N=COC1=NC=CC=C1,N=COc1ccccn1,1
4908,CC(=O)C1(CC1)C=O,CC(=O)C1(C=O)CC1,4
4909,OCC1CC=CC2OC12,OCC1CC=CC2OC12,3
4910,CC12CN1C(=N)OC2,CC12COC(=N)N1C2,3
4911,OC12CC3(O)C4C1C2C34,OC12CC3(O)C4C1C2C43,1
4912,CC(O)(C#N)C1(C)CN1,CC(O)(C#N)C1(C)CN1,4
4913,CC1=CCCOC12CC2,CC1=CCCOC12CC2,2
4914,CC1C2OC1C2C(C)=O,CC(=O)C1C2OC1C2C,4
4915,CC(=O)C1CCCCO1,CC(=O)C1CCCCO1,4
4916,CC1C2(CC2)C2OC12C,CC1C2(CC2)C2OC12C,0
4917,O=CC1C2COC12C#C,C#CC12OCC1C2C=O,4
4918,ON=C1C2C=CC1C=C2,ON=C1C2C=CC1C=C2,0
4919,CCCC(C)([NH3+])C([O-])=O,CCCC(C)([NH3+])C(=O)[O-],4
4920,OC1CC1C1=NOC=N1,OC1CC1c1ncon1,3
4921,CCCC1(CCO1)C=O,CCCC1(C=O)CCO1,1
4922,O=CC1CC2(CC12)C#N,N#CC12CC(C=O)C1C2,4
4923,N=C1CN=C2NCC2O1,N=C1CN=C2NCC2O1,0
4924,CC(C)COC1CCC1,CC(C)COC1CCC1,2
4925,COC12CCC(CC1)C2,COC12CCC(CC1)C2,1
4926,Cc1cc(ncn1)OC,COc1cc(C)ncn1,4
4927,O=CN1CC2NC(=O)C12,O=CN1CC2NC(=O)C21,3
4928,CC(C)C12CC1(C)CC2,CC(C)C12CCC1(C)C2,3
4929,N#CC1C2NC2C2CN12,N#CC1C2NC2C2CN12,3
4930,CC(O)C1=C(C)C=NO1,Cc1cnoc1C(C)O,1
4931,C#CC1=CCN=COC1,C#CC1=CCN=COC1,2
4932,C1CC1(CC2COC2)O,OC1(CC2COC2)CC1,0
4933,O=C1CCCCC1C#C,C#CC1CCCCC1=O,0
4934,COC1CCC1C1CC1,COC1CCC1C1CC1,0
4935,[NH3+]C12CC1OC2C([O-])=O,[NH3+]C12CC1OC2C(=O)[O-],1
4936,OC12CC(C=C1)C1NC21,OC12C=CC(C1)C1NC12,1
4937,CC12C3C4C3C3C4C1N23,CC12C3C4C3C3C4C1N32,2
4938,CCCC(C)C(N)=O,CCCC(C)C(N)=O,4
4939,CNc1cnoc1NC,CNc1cnoc1NC,4
4940,CC#Cc1ccncn1,CC#Cc1ccncn1,4
4941,C1CN(C1)C(=O)C#N,N#CC(=O)N1CCC1,2
4942,CC#CCN1CC1C#N,CC#CCN1CC1C#N,2
4943,OC12C3CC1C(=O)C23O,O=C1C2CC3C1(O)C23O,2
4944,COC(C=O)C1CCC1,COC(C=O)C1CCC1,0
4945,CNC1=CC(=N)OC1,CNC1=CC(=N)OC1,3
4946,CC(C)C#CC1CN1C,CC(C)C#CC1CN1C,1
4947,CC#CCC1(C)CCO1,CC#CCC1(C)CCO1,4
4948,CC(N)(CC#N)C#N,CC(N)(C#N)CC#N,3
4949,CCNC(=O)C(=O)N,CCNC(=O)C(N)=O,1
4950,CC12CC(N1)(C#C)C2=O,C#CC12CC(C)(N1)C2=O,3
4951,O=C1COC(O1)C1CC1,O=C1COC(C2CC2)O1,2
4952,CCC(O)COC,CCC(O)COC,2
4953,O=C1CNC(CC#N)C1,N#CCC1CC(=O)CN1,0
4954,CN1C(C2CO2)C1(C)C,CN1C(C2CO2)C1(C)C,3
4955,CC1=NCC(=NC)N1C,CN=C1CN=C(C)N1C,2
4956,c1cc(=O)ocnc1=O,O=c1ccc(=O)ocn1,3
4957,c1cc(=O)occ1C#N,N#Cc1ccc(=O)oc1,1
4958,CCOCC1CC1OC,CCOCC1CC1OC,1
4959,CC1C2CC3OC3C12O,CC1C2CC3OC3C12O,1
4960,[O-]C(=O)CN1CC[NH+]=C1,O=C([O-])CN1C=[NH+]CC1,2
4961,C1C(=NO)C=C(C1=O)N,NC1=CC(=NO)CC1=O,0
4962,OC1CC=CCC2OC12,OC1CC=CCC2OC12,3
4963,CC(C)(CCO)C1CO1,CC(C)(CCO)C1CO1,2
4964,c1c(c(c(o1)N)N)CO,Nc1occ(CO)c1N,3
4965,COC(CO)C(C)=NO,COC(CO)C(C)=NO,0
4966,CCCC(CO)CCO,CCCC(CO)CCO,0
4967,CC#CC1CC=CC1O,CC#CC1CC=CC1O,0
4968,CCC1C2CC3C2N13,CCC1C2CC3C2N13,0
4969,N#CC1=NCC2CC2N1,N#CC1=NCC2CC2N1,1
4970,CC12CC3C(C1O)N23,CC12CC3C(C1O)N32,0
4971,CNCC(=O)OC,CNCC(=O)OC,2
4972,C1C=C(NC(=O)O1)CO,O=C1NC(CO)=CCO1,1
4973,O=CC1=C2NCC2OC1,O=CC1=C2NCC2OC1,2
4974,Cc1cnc([nH]1)C(=O)N,Cc1cnc(C(N)=O)[nH]1,4
4975,CC1CC(C)C1C#C,C#CC1C(C)CC1C,3
4976,c1cnc-2ncc[nH]c12,c1c[nH]c2ccnc-2n1,2
4977,CN1C2CC(O)(C#C)C12,C#CC1(O)CC2C1N2C,3
4978,CC1OC2CC(=NO)C12,CC1OC2CC(=NO)C12,4
4979,CC1C2CC(CC12)C#C,C#CC1CC2C(C)C2C1,3
4980,O=C1NCC2CC3C1N23,O=C1NCC2CC3C1N23,1
4981,N#CCOCC1CO1,N#CCOCC1CO1,0
4982,CCC#CC(C=O)C#C,C#CC(C#CCC)C=O,2
4983,CCC1=NC2C(C)C2O1,CCC1=NC2C(C)C2O1,1
4984,CC12C=CC3=CCN1C23,CC12C=CC3=CCN1C32,2
4985,CC12CC1(C)OCCC2,CC12CCCOC1(C)C2,2
4986,C1CN(C1)CC(=O)C#N,N#CC(=O)CN1CCC1,2
4987,OC12CC1N1C2CC1=O,O=C1CC2N1C1CC21O,0
4988,COc1nc(on1)C=O,COc1noc(C=O)n1,1
4989,COC1CCOC1CO,COC1CCOC1CO,1
4990,COC1C(C)C1OC=N,COC1C(C)C1OC=N,3
4991,CCC(C)OCC#N,CCC(C)OCC#N,0
4992,CC1CC=CC2(O)CC12,CC1CC=CC2(O)CC12,0
4993,CCCc1c(onn1)C,CCCc1nnoc1C,1
4994,O=CC1C2CC3C2CN13,O=CC1C2CC3C2CN13,0
4995,CCC(=O)C1(CN1)C=O,CCC(=O)C1(C=O)CN1,3
4996,COCC1CCOCO1,COCC1CCOCO1,1
4997,CC12C3C4C5C(C13)C2N45,CC12C3C4C5C(C31)N5C42,1
4998,CC(O)CN1N=CC=N1,CC(O)Cn1nccn1,2
4999,CC12OC(=N)C1(O)C2O,CC12OC(=N)C1(O)C2O,0
5000,CC12OC1C1C(C=O)C21,CC12OC1C1C(C=O)C12,0
5001,N#CC12CCN3CC1C23,N#CC12CCN3CC1C32,4
5002,OC12C3C1N1CC3C21,OC12C3C4CN(C41)C32,3
5003,N=C1CC=CC(O1)C#N,N#CC1C=CCC(=N)O1,2
5004,N=C1OC(=CC=C1)C#N,N#Cc1cccc(=N)o1,1
5005,C(C(C#N)(C#N)N)O,N#CC(N)(C#N)CO,0
5006,C1CC23C4C2N2C4C32C1,C1CC23C4C2N2C4C23C1,2
5007,[NH3+]CC1[N-]C(=O)C1C#N,N#CC1C(=O)[N-]C1C[NH3+],2
5008,CC12OC3C1C2C3C#N,CC12OC3C(C#N)C1C32,4
5009,COC(=O)COC=O,COC(=O)COC=O,0
5010,CC1OCC2C1NC2=O,CC1OCC2C(=O)NC12,3
5011,COC12CCC1(C)C2O,COC12CCC1(C)C2O,2
5012,CCC12CC1(C)C1CC21,CCC12CC1(C)C1CC12,1
5013,COCCc1cc[nH]n1,COCCc1cc[nH]n1,3
5014,C1NC11CC2(CO2)C=C1,C1=CC2(CO2)CC12CN2,2
5015,CN=COC1(CC1)C#N,CN=COC1(C#N)CC1,0
5016,OC1C2C3C4CC(C14)N23,OC1C2C3CC2N2C1C32,1
5017,OC(C#N)C(=O)CC#C,C#CCC(=O)C(O)C#N,0
5018,CC(C)Nc1c[nH]cn1,CC(C)Nc1c[nH]cn1,1
5019,CC1(O)C2OC(C#C)C12,C#CC1OC2C1C2(C)O,0
5020,CC#CC1CC(=O)CN1,CC#CC1CC(=O)CN1,0
5021,CCCC1(CC1)CC,CCCC1(CC)CC1,1
5022,CC(O)COC1COC1,CC(O)COC1COC1,2
5023,CCC(C)(CC)OC=O,CCC(C)(CC)OC=O,1
5024,OC1CCC2(O)CC2C1,OC1CCC2(O)CC2C1,3
5025,COc1c(c(c[nH]1)N)O,COc1[nH]cc(N)c1O,0
5026,OC1C2CC1C2=O,O=C1C2CC1C2O,0
5027,c1c2c(n[nH]1)COCO2,c1[nH]nc2c1OCOC2,4
5028,OC1CC2NC1CC2=O,O=C1CC2NC1CC2O,4
5029,OC1COC1=NCC=O,O=CCN=C1OCC1O,2
5030,C1CC1CNC(=O)C=O,O=CC(=O)NCC1CC1,0
5031,ON=C1CC23CC(O2)C13,ON=C1CC23CC(O2)C13,2
5032,CC(C)C1(C)NCC1=O,CC(C)C1(C)NCC1=O,1
5033,CCC1CNC(C1)C#N,CCC1CNC(C#N)C1,2
5034,O=C1CCC(=O)C2OC12,O=C1CCC(=O)C2OC12,2
5035,N#CC12CN3CC(N1)C23,N#CC12CN3CC(N1)C32,3
5036,CC1(CO1)C1OC2CC12,CC1(C2OC3CC32)CO1,2
5037,C1COC(OC1)CC#N,N#CCC1OCCCO1,3
5038,C1CCC(C1)(CO)C=O,O=CC1(CO)CCCC1,1
5039,C#Cc1cnccn1,C#Cc1cnccn1,0
5040,c1c(n2cnoc2n1)O,Oc1cnc2oncn12,0
5041,CCCC(CO)CC#C,C#CCC(CO)CCC,1
5042,C#Cc1c(cco1)C=O,C#Cc1occc1C=O,2
5043,CC1C2C3CC3N2C1=O,CC1C(=O)N2C3CC3C12,4
5044,CC1(COC1)C(C)(C)O,CC(C)(O)C1(C)COC1,0
5045,OC1C2CC2C1(O)C=O,O=CC1(O)C(O)C2CC21,3
5046,ON=C1CC2CC1C2,ON=C1CC2CC1C2,3
5047,CN=C(N)NC(=O)CO,CN=C(N)NC(=O)CO,1
5048,CC1(CC2CC1O2)C=O,CC1(C=O)CC2CC1O2,0
5049,CCC(C#C)C#C,C#CC(C#C)CC,3
5050,C#CC12C3C4C(CC14)N23,C#CC12C3CC4C3C1N42,4
5051,CC(C=O)(C#N)C1CN1,CC(C#N)(C=O)C1CN1,4
5052,CC12OC(=O)C1CC2O,CC12OC(=O)C1CC2O,1
5053,CCCCOC1CCC1,CCCCOC1CCC1,3
5054,O=C1CC2OC12C1CO1,O=C1CC2OC12C1CO1,4
5055,OCC(COC=N)C#C,C#CC(CO)COC=N,4
5056,C1CN(C1=O)CCC=O,O=CCCN1CCC1=O,1
5057,CCC1(CC)COC1=N,CCC1(CC)COC1=N,3
5058,COCC1(C)CC(=O)O1,COCC1(C)CC(=O)O1,0
5059,COCCCC(C)CO,COCCCC(C)CO,4
5060,Cn1c(=O)[nH]c(=O)cn1,Cn1ncc(=O)[nH]c1=O,0
5061,C1C2C3COC2C13,C1OC2C3CC2C13,3
5062,CC1=NC(F)=CC(=N)O1,Cc1nc(F)cc(=N)o1,2
5063,NC1=NC(CO)CO1,NC1=NC(CO)CO1,0
5064,CC1CC2CC1C(=O)N2,CC1CC2CC1C(=O)N2,4
5065,CCCC12CN1CC2O,CCCC12CN1CC2O,2
5066,CC#CCOCC1CN1,CC#CCOCC1CN1,3
5067,CC1CC(C1C)N1CC1,CC1CC(N2CC2)C1C,2
5068,OC(CCC=O)CC#N,N#CCC(O)CCC=O,4
5069,CC1(C)C2CC(O)C12,CC1(C)C2CC(O)C21,2
5070,CC(C)C1(C)OC1C=O,CC(C)C1(C)OC1C=O,0
5071,CCC(CO)(C#C)C#C,C#CC(C#C)(CC)CO,4
5072,CCC1(CN1)C1(C)CN1,CCC1(C2(C)CN2)CN1,0
5073,NC(=N)C1OC2CC2O1,N=C(N)C1OC2CC2O1,1
5074,CN=C1OC(C)CC1O,CN=C1OC(C)CC1O,2
5075,CC1OCC(O1)C(N)=O,CC1OCC(C(N)=O)O1,3
5076,CC#CC1CC1C(C)O,CC#CC1CC1C(C)O,2
5077,CCC12CCCC1CO2,CCC12CCCC1CO2,0
5078,OCCC1(CCO1)C=O,O=CC1(CCO)CCO1,3
5079,CCC(=O)OCC1CN1,CCC(=O)OCC1CN1,1
5080,O=C1COCC2OCC12,O=C1COCC2OCC12,4
5081,OC(C#CC#C)C1CC1,C#CC#CC(O)C1CC1,4
5082,CCC1C(CC1=O)OC,CCC1C(=O)CC1OC,3
5083,Cc1ccncc(=O)c1,Cc1ccncc(=O)c1,2
5084,CCCC1CC=CC1=O,CCCC1CC=CC1=O,0
5085,N=C1CC2=C(O1)C=NN2,N=C1Cc2[nH]ncc2O1,4
5086,CCC(CO)C1CCC1,CCC(CO)C1CCC1,0
5087,OC12CC(C1)C1OC1C2,OC12CC(C1)C1OC1C2,3
5088,COC1CCC2(C)OC12,COC1CCC2(C)OC12,2
5089,CC1COC(C1)C(C)=O,CC(=O)C1CC(C)CO1,0
5090,CC1CC2(NC12C)C#N,CC1CC2(C#N)NC12C,4
5091,CCN(C=O)C1CC1C,CCN(C=O)C1CC1C,1
5092,OC12CC3C(C1)C3C2=O,O=C1C2C3CC1(O)CC32,1
5093,OC12CC3(CC1C23)C#N,N#CC12CC3C1C3(O)C2,0
5094,O=CC1(CC2CC12)C#C,C#CC1(C=O)CC2CC21,1
5095,CC1C=CC(C#C)C1C,C#CC1C=CC(C)C1C,4
5096,CC1C2CNCC(=O)N12,CC1C2CNCC(=O)N12,2
5097,COc1c(cc[nH]1)C#N,COc1[nH]ccc1C#N,4
5098,OC12CC(C1)(C2)C#N,N#CC12CC(O)(C1)C2,0
5099,CC(=O)c1nnon1,CC(=O)c1nnon1,0
5100,O=C1CCC11C2COC12,O=C1CCC12C1COC12,2
5101,CNc1c(c(no1)N)N,CNc1onc(N)c1N,3
5102,N=C1NN=CC(=C1)C#N,N#Cc1cn[nH]c(=N)c1,3
5103,C#CC(=O)C(=O)NC=O,C#CC(=O)C(=O)NC=O,0
5104,CC1CN2N=CC=C2O1,CC1Cn2nccc2O1,1
5105,CC(CO)C1COCO1,CC(CO)C1COCO1,3
5106,O=C1NCC2C(C#N)C12,N#CC1C2CNC(=O)C12,4
5107,Cc1cc(oc1C=O)N,Cc1cc(N)oc1C=O,3
5108,Cc1cnc(cc1O)N,Cc1cnc(N)cc1O,2
5109,OC1=NC(=N)C=CC=C1,N=c1ccccc(O)n1,0
5110,CC1CC2(CC2)C1O,CC1CC2(CC2)C1O,3
5111,C#Cc1c[nH]c(n1)C=O,C#Cc1c[nH]c(C=O)n1,1
5112,CC1(C)C2CN2C1CO,CC1(C)C(CO)N2CC21,1
5113,COCC1(C)OC1C#C,C#CC1OC1(C)COC,1
5114,OCC1CCC1(O)CO,OCC1CCC1(O)CO,3
5115,COC1C2CC1COC2,COC1C2COCC1C2,1
5116,Cc1coc(n1)CCO,Cc1coc(CCO)n1,1
5117,CC12NC3C(OC1=N)C23,CC12NC3C(OC1=N)C32,2
5118,COC(C)C1C(C)N1C,COC(C)C1C(C)N1C,1
5119,CCC1CC1(CO)C#C,C#CC1(CO)CC1CC,0
5120,C1CC1CC2(CC2)CO,OCC1(CC2CC2)CC1,4
5121,OCC1OCC(=N)O1,N=C1COC(CO)O1,2
5122,CC12CCC1N1CC1C2,CC12CCC1N1CC1C2,4
5123,O=C1CC2C(CN12)C#C,C#CC1CN2C(=O)CC12,2
5124,Cn1ccc(c1CO)O,Cn1ccc(O)c1CO,3
5125,COc1nccnn1,COc1nccnn1,1
5126,CC1(C)C2CC1C(=O)O2,CC1(C)C2CC1C(=O)O2,2
5127,CC(CC1CC1)OC=O,CC(CC1CC1)OC=O,0
5128,CC#CC1OCC11CC1,CC#CC1OCC12CC2,4
5129,OCC1C(C#N)C1C#N,N#CC1C(C#N)C1CO,1
5130,CN1CCC1=O,CN1CCC1=O,0
5131,CN1C2C3OC2C13C=O,CN1C2C3OC2C31C=O,4
5132,CC([NH3+])C1=C([O-])OC=C1,CC([NH3+])c1ccoc1[O-],2
5133,C(C1CO1)N1C=NN=N1,c1nnnn1CC1CO1,1
5134,CC1=CCC2NC12,CC1=CCC2NC12,0
5135,CC1(CC(C1)(C#N)O)C,CC1(C)CC(O)(C#N)C1,1
5136,OCC12NC1CC2O,OCC12NC1CC2O,0
5137,CC1=CC(=N)C(N)=NN1,Cc1cc(=N)c(N)n[nH]1,2
5138,CC(C)C(=O)C(C)C=O,CC(C)C(=O)C(C)C=O,3
5139,c1c2c([nH]nn2)n[nH]1,c1[nH]nc2[nH]nnc12,3
5140,CC1(COC1C=O)C#C,C#CC1(C)COC1C=O,0
5141,CC12CC3CC1OC3O2,CC12CC3CC1OC3O2,1
5142,OC12CCC(C=C1)C=C2,OC12C=CC(C=C1)CC2,4
5143,c1c(c(n[nH]1)O)C2CC2,Oc1n[nH]cc1C1CC1,3
5144,O=C1NC2C3NC(=C1)C23,O=C1C=C2NC3C(N1)C23,4
5145,Cc1cc2n(c1)CC=C2,Cc1cc2n(c1)CC=C2,3
5146,CC1OC1CC1(C)CC1,CC1OC1CC1(C)CC1,3
5147,CNC(=O)c1nnon1,CNC(=O)c1nnon1,1
5148,CC1CC11CC(C)C1O,CC1CC2(CC2C)C1O,0
5149,C1CC2CC1C=CC=C2,C1=CC2CCC(C=C1)C2,2
5150,CC12CNC1=CC(=O)O2,CC12CNC1=CC(=O)O2,0
5151,CCC(=NO)C(C)C#N,CCC(=NO)C(C)C#N,0
5152,CCC1(O)C(O)C1O,CCC1(O)C(O)C1O,0
5153,Cc1c(=O)cc[nH]c1O,Cc1c(O)[nH]ccc1=O,0
5154,CC1C2C3COC1C23C,CC1C2OCC3C1C32C,2
5155,CC12COC(OC1)C2=O,CC12COC(OC1)C2=O,1
5156,OCC1N=CNCC1=O,O=C1CNC=NC1CO,0
5157,CN=C1COCC2CN12,CN=C1COCC2CN12,0
5158,CC1CC2OCC3C2N13,CC1CC2OCC3C2N13,1
5159,CC1CC(CO)(O1)C=O,CC1CC(C=O)(CO)O1,0
5160,OC1=C2C3CC3N2C=N1,Oc1ncn2c1C1CC12,0
5161,CC1C(C)C2(CN2)C1=O,CC1C(=O)C2(CN2)C1C,1
5162,c1cocc1CC(=O)N,NC(=O)Cc1ccoc1,3
5163,CNc1ccoc1N,CNc1ccoc1N,1
5164,C1C2COC=NC12,C1=NC2CC2CO1,2
5165,CC1(C#C)C2CC(=O)C12,C#CC1(C)C2CC(=O)C21,4
5166,CC1C2C(=N)OC12C,CC1C2C(=N)OC12C,0
5167,CC1NC(=O)C1(O)C#C,C#CC1(O)C(=O)NC1C,4
5168,CC12C3N=C4OC(C13)C24,CC12C3N=C4OC(C41)C32,4
5169,CCN1CC11CNC1=O,CCN1CC12CNC2=O,1
5170,CN(C=O)C1CC1O,CN(C=O)C1CC1O,3
5171,CC1COCC(N1)C#N,CC1COCC(C#N)N1,4
5172,C1CC11OC2CC2C=C1,C1=CC2(CC2)OC2CC12,0
5173,OCC1C2NC(=O)NC12,O=C1NC2C(CO)C2N1,4
5174,C1C2C3COCC1CN23,C1OCC2C3CC1CN23,2
5175,C1CC12CC(=CN2)C=O,O=CC1=CNC2(CC2)C1,1
5176,CC12CC3C(C13)C2C#N,CC12CC3C(C1C#N)C32,4
5177,N=C1ON=C(O1)C1CC1,N=c1onc(C2CC2)o1,0
5178,CC1CCCC2CC1C2,CC1CCCC2CC1C2,1
5179,O=C1CC2NC2C1C#C,C#CC1C(=O)CC2NC21,3
5180,OC1CCC(=O)C(O)C1,O=C1CCC(O)CC1O,2
5181,CC(C)c1cc(co1)N,CC(C)c1cc(N)co1,1
5182,CC(C#N)C(=O)C#C,C#CC(=O)C(C)C#N,2
5183,OC1CCC11CCCC1,OC1CCC12CCCC2,3
5184,N=C1OC(=CC=C1)C#C,C#Cc1cccc(=N)o1,0
5185,CC1CC(=O)C1CCO,CC1CC(=O)C1CCO,0
5186,OC1C2C1C1OC2C=C1,OC1C2C3C=CC(O3)C12,1
5187,CC#CC(C)(C#N)C#N,CC#CC(C)(C#N)C#N,1
5188,CC1(OC1CC#N)C#N,CC1(C#N)OC1CC#N,2
5189,c1c(coc(=O)c1N)N,Nc1coc(=O)c(N)c1,1
5190,CC1CC=CC2(CN2)C1,CC1CC=CC2(CN2)C1,0
5191,CC(C)CCC#CCO,CC(C)CCC#CCO,2
5192,ON=C1CC(O)C2OC12,ON=C1CC(O)C2OC12,2
5193,CC1=NNC(=N)N=C1C,Cc1n[nH]c(=N)nc1C,0
5194,OC1=NC=C(OC=N)O1,N=COc1cnc(O)o1,3
5195,CC1C=CC(C)C1O,CC1C=CC(C)C1O,1
5196,CC1CC(C)(C=C1)C#C,C#CC1(C)C=CC(C)C1,1
5197,CC1OCOC2CC12O,CC1OCOC2CC12O,3
5198,CC1COCOCC1=O,CC1COCOCC1=O,4
5199,CC1CCC(=O)C11CO1,CC1CCC(=O)C12CO2,4
5200,CC1=NOC(=N)C=N1,Cc1ncc(=N)on1,0
5201,CC1OC1C(O)C1CN1,CC1OC1C(O)C1CN1,3
5202,CCC(C)N1N=CC=N1,CCC(C)n1nccn1,4
5203,CC1C2C3CC1C=CC23,CC1C2C=CC3C(C2)C13,2
5204,Cc1c(c[nH]n1)COC,COCc1c[nH]nc1C,2
5205,O=C1CC2CN3C2CC13,O=C1CC2CN3C1CC23,3
5206,C1OC2CCN3C1C23,C1CN2C3COC1C32,2
5207,CC(=O)Nc1ccn[nH]1,CC(=O)Nc1ccn[nH]1,1
5208,OCC12CC3(O)CC1C23,OCC12CC3(O)CC1C32,4
5209,OCC1OC(=N)C11CN1,N=C1OC(CO)C12CN2,0
5210,OC(C=O)C12CN1CC2,O=CC(O)C12CCN1C2,3
5211,CN=C1CN=CN1,CN=C1CN=CN1,1
5212,CC(=O)N1CCC=CC1,CC(=O)N1CC=CCC1,2
5213,Cc1c(nc(=O)[nH]n1)F,Cc1n[nH]c(=O)nc1F,0
5214,CC1(CC1)C1CCC1=O,CC1(C2CCC2=O)CC1,3
5215,CCC1=CC2(C)CC2C1,CCC1=CC2(C)CC2C1,2
5216,CC(CO)[NH2+]CC([O-])=O,CC(CO)[NH2+]CC(=O)[O-],3
5217,N#CC1OCC11CO1,N#CC1OCC12CO2,1
5218,OC1CC2CCCC12O,OC1CC2CCCC12O,0
5219,CN1C2CNCC12C#N,CN1C2CNCC21C#N,4
5220,CCOCCCC(C)O,CCOCCCC(C)O,2
5221,c1c[nH]c(=O)nc1CO,O=c1nc(CO)cc[nH]1,3
5222,CNc1ccnc(n1)O,CNc1ccnc(O)n1,0
5223,CCCC(=O)NCC,CCCC(=O)NCC,4
5224,C1CC2C3CCC2C1O3,C1CC2C3CCC2C1O3,0
5225,NC(=O)C1OCC1O,NC(=O)C1OCC1O,1
5226,Cc1nn2ccnc2o1,Cc1nn2ccnc2o1,2
5227,CCC1(O)COC1C#N,CCC1(O)COC1C#N,1
5228,Cc1coc2c1[nH]cn2,Cc1coc2nc[nH]c12,2
5229,CCNc1ccc([nH]1)O,CCNc1ccc(O)[nH]1,2
5230,CC1C(O)C11OCC1C,CC1COC12C(C)C2O,0
5231,COC1CC2C(C)C2C1,COC1CC2C(C)C2C1,4
5232,CC1(C)CC2CC(C1)O2,CC1(C)CC2CC(C1)O2,2
5233,CNc1c(cco1)C=O,CNc1occc1C=O,1
5234,COCC(CC#C)OC,C#CCC(COC)OC,0
5235,COC1CC2OC12C#C,C#CC12OC1CC2OC,3
5236,CC(C)C1C2CCC12O,CC(C)C1C2CCC21O,3
5237,c1c2c(n[nH]1)CCC=C2,C1=Cc2c[nH]nc2CC1,1
5238,CC1CC2(CC2C#C)O1,C#CC1CC12CC(C)O2,0
5239,CC(O)CC1=CNN=C1,CC(O)Cc1cn[nH]c1,0
5240,CC12CC1N=C(N2)C=O,CC12CC1N=C(C=O)N2,0
5241,COC(C)CCCC#N,COC(C)CCCC#N,4
5242,C#CC(=O)n1ccnn1,C#CC(=O)n1ccnn1,0
5243,CCC1(CCC1)COC,CCC1(COC)CCC1,1
5244,CN1CC1C(C#C)C#C,C#CC(C#C)C1CN1C,0
5245,COCC1C2CCCC12,COCC1C2CCCC21,4
5246,CC(O)C1C2CC(O)C12,CC(O)C1C2CC(O)C21,3
5247,CCCC1(C)OC1C#N,CCCC1(C)OC1C#N,4
5248,c1coc2c1onc2,c1cc2oncc2o1,1
5249,CCOCCC(N)C#N,CCOCCC(N)C#N,0
5250,CCCN=C1OC2CC12,CCCN=C1OC2CC12,3
5251,CC(=O)C1CCC1C#N,CC(=O)C1CCC1C#N,4
5252,N#CC1(CN1)C1COC1,N#CC1(C2COC2)CN1,0
5253,N=C1OCC2=NC=CN12,N=C1OCc2nccn21,0
5254,c1cc[nH]c(=O)c(=O)c1,O=c1cccc[nH]c1=O,1
5255,OC1C2C3C2C2C3CC12,OC1C2CC3C2C2C1C32,4
5256,CC1C2CC2(O)C=C1C,CC1=CC2(O)CC2C1C,2
5257,CC1C2CC2(C#C)C1O,C#CC12CC1C(C)C2O,1
5258,c1c([nH]c(n1)O)C=O,O=Cc1cnc(O)[nH]1,1
5259,CC1(O)C2CCCC12O,CC1(O)C2CCCC21O,3
5260,OC1C=CC2=CON=C12,OC1C=Cc2conc21,1
5261,O=CCC1NC1CC=O,O=CCC1NC1CC=O,0
5262,O=CCCN1CC1C#C,C#CC1CN1CCC=O,0
5263,CCCCCC(=O)CC,CCCCCC(=O)CC,2
5264,CCCc1nnn(n1)C,CCCc1nnn(C)n1,4
5265,CC1C2CC2CC1C#N,CC1C(C#N)CC2CC21,3
5266,C1CC23CCCC(O2)C13,C1CC2OC3(C1)CCC23,0
5267,CC(O)C1=NOC=N1,CC(O)c1ncon1,3
5268,CCC12CC1OC(=O)C2,CCC12CC(=O)OC1C2,4
5269,COC1C2CN2CC1C,COC1C(C)CN2CC12,4
5270,OCC1=CC2CC2(O)C1,OCC1=CC2CC2(O)C1,2
5271,CN=C1NN=CC(F)=N1,CN=c1nc(F)cn[nH]1,0
5272,CC(=N)OC1=CNC=C1,CC(=N)Oc1cc[nH]c1,2
5273,O=CCOC1CCCO1,O=CCOC1CCCO1,3
5274,OCC1C=CC2(O)CC12,OCC1C=CC2(O)CC12,0
5275,CC1C2CC2CC1=O,CC1C(=O)CC2CC21,2
5276,OC1CCC(O)C1C#C,C#CC1C(O)CCC1O,2
5277,O=CNC1COC11CC1,O=CNC1COC12CC2,0
5278,O=C1C2CC3C2OCC13,O=C1C2COC3C1CC23,2
5279,CC1C(C)C11CCCO1,CC1C(C)C12CCCO2,0
5280,CC1C2OCCOC12,CC1C2OCCOC12,4
5281,CC(O)C1(CC1C)C=O,CC(O)C1(C=O)CC1C,0
5282,O=C1CC=C2CCC2C1,O=C1CC=C2CCC2C1,0
5283,C(C1CO1)C1=CN=CN1,c1ncc(CC2CO2)[nH]1,4
5284,CC1=C(N)C2OC2C1=O,CC1=C(N)C2OC2C1=O,3
5285,CC(C)C1=COC(=N)O1,CC(C)c1coc(=N)o1,4
5286,CCC(=O)C(O)C#N,CCC(=O)C(O)C#N,3
5287,CC1OC23CN(CC2)C13,CC1OC23CCN(C2)C13,1
5288,c1(nc(nc(n1)O)N)N,Nc1nc(N)nc(O)n1,2
5289,O=C1OC2C3C2C2C3N12,O=C1OC2C3C2C2C3N12,2
5290,C#CCC1NC1C#C,C#CCC1NC1C#C,3
5291,CCC(=O)C1NC1C=O,CCC(=O)C1NC1C=O,1
5292,C#CC1CCC=CCC1,C#CC1CCC=CCC1,4
5293,CN1CCC(=O)C12CC2,CN1CCC(=O)C12CC2,1
5294,CC12CCCC1=CCO2,CC12CCCC1=CCO2,0
5295,c1c(cn2c1NCC2)O,Oc1cc2n(c1)CCN2,4
5296,CN(CCC#N)C(=O)N,CN(CCC#N)C(N)=O,0
5297,CN(CCC#N)CC#N,CN(CC#N)CCC#N,0
5298,O=C1NC2C3CC3C2N1,O=C1NC2C3CC3C2N1,0
5299,O=CNC1=CCN2CC12,O=CNC1=CCN2CC12,4
5300,CC1OC11COCC=C1,CC1OC12C=CCOC2,1
5301,OCCN1C2C3CC3C12,OCCN1C2C3CC3C21,3
5302,COC12CC3C1C(O)C23,COC12CC3C1C(O)C32,4
5303,CC12C(O)CC11CC2O1,CC12C(O)CC13CC2O3,4
5304,COC12CC1NC2C=O,COC12CC1NC2C=O,4
5305,CCCC1OCC11CC1,CCCC1OCC12CC2,0
5306,OC(C#C)C1(O)COC1,C#CC(O)C1(O)COC1,4
5307,N=C1OCC2CCC1O2,N=C1OCC2CCC1O2,1
5308,O=CCNC(C=O)C#C,C#CC(C=O)NCC=O,0
5309,C(C#N)C(=NCC#N)N,N#CCN=C(N)CC#N,2
5310,COC12CN(C1)CC2O,COC12CN(CC1O)C2,4
5311,CC1OCCC11CN1,CC1OCCC12CN2,2
5312,COC1CCC(C)=CC1,COC1CC=C(C)CC1,2
5313,CCc1cc(c(o1)O)N,CCc1cc(N)c(O)o1,0
5314,CC12CC3C(N1)C3C2=O,CC12CC3C(N1)C3C2=O,0
5315,OCC12NC1CN1CC21,OCC12NC1CN1CC12,3
5316,CCC(C)CCCCO,CCC(C)CCCCO,1
5317,CCc1cc(c(o1)N)O,CCc1cc(O)c(N)o1,0
5318,CCc1cnc(cn1)N,CCc1cnc(N)cn1,2
5319,CCC(CC=O)C(C)C,CCC(CC=O)C(C)C,0
5320,CN=C1N=CNN=C1C,CN=c1nc[nH]nc1C,2
5321,C1OC2CN3CC=CC123,C1=CC23COC2CN3C1,3
5322,CNC(=O)C1CCC1O,CNC(=O)C1CCC1O,0
5323,Cc1c[nH]nc1CCO,Cc1c[nH]nc1CCO,1
5324,Cc1c(cn(n1)C)C=O,Cc1nn(C)cc1C=O,3
5325,C1CCC(C1)CN2CC2,C1CCC(CN2CC2)C1,1
5326,CC(C)Cc1ncon1,CC(C)Cc1ncon1,3
5327,CC(=O)N1CC2OC2C1,CC(=O)N1CC2OC2C1,4
5328,CN1CC1(C)C(C)=NO,CC(=NO)C1(C)CN1C,1
5329,c1cnccncc[nH]1,c1cncc[nH]ccn1,3
5330,CC1C2NC2C1C1CO1,CC1C2NC2C1C1CO1,1
5331,c1[nH]c2c(n1)CNC2=O,O=C1NCc2nc[nH]c21,1
5332,CCCC1C2OC(=O)C12,CCCC1C2OC(=O)C12,1
5333,CC1=CC(C(=O)C1)(C)C,CC1=CC(C)(C)C(=O)C1,2
5334,O=C1CC23CCC(O2)C13,O=C1CC23CCC(O2)C13,0
5335,C#CC(CO)(CO)C#N,C#CC(C#N)(CO)CO,2
5336,NC1C(C#C)C1(N)C#N,C#CC1C(N)C1(N)C#N,2
5337,c1nc(c(c(=O)o1)N)N,Nc1ncoc(=O)c1N,0
5338,CCC(=O)C1(CC1)OC,CCC(=O)C1(OC)CC1,0
5339,CC(C)CC1CO1,CC(C)CC1CO1,0
5340,CC1C(CCC1=O)C#C,C#CC1CCC(=O)C1C,3
5341,CC(O)CC(C#C)C#N,C#CC(C#N)CC(C)O,4
5342,CC1C2C(C=O)C1N2C,CC1C2C(C=O)C1N2C,4
5343,CC1C(O)C1NC=O,CC1C(O)C1NC=O,2
5344,CC1(CO1)C1CCCC1,CC1(C2CCCC2)CO1,2
5345,CC1N(C)C(=N)C11CO1,CC1N(C)C(=N)C12CO2,2
5346,C1CC1C#CC=O,O=CC#CC1CC1,4
5347,CC(=O)c1cnncn1,CC(=O)c1cnncn1,2
5348,C1OC11CC2(CO2)C1,C1OC12CC1(CO1)C2,0
5349,CC1C2C3OC3(C)CN12,CC1C2C3OC3(C)CN12,3
5350,C1C2OCC3=CCCC123,C1=C2COC3CC23CC1,4
5351,CCC1C2CC2C1C,CCC1C(C)C2CC12,2
5352,CC1=CNC(=O)C11CN1,CC1=CNC(=O)C12CN2,2
5353,CC1=CC(=O)N2CC2C1,CC1=CC(=O)N2CC2C1,4
5354,O=C(C#C)C1C2CC1O2,C#CC(=O)C1C2CC1O2,1
5355,C(C#N)c1nc(no1)N,N#CCc1nc(N)no1,3
5356,N=CN1C=CCC1=O,N=CN1C=CCC1=O,3
5357,CC(CO)C(=O)C#N,CC(CO)C(=O)C#N,4
5358,c1cc(=O)cnc(c1)O,O=c1cccc(O)nc1,2
5359,CC12CC(C=C1)C21CO1,CC12C=CC(C1)C21CO1,1
5360,NC(=O)N1C=NC2CC12,NC(=O)N1C=NC2CC21,0
5361,COC1C2OC1(C)C2O,COC1C2OC1(C)C2O,0
5362,CC(=O)NC1CC1(C)C,CC(=O)NC1CC1(C)C,0
5363,Cc1c(c[nH]n1)NC,CNc1c[nH]nc1C,0
5364,O=C1CC2CC12C1CC1,O=C1CC2CC12C1CC1,0
5365,COC(C=O)C1CC1,COC(C=O)C1CC1,0
5366,CNC1=CC(=O)C2CC12,CNC1=CC(=O)C2CC12,1
5367,CC1COC1C,CC1COC1C,0
5368,CC(C)C1C2CC1(C)O2,CC(C)C1C2CC1(C)O2,3
5369,CCCc1cn[nH]n1,CCCc1cn[nH]n1,2
5370,Cc1cc(cc(=O)[nH]1)N,Cc1cc(N)cc(=O)[nH]1,1
5371,O=C(CC1OC1)N1CC1,O=C(CC1CO1)N1CC1,0
5372,Cc1nc(oc(=O)n1)C,Cc1nc(C)oc(=O)n1,2
5373,CC12OCC(C=C1)C2O,CC12C=CC(CO1)C2O,2
5374,OCC12CCC1(O2)C=O,O=CC12CCC1(CO)O2,4
5375,O=C1CCC2C3CC1N23,O=C1CCC2C3CC1N23,4
5376,C#CCC12CC1C1NC21,C#CCC12CC1C1NC12,2
5377,O=C1C2C3C4C1C2CN34,O=C1C2C3CN4C2C4C13,3
5378,C1CC1NC(=O)C(=O)N,NC(=O)C(=O)NC1CC1,3
5379,CC(CO)(C#N)C1CO1,CC(C#N)(CO)C1CO1,3
5380,OCC1(O)CC=CC1O,OCC1(O)CC=CC1O,0
5381,C1CC(O1)C1=NON=C1,c1nonc1C1CCO1,2
5382,CC1=CC2C3CC3C2C1,CC1=CC2C(C1)C1CC21,0
5383,CCC1(CC1)OCC#C,C#CCOC1(CC)CC1,4
5384,OC1C2CC1OCCC2,OC1C2CCCOC1C2,4
5385,COC1C2CC(C)C12C,COC1C2CC(C)C21C,1
5386,Cc1c(n(c(=O)o1)C)N,Cc1oc(=O)n(C)c1N,0
5387,CN=C(CC#C)NC=O,C#CCC(=NC)NC=O,0
5388,Cc1nnn(n1)C(=O)N,Cc1nnn(C(N)=O)n1,3
5389,N1C=CN=CC=CN=C1,c1cncc[nH]cnc1,2
5390,OC1C2N3CC3C12C#C,C#CC12C(O)C1N1CC12,0
5391,NC1(CO)CNC1C#N,N#CC1NCC1(N)CO,2
5392,N=C1OC(=O)NC11CC1,N=C1OC(=O)NC12CC2,3
5393,Cc1cc(=O)nc([nH]1)C,Cc1cc(=O)nc(C)[nH]1,4
5394,CC1OCC(C=C1)C#N,CC1C=CC(C#N)CO1,1
5395,CC1OC1(C)C#CCO,CC1OC1(C)C#CCO,3
5396,N=C1CC=C2CCC2O1,N=C1CC=C2CCC2O1,1
5397,O=CC1COCC11CO1,O=CC1COCC12CO2,3
5398,CC12CC3OC1C23CO,CC12CC3OC1C32CO,1
5399,OC12CC1OCC(=O)C2,O=C1COC2CC2(O)C1,3
5400,CC12C3C(O)C1=CCN23,CC12C3=CCN1C2C3O,3
5401,CCC1CC2C(CO)N12,CCC1CC2C(CO)N12,1
5402,c1(=O)c(noc(n1)N)F,Nc1nc(=O)c(F)no1,0
5403,CC1CC1C(=N)NC=O,CC1CC1C(=N)NC=O,1
5404,CC#CCC1OCC1C,CC#CCC1OCC1C,2
5405,CC1C=CC2CCC12C,CC1C=CC2CCC12C,2
5406,CC1=NCC2NC2CO1,CC1=NCC2NC2CO1,2
5407,COCCC1COCO1,COCCC1COCO1,1
5408,CCOCC(CC)C=O,CCOCC(C=O)CC,1
5409,CN=C1C=C(O)OC=N1,CN=c1cc(O)ocn1,0
5410,CC1(C#C)C2C3CC1C23,C#CC1(C)C2CC3C2C31,3
5411,COC12CC3C(C1)OC23,COC12CC3OC1C3C2,1
5412,CC(CC=O)OC=O,CC(CC=O)OC=O,2
5413,CCn1cnnc1,CCn1cnnc1,2
5414,O=C(OCC#C)C1CO1,C#CCOC(=O)C1CO1,2
5415,COC1OCC2CC1O2,COC1OCC2CC1O2,4
5416,CC12CC3C(CC13)CC2,CC12CCC3CC1C3C2,4
5417,CC1(C)OC2C(O)CC12,CC1(C)OC2C(O)CC21,2
5418,OCC1C2CC1C2C#N,N#CC1C2CC1C2CO,3
5419,O=C1C2COC1CCC2,O=C1C2CCCC1OC2,3
5420,CC1COC11CC2OC12,CC1COC12CC1OC12,2
5421,COC12CN3CC1C23C,COC12CN3CC1C32C,2
5422,CC(=O)C1OCC1=NO,CC(=O)C1OCC1=NO,3
5423,OCC12CC(N1)C21CO1,OCC12CC(N1)C21CO1,0
5424,CCC1N2CC2C11CN1,CCC1N2CC2C12CN2,4
5425,CC1CC1CN1CC1C,CC1CC1CN1CC1C,4
5426,O=CC1CCC(O1)C=O,O=CC1CCC(C=O)O1,1
5427,CC(CC#N)C(O)C#C,C#CC(O)C(C)CC#N,0
5428,CC(=O)CC1CN2CC12,CC(=O)CC1CN2CC12,4
5429,CCCC(O)C1CCC1,CCCC(O)C1CCC1,0
5430,CC12C3C1C1(O)CN2C31,CC12C3C4N1CC4(O)C32,4
5431,O=CC1C2CC1N2C=O,O=CC1C2CC1N2C=O,4
5432,OC12COC1CC1CC21,OC12COC1CC1CC12,2
5433,CCC1(C)OC(=O)C=C1,CCC1(C)C=CC(=O)O1,4
5434,c1cncncc1=NO,ON=c1ccncnc1,4
5435,OC12CC1C1(CN1)C2=O,O=C1C2(O)CC2C12CN2,3
5436,c1c(nn[nH]1)C2(CC2)O,OC1(c2c[nH]nn2)CC1,2
5437,O=C1CC2NC1CC=C2,O=C1CC2C=CCC1N2,0
5438,COC1(CC=O)CC1C,COC1(CC=O)CC1C,4
5439,CCNC1(CC1C)C#N,CCNC1(C#N)CC1C,4
5440,CNc1c(c(on1)N)N,CNc1noc(N)c1N,2
5441,CC1(CC2COC12)C#N,CC1(C#N)CC2COC21,2
5442,CC1(C)C2CC(O)C12O,CC1(C)C2CC(O)C21O,2
5443,O=COC12CN3C1CC23,O=COC12CN3C1CC32,1
5444,CC1=NC=CC(=N)O1,Cc1nccc(=N)o1,0
5445,[NH3+]C12CC1C(C2)C([O-])=O,[NH3+]C12CC(C(=O)[O-])C1C2,1
5446,CC1CC2(C)OCC2O1,CC1CC2(C)OCC2O1,3
5447,C1C2CC3OCOCC123,C1OCC23CC2CC3O1,3
5448,CCC12C3CN(C13)C2C,CCC12C3CN(C1C)C32,3
5449,CC(=O)C(C)(O)CCO,CC(=O)C(C)(O)CCO,0
5450,Cc1cc(cc(n1)F)O,Cc1cc(O)cc(F)n1,4
5451,CCC1(CC1O)C#N,CCC1(C#N)CC1O,0
5452,O=C1CN2CC2C1C#C,C#CC1C(=O)CN2CC12,1
5453,CCCC1COC1(C)C,CCCC1COC1(C)C,0
5454,C1C(=O)C(C(=O)CN1)O,O=C1CNCC(=O)C1O,0
5455,CC1(O)C2CC=CC12,CC1(O)C2C=CCC21,0
5456,CC1C=CC(=O)C1=NO,CC1C=CC(=O)C1=NO,0
5457,CC1=C2CCOC2CC1,CC1=C2CCOC2CC1,2
5458,CC(=O)OCC=O,CC(=O)OCC=O,4
5459,O=CC1C2COC(=O)C12,O=CC1C2COC(=O)C12,1
5460,OC12CC1CCC(=O)C2,O=C1CCC2CC2(O)C1,0
5461,CCOCC1(CN1)C#C,C#CC1(COCC)CN1,3
5462,CC1OCC2CCC2=C1,CC1C=C2CCC2CO1,3
5463,OC1(CNCC=C1)C#N,N#CC1(O)C=CCNC1,1
5464,CCNC1COC1=NC,CCNC1COC1=NC,1
5465,COC1CCOC1C#C,C#CC1OCCC1OC,0
5466,CC(=O)n1cnoc1=O,CC(=O)n1cnoc1=O,2
5467,C1CC(C1)C(=O)CCO,O=C(CCO)C1CCC1,3
5468,c1c(nc2n1cn[nH]2)O,Oc1cn2cn[nH]c2n1,1
5469,OC1C(O)C1NC=O,O=CNC1C(O)C1O,3
5470,C1CC12CC(=O)O2,O=C1CC2(CC2)O1,2
5471,C1C=CC23C1C1C2OC31,C1=CC23C(C1)C1C2OC13,2
5472,O=COC1CCC11CC1,O=COC1CCC12CC2,1
5473,CC1=CC(C)(O)C(O)C1,CC1=CC(C)(O)C(O)C1,3
5474,O=C1CC(C#N)C1C#N,N#CC1CC(=O)C1C#N,0
5475,OCC1(CN1)C(F)(F)F,OCC1(C(F)(F)F)CN1,0
5476,c1c(c(n[nH]1)C#N)C=O,N#Cc1n[nH]cc1C=O,0
5477,CC1(C=O)C2C3CC1C23,CC1(C=O)C2CC3C2C31,3
5478,CC12CC3OC1C23C,CC12CC3OC1C32C,3
5479,COC(C=O)C1(C)CO1,COC(C=O)C1(C)CO1,2
5480,CC1C2OC3CC2(C)C13,CC1C2OC3CC2(C)C31,1
5481,CC1OCC2(C)NC12,CC1OCC2(C)NC12,3
5482,CCCCN=COC,CCCCN=COC,2
5483,CC12CC(C=C1)N1CC21,CC12C=CC(C1)N1CC12,1
5484,CC12CC1NC(=O)OC2,CC12COC(=O)NC1C2,4
5485,N=C(C(=O)C#C)N1CC1,C#CC(=O)C(=N)N1CC1,2
5486,CCC12COC1C(C)O2,CCC12COC1C(C)O2,2
5487,CC1CC=CC(=O)C1,CC1CC=CC(=O)C1,1
5488,COC1CCC1OC=O,COC1CCC1OC=O,2
5489,N=COC(=O)CNC=O,N=COC(=O)CNC=O,0
5490,OC12C3CC1C1(CO1)C23,OC12C3CC1C1(CO1)C32,3
5491,OC12CC1(CC2)C#C,C#CC12CCC1(O)C2,0
5492,COCC1(O)CC=CC1,COCC1(O)CC=CC1,2
5493,C#CC12COC3C1OC23,C#CC12COC3C1OC32,2
5494,N=C1OC2CC3OC1C23,N=C1OC2CC3OC1C23,1
5495,CC1C2N1CC2(C)CO,CC1C2N1CC2(C)CO,0
5496,C1CC1C(=O)CNC=O,O=CNCC(=O)C1CC1,0
5497,N=C1OC2CC2N1C=O,N=C1OC2CC2N1C=O,2
5498,COC1C2OCC2C1=O,COC1C(=O)C2COC21,2
5499,CC1=C(N)N=COC1=N,Cc1c(N)ncoc1=N,2
5500,CCC1CC([NH2+]1)C([O-])=O,CCC1CC(C(=O)[O-])[NH2+]1,3
5501,C1C2COCC1O2,C1OCC2CC1O2,3
5502,OC1(C#N)C2C3OC2C13,N#CC1(O)C2C3OC2C31,1
5503,CCCC12CC(C)(C1)C2,CCCC12CC(C)(C1)C2,4
5504,CC1(CCC1)CN2CC2,CC1(CN2CC2)CCC1,1
5505,OC12CC(CC=C1)C=C2,OC12C=CCC(C=C1)C2,2
5506,C#CC1OC2CC2C=C1,C#CC1C=CC2CC2O1,0
5507,c1c2ncnnn2cn1,c1nnn2cncc2n1,3
5508,CC1(C#C)C2OC=NC12,C#CC1(C)C2N=COC21,2
5509,CC12CN1CC2CC#N,CC12CN1CC2CC#N,0
5510,C(#N)c1[nH]nc(n1)N,N#Cc1nc(N)n[nH]1,0
5511,CCC1(O)CC2CCC12,CCC1(O)CC2CCC21,2
5512,OCC1C2CC2(O)C1=O,O=C1C(CO)C2CC12O,0
5513,OC1CC(C1)C=O,O=CC1CC(O)C1,2
5514,CNc1cccc(=O)o1,CNc1cccc(=O)o1,2
5515,CC1N(C)C2(CC2)C1=O,CC1C(=O)C2(CC2)N1C,3
5516,OC12CC1C1(O)CC2C1,OC12CC(C1)C1(O)CC21,0
5517,CCC1(O)CCC1(C)O,CCC1(O)CCC1(C)O,4
5518,CC1C(NC1C#N)C#C,C#CC1NC(C#N)C1C,1
5519,C#CCCC#CCO,C#CCCC#CCO,1
5520,CC1(CC#N)COC1=N,CC1(CC#N)COC1=N,3
5521,CCOC(=O)NC(C)C,CCOC(=O)NC(C)C,3
5522,Cc1c(non1)C2CC2,Cc1nonc1C1CC1,2
5523,Cc1cc(ccn1)C=O,Cc1cc(C=O)ccn1,2
5524,CC1C(O)C11CCC1=O,CC1C(O)C12CCC2=O,4
5525,N#CCC1C2CCCC12,N#CCC1C2CCCC12,4
5526,CC1CCCCOCC1,CC1CCCCOCC1,2
5527,CC1=C(CO)NC(=N)O1,Cc1oc(=N)[nH]c1CO,4
5528,CC(C#C)C(C)(C)CO,C#CC(C)C(C)(C)CO,3
5529,CC1NC(=O)C1C1CO1,CC1NC(=O)C1C1CO1,1
5530,CNC1(CC1)C(=O)OC,CNC1(C(=O)OC)CC1,3
5531,CC12NC1CC=C2C#C,C#CC1=CCC2NC12C,4
5532,Cn1ncc(n1)NC=N,Cn1ncc(NC=N)n1,4
5533,CC1CN1C1=CNC=C1,CC1CN1c1cc[nH]c1,0
5534,CC1NC1COC(C)=O,CC(=O)OCC1NC1C,3
5535,c1coc2c1occ2,c1cc2occc2o1,4
5536,CC(C)OC1COC1=N,CC(C)OC1COC1=N,3
5537,CC1C(C#N)N1C,CC1C(C#N)N1C,0
5538,CC1=C(COC=NC1)C,CC1=C(C)COC=NC1,3
5539,CN=C1NC2CC12C#N,CN=C1NC2CC12C#N,1
5540,CC12CC(OC1)C2O,CC12COC(C1)C2O,1
5541,CCC12CC(C)C1(C)O2,CCC12CC(C)C1(C)O2,2
5542,OC12CC3CC1C2(O)C3,OC12CC3CC1C2(O)C3,2
5543,C1C2OC2C2OC12,C1C2OC2C2OC12,2
5544,C(C1CN1)C1=NNN=C1,c1n[nH]nc1CC1CN1,4
5545,CC1(CO1)C1CO1,CC1(C2CO2)CO1,0
5546,N=C1CCC=CC(=O)O1,N=C1CCC=CC(=O)O1,3
5547,Cc1cnoc1C#C,C#Cc1oncc1C,2
5548,OC1CC(C1)OCC#C,C#CCOC1CC(O)C1,0
5549,OC12C=CC3OC1CC23,OC12C=CC3OC1CC32,3
5550,CCCOCC1(C)CO1,CCCOCC1(C)CO1,4
5551,ON=C1CCCCC1O,ON=C1CCCCC1O,0
5552,O=CC1CC2(NC12)C=O,O=CC1CC2(C=O)NC12,2
5553,CC([NH+]=C(N)N)C([O-])=O,CC([NH+]=C(N)N)C(=O)[O-],1
5554,O=C1OC2C3CC3C2=C1,O=C1C=C2C3CC3C2O1,0
5555,COC1(C)CCN2CC12,COC1(C)CCN2CC21,4
5556,CC(O)C1OCC(=O)O1,CC(O)C1OCC(=O)O1,0
5557,C1OC23C1N1C2C=CC31,C1=CC2N3C1C21OCC31,0
5558,CN1CC2(O)CC2C1=O,CN1CC2(O)CC2C1=O,2
5559,CN1C2C3C2N2CC1C32,CN1C2CN3C2C2C1C23,0
5560,OC12CC1(O)C(=O)C2,O=C1CC2(O)CC12O,3
5561,CC1CC(CC=O)CO1,CC1CC(CC=O)CO1,2
5562,CC1CC(O)C2OC12C,CC1CC(O)C2OC12C,0
5563,CCC(CO)NCC#N,CCC(CO)NCC#N,2
5564,NC(C#N)C1(O)CCC1,N#CC(N)C1(O)CCC1,3
5565,OCC12CC1CC2O,OCC12CC1CC2O,3
5566,N=C1OCC2C3NC1C23,N=C1OCC2C3NC1C23,3
5567,CC(CCO)C1CC1C,CC(CCO)C1CC1C,1
5568,CC(=O)c1c[nH]cc1N,CC(=O)c1c[nH]cc1N,0
5569,OCCC(O)CC#C,C#CCC(O)CCO,4
5570,CCC12CC1(O)CC2,CCC12CCC1(O)C2,1
5571,CC1COC(=O)N1C,CC1COC(=O)N1C,3
5572,CC12COC1C1(CC1)C2,CC12COC1C1(CC1)C2,4
5573,COC1CCN2CC12C,COC1CCN2CC12C,1
5574,OC1C2OC(C#N)C12O,N#CC1OC2C(O)C12O,4
5575,CC1OCC(C=C1)C#C,C#CC1C=CC(C)OC1,4
5576,COCC(C)C1COC1,COCC(C)C1COC1,1
5577,Cc1ncc(o1)N,Cc1ncc(N)o1,3
5578,CNc1cc(co1)C#C,C#Cc1coc(NC)c1,1
5579,C1CC2OCCCCC12,C1CCC2CCC2OC1,3
5580,CC12CC(O1)C1CC21,CC12CC(O1)C1CC12,2
5581,OC1C2C1C1OCCC21,OC1C2C3CCOC3C12,1
5582,CCc1c(c[nH]n1)C#C,C#Cc1c[nH]nc1CC,0
5583,CC#CCOC1CC1,CC#CCOC1CC1,3
5584,CC12OC3C1OC2C3O,CC12OC3C(O)C1OC32,2
5585,OC1CCC11OCC1O,OC1CCC12OCC2O,0
5586,CC12OC1CC21CC1O,CC12OC1CC21CC1O,1
5587,OC1=NC(=N)C(O)=CN1,N=c1nc(O)[nH]cc1O,1
5588,CN=C1NC(O)=NC=N1,CN=c1ncnc(O)[nH]1,2
5589,CC12CC1C1CC1C=C2,CC12C=CC3CC3C1C2,2
5590,CC1C2(C)OC(C)C12C,CC1OC2(C)C(C)C12C,1
5591,C1C=Cc2n1c(=O)[nH]n2,O=c1[nH]nc2n1CC=C2,2
5592,CCC1(O)COC=NC1,CCC1(O)CN=COC1,0
5593,CN(C)C1CC1C#N,CN(C)C1CC1C#N,4
5594,CN=C(C(=O)N)N(C)C,CN=C(C(N)=O)N(C)C,2
5595,CCCC(=O)C1CC1O,CCCC(=O)C1CC1O,4
5596,O=C1OCCC(O1)C#C,C#CC1CCOC(=O)O1,2
5597,CC1CC1C1(CO1)C#C,C#CC1(C2CC2C)CO1,1
5598,C1CC1(CCO)CCO,OCCC1(CCO)CC1,1
5599,OC(C1CC[NH2+]1)C([O-])=O,O=C([O-])C(O)C1CC[NH2+]1,4
5600,CC1(CCO1)C=O,CC1(C=O)CCO1,4
5601,CC12CC(CCO1)C2=O,CC12CC(CCO1)C2=O,0
5602,CC1C2OC(C)C12,CC1OC2C(C)C12,1
5603,CCCCC(=O)OC,CCCCC(=O)OC,4
5604,CC1=CCCC1(O)C=O,CC1=CCCC1(O)C=O,4
5605,O=C1NC(=O)C2OC12,O=C1NC(=O)C2OC12,2
5606,c1c(nc(o1)NC=N)N,N=CNc1nc(N)co1,2
5607,CNC(C)C(=O)OC=N,CNC(C)C(=O)OC=N,0
5608,CC1OC2CC12C#N,CC1OC2CC12C#N,3
5609,CCCC1NC1C=O,CCCC1NC1C=O,1
5610,[NH3+]C12CC(C1)C2C([O-])=O,[NH3+]C12CC(C1)C2C(=O)[O-],1
5611,CC1(O)CC2CC12C#N,CC1(O)CC2CC21C#N,0
5612,CC1=CCC(CC=O)C1,CC1=CCC(CC=O)C1,2
5613,CCC1NC(=O)C1CO,CCC1NC(=O)C1CO,4
5614,c1cnc(nc1)N(=O)=O,O=[N+]([O-])c1ncccn1,1
5615,CCCC(=O)CCC#N,CCCC(=O)CCC#N,1
5616,CCOC1=NOC(=N)O1,CCOc1noc(=N)o1,4
5617,CC1C(=O)COC1(C)C,CC1C(=O)COC1(C)C,2
5618,N=C1NN=CC=NC1=N,N=c1nccn[nH]c1=N,0
5619,CCC1(N)COC1C#N,CCC1(N)COC1C#N,0
5620,Cn1c(=O)cnc(n1)F,Cn1nc(F)ncc1=O,2
5621,CN1CC(C1)OC=O,CN1CC(OC=O)C1,3
5622,CC(C#C)C1=CC=NN1,C#CC(C)c1ccn[nH]1,2
5623,OC1C=CC2CCC12O,OC1C=CC2CCC12O,1
5624,Cc1cc(no1)CC#C,C#CCc1cc(C)on1,1
5625,CC1COCOC1C=O,CC1COCOC1C=O,2
5626,CCC(C)C1=NNC=C1,CCC(C)c1cc[nH]n1,3
5627,CC(=O)C12CC3C1N3C2,CC(=O)C12CC3C1N3C2,1
5628,CC12C3N1C1CC2C31O,CC12C3CC4N1C2C43O,2
5629,CN1CC2CC2(O)C1=O,CN1CC2CC2(O)C1=O,3
5630,c1cncc(c1CO)F,OCc1ccncc1F,3
5631,NC(=O)C1C2CCC12,NC(=O)C1C2CCC21,0
5632,c1c(c(on1)CN)CO,NCc1oncc1CO,3
5633,C1CC23CN4CC12CC34,C1CC23CN4CC12CC43,2
5634,CCC1(C)CC1(O)C#N,CCC1(C)CC1(O)C#N,4
5635,C#CCC1OC11CCC1,C#CCC1OC12CCC2,3
5636,COC(C#N)C(N)CO,COC(C#N)C(N)CO,0
5637,CCCCC(C=O)C#N,CCCCC(C#N)C=O,4
5638,CCC1OC2C(C)C12O,CCC1OC2C(C)C12O,0
5639,C1OC11CC2COC1C2,C1OC2CC1CC21CO1,4
5640,CCCCOCC#C,C#CCOCCCC,1
5641,CCC(C)C1OC1CO,CCC(C)C1OC1CO,2
5642,OC12CC1CCOC2=N,N=C1OCCC2CC12O,3
5643,OCC(C#C)C(F)(F)F,C#CC(CO)C(F)(F)F,2
5644,Cc1[nH]cc(n1)N2CC2,Cc1nc(N2CC2)c[nH]1,3
5645,OC12CCCC1OCC2,OC12CCCC1OCC2,3
5646,OC1C2CCN2C1C#N,N#CC1C(O)C2CCN12,1
5647,CC(O)C1NC1C1CN1,CC(O)C1NC1C1CN1,3
5648,CC12CC(O)(C=C1)C2O,CC12C=CC(O)(C1)C2O,2
5649,CCC(=O)C1CC2NC12,CCC(=O)C1CC2NC21,1
5650,CN=C1C=CON=N1,CN=c1cconn1,1
5651,C1Cc2n[nH]c(=O)n2C1,O=c1[nH]nc2n1CCC2,3
5652,CC1C2C=CC3OC2C13,CC1C2C=CC3OC2C31,3
5653,CC1=CC(=O)CC2OC12,CC1=CC(=O)CC2OC12,0
5654,CC12CN3C1C2C3C#C,C#CC1C2C3N1CC23C,3
5655,CC1C2N(C)C1C2=O,CC1C2C(=O)C1N2C,4
5656,CN(C=O)C1CC1C=O,CN(C=O)C1CC1C=O,1
5657,CC1(C=CCN1C=O)C,CC1(C)C=CCN1C=O,4
5658,CN=C1C2(CC2)N=CN1,CN=C1NC=NC12CC2,2
5659,c1c2n(nn1)CCCC2,c1nnn2c1CCCC2,2
5660,CC1(C)CC2CC2(O)C1,CC1(C)CC2CC2(O)C1,0
5661,CC1(CC(C1O)(C)C)C,CC1(C)CC(C)(C)C1O,3
5662,CC(=O)Nc1cn[nH]n1,CC(=O)Nc1cn[nH]n1,2
5663,C#Cc1c([nH]nc1O)N,C#Cc1c(O)n[nH]c1N,2
5664,Cc1c[nH]cc1CC=O,Cc1c[nH]cc1CC=O,0
5665,C1OC2CC3CC12C=C3,C1=CC23COC2CC1C3,2
5666,CC1(CCC1C#N)C=O,CC1(C=O)CCC1C#N,2
5667,CC12OC3(C#C)C1CC23,C#CC12OC3(C)C1CC32,1
5668,C1COC(O1)C#CC#N,N#CC#CC1OCCO1,4
5669,c1(c(=O)[nH]nc(n1)O)N,Nc1nc(O)n[nH]c1=O,3
5670,CCC1OC2CC12O,CCC1OC2CC12O,3
5671,C1CC1C#CCCO,OCCC#CC1CC1,1
5672,CCC1CC(CCO)C1,CCC1CC(CCO)C1,2
5673,CCN1C=C(N)OC1=N,CCn1cc(N)oc1=N,4
5674,CCC12CC(C1)OCO2,CCC12CC(C1)OCO2,4
5675,N=C1CC(CCO1)C#C,C#CC1CCOC(=N)C1,3
5676,C#CC(=NO)CO,C#CC(CO)=NO,2
5677,Cc1cccccc1=O,Cc1cccccc1=O,3
5678,CC12OC3C1C2C3(C)C,CC1(C)C2OC3(C)C2C13,0
5679,CC1OC(=O)C2OC12C,CC1OC(=O)C2OC12C,4
5680,CC1C2C(O)C2OC1=O,CC1C(=O)OC2C(O)C12,3
5681,OCC1(CN=CO1)C=O,O=CC1(CO)CN=CO1,2
5682,C#CC12CC(CO1)CO2,C#CC12CC(CO1)CO2,4
5683,CC1NC1C(=O)C1CN1,CC1NC1C(=O)C1CN1,0
5684,CC1COC(CO1)C#N,CC1COC(C#N)CO1,3
5685,OC12CCC1C2CC#C,C#CCC1C2CCC12O,0
5686,CNc1cn(nn1)C=O,CNc1cn(C=O)nn1,4
5687,OCC1CC2(CC12)C=O,O=CC12CC(CO)C1C2,4
5688,CC1CN=COC1C#C,C#CC1OC=NCC1C,1
5689,CC12C3CC3N1C2C#N,CC12C3CC3N1C2C#N,4
5690,CNc1nc([nH]n1)CO,CNc1n[nH]c(CO)n1,0
5691,CC1=C(CO)C2CN2C1,CC1=C(CO)C2CN2C1,1
5692,CCC12CC(C)C1C2O,CCC12CC(C)C1C2O,1
5693,NC12COC1=NCC2O,NC12COC1=NCC2O,0
5694,CCCC1OCCCO1,CCCC1OCCCO1,3
5695,c1c2n(cn1)C3(C2)CC3,c1ncn2c1CC21CC1,3
5696,C#CC1=CC2CC(C1)O2,C#CC1=CC2CC(C1)O2,1
5697,CC1NC(=O)C=C1,CC1C=CC(=O)N1,3
5698,CC(C)(C)C(O)C1CN1,CC(C)(C)C(O)C1CN1,0
5699,OCCC1COCO1,OCCC1COCO1,3
5700,CC1(NC(=O)C1O)C#C,C#CC1(C)NC(=O)C1O,2
5701,CNc1c(cco1)C#N,CNc1occc1C#N,0
5702,C#Cc1cc(oc1O)N,C#Cc1cc(N)oc1O,1
5703,NC1COC1C#N,N#CC1OCC1N,0
5704,CNC(=O)c1ccn[nH]1,CNC(=O)c1ccn[nH]1,2
5705,CCc1cc(oc1N)N,CCc1cc(N)oc1N,2
5706,CC1(C)CC11CCC1=O,CC1(C)CC12CCC2=O,2
5707,CC(=O)CCC#CC#C,C#CC#CCCC(C)=O,1
5708,CC1CCC11OCC1=O,CC1CCC12OCC2=O,3
5709,CCC1(C)CN2C(C)C12,CCC1(C)CN2C(C)C21,4
5710,C1C(CNC(=O)N1)C=O,O=CC1CNC(=O)NC1,3
5711,CC1C2CC3(COC13)C2,CC1C2CC3(COC13)C2,2
5712,Cn1c(ccc1O)N,Cn1c(N)ccc1O,2
5713,COCC(=NO)CCO,COCC(CCO)=NO,4
5714,C(C#N)C(CO)(CO)N,N#CCC(N)(CO)CO,2
5715,CCNc1cn[nH]c1N,CCNc1cn[nH]c1N,0
5716,COC(C)C(C)(C)OC,COC(C)C(C)(C)OC,1
5717,OC12CC1C(C#C)C2=O,C#CC1C(=O)C2(O)CC12,0
5718,c1nncn1C=O,O=Cn1cnnc1,4
5719,C(COC(=O)N)C#N,N#CCCOC(N)=O,1
5720,COC1C2C(C)CC12C,COC1C2C(C)CC12C,0
5721,CCC1C(C)C1COC,CCC1C(C)C1COC,0
5722,C1OC2C3NC3CC12,C1OC2C1CC1NC12,3
5723,OC12CC3C1C1C2CN31,OC12CC3C1C1C2CN31,4
5724,c1c(c([nH]n1)NC=O)N,Nc1cn[nH]c1NC=O,1
5725,CC1CC1(C#N)C1CN1,CC1CC1(C#N)C1CN1,1
5726,CC(CO)C1C2CC1C2,CC(CO)C1C2CC1C2,4
5727,CC1OCC23CC(C2)C13,CC1OCC23CC(C2)C13,0
5728,O=C1CC2CC3C1N23,O=C1CC2CC3C1N23,0
5729,CC12C3CN1CC(=O)C23,CC12C3CN1CC(=O)C32,0
5730,CC(=O)C(C=O)C1CC1,CC(=O)C(C=O)C1CC1,0
5731,CC1C2COC12C1CC1,CC1C2COC12C1CC1,2
5732,OCCN1C2CC(O)C12,OCCN1C2CC(O)C21,1
5733,OC1CC2C3CC=C1C23,OC1CC2C3CC=C1C32,4
5734,C1CCC(C1)(C=O)C#N,N#CC1(C=O)CCCC1,2
5735,OC12CC1C(=O)C1OC21,O=C1C2OC2C2(O)CC12,2
5736,CC12CC(C1O)N1CC21,CC12CC(C1O)N1CC12,0
5737,FC1=CC(=N)C=C(F)O1,N=c1cc(F)oc(F)c1,0
5738,CCCC12C3CC1CC23,CCCC12C3CC1C2C3,0
5739,OCC1C2CCC3C2N13,OCC1C2CCC3C2N13,4
5740,CC1C2OCC1(O)C2C,CC1C2OCC1(O)C2C,4
5741,C1OC1C12CC(C1)C=C2,C1=CC2(C3CO3)CC1C2,3
5742,C(CO)c1c(nn[nH]1)O,OCCc1[nH]nnc1O,3
5743,O=CC12CC3CC1N23,O=CC12CC3CC1N32,1
5744,C(C=O)C#CC#CC#N,N#CC#CC#CCC=O,2
5745,c1cnc2c(n1)nco2,c1cnc2ocnc2n1,2
5746,Cc1c([nH]cc1C=O)C,Cc1[nH]cc(C=O)c1C,2
5747,CCC(CCO)COC,CCC(CCO)COC,3
5748,C#CCCCC#CCO,C#CCCCC#CCO,0
5749,CCC(C)C(OC)C#C,C#CC(OC)C(C)CC,2
5750,CC1C(CO)OC1C=O,CC1C(C=O)OC1CO,1
5751,C1OC2C3CC=CC23O1,C1=CC23OCOC2C3C1,0
5752,CC1C2CN2C11COC1,CC1C2CN2C12COC2,0
5753,C#Cc1cc2n(c1)CC2,C#Cc1cc2n(c1)CC2,3
5754,C1C2CC11C3OC3CC21,C1C2OC2C23CC(C2)C13,0
5755,C1OC2OC1C1OC21,C1OC2OC1C1OC21,1
5756,CC12OCC1=CC1NC21,CC12OCC1=CC1NC12,2
5757,CC1NC(=N)C(=O)C1C,CC1NC(=N)C(=O)C1C,1
5758,CC1C2C3C(C)C2C13,CC1C2C3C(C)C2C13,4
5759,O=CNC1CC2NC12,O=CNC1CC2NC12,4
5760,CCC1CC11CC2OC12,CCC1CC12CC1OC12,2
5761,FC1=COC=NC1=N,N=c1ncocc1F,2
5762,C#CC1COCO1,C#CC1COCO1,4
5763,CCN(C)C(C)(C)C#N,CCN(C)C(C)(C)C#N,1
5764,CC(C#N)C1CCC1=O,CC(C#N)C1CCC1=O,1
5765,CC1(C)CC2CC3C1N23,CC1(C)CC2CC3C1N23,4
5766,Cn1cnc(c1OC)N,COc1c(N)ncn1C,2
5767,OC1C2C3NC3C1C2=O,O=C1C2C(O)C1C1NC12,0
5768,CC12C3CC(CC13)C2=O,CC12C(=O)C3CC1C2C3,0
5769,N=C1N=CC(=O)ON=N1,N=c1ncc(=O)onn1,4
5770,N#CC1CC=CC2CC12,N#CC1CC=CC2CC12,4
5771,COCCC(CO)C#N,COCCC(C#N)CO,1
5772,COC(C)(C)C(O)C#N,COC(C)(C)C(O)C#N,2
5773,CCOC1(CC1)C2CC2,CCOC1(C2CC2)CC1,1
5774,c1c2n(c(n1)O)CCN2,Oc1ncc2n1CCN2,1
5775,C1CC1N1CC2(CO2)C1,C1CC1N1CC2(CO2)C1,2
5776,CN1C2C3C1CC23CO,CN1C2CC3(CO)C2C13,0
5777,OC1COC(=N)C2NC12,N=C1OCC(O)C2NC12,0
5778,O=CNC1C2C3CC1N23,O=CNC1C2CC3C1N23,1
5779,CC1(O)CC(=O)C=C1,CC1(O)C=CC(=O)C1,1
5780,OC1CC(=O)C2NC12,O=C1CC(O)C2NC12,1
5781,CC1OC(C)(C)C1CO,CC1OC(C)(C)C1CO,3
5782,CC#CC1NC1C1CN1,CC#CC1NC1C1CN1,1
5783,CC1OC1C1C(C)C1O,CC1OC1C1C(C)C1O,2
5784,CC1(C)CC(O)C1C#N,CC1(C)CC(O)C1C#N,4
5785,CC12NC1CCC1NC21,CC12NC1CCC1NC12,1
5786,CC1NCC2(CO2)C1=O,CC1NCC2(CO2)C1=O,0
5787,OC1CN2CC12C1CO1,OC1CN2CC12C1CO1,2
5788,CCC1OC(CC)C1C,CCC1OC(CC)C1C,3
5789,CC1N2CC1(O)C=CC2,CC1N2CC=CC1(O)C2,1
5790,COC1=NC(C)C(=O)N1,COC1=NC(C)C(=O)N1,3
5791,ON=C1CN2C(C=O)C12,O=CC1C2C(=NO)CN12,1
5792,NC(CCO)(C#C)C#N,C#CC(N)(C#N)CCO,3
5793,CC1OC2CC3C2OC13,CC1OC2CC3C1OC23,1
5794,O=C1CCC23CC(O2)C13,O=C1CCC23CC(O2)C13,1
5795,CC1=C(CCOC1)C#N,CC1=C(C#N)CCOC1,0
5796,CC1CC=CCC1=NO,CC1CC=CCC1=NO,0
5797,O=C(C#C)C12CCC1N2,C#CC(=O)C12CCC1N2,2
5798,OC1C2C3CC1C(O)C23,OC1C2CC3C1C3C2O,4
5799,COC1(C)COC1=NC,CN=C1OCC1(C)OC,4
5800,CC1C2CC=C(C)C1O2,CC1=CCC2OC1C2C,2
5801,CCC1=NCC(=O)N1C,CCC1=NCC(=O)N1C,4
5802,OC12C3C1N1CC=C2C31,OC12C3=CCN4C3C1C42,4
5803,C(CCO)CC(=O)C#N,N#CC(=O)CCCCO,2
5804,CC1C2CCC12OC=O,CC1C2CCC12OC=O,1
5805,CC1(C)CC2(CN12)C=O,CC1(C)CC2(C=O)CN12,0
5806,Cn1c(cnc1CO)O,Cn1c(O)cnc1CO,1
5807,OCC1COC1C1CO1,OCC1COC1C1CO1,0
5808,NC1(C#N)C2NC1C=C2,N#CC1(N)C2C=CC1N2,1
5809,CC1(C)OCC1C1CO1,CC1(C)OCC1C1CO1,3
5810,OC12CC3(C#C)C1NC23,C#CC12CC3(O)C1NC32,1
5811,O=CC1CC2NC12,O=CC1CC2NC12,4
5812,COC1C2NC1C2CO,COC1C2NC1C2CO,1
5813,CCC1CC1(OC)C#C,C#CC1(OC)CC1CC,2
5814,OC1CN2CC2C2NC12,OC1CN2CC2C2NC12,2
5815,CC1=CC2COC1(C)C2,CC1=CC2COC1(C)C2,4
5816,CCC(OC(C)=N)C#N,CCC(C#N)OC(C)=N,4
5817,OC12CC1C=C(C2)C#C,C#CC1=CC2CC2(O)C1,3
5818,CC1(CCCC(=O)N1)C,CC1(C)CCCC(=O)N1,1
5819,CCC1(O)C2CC1(C)O2,CCC1(O)C2CC1(C)O2,4
5820,CCCOC1(C)CC1C,CCCOC1(C)CC1C,3
5821,COC1CC2(CN2)CO1,COC1CC2(CN2)CO1,4
5822,CC1CC(O1)C#CCO,CC1CC(C#CCO)O1,3
5823,C1C2N1CC1=NNN=C21,C1c2n[nH]nc2C2CN12,2
5824,NC(=[NH2+])CC([O-])=O,NC(=[NH2+])CC(=O)[O-],3
5825,C1C2C3CN4C1C2C34,C1C2C3CN4C1C2C34,4
5826,CC1C2CC3N2C13CO,CC1C2CC3N2C13CO,3
5827,OCC1(COC1=O)C=O,O=CC1(CO)COC1=O,3
5828,c1ccc(cc1)C2CC2,c1ccc(C2CC2)cc1,0
5829,CC(C)(C)OC(=N)C=O,CC(C)(C)OC(=N)C=O,1
5830,CCCCOCC(=O)N,CCCCOCC(N)=O,4
5831,Cn1c(ncn1)NC=N,Cn1ncnc1NC=N,1
5832,CC1C2C1C(C#C)C2O,C#CC1C(O)C2C(C)C12,3
5833,CC1(CC(O)C1)C#C,C#CC1(C)CC(O)C1,4
5834,OCC1C2COC(=O)C12,O=C1OCC2C(CO)C12,4
5835,O=C1OC23COC2CC13,O=C1OC23COC2CC13,0
5836,CC(C)(c1ccon1)O,CC(C)(O)c1ccon1,1
5837,CC1C2CC(CC#N)C12,CC1C2CC(CC#N)C12,0
5838,CCC1CC11CNC1=O,CCC1CC12CNC2=O,4
5839,c1coc2c1[nH]nc2O,Oc1n[nH]c2ccoc12,3
5840,COC1C2CC1(C)C=C2,COC1C2C=CC1(C)C2,4
5841,CC(C)C12CCC1CC2,CC(C)C12CCC1CC2,1
5842,OC1(CC11CCO1)C=O,O=CC1(O)CC12CCO2,2
5843,O=C1COC(O1)C1CO1,O=C1COC(C2CO2)O1,0
5844,COC(=O)C(C)(O)C#N,COC(=O)C(C)(O)C#N,4
5845,O=CC1N2CC1(C2)C#C,C#CC12CN(C1)C2C=O,2
5846,N#CC1C2OC3CC2C13,N#CC1C2OC3CC2C31,1
5847,CCCOC1(CC1)C#C,C#CC1(OCCC)CC1,0
5848,COC1OC(=N)C2OC12,COC1OC(=N)C2OC12,1
5849,CCC12CC(C=C1)C2C,CCC12C=CC(C1)C2C,2
5850,CC1OC=NC1C=O,CC1OC=NC1C=O,3
5851,CC#CCC(O)CC#C,C#CCC(O)CC#CC,1
5852,CC1C=C(CO)NC1=O,CC1C=C(CO)NC1=O,3
5853,OC1CN=C2OCC12O,OC1CN=C2OCC21O,0
5854,CCn1cc(cn1)OC,CCn1cc(OC)cn1,0
5855,CC(=O)Oc1cc[nH]c1,CC(=O)Oc1cc[nH]c1,0
5856,CC1(C)COC(CO)O1,CC1(C)COC(CO)O1,2
5857,CC1CCC1(O)CO,CC1CCC1(O)CO,1
5858,Cn1cnc(c1N)C=O,Cn1cnc(C=O)c1N,1
5859,c1nc(oc(=O)n1)CO,O=c1ncnc(CO)o1,3
5860,Cc1cc[nH]c(=O)c1C,Cc1cc[nH]c(=O)c1C,1
5861,CCCOCC(=O)CC,CCCOCC(=O)CC,4
5862,N=C1CNC2(CC2)CO1,N=C1CNC2(CC2)CO1,4
5863,CC1C2C3C1C2(O)C3=O,CC1C2C3C(=O)C2(O)C13,1
5864,COc1cc([nH]c1O)O,COc1cc(O)[nH]c1O,3
5865,CCC1(O)COC1C#C,C#CC1OCC1(O)CC,0
5866,C#CC12NC1CC1OC21,C#CC12NC1CC1OC12,3
5867,CC1(CC(C1)CC#N)C,CC1(C)CC(CC#N)C1,2
5868,O=CC1=CC2(CN2)CC1,O=CC1=CC2(CC1)CN2,4
5869,CCC12NC1(C)CC=C2,CCC12C=CCC1(C)N2,1
5870,C1CC1(CC#N)C=O,N#CCC1(C=O)CC1,2
5871,OCC12CC(O1)C2O,OCC12CC(O1)C2O,2
5872,O=CC12CC1C1OCC21,O=CC12CC1C1OCC12,1
5873,CC1C2NC=NC12C#C,C#CC12N=CNC1C2C,4
5874,CN1C2C=CC1C2CO,CN1C2C=CC1C2CO,1
5875,C(C(=O)C(=O)C(=O)N)O,NC(=O)C(=O)C(=O)CO,0
5876,C1C2CC3COCC3N12,C1OCC2C1CC1CN12,1
5877,CC1CC(CO)=CC1C,CC1C=C(CO)CC1C,0
5878,CCNC(=O)C#CC,CC#CC(=O)NCC,3
5879,OC1CNCC1(O)C#N,N#CC1(O)CNCC1O,0
5880,CC1CC(=O)C=C1N,CC1CC(=O)C=C1N,1
5881,CN1CC1C1(CC1)C=O,CN1CC1C1(C=O)CC1,3
5882,CC12CC(O)(C1)C2,CC12CC(O)(C1)C2,4
5883,OC1C2CCC12O,OC1C2CCC12O,4
5884,OC1CC11C=CC2NC12,OC1CC12C=CC1NC12,2
5885,OC1C2C(C#C)C2C1=O,C#CC1C2C(=O)C(O)C12,4
5886,CC(OC=O)(C=O)C#C,C#CC(C)(C=O)OC=O,1
5887,c1c(nn[nH]1)CC=O,O=CCc1c[nH]nn1,3
5888,CCC1(O)CNCC1=O,CCC1(O)CNCC1=O,4
5889,OC1CCCC=C1C=O,O=CC1=CCCCC1O,4
5890,COCCOC(=O)C#C,C#CC(=O)OCCOC,2
5891,CN=C1OCC=CC1O,CN=C1OCC=CC1O,0
5892,CC1(C)C2OC(=O)C12C,CC1(C)C2OC(=O)C21C,4
5893,COC12CC1CC2O,COC12CC1CC2O,0
5894,CCC1CCN1C(N)=O,CCC1CCN1C(N)=O,3
5895,NCC1(NCC=C1)C#N,N#CC1(CN)C=CCN1,3
5896,c1c(nc(nn1)O)N,Nc1cnnc(O)n1,3
5897,COC(C)CC1CC1,COC(C)CC1CC1,1
5898,Cn1ccc(c1N)C#N,Cn1ccc(C#N)c1N,4
5899,Cc1cc(ncc1C)O,Cc1cnc(O)cc1C,0
5900,OC1(C#N)C2C3OC1C23,N#CC1(O)C2OC3C2C31,3
5901,C1C2OC3CC1N1C2C31,C1C2OC3CC1N1C2C31,3
5902,OC1(CCN2CC12)C#N,N#CC1(O)CCN2CC21,2
5903,CC12C3N1CC2(C)C3=O,CC12CN3C(C1=O)C32C,0
5904,CC1NC11C2NC2C1=O,CC1NC12C(=O)C1NC12,3
5905,O=CC1(NC1C#N)C#N,N#CC1NC1(C#N)C=O,3
5906,[NH3+]CC1=NON=C1[O-],[NH3+]Cc1nonc1[O-],2
5907,C#Cc1c(onn1)CN,C#Cc1nnoc1CN,3
5908,OC1(C=CC2OC12)C#C,C#CC1(O)C=CC2OC21,4
5909,COC1CC2CC1(C)C2,COC1CC2CC1(C)C2,2
5910,COC1(CNC1=N)C#C,C#CC1(OC)CNC1=N,2
5911,CN(C)CC(C=O)C#N,CN(C)CC(C#N)C=O,0
5912,COC1C2C1C1(C)CN21,COC1C2C1C1(C)CN21,0
5913,C#CCc1cnc([nH]1)O,C#CCc1cnc(O)[nH]1,2
5914,CC12C3C4N1CC2C34O,CC12C3CN1C1C2C13O,0
5915,N=C1NCCC(=O)C1=O,N=C1NCCC(=O)C1=O,1
5916,c1nc(no1)COC=O,O=COCc1ncon1,2
5917,CNc1c(n[nH]n1)C=O,CNc1n[nH]nc1C=O,3
5918,CC1CC2(CC12)C=O,CC1CC2(C=O)CC12,2
5919,CCC(O)C(C)=O,CCC(O)C(C)=O,1
5920,CCn1c(cc(n1)O)N,CCn1nc(O)cc1N,4
5921,CC12COC1C21CCO1,CC12COC1C21CCO1,0
5922,OCC(C#N)N1CCC1,N#CC(CO)N1CCC1,4
5923,CC1CCC1N1CC1,CC1CCC1N1CC1,0
5924,O=CCC1OC11COC1,O=CCC1OC12COC2,3
5925,C(CCO)CC#CC#N,N#CC#CCCCCO,3
5926,CC1(CC1)CC2(CC2)C,CC1(CC2(C)CC2)CC1,4
5927,CC1(O)CC(=O)C2CC12,CC1(O)CC(=O)C2CC21,1
5928,CC1(C)NC2CC12C#N,CC1(C)NC2CC21C#N,4
5929,COC1=NCCN1C=O,COC1=NCCN1C=O,0
5930,CCc1c(c(no1)N)N,CCc1onc(N)c1N,4
5931,C#CC12CC1C1(CC1)C2,C#CC12CC1C1(CC1)C2,2
5932,CCCCC12CC1CC2,CCCCC12CCC1C2,2
5933,OC1(C2C[NH2+]C12)C([O-])=O,O=C([O-])C1(O)C2C[NH2+]C21,3
5934,CC1COCOC2CC12,CC1COCOC2CC12,3
5935,CN(C)Cc1c[nH]nn1,CN(C)Cc1c[nH]nn1,4
5936,OC1C2(O)COCC12O,OC1C2(O)COCC12O,0
5937,OC12CC=CC11CC2O1,OC12CC=CC13CC2O3,1
5938,CC(=O)N1C=NCC1=O,CC(=O)N1C=NCC1=O,2
5939,O=C1CC2CC2(O1)C#C,C#CC12CC1CC(=O)O2,3
5940,Cn1c(c(nn1)N)C=O,Cn1nnc(N)c1C=O,0
5941,CC(OC=N)C#N,CC(C#N)OC=N,3
5942,OC1CC1C1=NC=CN1,OC1CC1c1ncc[nH]1,2
5943,CC1CC(O1)C(=O)C#N,CC1CC(C(=O)C#N)O1,2
5944,CCN1CC(OC)C1=O,CCN1CC(OC)C1=O,0
5945,COc1ccnn1C=O,COc1ccnn1C=O,1
5946,CC#CC1CC1(O)C#C,C#CC1(O)CC1C#CC,2
5947,O=C1C2CC=CC1C=C2,O=C1C2C=CCC1C=C2,1
5948,C#CC1CC1C1CCO1,C#CC1CC1C1CCO1,4
5949,C1CC1C1CN1C1CC1,C1CC1C1CN1C1CC1,4
5950,CCOC(=N)C(N)C#N,CCOC(=N)C(N)C#N,4
5951,CC1C=C2CCN2C1=O,CC1C=C2CCN2C1=O,0
5952,NC1=CC(=O)C(C1)C=O,NC1=CC(=O)C(C=O)C1,1
5953,CC1CC2C3OC(C1)C23,CC1CC2OC3C(C1)C23,3
5954,COC1CC=CC1=O,COC1CC=CC1=O,3
5955,OCC1CCC(CO)O1,OCC1CCC(CO)O1,4
5956,CC1CC(=O)C1(O)C#N,CC1CC(=O)C1(O)C#N,2
5957,CC1OC(C)C1CC#C,C#CCC1C(C)OC1C,0
5958,c1c(nc2n1CCO2)O,Oc1cn2c(n1)OCC2,3
5959,OC1CC2OCC1C=C2,OC1CC2C=CC1CO2,1
5960,C#CC1CCC2NC12,C#CC1CCC2NC12,0
5961,O=CC12CN3CC1CC23,O=CC12CN3CC1CC32,2
5962,O=C1OC2CCCNC12,O=C1OC2CCCNC12,4
5963,CC1=NCC2(CN12)C=O,CC1=NCC2(C=O)CN12,2
5964,O=C1C(C#N)C2CN12,N#CC1C(=O)N2CC12,4
5965,c1c2c(c[nH]1)COC2,c1[nH]cc2c1COC2,2
5966,COC1=COC=CC1=N,COc1coccc1=N,3
5967,OCC#CC1NC1C#C,C#CC1NC1C#CCO,0
5968,CCC1=CC(CC1)OC,CCC1=CC(OC)CC1,0
5969,COC1CC1C(O)C=O,COC1CC1C(O)C=O,4
5970,c1c(nc(c(=O)[nH]1)N)O,Nc1nc(O)c[nH]c1=O,2
5971,CNC1(COC1=N)C#C,C#CC1(NC)COC1=N,2
5972,CCCC1(C)CC1C#C,C#CC1CC1(C)CCC,2
5973,CCC(=O)C(CO)C#N,CCC(=O)C(C#N)CO,3
5974,c1c(c(n[nH]1)NC=O)N,Nc1c[nH]nc1NC=O,4
5975,c1cc(oc1)CC2CC2,c1coc(CC2CC2)c1,2
5976,C1CC2C3OC2C3O1,C1CC2C3OC2C3O1,2
5977,O=CC1CN1CC1CO1,O=CC1CN1CC1CO1,4
5978,[O-]C(=O)C1[NH2+]CC11CN1,O=C([O-])C1[NH2+]CC12CN2,3
5979,CCc1c(n[nH]n1)NC,CCc1n[nH]nc1NC,3
5980,C1C=CC=CCNC1=O,O=C1CC=CC=CCN1,1
5981,C1C2C1C1OC21,C1C2C1C1OC21,2
5982,OCC1NC1(C=O)C=O,O=CC1(C=O)NC1CO,2
5983,c1c2n(c(n1)C#N)CC2,N#Cc1ncc2n1CC2,2
5984,OCCC12CC(C1)C=C2,OCCC12C=CC(C1)C2,0
5985,CC1CC(=O)C1C(C)=O,CC(=O)C1C(=O)CC1C,0
5986,COCC(=O)CC(C)O,COCC(=O)CC(C)O,3
5987,CCOCC(C)C1CO1,CCOCC(C)C1CO1,0
5988,CC1(CCC1)C(O)CO,CC1(C(O)CO)CCC1,3
5989,CC1C(C)N1C(=O)C#C,C#CC(=O)N1C(C)C1C,3
5990,FC1=CC=NC(=N)N1,N=c1nccc(F)[nH]1,4
5991,N#CC1CN2CC12,N#CC1CN2CC12,3
5992,CC1CC2(O)CC12,CC1CC2(O)CC12,2
5993,CCN1CC1CC#N,CCN1CC1CC#N,3
5994,CC(N)C(=O)OC(C)=N,CC(=N)OC(=O)C(C)N,3
5995,CC12CC1(O)CC2,CC12CCC1(O)C2,4
5996,c1cnc([nH]1)NCC#N,N#CCNc1ncc[nH]1,2
5997,c1c([nH]nn1)CNC=O,O=CNCc1cnn[nH]1,2
5998,CC1CCC11CN1C=O,CC1CCC12CN2C=O,3
5999,CC1OC11CC(CO)C1,CC1OC12CC(CO)C2,2
6000,Cc1c(n[nH]n1)OC,COc1n[nH]nc1C,4
6001,N=C1ON=CN=CC1=N,N=c1cncnoc1=N,2
6002,CC12CC=CC(O1)C=C2,CC12C=CC(C=CC1)O2,4
6003,CC1(C#C)C2C=CCN12,C#CC1(C)C2C=CCN21,3
6004,COCC1(N)CNC1=O,COCC1(N)CNC1=O,4
6005,C#CCN1CC12COC2,C#CCN1CC12COC2,1
6006,CCOc1coc(=O)o1,CCOc1coc(=O)o1,0
6007,N=COCCC(=O)C=O,N=COCCC(=O)C=O,0
6008,CC(C)C1CCC(O)C1,CC(C)C1CCC(O)C1,0
6009,CC1(CO)CCN=CO1,CC1(CO)CCN=CO1,4
6010,OC1C2CC2C=CC1=O,O=C1C=CC2CC2C1O,2
6011,OCCOC1OCC=C1,OCCOC1C=CCO1,0
6012,CC1(O)CC(=O)N2CC12,CC1(O)CC(=O)N2CC21,4
6013,CC1C2OC(=N)C12O,CC1C2OC(=N)C12O,0
6014,CC1CC=C(C1)C1CO1,CC1CC=C(C2CO2)C1,0
6015,CC1C2N1CC2(O)C#N,CC1C2N1CC2(O)C#N,3
6016,OCC1C2CC3CN1C23,OCC1C2CC3CN1C32,1
6017,Cc1c(cco1)CC#N,Cc1occc1CC#N,4
6018,CC#CC1OC2CCC12,CC#CC1OC2CCC12,2
6019,O=C1CNC1C#C,C#CC1NCC1=O,2
6020,OCCN1CC1CC#N,N#CCC1CN1CCO,0
6021,CCC(OC(C)C)C#N,CCC(C#N)OC(C)C,3
6022,CC(=O)C(CO)C#C,C#CC(CO)C(C)=O,1
6023,CC1(C)CCOC1=N,CC1(C)CCOC1=N,0
6024,N=C1OCC2OC1C=C2,N=C1OCC2C=CC1O2,0
6025,CC12CC(O1)C1COC21,CC12CC(O1)C1COC12,0
6026,CC1CC(CC#C)C1C,C#CCC1CC(C)C1C,2
6027,OCCC#CC(O)CO,OCCC#CC(O)CO,1
6028,C1CC2COCC12,C1CC2COCC12,4
6029,OC1CC2(O)CC12,OC1CC2(O)CC12,2
6030,C1C2OC3=C(N=CN3)C12,c1nc2c([nH]1)OC1CC21,3
6031,CNCC(C#N)C(N)=O,CNCC(C#N)C(N)=O,3
6032,C1OC11COCC2OC12,C1OCC2(CO2)C2OC12,2
6033,CC1NCC2=NOC=C12,CC1NCc2nocc21,4
6034,CC1(C)OCC1(N)C#N,CC1(C)OCC1(N)C#N,1
6035,CC#CC(C)C1COC1,CC#CC(C)C1COC1,3
6036,CC1(OC2CC12O)C#C,C#CC1(C)OC2CC21O,2
6037,Cc1nc(=O)cc(o1)N,Cc1nc(=O)cc(N)o1,0
6038,Cc1c(cno1)CC#N,Cc1oncc1CC#N,3
6039,CC(CCO)C(O)C#C,C#CC(O)C(C)CCO,3
6040,OCC1CCC1O,OCC1CCC1O,3
6041,CC1CC23OCC2CC13,CC1CC23OCC2CC13,1
6042,Cc1c(nnn1C=O)O,Cc1c(O)nnn1C=O,0
6043,C1C2C1N1C3CC1C23,C1C2C3C4CC3N4C12,0
6044,N=C1C=CN(C=O)C=N1,N=c1ccn(C=O)cn1,2
6045,OCC1(COC=N1)C=O,O=CC1(CO)COC=N1,0
6046,CC12CN1CC2NC=O,CC12CN1CC2NC=O,3
6047,CC(O)C1(O)C2CC1C2,CC(O)C1(O)C2CC1C2,1
6048,N#CC12CCN1CC2,N#CC12CCN1CC2,0
6049,Cc1nc(c(o1)N)O,Cc1nc(O)c(N)o1,1
6050,c1c(nno1)NCC=O,O=CCNc1conn1,4
6051,CC#CC(O)C(C)C#N,CC#CC(O)C(C)C#N,4
6052,OC(C#N)C1(CN1)C=O,N#CC(O)C1(C=O)CN1,1
6053,CC12CC3CC1OC23C,CC12CC3CC1OC32C,2
6054,N=C(C#C)N1CC1C#C,C#CC(=N)N1CC1C#C,2
6055,CC1CC11COC1C,CC1CC12COC2C,2
6056,CCC#CCC(C)CO,CCC#CCC(C)CO,3
6057,NC(=O)CC1COC=N1,NC(=O)CC1COC=N1,4
6058,CC#CCC(O)C#CC,CC#CCC(O)C#CC,4
6059,C(COCC#N)O,N#CCOCCO,0
6060,CC12CC1COC21CC1,CC12CC1COC21CC1,0
6061,CC12CC3C(COC1)N23,CC12COCC3C(C1)N32,3
6062,OCCC1CN1CC#N,N#CCN1CC1CCO,0
6063,Cc1coc(=O)n1C,Cc1coc(=O)n1C,3
6064,OC1C2C=CC1(O)C=C2,OC1C2C=CC1(O)C=C2,3
6065,CCC1NC11C2CC1O2,CCC1NC12C1CC2O1,2
6066,c1(c(nc(o1)N)O)N,Nc1nc(O)c(N)o1,3
6067,COC=NC1C(O)C1O,COC=NC1C(O)C1O,0
6068,CC1(CO)C2CCC12O,CC1(CO)C2CCC21O,3
6069,N#CC#CC1CCCO1,N#CC#CC1CCCO1,3
6070,CCC12CN1CC(=O)C2,CCC12CC(=O)CN1C2,2
6071,COC(=O)NCC(C)O,COC(=O)NCC(C)O,1
6072,C(C#CCOC=O)C#N,N#CCC#CCOC=O,0
6073,CC1CC(C)(O)CC1C,CC1CC(C)(O)CC1C,3
6074,C1C2N1CC1=COC=C21,c1occ2c1CN1CC21,4
6075,OC1CC2CC(=N)OC12,N=C1CC2CC(O)C2O1,3
6076,NC1=C(O)C(=N)N=CN1,N=c1nc[nH]c(N)c1O,4
6077,CNC(C)C1=NNC=N1,CNC(C)c1nc[nH]n1,4
6078,CC1C(CO)N1C=O,CC1C(CO)N1C=O,2
6079,CC(O)C(=O)CCC#N,CC(O)C(=O)CCC#N,1
6080,CC1=CCC2C3CC12O3,CC1=CCC2C3CC12O3,0
6081,C#CC1CC2=CN=NN12,C#CC1Cc2cnnn21,0
6082,CC12CC1C(O2)C#N,CC12CC1C(C#N)O2,4
6083,O=C1CC23CC4C2OC134,O=C1CC23CC4C2OC143,4
6084,COC1CN2C3CC1C23,COC1CN2C3CC1C32,3
6085,c1c(cn[nH]c1=O)C=O,O=Cc1cn[nH]c(=O)c1,4
6086,CCC(=O)C(CO)OC,CCC(=O)C(CO)OC,1
6087,C#CC12CC(C1)CCO2,C#CC12CC(CCO1)C2,2
6088,CC12C3C4C(N14)C23C#N,CC12C3C4C(N41)C32C#N,0
6089,CC1CC1N1C=NN=N1,CC1CC1n1cnnn1,2
6090,O=CC12CC(C1)CC2,O=CC12CCC(C1)C2,0
6091,CCOc1c([nH]nn1)C,CCOc1nn[nH]c1C,3
6092,NC1(CC1)C1(CN1)C#N,N#CC1(C2(N)CC2)CN1,0
6093,C#Cc1cc(co1)N,C#Cc1cc(N)co1,4
6094,CC12COC(O1)C(O)C2,CC12COC(O1)C(O)C2,4
6095,c1c[nH]cc1CC(=O)N,NC(=O)Cc1cc[nH]c1,4
6096,CC1(NC1C1CC1)C=O,CC1(C=O)NC1C1CC1,0
6097,CC(C#C)C(=O)CC#N,C#CC(C)C(=O)CC#N,2
6098,C#CCCC#CC1CN1,C#CCCC#CC1CN1,3
6099,C(C=O)OC(=O)C=O,O=CCOC(=O)C=O,0
6100,CCC(N)(C#N)C1CO1,CCC(N)(C#N)C1CO1,1
6101,CC1C(O)C1(C)OC=N,CC1C(O)C1(C)OC=N,0
6102,CC12OC3C1OC23C,CC12OC3C1OC32C,1
6103,OCC1C2C3N1C2C3=O,O=C1C2C3C(CO)N2C13,3
6104,COC1CCC2(CC2)O1,COC1CCC2(CC2)O1,0
6105,CCC1C=CCC1(C)C,CCC1C=CCC1(C)C,2
6106,CCC(C#N)C(F)(F)F,CCC(C#N)C(F)(F)F,1
6107,O=C1CCC2CC2CC1,O=C1CCC2CC2CC1,0
6108,N#CC1C2OC=NC12,N#CC1C2N=COC12,0
6109,CNC(=N)C(=O)NC=N,CNC(=N)C(=O)NC=N,3
6110,CCC1(CNC1=O)C#C,C#CC1(CC)CNC1=O,4
6111,NC1CNC1C#N,N#CC1NCC1N,2
6112,OC1C(O)C2OCOC12,OC1C(O)C2OCOC12,1
6113,CC1(CN1)C(O)CCO,CC1(C(O)CCO)CN1,1
6114,CCC1(C)C2NC2C1=O,CCC1(C)C(=O)C2NC21,0
6115,CC1NC1C(=O)NC=O,CC1NC1C(=O)NC=O,3
6116,CC(C)c1cnn(c1)C,CC(C)c1cnn(C)c1,3
6117,OC12CC=CC3C1OC23,OC12CC=CC3C1OC32,2
6118,CN1C2C(O)C1(C)C2=O,CN1C2C(=O)C1(C)C2O,0
6119,CC12CC3C=CC1(C)N23,CC12C=CC3CC1(C)N32,2
6120,O=CC1COCCCO1,O=CC1COCCCO1,1
6121,CC1CCC=CCC1,CC1CCC=CCC1,3
6122,COCC1OC(C)C1O,COCC1OC(C)C1O,4
6123,Cc1c(n[nH]n1)NC=N,Cc1n[nH]nc1NC=N,4
6124,CC1CNC(=N)C1=O,CC1CNC(=N)C1=O,4
6125,N=C1OCC2OC3C2C13,N=C1OCC2OC3C1C23,4
6126,C(CNC=O)C(=O)C=O,O=CNCCC(=O)C=O,4
6127,N=C1OC2CC3C2OC13,N=C1OC2CC3C1OC23,1
6128,OC1C2CC(=O)C(=O)C12,O=C1CC2C(O)C2C1=O,2
6129,CC12OC3CCC1CC23,CC12OC3CCC1CC32,0
6130,CN(C)c1cccnc1,CN(C)c1cccnc1,0
6131,CC(O)C#CCC#C,C#CCC#CC(C)O,2
6132,CC(=O)C1=CNCC1,CC(=O)C1=CNCC1,1
6133,CC1CC2(O)CCC12,CC1CC2(O)CCC12,1
6134,CCC(=O)OCC(C)C,CCC(=O)OCC(C)C,3
6135,FC1=C(F)C=CC(=N)O1,N=c1ccc(F)c(F)o1,4
6136,CCC1(C)CC2CC12,CCC1(C)CC2CC21,3
6137,OC1=COC(=N)C=C1,N=c1ccc(O)co1,0
6138,CCC1NCC1=O,CCC1NCC1=O,1
6139,C1C(C(=O)N1)(CO)CO,O=C1NCC1(CO)CO,0
6140,CC(=O)C1N=CN2CC12,CC(=O)C1N=CN2CC12,2
6141,CC(C#N)C1CC1,CC(C#N)C1CC1,1
6142,CC1C2CC3COC1C23,CC1C2CC3COC1C32,2
6143,C1CC=CNC(=O)C=C1,O=C1C=CCCC=CN1,3
6144,OC1C(OC1=N)C1CN1,N=C1OC(C2CN2)C1O,1
6145,CCN1CC1CC1CC1,CCN1CC1CC1CC1,0
6146,CC(=O)C1=NCCO1,CC(=O)C1=NCCO1,4
6147,CC(C)C(C)COC=O,CC(C)C(C)COC=O,1
6148,OC1CC(C1)NCC#N,N#CCNC1CC(O)C1,2
6149,CC1C2C3C4C(N24)C13O,CC1C2C3C4C(N24)C13O,2
6150,c1c(=O)c(c(on1)N)O,Nc1oncc(=O)c1O,3
6151,C1OC2CC1C=CCC2,C1=CC2COC(CC1)C2,3
6152,CC(C)COC1COC1,CC(C)COC1COC1,2
6153,CC1C(CC#C)CC1=O,C#CCC1CC(=O)C1C,0
6154,C1OC2C3CCC12CC3,C1CC23CCC1C2OC3,2
6155,CC(C)C1OC1(C)CO,CC(C)C1OC1(C)CO,3
6156,C1C(CN1C(=O)C#N)O,N#CC(=O)N1CC(O)C1,2
6157,CCN=c1cn[nH]nc1,CCN=c1cn[nH]nc1,2
6158,CN=C1OC2CCC1O2,CN=C1OC2CCC1O2,1
6159,c1c(c(no1)C(=N)N)N,N=C(N)c1nocc1N,3
6160,CC1C2C3C4CC4N2C13,CC1C2C3C4CC4N2C13,1
6161,OC12CC3=CC4C(C14)C23,OC12CC3=CC4C(C31)C42,2
6162,CC1CC(=O)C(O1)C#C,C#CC1OC(C)CC1=O,4
6163,CCCC(CO)C(C)C,CCCC(CO)C(C)C,2
6164,c1c-2cnonc2cn1,c1ncc2noncc1-2,2
6165,N=C1NC(=O)C2CN12,N=C1NC(=O)C2CN12,3
6166,O=CC1C=CC2CN1C2,O=CC1C=CC2CN1C2,3
6167,CC1OC(=N)OC1CO,CC1OC(=N)OC1CO,1
6168,CC(C)C1(O)CCC=C1,CC(C)C1(O)C=CCC1,1
6169,O=C1OCC2(OC12)C#N,N#CC12COC(=O)C1O2,1
6170,CC(C)Cn1ccnc1,CC(C)Cn1ccnc1,2
6171,CC1CCN2C1CC2=O,CC1CCN2C(=O)CC12,2
6172,CC12NC1C=CNC2=O,CC12NC1C=CNC2=O,3
6173,C1CC11OC2CCC2=C1,C1=C2CCC2OC12CC2,3
6174,CC#CC1C(C)C2CN12,CC#CC1C(C)C2CN12,2
6175,OC1C(=N)NC=C1C#N,N#CC1=CNC(=N)C1O,3
6176,CC12CC1CCC(=O)C2,CC12CC(=O)CCC1C2,3
6177,O=CC1N2CC2C11CO1,O=CC1N2CC2C12CO2,1
6178,Cn1c(=O)ncc(n1)F,Cn1nc(F)cnc1=O,2
6179,O=CC12C3NC(C13)C2=O,O=CC12C(=O)C3NC1C32,1
6180,c1nc(=O)nc(o1)CO,O=c1ncoc(CO)n1,0
6181,CC1C2C(CC12C)C=O,CC1C2C(C=O)CC12C,4
6182,CC1C(CO)C2CCC12,CC1C(CO)C2CCC12,4
6183,CC#CC1(O)CC1O,CC#CC1(O)CC1O,3
6184,CC1(C)CC2CC2C1,CC1(C)CC2CC2C1,1
6185,C1C=C2CN=C3NC1C23,C1=C2CN=C3NC(C1)C23,2
6186,CC1OC1CCNC=O,CC1OC1CCNC=O,4
6187,NC1=CC(=N)NC(=O)O1,N=c1cc(N)oc(=O)[nH]1,1
6188,Cc1[nH]c2c[nH]nc2n1,Cc1nc2n[nH]cc2[nH]1,3
6189,CCC1(CN=CO1)C#N,CCC1(C#N)CN=CO1,4
6190,OC1CC2C(O)C(=O)C12,O=C1C(O)C2CC(O)C12,1
6191,COCC1(CC1C)C#N,COCC1(C#N)CC1C,1
6192,C1OC23COC(C=C2)C13,C1=CC23COC1C2CO3,1
6193,N#CC1CN2C=NC=C12,N#CC1Cn2cncc21,1
6194,CC1C2C1C1OC2C1O,CC1C2C3OC(C3O)C12,4
6195,O=CCN1CC2CCC12,O=CCN1CC2CCC21,2
6196,CCCC1C2CCC12C,CCCC1C2CCC12C,4
6197,CC12C3N=CN(C13)C2=N,CC12C(=N)N3C=NC1C32,4
6198,CNc1c(cccn1)O,CNc1ncccc1O,2
6199,OC1CN2N=CC=C2C1,OC1Cc2ccnn2C1,1
6200,CC(C)OC(=O)COC,COCC(=O)OC(C)C,0
6201,C1C2OC2C2=C1N=CN2,c1nc2c([nH]1)C1OC1C2,4
6202,CCC12C(C)N3C1CC23,CCC12C(C)N3C1CC32,4
6203,CCC(C)CC(C)(C)C,CCC(C)CC(C)(C)C,1
6204,O=COC12CC1OCC2,O=COC12CCOC1C2,0
6205,CC12C3CN1CC3C2=O,CC12C(=O)C3CN1CC32,2
6206,Cn1c(cnc1CO)N,Cn1c(N)cnc1CO,0
6207,O=C1NC2C3C=CC2C13,O=C1NC2C3C=CC2C13,4
6208,COc1c(onn1)C=O,COc1nnoc1C=O,3
6209,CC(=O)C(C)(CO)C=O,CC(=O)C(C)(C=O)CO,1
6210,CN(C=N)C(=O)OC,COC(=O)N(C)C=N,0
6211,NC1(COCC=C1)C#N,N#CC1(N)C=CCOC1,1
6212,OC12CC1OC(=O)OC2,O=C1OCC2(O)CC2O1,1
6213,CCOC(=N)C1CC1O,CCOC(=N)C1CC1O,2
6214,CC1CCCC(=O)C1,CC1CCCC(=O)C1,1
6215,C1C2OC22C=CC3C1C23,C1=CC23OC2CC2C1C23,4
6216,CC1(C)OCOC1CO,CC1(C)OCOC1CO,0
6217,OC1C(CC1=O)C#N,N#CC1CC(=O)C1O,4
6218,COCC1NC(=N)C1O,COCC1NC(=N)C1O,0
6219,CC12CC1(C)C(N2)C#N,CC12CC1(C)C(C#N)N2,3
6220,CCC1COC(C)C1C,CCC1COC(C)C1C,4
6221,CC#CC1CCC11CO1,CC#CC1CCC12CO2,4
6222,C1CC1OCC(=O)CO,O=C(CO)COC1CC1,0
6223,CCC1(C)C2CCC1O2,CCC1(C)C2CCC1O2,3
6224,OCC12CC1(O)C(=O)O2,O=C1OC2(CO)CC12O,0
6225,CC1(C)C2C3CC1C23O,CC1(C)C2CC3C1C32O,3
6226,CCN1C(=N)COC1=N,CCN1C(=N)COC1=N,1
6227,C1CC2C=CCC=CC12,C1=CC2CCC2C=CC1,2
6228,O=CC1(CC#N)CO1,N#CCC1(C=O)CO1,1
6229,CN(C)c1[nH]nc(n1)O,CN(C)c1nc(O)n[nH]1,3
6230,CCC(CC(C)C)OC,CCC(CC(C)C)OC,0
6231,CC12OCOC1CC2=O,CC12OCOC1CC2=O,4
6232,CC1COC2C3CC12C3,CC1COC2C3CC12C3,4
6233,CCC12OC3(C)C1CC23,CCC12OC3(C)C1CC32,0
6234,COCC1=CCCCC1,COCC1=CCCCC1,1
6235,OC(C#C)C1NC1C#C,C#CC(O)C1NC1C#C,4
6236,CCc1cc(no1)C#N,CCc1cc(C#N)no1,3
6237,O=C1CC23OCC2OC13,O=C1CC23OCC2OC13,3
6238,COC1=CC(=N)NC=N1,COc1cc(=N)[nH]cn1,3
6239,CC1C2C3C(C)C2(C)N13,CC1C2C3C(C)C2(C)N13,3
6240,C1OCC23NC12C1OC31,C1OCC23NC12C1OC13,4
6241,C1C2C1C1C3C4C(C23)N14,C1C2C1C1C3C2C2C3N12,2
6242,COC1=C(C[NH3+])N=N[N-]1,COc1[n-]nnc1C[NH3+],4
6243,C1OC11CC2CC1O2,C1C2CC3(CO3)C1O2,4
6244,CC1C2CC3COC3C12,CC1C2CC3COC3C12,1
6245,C1CNCc2c1non2,C1Cc2nonc2CN1,4
6246,c1c(=O)c(con1)C#N,N#Cc1concc1=O,3
6247,CCN(C=O)C(=N)CO,CCN(C=O)C(=N)CO,1
6248,C1NC11C2OC1C1OC21,C1NC12C1OC2C2OC21,1
6249,C1C2OC1C21CC=CC1,C1=CCC2(C1)C1CC2O1,1
6250,COC=NCC1CN1,COC=NCC1CN1,3
6251,CC1CC(C)C(CO)C1,CC1CC(C)C(CO)C1,1
6252,C#CCCC12CC(C1)O2,C#CCCC12CC(C1)O2,0
6253,COC1C(C)C11CCO1,COC1C(C)C12CCO2,3
6254,CC1C=CC2COC12C,CC1C=CC2COC12C,2
6255,CCC1N(C)C1(C)C,CCC1N(C)C1(C)C,2
6256,CCNc1cnn[nH]1,CCNc1cnn[nH]1,2
6257,CCC#CC1COC1C,CCC#CC1COC1C,3
6258,C1C(CC12CC(=O)C2)O,O=C1CC2(C1)CC(O)C2,4
6259,COc1c(cc([nH]1)O)N,COc1[nH]c(O)cc1N,2
6260,CCNC1=NOC(=N)O1,CCNc1noc(=N)o1,4
6261,OC1C=CC2OC=NC12,OC1C=CC2OC=NC12,2
6262,c1conc1NC(=O)N,NC(=O)Nc1ccon1,1
6263,C1C2CCC3OCC3C12,C1CC2OCC2C2CC12,1
6264,CC12OC1CC2CCO,CC12OC1CC2CCO,1
6265,OC1C2C1C1=CCOC21,OC1C2C3=CCOC3C12,0
6266,O=CC12CCC1C(=O)N2,O=CC12CCC1C(=O)N2,1
6267,CC#CCC(=O)CC#N,CC#CCC(=O)CC#N,3
6268,CC12CC1NC2(C)C#N,CC1(C#N)NC2CC21C,2
6269,CC1C2COC(=N)C1O2,CC1C2COC(=N)C1O2,3
6270,N#CCN1C2CC1C=C2,N#CCN1C2C=CC1C2,3
6271,O=CC12CC1OC2C#N,N#CC1OC2CC12C=O,2
6272,O=C1OC2CCCC12,O=C1OC2CCCC12,0
6273,OC(CC1CC1)C1CO1,OC(CC1CC1)C1CO1,3
6274,c1c(nn[nH]1)OC(=O)N,NC(=O)Oc1c[nH]nn1,0
6275,CC1=CC2OC2CC=C1,CC1=CC2OC2CC=C1,1
6276,CC1OC1CC(C)=O,CC(=O)CC1OC1C,0
6277,COC1CC1CN1CC1,COC1CC1CN1CC1,1
6278,CC1CC2CC(C2)O1,CC1CC2CC(C2)O1,4
6279,CC1(CC(O)C=C1)C=O,CC1(C=O)C=CC(O)C1,4
6280,CC(COC=N)C#C,C#CC(C)COC=N,3
6281,OC1CC2OC(=O)OC12,O=C1OC2CC(O)C2O1,3
6282,CC1C(C#C)N1CCO,C#CC1C(C)N1CCO,3
6283,CC12CC(CO1)N1CC21,CC12CC(CO1)N1CC12,3
6284,CC(C)CCC(=O)C,CC(=O)CCC(C)C,1
6285,CC(O)(C=O)C1(O)CC1,CC(O)(C=O)C1(O)CC1,3
6286,COC(C)CCOC=O,COC(C)CCOC=O,4
6287,OCC1C2CCCCC12,OCC1C2CCCCC12,2
6288,CCN(CC)C(=O)C#N,CCN(CC)C(=O)C#N,1
6289,CC12OC1C(C=O)C2O,CC12OC1C(C=O)C2O,3
6290,O=CC12NC(C=C1)C2=O,O=CC12C=CC(N1)C2=O,0
6291,N=CN1C(CC1=N)C#C,C#CC1CC(=N)N1C=N,3
6292,NC12C(OC1=N)C2C#N,N#CC1C2OC(=N)C12N,3
6293,Cc1cn[nH]c1CC#C,C#CCc1[nH]ncc1C,2
6294,COC12CCC1CC2,COC12CCC1CC2,0
6295,C1CN1c2nc([nH]n2)O,Oc1nc(N2CC2)n[nH]1,4
6296,CC1CC2=C(N)C=NN12,CC1Cc2c(N)cnn21,1
6297,CC1CC2(CCC2)O1,CC1CC2(CCC2)O1,2
6298,c1ccc(cc1)N(=O)=O,O=[N+]([O-])c1ccccc1,3
6299,CNc1c(nn[nH]1)CO,CNc1[nH]nnc1CO,3
6300,CC12C3CC1(O)CCN23,CC12C3CC1(O)CCN32,3
6301,C1CC2(OC12)C1COC1,C1OCC1C12CCC1O2,2
6302,CCOC1=NCCOC1,CCOC1=NCCOC1,1
6303,CCCC1COC(=O)O1,CCCC1COC(=O)O1,2
6304,CN1CC2C(C#N)C12C,CN1CC2C(C#N)C21C,3
6305,O=C1CNC2CC12C#N,N#CC12CC1NCC2=O,1
6306,CC1CN(C1)CC=O,CC1CN(CC=O)C1,0
6307,C#CC1(CN=CO1)C#N,C#CC1(C#N)CN=CO1,1
6308,CC1(C#N)C2CC=CC12,CC1(C#N)C2C=CCC21,1
6309,NC1=CN=C(N1)OC=N,N=COc1ncc(N)[nH]1,4
6310,c1c(c(no1)CO)N,Nc1conc1CO,3
6311,CC1(CCO1)C#CC#N,CC1(C#CC#N)CCO1,4
6312,C1C(CN1C=O)C#N,N#CC1CN(C=O)C1,4
6313,CCOC(=O)C(=O)OC,CCOC(=O)C(=O)OC,4
6314,C1C(=CC(=O)CN1)C=O,O=CC1=CC(=O)CNC1,2
6315,CCC12CC3OC1C23O,CCC12CC3OC1C32O,1
6316,CCN1CC1CCO,CCN1CC1CCO,4
6317,CCC1(CO1)C1CC1C,CCC1(C2CC2C)CO1,4
6318,OC1C2CC1(C)C21CC1,CC12CC(C1O)C21CC1,2
6319,c1c(c([nH]n1)N)O,Nc1[nH]ncc1O,4
6320,CC(C)C(C)C1CCO1,CC(C)C(C)C1CCO1,3
6321,CC1C(O)CC11CCO1,CC1C(O)CC12CCO2,0
6322,O=C(C#N)C1CCO1,N#CC(=O)C1CCO1,1
6323,Cc1cc(n(n1)C)N,Cc1cc(N)n(C)n1,3
6324,OC1CC2(O)C1OC2=N,N=C1OC2C(O)CC12O,0
6325,CC(O)(CO)COC=O,CC(O)(CO)COC=O,0
6326,OCC1=CC2CC2OC1,OCC1=CC2CC2OC1,2
6327,CCCOC(=O)C(=N)N,CCCOC(=O)C(=N)N,2
6328,CC12C(O)C1CC2(C)C,CC1(C)CC2C(O)C21C,1
6329,C#CC12OC1C1OCC21,C#CC12OC1C1OCC12,3
6330,CCC(=O)OCC(=O)N,CCC(=O)OCC(N)=O,1
6331,CN=c1cnoc(=O)[nH]1,CN=c1cnoc(=O)[nH]1,4
6332,OC(C#N)C#CC=O,N#CC(O)C#CC=O,1
6333,CC(C)C1C(C)CC1=O,CC(C)C1C(=O)CC1C,1
6334,CC12OC3CC1C2C=C3,CC12OC3C=CC1C2C3,4
6335,O=C1CC(C#N)N2CC12,N#CC1CC(=O)C2CN12,0
6336,COC12CCC1C(=O)C2,COC12CCC1C(=O)C2,0
6337,CC1C2CC1(C#N)C2=O,CC1C2CC1(C#N)C2=O,4
6338,OCC1(COC1)C1CO1,OCC1(C2CO2)COC1,3
6339,CC(=O)C(O)C1CC1,CC(=O)C(O)C1CC1,3
6340,[NH3+]CC1=C([O-])OC(=O)O1,[NH3+]Cc1oc(=O)oc1[O-],0
6341,CCC1C2OCC2C1=O,CCC1C(=O)C2COC12,1
6342,CN=C1CNC(C)CO1,CN=C1CNC(C)CO1,4
6343,CC12CC(C3CC3)C1O2,CC12CC(C3CC3)C1O2,0
6344,CC1NC1(C)C#CC=O,CC1NC1(C)C#CC=O,1
6345,C#CCC(=O)C#CCO,C#CCC(=O)C#CCO,3
6346,O=CC12CC3C1C=CC23,O=CC12CC3C1C=CC32,0
6347,O=CNCC1CN2CC12,O=CNCC1CN2CC12,1
6348,CC(CC#C)C(=O)C#N,C#CCC(C)C(=O)C#N,3
6349,CC(CC=O)(C#C)C#N,C#CC(C)(C#N)CC=O,1
6350,O=C1CC2C1N2CC#N,N#CCN1C2CC(=O)C21,1
6351,C#CC1C2CC=CC12,C#CC1C2C=CCC12,3
6352,CC(=O)NC(=N)CCO,CC(=O)NC(=N)CCO,4
6353,C1C(=O)CNC12COC2,O=C1CNC2(COC2)C1,2
6354,CC1C=CC2C(O)CN12,CC1C=CC2C(O)CN12,0
6355,CC1(CC=CC1)C(N)=O,CC1(C(N)=O)CC=CC1,3
6356,NC(=O)N1C2C3CC1C23,NC(=O)N1C2CC3C2C31,4
6357,COC1C2CC=CC12C,COC1C2CC=CC21C,3
6358,OC1C(O)C1(O)C#N,N#CC1(O)C(O)C1O,2
6359,C1CN2C3C4C3C2C4O1,C1CN2C3C(O1)C1C3C12,4
6360,OC1(CC1)C1COC=N1,OC1(C2COC=N2)CC1,1
6361,O=C1CC2OC1C1OC21,O=C1CC2OC1C1OC21,2
6362,C1CC(=NO)CC(=O)C1,O=C1CCCC(=NO)C1,4
6363,C1CN1C(=O)NC=O,O=CNC(=O)N1CC1,1
6364,CN1C=NC(=N)C(N)=C1,Cn1cnc(=N)c(N)c1,3
6365,CC1C2OCC1(C)C=C2,CC1C2C=CC1(C)CO2,1
6366,CC1OCCC2NC12,CC1OCCC2NC21,4
6367,C1CN1C2(COC2)CO,OCC1(N2CC2)COC1,0
6368,CC12CC1(C)C1CC1O2,CC12CC1(C)C1CC1O2,0
6369,C(=O)Nc1nc([nH]n1)N,Nc1nc(NC=O)n[nH]1,3
6370,CCOC(=O)NC,CCOC(=O)NC,4
6371,CCC#CC1OC1C=O,CCC#CC1OC1C=O,1
6372,ON=C1CC2C1N2C=O,O=CN1C2CC(=NO)C21,1
6373,OCC1C2CC3(CN3)C12,OCC1C2CC3(CN3)C12,1
6374,COCC1C2C3CC2C13,COCC1C2C3CC2C13,4
6375,CC(O)C#CC1NC1C,CC(O)C#CC1NC1C,1
6376,C#CC1C2CC3CC2N13,C#CC1C2CC3CC2N31,1
6377,CC1CC2NC(=O)C2C1,CC1CC2NC(=O)C2C1,4
6378,CC(O)C1=NOC=C1C,Cc1conc1C(C)O,3
6379,CCC1OC=NC11CC1,CCC1OC=NC12CC2,2
6380,CCCOCCC,CCCOCCC,4
6381,CC(=O)c1c(nco1)N,CC(=O)c1ocnc1N,0
6382,Cc1cnc(c(n1)N)O,Cc1cnc(O)c(N)n1,3
6383,OC1(CC1N1CC1)C#N,N#CC1(O)CC1N1CC1,3
6384,CC1=COC(=N)N=C1O,Cc1coc(=N)nc1O,1
6385,CN1CCC(C)(O)C1=O,CN1CCC(C)(O)C1=O,0
6386,CC(O)(CC#C)C#N,C#CCC(C)(O)C#N,0
6387,CCC#CC(=O)C(=O)N,CCC#CC(=O)C(N)=O,3
6388,CC#CC1(CC#N)CO1,CC#CC1(CC#N)CO1,4
6389,COCCCC#CCO,COCCCC#CCO,3
6390,Cc1cccn1CCO,Cc1cccn1CCO,2
6391,CC1=CCCC(CO)C1,CC1=CCCC(CO)C1,3
6392,CCC(O)(C#N)C1CC1,CCC(O)(C#N)C1CC1,1
6393,COC1C2CC2(O)C1=O,COC1C(=O)C2(O)CC12,1
6394,OC1C(O)C1(O)C#C,C#CC1(O)C(O)C1O,3
6395,CC(=O)c1cn[nH]c1N,CC(=O)c1cn[nH]c1N,1
6396,O=C1NCCC(N1)C#C,C#CC1CCNC(=O)N1,4
6397,NC1=C(OC(=N)N1)C#N,N#Cc1oc(=N)[nH]c1N,4
6398,Cc1ccc(n1C=O)C,Cc1ccc(C)n1C=O,3
6399,c1c(c(n[nH]1)OC=O)O,O=COc1n[nH]cc1O,1
6400,[NH3+]CCC#CCC([O-])=O,[NH3+]CCC#CCC(=O)[O-],1
6401,OC1C2CC(O)CC1O2,OC1CC2OC(C1)C2O,2
6402,CC12CC1CC21CC1O,CC12CC1CC21CC1O,4
6403,c1cc([nH]c1N)N,Nc1ccc(N)[nH]1,1
6404,CC12CC(C1)C(=O)CC2,CC12CCC(=O)C(C1)C2,2
6405,NC(=O)CC1OCC1O,NC(=O)CC1OCC1O,4
6406,NC1=NNC(=N)N=C1F,N=c1nc(F)c(N)n[nH]1,1
6407,CCC12NC1(C)CC2=O,CCC12NC1(C)CC2=O,0
6408,C1CC2(CO1)COC=N2,C1=NC2(CCOC2)CO1,1
6409,CN1N=CC([O-])=C1C[NH3+],Cn1ncc([O-])c1C[NH3+],1
6410,CCC1(O)C(O)C1C=O,CCC1(O)C(O)C1C=O,2
6411,CC(=N)Nc1conn1,CC(=N)Nc1conn1,2
6412,CC1CC(O)(CC#C)C1,C#CCC1(O)CC(C)C1,4
6413,CC(CN)(OC=N)C#N,CC(C#N)(CN)OC=N,4
6414,OC12CC(C1)OC(=N)C2,N=C1CC2(O)CC(C2)O1,2
6415,COc1[nH]c(cn1)N,COc1ncc(N)[nH]1,0
6416,CC12OC1C1OC21C,CC12OC1C1OC12C,2
6417,N=C1C=COC(=N1)C#N,N#Cc1nc(=N)cco1,0
6418,C#CC1C2OC3(CC3)C12,C#CC1C2OC3(CC3)C12,4
6419,CC(O)C1C2C3CC1C23,CC(O)C1C2CC3C2C31,0
6420,CC1(CN=CO1)C,CC1(C)CN=CO1,1
6421,OC1C2CC1C1OC1C2,OC1C2CC3OC3C1C2,2
6422,CCCCOC(=O)CN,CCCCOC(=O)CN,4
6423,CC(=O)CC1CCC1,CC(=O)CC1CCC1,0
6424,NC(=N)C(=O)OC=N,N=COC(=O)C(=N)N,0
6425,CC(CCO)C(C)(C)C,CC(CCO)C(C)(C)C,3
6426,COC1(C)CCC1C,COC1(C)CCC1C,1
6427,CC1OCC(=C1)C(N)=O,CC1C=C(C(N)=O)CO1,4
6428,OC1CCC2CC3C1N23,OC1CCC2CC3C1N23,2
6429,CC1CCOC1=N,CC1CCOC1=N,0
6430,[NH3+]CC1=NOC=C1[O-],[NH3+]Cc1nocc1[O-],0
6431,O=C1NC23CC(C2)CC13,O=C1NC23CC(CC12)C3,0
6432,OC12CNC1COC2=N,N=C1OCC2NCC12O,0
6433,O=C1OCC11C2COC12,O=C1OCC12C1COC12,1
6434,CC12CC(C#N)C1(C)N2,CC12CC(C#N)C1(C)N2,0
6435,C#CCOC1C2CC1O2,C#CCOC1C2CC1O2,2
6436,C#CC1(CCC1)OC=O,C#CC1(OC=O)CCC1,0
6437,COCC(O)C1CCO1,COCC(O)C1CCO1,1
6438,c1c(nc(o1)C#N)N,N#Cc1nc(N)co1,1
6439,O=CN1CC2(CO2)C=C1,O=CN1C=CC2(CO2)C1,3
6440,CN(C=O)c1ccc[nH]1,CN(C=O)c1ccc[nH]1,4
6441,CC1(C)C2OC1C2O,CC1(C)C2OC1C2O,1
6442,c1c([nH]cn1)NCC#N,N#CCNc1cnc[nH]1,2
6443,C1CC(C1)(C#N)N,N#CC1(N)CCC1,1
6444,OCC1C2CCN12,OCC1C2CCN12,4
6445,CC12COC3C4C3N1C24,CC12COC3C4C3N1C42,0
6446,OC12CC(C1)C1OC21,OC12CC(C1)C1OC12,3
6447,C1C=CNC1=O,O=C1CC=CN1,4
6448,CCOC(CC)CO,CCOC(CC)CO,1
6449,COc1c([nH]c(n1)N)N,COc1nc(N)[nH]c1N,4
6450,CC1(C(=O)C=CCO1)C,CC1(C)OCC=CC1=O,2
6451,CCC12COC1C(C)C2,CCC12COC1C(C)C2,4
6452,CC1C(=O)C2N(C)C12C,CC1C(=O)C2N(C)C12C,3
6453,C#CC1C2OC1C2C#N,C#CC1C2OC1C2C#N,2
6454,OC12CN(C1)C2C=O,O=CC1N2CC1(O)C2,0
6455,CCN=C1NC(C)C1O,CCN=C1NC(C)C1O,3
6456,CC12COC1COC2=O,CC12COC1COC2=O,1
6457,c1(c(n[nH]c(=O)n1)N)N,Nc1n[nH]c(=O)nc1N,1
6458,CN(C)c1cc([nH]n1)N,CN(C)c1cc(N)[nH]n1,4
6459,OC12COC1CNC2=O,O=C1NCC2OCC12O,0
6460,OC1C2(O)CNC12C#N,N#CC12NCC1(O)C2O,0
6461,CC12CC1OC2C1CO1,CC12CC1OC2C1CO1,2
6462,CCOC12CC(C1)C=C2,CCOC12C=CC(C1)C2,3
6463,CC1=NC2CCC2O1,CC1=NC2CCC2O1,4
6464,CC12OC(C1O)C2=NO,CC12OC(C1=NO)C2O,0
6465,Cc1ccnc(c1N)F,Cc1ccnc(F)c1N,4
6466,CC12CC3OC3C1C2O,CC12CC3OC3C1C2O,1
6467,COC1COCOC1=N,COC1COCOC1=N,2
6468,c1c(c(c(=O)on1)O)N,Nc1cnoc(=O)c1O,4
6469,OC1CC(OC=N)C=C1,N=COC1C=CC(O)C1,2
6470,ON=C1CCC2COC12,ON=C1CCC2COC12,1
6471,CC1=CCOC(=N)C1=O,CC1=CCOC(=N)C1=O,2
6472,CCCC(O)C1(C)CN1,CCCC(O)C1(C)CN1,1
6473,CCOC1CCC1C#N,CCOC1CCC1C#N,3
6474,CC1OC(C)(C#N)C1O,CC1OC(C)(C#N)C1O,3
6475,CN=C1OC2CNC2=C1,CN=C1C=C2NCC2O1,4
6476,CC1NC11COC(C)C1,CC1CC2(CO1)NC2C,1
6477,c1c(c(nc(=O)[nH]1)N)F,Nc1nc(=O)[nH]cc1F,1
6478,CC(OC=O)C1(C)CC1,CC(OC=O)C1(C)CC1,3
6479,CC1OCC2(CO2)C1=O,CC1OCC2(CO2)C1=O,0
6480,C1CC11OC2C3OC3C12,C1CC12OC1C3OC3C12,0
6481,CC#CC1C2CCC1O2,CC#CC1C2CCC1O2,0
6482,C[NH+]1C2CC1C2C([O-])=O,C[NH+]1C2CC1C2C(=O)[O-],1
6483,CC(O)(C#N)C1CCO1,CC(O)(C#N)C1CCO1,1
6484,C1C=CC2C=CCOC12,C1=CC2C=CCC2OC1,4
6485,CC1C(O)C1C(F)(F)F,CC1C(O)C1C(F)(F)F,4
6486,c1c2c(c([nH]1)N)nn[nH]2,Nc1[nH]cc2[nH]nnc12,1
6487,C1C=C(CO1)NC=O,O=CNC1=CCOC1,3
6488,C1CC(C1)COCC#N,N#CCOCC1CCC1,0
6489,CCC1OCC1C#CC,CC#CC1COC1CC,1
6490,C1CC1C1C2CC1C=C2,C1=CC2CC1C2C1CC1,2
6491,CCN=C1OC2C(C)C12,CCN=C1OC2C(C)C12,4
6492,NC(=O)CC(O)CCO,NC(=O)CC(O)CCO,0
6493,OCC1CC(=N)OCO1,N=C1CC(CO)OCO1,1
6494,Cn1cc[nH]c(=O)c1=O,Cn1cc[nH]c(=O)c1=O,4
6495,O=C1CNCCC11CO1,O=C1CNCCC12CO2,2
6496,O=CCC1C=CC2CC12,O=CCC1C=CC2CC12,3
6497,CC1OC(C=O)C(=N)O1,CC1OC(=N)C(C=O)O1,2
6498,COC1OC2CN3C2C13,COC1OC2CN3C2C13,2
6499,N=C(NCC1CN1)C#N,N#CC(=N)NCC1CN1,0
6500,CC1(CO)CCC2CN12,CC1(CO)CCC2CN21,1
6501,C#Cc1c(onn1)C#C,C#Cc1nnoc1C#C,0
6502,O=CC1C2CN1C2C=O,O=CC1C2CN1C2C=O,4
6503,CC1OC11C2CCC1O2,CC1OC12C1CCC2O1,1
6504,CN=C1NC2(CC2)C1O,CN=C1NC2(CC2)C1O,3
6505,CC1CCC1OCC#C,C#CCOC1CCC1C,1
6506,CN=C1OCC1C1CO1,CN=C1OCC1C1CO1,4
6507,c1cnc(cn1)C=O,O=Cc1cnccn1,3
6508,CC1(O)CN2CCN=C12,CC1(O)CN2CCN=C21,2
6509,C(C#N)OC(=O)C#N,N#CCOC(=O)C#N,0
6510,C#CC12CC(C1)O2,C#CC12CC(C1)O2,3
6511,O=C1CC2(CC2)C1C#C,C#CC1C(=O)CC12CC2,2
6512,C1OC1C1OCC2NC12,C1OC(C2CO2)C2NC12,0
6513,CC1=C(N)C(=N)N=NO1,Cc1onnc(=N)c1N,4
6514,C#Cc1cc(no1)CO,C#Cc1cc(CO)no1,0
6515,COC(=O)CNCCO,COC(=O)CNCCO,1
6516,CC(C)(C(=O)CC#N)O,CC(C)(O)C(=O)CC#N,3
6517,O=C1OC2CCN=C2O1,O=C1OC2=NCCC2O1,4
6518,CC1=CCOC(=O)N1,CC1=CCOC(=O)N1,2
6519,CCc1c(c([nH]n1)N)O,CCc1n[nH]c(N)c1O,1
6520,CCCC1COC=NC1,CCCC1CN=COC1,0
6521,N=C1OCC(O1)C#C,C#CC1COC(=N)O1,4
6522,OCC(O)CC#CC#C,C#CC#CCC(O)CO,3
6523,N=C1C=NN2CCC2=N1,N=c1cnn2c(n1)CC2,4
6524,NC(CC#N)C#C,C#CC(N)CC#N,2
6525,OCC1C2CC3OC2C13,OCC1C2CC3OC2C31,2
6526,N=C1OC=C(C=O)N=C1,N=c1cnc(C=O)co1,4
6527,CC(C)(CO)C(=O)N,CC(C)(CO)C(N)=O,3
6528,OC12C=CC(C=C1)C2=O,O=C1C2C=CC1(O)C=C2,4
6529,O=C1OC2C3CCC2C13,O=C1OC2C3CCC2C13,1
6530,OC(C#C)C1C2CCC12,C#CC(O)C1C2CCC21,2
6531,N=C1ON=NC=CC1=O,N=c1onnccc1=O,0
6532,CC1OCOC1C,CC1OCOC1C,2
6533,C1CC1COCCCO,OCCCOCC1CC1,3
6534,Cc1cc([nH]n1)C(C)C,Cc1cc(C(C)C)[nH]n1,4
6535,CCC1CN2N=NC=C12,CCC1Cn2nncc21,4
6536,OCC1CC2OC1C2=O,O=C1C2CC(CO)C1O2,0
6537,CC(C#N)C(C)(C)O,CC(C#N)C(C)(C)O,4
6538,CCc1[nH]c(=O)[nH]n1,CCc1n[nH]c(=O)[nH]1,1
6539,C#CC1(CC1)CCC=O,C#CC1(CCC=O)CC1,2
6540,c1[nH]c2c(n1)[nH]nc2O,Oc1n[nH]c2nc[nH]c12,4
6541,CC1OCC1C1COC1,CC1OCC1C1COC1,2
6542,CCOC(CO)CO,CCOC(CO)CO,1
6543,CC1C(N2CC2)C1(C)O,CC1C(N2CC2)C1(C)O,3
6544,OCC12CCC(CC1)O2,OCC12CCC(CC1)O2,1
6545,OC1CC(C1)N1CC1,OC1CC(N2CC2)C1,3
6546,C#CC12C3CCC1CN23,C#CC12C3CCC1N2C3,2
6547,OC1(C#N)C2OCOC12,N#CC1(O)C2OCOC21,1
6548,c1[nH]c(c(n1)C=O)C=O,O=Cc1nc[nH]c1C=O,2
6549,COC1CN(C)C1C#C,C#CC1C(OC)CN1C,2
6550,C1CC23CC(CO2)OC13,C1OC23CCC2OC1C3,2
6551,OC1=NC=C(F)C(=N)N1,N=c1[nH]c(O)ncc1F,3
6552,OCC1CC1(C#N)C#N,N#CC1(C#N)CC1CO,1
6553,N=C(C#N)N1C2CCC12,N#CC(=N)N1C2CCC21,4
6554,C1C2OC1C21C2CN1C2,C1C2OC1C21C2CN1C2,1
6555,CC(=O)C(=O)C(O)C#C,C#CC(O)C(=O)C(C)=O,4
6556,CC(C(O)CO)C1CC1,CC(C(O)CO)C1CC1,0
6557,Cc1c(c[nH]n1)O,Cc1n[nH]cc1O,4
6558,C1CC23OC4CC12OC34,C1CC23OC4CC12OC43,0
6559,CN1CCN=C1C(N)=O,CN1CCN=C1C(N)=O,2
6560,CC(C1COC1)C(N)=O,CC(C(N)=O)C1COC1,1
6561,CC(C)(C(=O)CCO)O,CC(C)(O)C(=O)CCO,4
6562,C(C1CN1)N1C=NN=C1,c1nncn1CC1CN1,2
6563,[NH3+]C1CCC1CC([O-])=O,[NH3+]C1CCC1CC(=O)[O-],3
6564,CC12OC3C1NC2C3O,CC12OC3C(O)C1NC32,0
6565,CN=CN1C(C)C1C#N,CN=CN1C(C)C1C#N,3
6566,COC1C(C)C11CCC1,COC1C(C)C12CCC2,2
6567,CC1(CC#N)NCC1O,CC1(CC#N)NCC1O,2
6568,CC(C)C1NC1C(N)=O,CC(C)C1NC1C(N)=O,3
6569,CC1CC1C1CC1C#C,C#CC1CC1C1CC1C,4
6570,OC1C2CC3C2C13O,OC1C2CC3C2C13O,2
6571,O=C1CNCC2CC1O2,O=C1CNCC2CC1O2,2
6572,NC1=NC(=N)N=CC=N1,N=c1nccnc(N)n1,4
6573,CC1(C)CC(=O)CC1O,CC1(C)CC(=O)CC1O,3
6574,OC1CC(CC1O)C#C,C#CC1CC(O)C(O)C1,4
6575,NC1=CNC(=N1)C1CO1,Nc1c[nH]c(C2CO2)n1,2
6576,OC1C2C3C2(O)CC13O,OC1C2C3C1(O)CC23O,1
6577,CCC(O)C(C)CCO,CCC(O)C(C)CCO,0
6578,C1OC2OC1CC1NC21,C1OC2OC1CC1NC12,3
6579,CCCC(C#C)C(C)O,C#CC(CCC)C(C)O,2
6580,CC1(C)OC2(CC12)C#C,C#CC12CC1C(C)(C)O2,0
6581,CC(CC[NH3+])C([O-])=O,CC(CC[NH3+])C(=O)[O-],1
6582,CC1=C(C)C(=O)C2OC12,CC1=C(C)C2OC2C1=O,0
6583,CC1NC1(C)CO,CC1NC1(C)CO,1
6584,CC(C)CC1CC1(C)C,CC(C)CC1CC1(C)C,0
6585,CC(CO)C(O)CO,CC(CO)C(O)CO,2
6586,CCCC(=O)N,CCCC(N)=O,3
6587,N#CC1CC(C1)C1CO1,N#CC1CC(C2CO2)C1,0
6588,O=C1C(OC1C#N)C#C,C#CC1OC(C#N)C1=O,2
6589,Cn1cnc(n1)C2CC2,Cn1cnc(C2CC2)n1,0
6590,COC1CC2(C)C(C)C12,COC1CC2(C)C(C)C12,1
6591,CC1(C)OC(=N)C11CO1,CC1(C)OC(=N)C12CO2,1
6592,OC1CC2(CO2)C2CC12,OC1CC2(CO2)C2CC12,2
6593,c1c([nH]c(=O)o1)CCO,O=c1[nH]c(CCO)co1,4
6594,CC#CC12CC3CN1C23,CC#CC12CC3CN1C32,4
6595,CC1CC=C2CCCC12,CC1CC=C2CCCC21,0
6596,C1C(CO1)(C#N)N=CN,N#CC1(N=CN)COC1,4
6597,OC1CC2C3CC2(C3)C1,OC1CC2C3CC2(C1)C3,2
6598,CCC1(C)CCC=C1,CCC1(C)C=CCC1,2
6599,CC12CC1(CO)C=CC2,CC12CC=CC1(CO)C2,0
6600,CC1C2CCC2OC1=N,CC1C(=N)OC2CCC21,4
6601,c1c(onn1)C(=O)CO,O=C(CO)c1cnno1,3
6602,OC1CCC=CC(O)C1,OC1C=CCCC(O)C1,3
6603,CC1(C(=O)C=CN1)C,CC1(C)NC=CC1=O,3
6604,CC1OC2CC12C#C,C#CC12CC1OC2C,0
6605,CCC(C)C#CC#C,C#CC#CC(C)CC,3
6606,C#CCOC1CC(=O)C1,C#CCOC1CC(=O)C1,1
6607,C1CN1CC(=N)NC=O,N=C(CN1CC1)NC=O,3
6608,CN1CC11CCC(=O)C1,CN1CC12CCC(=O)C2,4
6609,NC1CCCNC1C#N,N#CC1NCCCC1N,0
6610,CC1C2NC2C1OC=N,CC1C2NC2C1OC=N,1
6611,OC1C2OC3CC3(O)C12,OC1C2OC3CC3(O)C12,2
6612,CC(O)C1=C(C)CCC1,CC1=C(C(C)O)CCC1,1
6613,CC1(CC1NC=O)C#N,CC1(C#N)CC1NC=O,2
6614,CCN(C)c1ncco1,CCN(C)c1ncco1,2
6615,CC1CC(CO)C1C,CC1CC(CO)C1C,2
6616,CC12N=COC1C1CC21,CC12N=COC1C1CC12,2
6617,OC1CC2NC2(C1)C=O,O=CC12CC(O)CC1N2,2
6618,CN1C(=O)C2C3CC12C3,CN1C(=O)C2C3CC21C3,2
6619,CC1(OCC2OC12)C#N,CC1(C#N)OCC2OC21,1
6620,O=C1CC2C3C4C(C14)N23,O=C1CC2C3C4C1C4N23,2
6621,C#CC12CC(C1)C21CN1,C#CC12CC(C1)C21CN1,3
6622,O=CCC1CCC11CC1,O=CCC1CCC12CC2,2
6623,CC1=CC(CC=O)OC1,CC1=CC(CC=O)OC1,4
6624,CC12CC(=O)C1OC=N2,CC12CC(=O)C1OC=N2,1
6625,CC12NC(=O)C1N1CC21,CC12NC(=O)C1N1CC12,0
6626,CC(CN1CC1)C1CO1,CC(CN1CC1)C1CO1,2
6627,CCc1cccnc1C,CCc1cccnc1C,4
6628,C1CC23CCC12OC=N3,C1=NC23CCC2(CC3)O1,2
6629,OC1C(OC1=N)C1CO1,N=C1OC(C2CO2)C1O,4
6630,CCCC12OC1CC2=O,CCCC12OC1CC2=O,0
6631,CC1CC2(CCC2O)O1,CC1CC2(CCC2O)O1,2
6632,O=C1COC2COC2C1,O=C1COC2COC2C1,2
6633,CC(=O)C1(C)C2CCC12,CC(=O)C1(C)C2CCC21,1
6634,C1C2OC11CN=COC21,C1=NCC23CC(O2)C3O1,4
6635,O=C1C2CC3(C#N)C2N13,N#CC12CC3C(=O)N1C32,4
6636,C1CC2CCC1OCO2,C1OC2CCC(CC2)O1,1
6637,CC1C2OC3C=CC2C13,CC1C2OC3C=CC2C31,2
6638,CC#CCC(O)CCO,CC#CCC(O)CCO,1
6639,CN(C)C(=O)CCC#N,CN(C)C(=O)CCC#N,4
6640,COC1CC1C(C)=NO,COC1CC1C(C)=NO,0
6641,CN(C)c1c(nco1)O,CN(C)c1ocnc1O,4
6642,OC1CNCC(=C1)C#N,N#CC1=CC(O)CNC1,4
6643,C1CC1C(=O)C(=N)N,N=C(N)C(=O)C1CC1,3
6644,c1c(c2n(n1)CCO2)N,Nc1cnn2c1OCC2,2
6645,C1CC1(CO)C(=O)C#N,N#CC(=O)C1(CO)CC1,4
6646,CC12CC1(CC#C)CO2,C#CCC12COC1(C)C2,1
6647,CC1NC1COCCO,CC1NC1COCCO,0
6648,c1coc2c1nco2,c1cc2ncoc2o1,2
6649,CCC(C)(O)C(C)C#N,CCC(C)(O)C(C)C#N,1
6650,C#CCc1c[nH]nc1O,C#CCc1c[nH]nc1O,4
6651,CC(C)C(O)C(=O)C=O,CC(C)C(O)C(=O)C=O,4
6652,CCN=C1CC(O1)C#N,CCN=C1CC(C#N)O1,4
6653,CCC1C2CCC1C2O,CCC1C2CCC1C2O,0
6654,CC1CC(O)CC2CN12,CC1CC(O)CC2CN12,2
6655,CN1C2CC(O)C12C#C,C#CC12C(O)CC1N2C,3
6656,C#CCCCCC#N,C#CCCCCC#N,0
6657,C#CC12OCC3CC1C23,C#CC12OCC3CC1C32,3
6658,CC12C3OC1C3OC2=O,CC12C(=O)OC3C1OC32,0
6659,CC(O)C(C)C(O)C#N,CC(O)C(C)C(O)C#N,3
6660,CN1C2C1(C)CC2(C)O,CN1C2C(C)(O)CC21C,3
6661,C1CC1C2OCCO2,C1COC(C2CC2)O1,2
6662,COCC(C)CC1CC1,COCC(C)CC1CC1,2
6663,NCC1(COC=N1)C#N,N#CC1(CN)COC=N1,4
6664,C(C(CO)(CO)C=O)O,O=CC(CO)(CO)CO,4
6665,CC12CCC1(C)C2O,CC12CCC1(C)C2O,1
6666,C1C2NCC3OC2OC13,C1NC2CC3OC2OC13,2
6667,CC1CC23CC(O)(C2)C13,CC1CC23CC(O)(C2)C13,2
6668,Cn1ncc(=NO)cn1,Cn1ncc(=NO)cn1,3
6669,CC1=CC2NC2(C)C1=O,CC1=CC2NC2(C)C1=O,3
6670,CC1=CC=CC=CCC1,CC1=CC=CC=CCC1,4
6671,CC1CC=CNC(=O)N1,CC1CC=CNC(=O)N1,1
6672,COC12CCC1CC2O,COC12CCC1CC2O,3
6673,CC(N1CC1)C(=O)C=O,CC(C(=O)C=O)N1CC1,4
6674,CC1CC2C3CC2C13,CC1CC2C3CC2C13,4
6675,C1CC23OC4C2CCC134,C1CC23CCC24OC3C14,0
6676,CC(O)C1CCC(C)O1,CC1CCC(C(C)O)O1,3
6677,O=C1CNCCC2NC12,O=C1CNCCC2NC12,2
6678,C1CC11CC=CC11CO1,C1=CC2(CO2)C2(C1)CC2,1
6679,CC12CC(=O)C1C1CN21,CC12CC(=O)C1C1CN12,4
6680,CC(C)(c1ncco1)O,CC(C)(O)c1ncco1,1
6681,N=C1CCC=CCO1,N=C1CCC=CCO1,3
6682,c1c(n[nH]n1)NC(=O)N,NC(=O)Nc1cn[nH]n1,3
6683,CC1NC1(CC#N)C#N,CC1NC1(C#N)CC#N,4
6684,CCC(C)(OC)C(C)O,CCC(C)(OC)C(C)O,4
6685,C1C2CC3C=CCCC123,C1=CC2CC3CC23CC1,4
6686,N#CC#CC12CC1OC2,N#CC#CC12COC1C2,0
6687,c1c(cncc1O)CO,OCc1cncc(O)c1,2
6688,Cc1conc1O,Cc1conc1O,1
6689,CN=C1NCC11CCO1,CN=C1NCC12CCO2,4
6690,CCC(C)(NC)C#N,CCC(C)(C#N)NC,3
6691,CC(C)(CO)C(=O)NC,CNC(=O)C(C)(C)CO,4
6692,CCc1ccc(=O)[nH]c1,CCc1ccc(=O)[nH]c1,3
6693,O=C1C2CC1(CO2)C#C,C#CC12COC(C1)C2=O,4
6694,CN1CC2OCC=CC12,CN1CC2OCC=CC21,1
6695,NC1=NOC(=N)C(=N)O1,N=c1onc(N)oc1=N,1
6696,CC1=COC(=O)NC1=N,Cc1coc(=O)[nH]c1=N,3
6697,CC1=CNC(=[NH2+])[CH-]C1=O,Cc1c[nH]c(=[NH2+])[cH-]c1=O,0
6698,C#CC1C2CC2C1C#C,C#CC1C(C#C)C2CC12,4
6699,C1NC23C=CC4C2NC134,C1=CC23NCC24NC3C14,2
6700,CCCCN1CC1(C)C,CCCCN1CC1(C)C,1
6701,c1c(coc1CO)CO,OCc1coc(CO)c1,0
6702,C1CC(C1)C(=N)NC=O,N=C(NC=O)C1CCC1,4
6703,CC12NC1C1=CCOC21,CC12NC1C1=CCOC12,4
6704,C1COC(=N1)COC=O,O=COCC1=NCCO1,0
6705,C1CC1CCOC(=O)N,NC(=O)OCCC1CC1,1
6706,CC12C3CCC1C(O)C23,CC12C3CCC1C2C3O,1
6707,C(CC1CC1)CC1CO1,C(CC1CC1)CC1CO1,1
6708,CC(O)C1C2C(O)CN12,CC(O)C1C2C(O)CN12,3
6709,Cn1cnc(=O)nc1O,Cn1cnc(=O)nc1O,3
6710,Cc1cnc(nc1F)C,Cc1ncc(C)c(F)n1,3
6711,N=C1OCC2CN2C1=O,N=C1OCC2CN2C1=O,3
6712,C1C2C3OC4C3CC4N12,C1C2C3OC2C2CN2C13,0
6713,O=C1CC2CC1N1CC21,O=C1CC2CC1N1CC21,2
6714,CC12C3C1N1C3CCC21,CC12C3C4CCC1N4C32,3
6715,OC12CC(O)(C=C1)C=C2,OC12C=CC(O)(C=C1)C2,2
6716,CN=C(C(=O)NC=N)N,CN=C(N)C(=O)NC=N,1
6717,CC1C2CCOC12C,CC1C2CCOC12C,1
6718,N=COC1=NOC(=N)O1,N=COc1noc(=N)o1,4
6719,CC(C[NH3+])(C#C)C([O-])=O,C#CC(C)(C[NH3+])C(=O)[O-],0
6720,CNC(=O)C1(CO)CO1,CNC(=O)C1(CO)CO1,0
6721,CC1C2C3C1C(C)C23C,CC1C2C(C)C3(C)C1C23,1
6722,OC1CC2C3C1CCN23,OC1CC2C3C1CCN23,1
6723,COC(C)C1CN1,COC(C)C1CN1,0
6724,C1CC=CCOC1,C1=CCOCCC1,0
6725,CC(=O)c1ccco1,CC(=O)c1ccco1,2
6726,CC(C)c1cnn[nH]1,CC(C)c1cnn[nH]1,0
6727,CC1C2CC3(C2)OCC13,CC1C2CC3(C2)OCC13,0
6728,OCC1CC2(CC12)C#C,C#CC12CC(CO)C1C2,1
6729,CC1OCC2C3NC3C12,CC1OCC2C3NC3C12,2
6730,CC1OCCCCCO1,CC1OCCCCCO1,2
6731,C#CC12CC(O1)C1CC21,C#CC12CC(O1)C1CC12,3
6732,CCOCC1CC(=O)O1,CCOCC1CC(=O)O1,1
6733,C1CC12C(=O)COC2=O,O=C1COC(=O)C12CC2,4
6734,CCCC1C2CC2C1=O,CCCC1C(=O)C2CC12,0
6735,N=C1OCC(CC#C)O1,C#CCC1COC(=N)O1,1
6736,OC12C3CC11COC2C31,OC12C3CC14COC2C34,4
6737,C1CC(C1)(C#N)NC=O,N#CC1(NC=O)CCC1,2
6738,COC(N)=NC(C)C=O,COC(N)=NC(C)C=O,1
6739,N=C1CC2(CC2O1)C#C,C#CC12CC(=N)OC1C2,0
6740,C#CCc1ncco1,C#CCc1ncco1,3
6741,Cc1cc(=O)c(c[nH]1)O,Cc1cc(=O)c(O)c[nH]1,2
6742,NC1(C#N)C2CC(O)C12,N#CC1(N)C2CC(O)C21,4
6743,O=CCN1CC2OCC12,O=CCN1CC2OCC21,2
6744,CC1(CCC11CO1)C=O,CC1(C=O)CCC12CO2,1
6745,CCC(O)(C#N)C1CO1,CCC(O)(C#N)C1CO1,4
6746,O=C1CC2CCC=CC12,O=C1CC2CCC=CC12,4
6747,CC1(C)OC2OC1C=C2,CC1(C)OC2C=CC1O2,0
6748,CC1C2C=CC1N2C,CC1C2C=CC1N2C,3
6749,CCC(=O)OC(=N)C#C,C#CC(=N)OC(=O)CC,0
6750,CC(C)(c1cnon1)O,CC(C)(O)c1cnon1,0
6751,C#CCC12CC1CO2,C#CCC12CC1CO2,4
6752,CC1CC1OCCCO,CC1CC1OCCCO,0
6753,CC1CCCC1=O,CC1CCCC1=O,1
6754,OC12C3C4OC1CC2C34,OC12C3CC1C1C(O3)C12,3
6755,OCCN1CC1CO,OCCN1CC1CO,1
6756,O=C1OCC=CC2CC12,O=C1OCC=CC2CC12,3
6757,CCC12CC1(O)CN2C,CCC12CC1(O)CN2C,1
6758,CC1C2C(=O)OC12CO,CC1C2C(=O)OC12CO,3
6759,CC1C2CC1C21COC1,CC1C2CC1C21COC1,3
6760,N#CC1CC2CCC2C1,N#CC1CC2CCC2C1,3
6761,OC1(CC2NC12)C#N,N#CC1(O)CC2NC21,4
6762,c1c(n2c(n1)NCC2)O,Oc1cnc2n1CCN2,0
6763,c1[nH]c2c(n1)n[nH]n2,c1nc2n[nH]nc2[nH]1,1
6764,CN1CC1(CC#N)C#C,C#CC1(CC#N)CN1C,4
6765,CC1CC2OC(C)CC12,CC1CC2C(C)CC2O1,3
6766,CC12C3C1N1CC=C2C31,CC12C3=CCN4C3C1C42,2
6767,CN1CC(C1)C(=O)C#C,C#CC(=O)C1CN(C)C1,4
6768,CCc1c([nH]c(=O)o1)N,CCc1oc(=O)[nH]c1N,2
6769,CC(C)(C)C1OCC=C1,CC(C)(C)C1C=CCO1,4
6770,CC12CC1NCC(=N)O2,CC12CC1NCC(=N)O2,2
6771,CC1C2CNC(=O)C12O,CC1C2CNC(=O)C12O,0
6772,c1nc(no1)C2(CC2)O,OC1(c2ncon2)CC1,2
6773,CCC1OC1(C#C)C#N,C#CC1(C#N)OC1CC,1
6774,CC1(C)CC2COC1C2,CC1(C)CC2COC1C2,4
6775,CCC1C2CC2(C)C1O,CCC1C(O)C2(C)CC12,2
6776,Cn1c(=O)oc(n1)N,Cn1nc(N)oc1=O,1
6777,CC(O)C1CN2CC12C,CC(O)C1CN2CC12C,0
6778,C1C2N3C1C21C=CCC31,C1=CC23C(C1)N1C2CC13,1
6779,CC1(O)C2OCCC12O,CC1(O)C2OCCC21O,4
6780,NC(=O)C1CC(N1)C#N,N#CC1CC(C(N)=O)N1,3
6781,CC1(O)C(O)CCC1O,CC1(O)C(O)CCC1O,2
6782,CC(CO)NC=O,CC(CO)NC=O,2
6783,CC(CO)CC(N)C#N,CC(CO)CC(N)C#N,4
6784,CC(O)C1CC(=O)N1,CC(O)C1CC(=O)N1,3
6785,c1c(oc(n1)CO)N,Nc1cnc(CO)o1,0
6786,CC1OC2C(O)C2C=C1,CC1C=CC2C(O)C2O1,0
6787,OCC12CNC(=O)C1N2,O=C1NCC2(CO)NC12,2
6788,CC(C=O)N1C2CC1C2,CC(C=O)N1C2CC1C2,2
6789,COC1C2NC1C2C#C,C#CC1C2NC1C2OC,1
6790,CN1C2CCC12CC=O,CN1C2CCC21CC=O,2
6791,CC(C)C1CCCCC1,CC(C)C1CCCCC1,1
6792,OCCC1C2OCOC12,OCCC1C2OCOC12,3
6793,CCN(CC)C(=O)C,CCN(CC)C(C)=O,0
6794,O=CNC1C=CC2OC12,O=CNC1C=CC2OC12,0
6795,CCC1(C)COC1C#N,CCC1(C)COC1C#N,1
6796,c1cc-2cnocc2c1,c1cc2cnocc-2c1,3
6797,CC1CC(O)C(C)(O)C1,CC1CC(O)C(C)(O)C1,2
6798,CCC1(O)CCOC1C,CCC1(O)CCOC1C,3
6799,CC#CCC(O)C1CN1,CC#CCC(O)C1CN1,0
6800,CC(O)C(=O)OCC=O,CC(O)C(=O)OCC=O,1
6801,CC1=CN(CC1)C(=O)C,CC(=O)N1C=C(C)CC1,3
6802,C1CN2C3C4OC3(C1)C24,C1CN2C3C4OC3(C1)C42,2
6803,OC1CC=C(CC#C)C1,C#CCC1=CCC(O)C1,4
6804,CC(C)C(=O)NC=N,CC(C)C(=O)NC=N,2
6805,CN(C=O)C1(CC1)C#N,CN(C=O)C1(C#N)CC1,0
6806,OC1C2C3C4C3C1CC24,OC1C2CC3C1C1C2C31,1
6807,C#CC12C3CN1C=NC23,C#CC12C3CN1C=NC32,4
6808,CC1(COC=N1)C(N)=O,CC1(C(N)=O)COC=N1,2
6809,CC(O)C(C)(C)CC=O,CC(O)C(C)(C)CC=O,0
6810,CCC12CC(C)(C1)C=C2,CCC12C=CC(C)(C1)C2,2
6811,CC1=CCc2c1[nH]cc2,CC1=CCc2cc[nH]c21,0
6812,NC(CC1CCO1)C#N,N#CC(N)CC1CCO1,4
6813,O=C1C2CC3CC2C1O3,O=C1C2CC3CC2C1O3,2
6814,C1COCC=C1CCO,OCCC1=CCOCC1,3
6815,C1CC1C12CC3CN1C23,C1CC1C12CC3CN1C32,2
6816,CC12C3C4N1C2C34C#N,CC12C3C4N1C2C43C#N,2
6817,CC1=CCC2C1C2(C)C,CC1=CCC2C1C2(C)C,2
6818,OCC(O)CNCC#N,N#CCNCC(O)CO,1
6819,CC(=O)C1(O)CCC=C1,CC(=O)C1(O)C=CCC1,2
6820,CC12NC1C(C#N)C2O,CC12NC1C(C#N)C2O,3
6821,O=C1CC2CC2CCN1,O=C1CC2CC2CCN1,4
6822,O=C1CC2(CC#N)CC12,N#CCC12CC(=O)C1C2,3
6823,CC12C3CC1(C3)OC2=O,CC12C(=O)OC13CC2C3,2
6824,CC1CC2C1N(C)C2=O,CC1CC2C(=O)N(C)C12,3
6825,OCC1=CNC(=N)C1=O,N=C1NC=C(CO)C1=O,3
6826,OCC1C2OC1C2=O,O=C1C2OC1C2CO,0
6827,COC1C2CC(C2)C1=O,COC1C(=O)C2CC1C2,2
6828,C(c1c(onc1O)N)O,Nc1onc(O)c1CO,0
6829,O=C1CC2(CN12)C1CN1,O=C1CC2(C3CN3)CN12,3
6830,CC1COC(=O)NC1C,CC1COC(=O)NC1C,4
6831,OCC1OCCN=CO1,OCC1OC=NCCO1,4
6832,c1c(cnc(=O)[nH]1)O,O=c1ncc(O)c[nH]1,1
6833,CCC1C2CC1(CO)C2,CCC1C2CC1(CO)C2,2
6834,CCc1cc(n[nH]1)C#C,C#Cc1cc(CC)[nH]n1,0
6835,CC(O)C(CO)CC#N,CC(O)C(CO)CC#N,2
6836,CC(=O)C1CC2(CO2)C1,CC(=O)C1CC2(CO2)C1,2
6837,NC(=O)C1CC(=O)N1,NC(=O)C1CC(=O)N1,1
6838,CC1CC2CC1C2(C)O,CC1CC2CC1C2(C)O,2
6839,CCCC(=O)COC,CCCC(=O)COC,1
6840,COCC(C)OC(C)C,COCC(C)OC(C)C,1
6841,CCC1CC(C)C1C#C,C#CC1C(C)CC1CC,0
6842,CC12C3C4CC1=CC4N23,CC12C3=CC4C(C3)C1N42,3
6843,c1cncc(=O)nc1,O=c1cncccn1,4
6844,OCCC1C2CCC12,OCCC1C2CCC12,0
6845,CCC12CN1C(=O)CC2,CCC12CCC(=O)N1C2,2
6846,C1C2C3OCCN1C23,C1CN2CC3C(O1)C32,2
6847,CC1(C)C2C3C2N2C3C12,CC1(C)C2C3C2N2C3C21,3
6848,ON=C1CNCC1C#N,N#CC1CNCC1=NO,3
6849,CCNC(=O)OC1CC1,CCNC(=O)OC1CC1,3
6850,C1CN=COCC(=O)N1,O=C1COC=NCCN1,4
6851,Cc1cnc(=O)ccn1,Cc1cnc(=O)ccn1,2
6852,CC1(CO)COC=N1,CC1(CO)COC=N1,4
6853,CC1(O)CCCC11CC1,CC1(O)CCCC12CC2,3
6854,COC(CC(C)C)C#N,COC(C#N)CC(C)C,2
6855,CCC12C(O)C1NC2=O,CCC12C(=O)NC1C2O,4
6856,C(C#CC#N)C(=O)C=O,N#CC#CCC(=O)C=O,1
6857,COCC12CC1NC2=O,COCC12CC1NC2=O,0
6858,C1CC23CC=CC2(C1)N3,C1=CC23CCCC2(C1)N3,4
6859,CCC1(C)COCO1,CCC1(C)COCO1,4
6860,COC12C3CC1OC2C3,COC12C3CC1OC2C3,1
6861,CC1CC23NC4C2OC134,CC1CC23NC4C2OC143,3
6862,CC12CC3OCC1C23O,CC12CC3OCC1C32O,0
6863,CC1NC11CC2OC12,CC1NC12CC1OC12,0
6864,CCC(N)=[NH+]CC([O-])=O,CCC(N)=[NH+]CC(=O)[O-],0
6865,Cc1cncc(c1F)F,Cc1cncc(F)c1F,2
6866,COC12CC1(C)OC2=O,COC12CC1(C)OC2=O,0
6867,C1C2C1C1C2C11CCO1,C1CC2(O1)C1C3CC3C12,2
6868,C1C2OCC11CC=CC21,C1=CC2C3CC2(C1)CO3,4
6869,CCC(CO)C(O)CO,CCC(CO)C(O)CO,0
6870,CC(O)C1(C)C2CCN12,CC(O)C1(C)C2CCN21,3
6871,C1CC12C(=O)CN2,O=C1CNC12CC2,1
6872,CN=C1CC(=O)OCO1,CN=C1CC(=O)OCO1,0
6873,CC1C2OC1C2C,CC1C2OC1C2C,4
6874,C1CC2(C1)C1CC2CC1,C1CC2(C1)C1CCC2C1,0
6875,CC1CCC2=C1OC=C2,CC1CCc2ccoc21,4
6876,O=C1OC2CC2C2CC12,O=C1OC2CC2C2CC12,1
6877,C1CC2OC1CCO2,C1CC2CCC(O1)O2,2
6878,Cn1c(=O)cc(cn1)N,Cn1ncc(N)cc1=O,1
6879,Cn1cnc(n1)CC#C,C#CCc1ncn(C)n1,4
6880,N=C1CCC(=O)N1,N=C1CCC(=O)N1,4
6881,CC12CC(C)(C1)N2C=O,CC12CC(C)(C1)N2C=O,1
6882,CC(C(N)C#N)N1CC1,CC(C(N)C#N)N1CC1,1
6883,N#CC1CC2CCC1O2,N#CC1CC2CCC1O2,3
6884,c1c(c(nc(=O)o1)O)N,Nc1coc(=O)nc1O,0
6885,CC12CC3(OCC13)C=C2,CC12C=CC3(C1)OCC23,2
6886,CC1C(N1C)C(C)=NO,CC(=NO)C1C(C)N1C,2
6887,C#CC(C#N)N1CCC1,C#CC(C#N)N1CCC1,4
6888,CC1CC1C1NC1C=O,CC1CC1C1NC1C=O,3
6889,CC(OC1CC1)C1CC1,CC(OC1CC1)C1CC1,3
6890,c1coc(=O)c(=O)cn1,O=c1cnccoc1=O,0
6891,CC(C1CC1)C(C)=NO,CC(=NO)C(C)C1CC1,2
6892,c1c[nH]nc1C(=O)CO,O=C(CO)c1cc[nH]n1,0
6893,C#CCCC(=O)CC=O,C#CCCC(=O)CC=O,3
6894,O=COCC1CCC1=O,O=COCC1CCC1=O,3
6895,NC(=O)C(O)CC=O,NC(=O)C(O)CC=O,2
6896,CC1CN2C3CC12C=C3,CC1CN2C3C=CC12C3,0
6897,CNC12CN(C1)C2C#N,CNC12CN(C1)C2C#N,0
6898,CCC12COC1C2C#C,C#CC1C2OCC12CC,3
6899,Cn1c(cc(=O)nn1)O,Cn1nnc(=O)cc1O,3
6900,CNC1=CNN=NC1=N,CNc1c[nH]nnc1=N,1
6901,O=C([N-]CC1C[NH2+]1)C#N,N#CC(=O)[N-]CC1C[NH2+]1,4
6902,CNC(=O)C1CC1O,CNC(=O)C1CC1O,3
6903,COC1COCC=C1C,COC1COCC=C1C,1
6904,C1OC2C3OCC12C=C3,C1=CC23COC1C2OC3,4
6905,CC(=N)OC1CC=CC1,CC(=N)OC1CC=CC1,1
6906,O=CN1CCC2OC2C1,O=CN1CCC2OC2C1,0
6907,CC1=C(C)C(O)C(=O)N1,CC1=C(C)C(O)C(=O)N1,2
6908,CC1=CC(=O)CCC1=O,CC1=CC(=O)CCC1=O,2
6909,CC1=CCCCC1(C)O,CC1=CCCCC1(C)O,0
6910,CC1(O)COC2CC1C2,CC1(O)COC2CC1C2,4
6911,CCOC(C)C1CCO1,CCOC(C)C1CCO1,1
6912,CC(=O)NC(=N)C1CC1,CC(=O)NC(=N)C1CC1,4
6913,CCCC(O)(C=O)C#N,CCCC(O)(C#N)C=O,1
6914,CC(=O)C1(C)CC2CC12,CC(=O)C1(C)CC2CC21,0
6915,CN=c1n(nco1)C=O,CN=c1ocnn1C=O,0
6916,N=C1NC=C(NC=O)O1,N=c1[nH]cc(NC=O)o1,1
6917,CC1CCOCC1CO,CC1CCOCC1CO,4
6918,CCc1c(cn(n1)C)C,CCc1nn(C)cc1C,4
6919,CC1CNC(=O)CC1O,CC1CNC(=O)CC1O,2
6920,CC#CC1(C)NC1C,CC#CC1(C)NC1C,2
6921,CC#CCNC(C)C#N,CC#CCNC(C)C#N,2
6922,O=CN1CC(=O)C1C#C,C#CC1C(=O)CN1C=O,0
6923,C1OC2=C(O1)N=NO2,C1Oc2nnoc2O1,4
6924,CC1(C)CC2(CC2)C1O,CC1(C)CC2(CC2)C1O,1
6925,CCCOCC(O)CO,CCCOCC(O)CO,3
6926,COC1(C#N)C(N)C1N,COC1(C#N)C(N)C1N,3
6927,CC1(C)C2C3C1C(=O)N23,CC1(C)C2C(=O)N3C2C31,1
6928,NC1=CN=CC=NC1=N,N=c1nccncc1N,4
6929,N=COC(=O)CCC#C,C#CCCC(=O)OC=N,2
6930,Cc1ncc(c(n1)N)O,Cc1ncc(O)c(N)n1,2
6931,OCC12CN1C1CCC21,OCC12CN1C1CCC12,0
6932,CC(=NO)CC1(CC1)O,CC(CC1(O)CC1)=NO,4
6933,CCC12CC1OC(=O)N2,CCC12CC1OC(=O)N2,1
6934,CC#Cc1ccnn1C,CC#Cc1ccnn1C,4
6935,N#CC12CCC1CN2,N#CC12CCC1CN2,2
6936,COC1(C)C=CNC1=O,COC1(C)C=CNC1=O,4
6937,CC#CC(C)(CO)C#C,C#CC(C)(C#CC)CO,1
6938,C1C2CC1C13CC(C1)C23,C1C2CC1C13CC(C1)C23,3
6939,CC1(CC(C1)C(=O)N)C,CC1(C)CC(C(N)=O)C1,3
6940,CC1C2CC3C2C3C1=O,CC1C(=O)C2C3CC1C32,2
6941,OC1CC1CCN1CC1,OC1CC1CCN1CC1,0
6942,NC1(CC1C#C)C#N,C#CC1CC1(N)C#N,2
6943,CC1C=CC(C)(O)C1O,CC1C=CC(C)(O)C1O,4
6944,CC1C2OC2C2CC1C2,CC1C2CC(C2)C2OC12,0
6945,O=CC1=CCC2COC12,O=CC1=CCC2COC12,2
6946,CC1COC2=NCCC12,CC1COC2=NCCC21,3
6947,OCC1CCC=CCO1,OCC1CCC=CCO1,4
6948,CC1=CC(=N)N=CN=C1,Cc1cncnc(=N)c1,0
6949,OCC(=O)CCC1CO1,O=C(CO)CCC1CO1,2
6950,CC1=CNC(=O)C1CO,CC1=CNC(=O)C1CO,0
6951,CN1CC1C1CC1C#C,C#CC1CC1C1CN1C,1
6952,CC1C(=O)C=CC11CO1,CC1C(=O)C=CC12CO2,2
6953,CC(O)C1C2CC1C2,CC(O)C1C2CC1C2,4
6954,N#CC12CN1CC1NC21,N#CC12CN1CC1NC12,1
6955,C1C2CC1C1N=COC21,C1=NC2C3CC(C3)C2O1,1
6956,CCc1nc(cn1C)O,CCc1nc(O)cn1C,0
6957,CC(=O)C1C2C3CN1C23,CC(=O)C1C2C3CN1C32,2
6958,COC1C2CN2C1C#N,COC1C(C#N)N2CC12,4
6959,C1C2CCCCCC1O2,C1CCC2CC(CC1)O2,2
6960,N=C1OCC11CCCN1,N=C1OCC12CCCN2,0
6961,N=C1CC2CCC(=O)N12,N=C1CC2CCC(=O)N12,0
6962,c1c2cnncc2n[nH]1,c1nncc2n[nH]cc12,0
6963,CCN=C(C(=O)C)NC,CCN=C(NC)C(C)=O,3
6964,NC1=NC2C(CC2=O)O1,NC1=NC2C(=O)CC2O1,1
6965,O=CCC1CCCO1,O=CCC1CCCO1,1
6966,CC1CN(C=O)C(=N)C1,CC1CC(=N)N(C=O)C1,3
6967,CC12OC1(CC2=O)C#N,CC12OC1(C#N)CC2=O,1
6968,CNCc1noc(=O)o1,CNCc1noc(=O)o1,2
6969,CCC(C)CNCC#N,CCC(C)CNCC#N,0
6970,O=C1C2COC(C2)C1=O,O=C1C(=O)C2CC1CO2,1
6971,CC12C3C4N1C4(C#C)C23,C#CC12C3C4C1C4(C)N32,2
6972,OCC12N(C)C3C1NC23,CN1C2C3NC2C31CO,2
6973,O=CCC1CN2CC12,O=CCC1CN2CC12,2
6974,NC12CC(C1)C2(N)C#N,N#CC1(N)C2CC1(N)C2,3
6975,N=C1OCC2CC12C#C,C#CC12CC1COC2=N,0
6976,CCC1COC(O1)C#C,C#CC1OCC(CC)O1,2
6977,c1cn2c(n1)COCC2,c1cn2c(n1)COCC2,3
6978,c1c([nH]c(n1)O)CO,OCc1cnc(O)[nH]1,4
6979,CC1C2OCC12NC=O,CC1C2OCC12NC=O,1
6980,C1OCC2OC3C1NC23,C1OCC2OC3C1NC23,2
6981,CC1CC(C)C1(C)C#N,CC1CC(C)C1(C)C#N,0
6982,COC1CC=CC1,COC1CC=CC1,1
6983,CCc1c[nH]c(=O)n1C,CCc1c[nH]c(=O)n1C,0
6984,CCC(CC)C(N)C#N,CCC(CC)C(N)C#N,1
6985,c1c2n(nn1)C=CC2=O,O=C1C=Cn2nncc21,4
6986,CC1C2C3CC2C13,CC1C2C3CC2C13,0
6987,COC(C)C1(CC1)OC,COC(C)C1(OC)CC1,4
6988,C1C2N1CC1=C2NN=C1,c1n[nH]c2c1CN1CC21,3
6989,CC1CC2OC2C(=N)O1,CC1CC2OC2C(=N)O1,0
6990,CC(COC(C)=N)C#N,CC(=N)OCC(C)C#N,4
6991,CC1C2CC(O)C12C#C,C#CC12C(O)CC1C2C,2
6992,CC12C3C4C1C(O)C2N34,CC12C3C(O)C1N1C3C12,1
6993,CC1(O)CCC1N1CC1,CC1(O)CCC1N1CC1,3
6994,CC1CCC2=CCOC12,CC1CCC2=CCOC21,4
6995,CCC(=O)C(C)(C)CC,CCC(=O)C(C)(C)CC,2
6996,C1C2CC3=NON=C3N12,C1c2nonc2N2CC12,0
6997,CCC1=CC(=O)N(C1)C,CCC1=CC(=O)N(C)C1,4
6998,CC(C)C(=NO)C1CO1,CC(C)C(=NO)C1CO1,2
6999,O=C1CC2NC12CC#N,N#CCC12NC1CC2=O,3
7000,CCC(C)(C)OC,CCC(C)(C)OC,1
7001,CC1=C(O)NC(=N)C=N1,Cc1ncc(=N)[nH]c1O,4
7002,CCC(C)CCCC#N,CCC(C)CCCC#N,2
7003,OC1C=CCC1CC=O,O=CCC1CC=CC1O,0
7004,CC1C2OC1(C)C1OC21,CC1C2OC1(C)C1OC21,3
7005,Cc1cc(oc1C#N)N,Cc1cc(N)oc1C#N,4
7006,Cc1cnc(cn1)F,Cc1cnc(F)cn1,1
7007,[NH3+]C1C[N-]C(=O)C1C#N,N#CC1C(=O)[N-]CC1[NH3+],3
7008,N=C1OCC(O1)C1CO1,N=C1OCC(C2CO2)O1,3
7009,C#CC1OCCO1,C#CC1OCCO1,2
7010,CC(CC1CC1)C#C,C#CC(C)CC1CC1,3
7011,CC1(CN=CN1C=O)C,CC1(C)CN=CN1C=O,4
7012,CC(NCC#N)C1CO1,CC(NCC#N)C1CO1,2
7013,CC1(C)C2CC1C1CC21,CC1(C)C2CC1C1CC12,2
7014,c1cn2c(n1)CC23CC3,c1cn2c(n1)CC21CC1,2
7015,CC12OC1CCC2=NO,CC12OC1CCC2=NO,1
7016,CC1OCC(=N)OC1C,CC1OCC(=N)OC1C,2
7017,CCC(O)C(C)NC=O,CCC(O)C(C)NC=O,3
7018,CC1=NC2(CC2)C(=O)N1,CC1=NC2(CC2)C(=O)N1,1
7019,CC1NC(=O)N(C)C=C1,CC1C=CN(C)C(=O)N1,4
7020,CC12OC1C=CNC2=O,CC12OC1C=CNC2=O,1
7021,CCCCC#CC(=O)C,CCCCC#CC(C)=O,1
7022,OCC1(CN1)C1(O)CC1,OCC1(C2(O)CC2)CN1,0
7023,O=C1CC2CCN12,O=C1CC2CCN12,3
7024,CNc1c(nn(n1)C)O,CNc1nn(C)nc1O,0
7025,N#CC12CNCC1O2,N#CC12CNCC1O2,0
7026,CC(C#N)C1CC(=N)O1,CC(C#N)C1CC(=N)O1,2
7027,C1OC23COC(CC12)C3,C1OC23COC(CC12)C3,1
7028,O=CC1CNC(=O)N1,O=CC1CNC(=O)N1,1
7029,c1[nH]c(c(n1)N)C#N,N#Cc1[nH]cnc1N,1
7030,COC1(CC1CO)C#N,COC1(C#N)CC1CO,3
7031,CCC1(O)CNC1C#N,CCC1(O)CNC1C#N,3
7032,CCC(=O)C(O)C#CC,CC#CC(O)C(=O)CC,1
7033,CCC(=O)c1cc[nH]n1,CCC(=O)c1cc[nH]n1,0
7034,O=C1C2NC2C2NC12,O=C1C2NC2C2NC12,0
7035,C1CCCC#CCCC1,C1#CCCCCCCC1,4
7036,CC1=C(CC2OC12)C=O,CC1=C(C=O)CC2OC12,2
7037,CC1CC2(CO2)C1=O,CC1CC2(CO2)C1=O,4
7038,CC(N)(C#N)C1(C)CC1,CC(N)(C#N)C1(C)CC1,2
7039,CC1(CC=O)COC1=O,CC1(CC=O)COC1=O,2
7040,CC1[NH2+]C1CCC([O-])=O,CC1[NH2+]C1CCC(=O)[O-],3
7041,CCC1CC2(C1)CC2,CCC1CC2(CC2)C1,0
7042,CC1=CC(=O)NC(=N)C1,CC1=CC(=O)NC(=N)C1,1
7043,CC12C3CC1C(C#C)N23,C#CC1C2CC3N1C23C,1
7044,COCC(=O)NCCO,COCC(=O)NCCO,1
7045,OCCC1C=CC2NC12,OCCC1C=CC2NC12,4
7046,N=COC12CC(C1)CC2,N=COC12CCC(C1)C2,0
7047,OCC1(CC[NH2+]1)C([O-])=O,O=C([O-])C1(CO)CC[NH2+]1,1
7048,CCN1C(C)C1C#C,C#CC1C(C)N1CC,1
7049,c1c(nco1)NC(=O)N,NC(=O)Nc1cocn1,3
7050,OC12CN3C4C3C1C24,OC12CN3C4C3C1C42,0
7051,c1c2n(nc1CO)CC2,OCc1cc2n(n1)CC2,2
7052,CC1C2CCC1C(=N)O2,CC1C2CCC1C(=N)O2,3
7053,CNC12CC1(O)CC2=O,CNC12CC1(O)CC2=O,1
7054,CC1OC2C1OCC2=O,CC1OC2C(=O)COC12,4
7055,N#CC1C2C1C1OCC21,N#CC1C2C3COC3C12,0
7056,CC(O)C(O)C1(C)CO1,CC(O)C(O)C1(C)CO1,4
7057,CCC1C2CC2(C)C1=O,CCC1C(=O)C2(C)CC12,1
7058,C1C2OC3C4OC2C1C34,C1C2OC3C4OC2C1C34,1
7059,OCC12C3C4C(CC14)N23,OCC12C3CC4C3C1N42,1
7060,O=CCC1CC2(CO2)C1,O=CCC1CC2(CO2)C1,1
7061,CC1CCC11OC1(C)C,CC1CCC12OC2(C)C,1
7062,CCC12COC1C(=N)N2,CCC12COC1C(=N)N2,2
7063,OC1C2CCC1C2=O,O=C1C2CCC1C2O,4
7064,CC1NC(C=C1)C#N,CC1C=CC(C#N)N1,2
7065,ON=C1C2C3CC1CN23,ON=C1C2CC3C1N3C2,1
7066,C#CC12CCC1N=CN2,C#CC12CCC1N=CN2,1
7067,CC1OCC2=CCCC12,CC1OCC2=CCCC21,4
7068,NC(=[NH2+])C(=N[O-])C1CO1,NC(=[NH2+])C(=N[O-])C1CO1,0
7069,C#Cc1cc(c[nH]1)C=O,C#Cc1cc(C=O)c[nH]1,1
7070,CCC12CCC1OC2C,CCC12CCC1OC2C,2
7071,CC(=O)Cc1cc[nH]n1,CC(=O)Cc1cc[nH]n1,3
7072,CC1(C)OC(C=O)C1O,CC1(C)OC(C=O)C1O,1
7073,CCC1OC1(C)CC,CCC1OC1(C)CC,0
7074,CN1C2C3C4C3C2(O)C14,CN1C2C3C4C3C2(O)C41,4
7075,NC1(CNC(=O)C1)C#N,N#CC1(N)CNC(=O)C1,3
7076,CN=C(C#C)OCC=O,C#CC(=NC)OCC=O,3
7077,CC1(C)CC2CC12C#N,CC1(C)CC2CC21C#N,2
7078,CC1C=CCCC11CC1,CC1C=CCCC12CC2,3
7079,CC(=O)C1CCCC=C1,CC(=O)C1C=CCCC1,3
7080,CC1=CC(O)CC(O)C1,CC1=CC(O)CC(O)C1,0
7081,CC(COC(N)=O)C#N,CC(C#N)COC(N)=O,0
7082,CC(C=O)C1CC(=O)N1,CC(C=O)C1CC(=O)N1,2
7083,c1c(c(=O)c(co1)F)N,Nc1cocc(F)c1=O,4
7084,COCC1CC1(C)C=O,COCC1CC1(C)C=O,3
7085,CC1OC(C)C(=O)C=C1,CC1C=CC(=O)C(C)O1,2
7086,N=COC12C3CC1OC23,N=COC12C3CC1C2O3,2
7087,COC(CO)C1CCO1,COC(CO)C1CCO1,4
7088,OC1CC1C(=O)C#N,N#CC(=O)C1CC1O,0
7089,C1C=C(NC1=O)CO,O=C1CC=C(CO)N1,3
7090,C#CC1=CC2CC(C2)C1,C#CC1=CC2CC(C1)C2,2
7091,O=CC12NC1CC1OC21,O=CC12NC1CC1OC12,4
7092,CCC(=O)NC(=N)C#C,C#CC(=N)NC(=O)CC,4
7093,CC1(CO1)C1CC2CN12,CC1(C2CC3CN32)CO1,3
7094,OC12C3C4C1C1C2C3N41,OC12C3C4C1C1C2C3N41,4
7095,CC1(C)C2C3N2CC13C,CC1(C)C2C3N2CC31C,2
7096,CC1C2COC(=N)C12,CC1C2COC(=N)C12,2
7097,CCC1=CCOC(=O)C1,CCC1=CCOC(=O)C1,0
7098,NC(C#N)C1OC1CO,N#CC(N)C1OC1CO,1
7099,CN1CCC1(C=O)C=O,CN1CCC1(C=O)C=O,3
7100,CC1(C)NC1C(=O)C#N,CC1(C)NC1C(=O)C#N,2
7101,CC1CC2(C)C1OC2=N,CC1CC2(C)C(=N)OC12,0
7102,OC12C=CC3C1C1C2N31,OC12C=CC3C1C1C2N31,3
7103,CC12NC1C(=O)N1CC21,CC12NC1C(=O)N1CC12,4
7104,CC1C2C1C1(CN21)C#C,C#CC12CN1C1C(C)C12,2
7105,C1CC12C(=NO)C=CN2,ON=C1C=CNC12CC2,1
7106,C(COCC#CC=O)O,O=CC#CCOCCO,3
7107,CNC1(CC1O)C#N,CNC1(C#N)CC1O,3
7108,C1OC11CC2CC1CO2,C1OC2CC1C1(CO1)C2,0
7109,CCC1CC11COC1=O,CCC1CC12COC2=O,1
7110,CC1N2C3C4=CCC13C24,CC1N2C3C4=CCC13C42,1
7111,NC1=CC(=O)CCC1O,NC1=CC(=O)CCC1O,1
7112,Cc1c(c(n[nH]1)C#C)N,C#Cc1n[nH]c(C)c1N,4
7113,CC(=N)OC1CCC1=O,CC(=N)OC1CCC1=O,0
7114,CN1C=CC2(C1=O)CC2,CN1C=CC2(CC2)C1=O,3
7115,CC1(CCC2CC12)C#N,CC1(C#N)CCC2CC21,0
7116,O=CC12CC3CC1N2C3,O=CC12CC3CC1N2C3,3
7117,CN=C1C=C(F)ON=N1,CN=c1cc(F)onn1,2
7118,CCC12NC3C1N(C)C23,CCC12NC3C1N(C)C32,0
7119,N#CCN1C2CC1C2,N#CCN1C2CC1C2,1
7120,Cc1cc(oc1N)N,Cc1cc(N)oc1N,2
7121,CCC1=C(O)OC(=N)O1,CCc1oc(=N)oc1O,0
7122,CCOCC1(CC1)C#C,C#CC1(COCC)CC1,1
7123,C1C=CCc2c1nno2,C1=CCc2onnc2C1,3
7124,Cn1c(c[nH]c1=O)CO,Cn1c(CO)c[nH]c1=O,4
7125,ON=C1CCC(=O)C1O,O=C1CCC(=NO)C1O,4
7126,C#Cc1ccncc1,C#Cc1ccncc1,4
7127,c1c(nno1)CNC=O,O=CNCc1conn1,0
7128,CC1OC2C1NC2=O,CC1OC2C(=O)NC12,0
7129,N=COCC1C2CN1C2,N=COCC1C2CN1C2,1
7130,[NH3+]CC1(CO1)C([O-])=O,[NH3+]CC1(C(=O)[O-])CO1,0
7131,C#CCN1C=CCC1=O,C#CCN1C=CCC1=O,1
7132,C(N1CC1)C12CCC1N2,C1CC2(CN3CC3)NC12,0
7133,CC1COC(=N1)C(N)=O,CC1COC(C(N)=O)=N1,3
7134,O=CC1(CC=CC1)C#N,N#CC1(C=O)CC=CC1,1
7135,COC(C)C1OC1C#N,COC(C)C1OC1C#N,1
7136,C1CC23OC4(CNC24)C13,C1CC23OC4(CNC24)C13,4
7137,N#CCN1C2C3CC3C12,N#CCN1C2C3CC3C21,4
7138,CN1C(C=O)C1(C)CO,CN1C(C=O)C1(C)CO,0
7139,C#CC1CC2(CN2)CO1,C#CC1CC2(CN2)CO1,4
7140,NC(C#N)C1CN2CC12,N#CC(N)C1CN2CC12,4
7141,CC12OC1C1C3CN1C23,CC12OC1C1C3CN1C32,0
7142,CC12CC1C(C2)C(N)=O,CC12CC(C(N)=O)C1C2,2
7143,CCc1[nH]cc(n1)C#C,C#Cc1c[nH]c(CC)n1,4
7144,O=C1C=CCN2CC1C2,O=C1C=CCN2CC1C2,2
7145,CCCCC1(CN1)C=O,CCCCC1(C=O)CN1,3
7146,O=CC1CCN1CC#N,N#CCN1CCC1C=O,3
7147,CCC1(O)CC1(C)C,CCC1(O)CC1(C)C,4
7148,CCOC(CC)C#N,CCOC(C#N)CC,0
7149,COC1=NC(CO)CN1,COC1=NC(CO)CN1,1
7150,OCC1C(O)CC1C#N,N#CC1CC(O)C1CO,0
7151,C1CC23C1C1C2C=CC31,C1=CC2C3C1C21CCC31,4
7152,CC(C)(C=O)C(O)CO,CC(C)(C=O)C(O)CO,1
7153,OCC1OC=NCC=C1,OCC1C=CCN=CO1,2
7154,O=C[C-]1C2CC([NH2+]2)C1=O,O=C[C-]1C(=O)C2CC1[NH2+]2,2
7155,OCC1CC2C(O)CC12,OCC1CC2C(O)CC12,1
7156,CCOC1C(C)C1CO,CCOC1C(C)C1CO,3
7157,O=CC12NC1CC2C#C,C#CC1CC2NC12C=O,4
7158,CC1(CN1)C#CC(N)=O,CC1(C#CC(N)=O)CN1,3
7159,CC12CC1OC21CC1,CC12CC1OC21CC1,1
7160,CC1C(CO)C1CC=O,CC1C(CO)C1CC=O,2
7161,OCC1(CO)CC(=N)O1,N=C1CC(CO)(CO)O1,4
7162,CC12CC1(O)C=CCC2,CC12CCC=CC1(O)C2,1
7163,OC1CC(O)C(=C1)C#N,N#CC1=CC(O)CC1O,4
7164,CCCC#CC(C)C,CCCC#CC(C)C,0
7165,CC1C2CC(O)(CO)C12,CC1C2CC(O)(CO)C12,0
7166,CN(CCC([O-])=O)C=[NH2+],CN(C=[NH2+])CCC(=O)[O-],4
7167,Cc1ccc(o1)N(C)C,Cc1ccc(N(C)C)o1,3
7168,C(C=O)NCC#CC=O,O=CC#CCNCC=O,1
7169,c1c(oc(n1)N)C(=N)N,N=C(N)c1cnc(N)o1,3
7170,CCC1(CO1)C1CN1,CCC1(C2CN2)CO1,1
7171,CC1C2OC1(C=O)C2O,CC1C2OC1(C=O)C2O,1
7172,O=CCC12NC1CC2=O,O=CCC12NC1CC2=O,0
7173,CN=C(NC=O)C1CO1,CN=C(NC=O)C1CO1,1
7174,CC1CC=CCC1C=O,CC1CC=CCC1C=O,2
7175,CC1CC2OC12CC#C,C#CCC12OC1CC2C,4
7176,C1C2CC3CC1C23,C1C2CC3CC1C23,4
7177,CC1(C)C2CCCC1O2,CC1(C)C2CCCC1O2,3
7178,CC12CNC(C#N)C1N2,CC12CNC(C#N)C1N2,4
7179,c1c(=O)n(ncn1)C=O,O=Cn1ncncc1=O,4
7180,CC(=O)C(=N)OC1CC1,CC(=O)C(=N)OC1CC1,1
7181,CC1CN(C1)C(=O)C#N,CC1CN(C(=O)C#N)C1,4
7182,N=C1OCC=C2COC12,N=C1OCC=C2COC12,4
7183,CC(C(O)C#N)C1CO1,CC(C(O)C#N)C1CO1,3
7184,c1ccc(c(c1)CO)O,OCc1ccccc1O,4
7185,CC1C(C)C2(CO2)C1C,CC1C(C)C2(CO2)C1C,2
7186,C#CCC1(CO1)C#C,C#CCC1(C#C)CO1,3
7187,CCC#CC(CO)OC,CCC#CC(CO)OC,3
7188,CC(=O)C1=CCOC1=N,CC(=O)C1=CCOC1=N,3
7189,CC12CC3C4C1C2C34O,CC12CC3C4C1C2C34O,2
7190,CC12CC(OC1)C2CO,CC12COC(C1)C2CO,3
7191,Cc1cc(c(cn1)F)O,Cc1cc(O)c(F)cn1,3
7192,CC(C=O)C1NC1CO,CC(C=O)C1NC1CO,2
7193,CC1CC(O)C2CN12,CC1CC(O)C2CN12,2
7194,O=CCC12CCC1CC2,O=CCC12CCC1CC2,3
7195,CC(=N)OC(C)(C)CO,CC(=N)OC(C)(C)CO,4
7196,CCC1=CC(CC1)C=O,CCC1=CC(C=O)CC1,0
7197,CC12OCC1C2CC#N,CC12OCC1C2CC#N,3
7198,CCC(CCC=O)C#C,C#CC(CC)CCC=O,1
7199,CC1=NC(=N)OC=N1,Cc1ncoc(=N)n1,4
7200,O=C1CC23CC1C2CO3,O=C1CC23CC1C2CO3,2
7201,CCC12COC(=N)C1N2,CCC12COC(=N)C1N2,2
7202,O=C1CC(CN1)N1CC1,O=C1CC(N2CC2)CN1,2
7203,c1c2c([nH]c(n2)N)n[nH]1,Nc1nc2c[nH]nc2[nH]1,2
7204,C1CC2=C(C1)C(=O)OC2,O=C1OCC2=C1CCC2,2
7205,CN(C=N)C(=O)CO,CN(C=N)C(=O)CO,2
7206,CC(O)C1NC1C(C)=O,CC(=O)C1NC1C(C)O,1
7207,COC1CC(O)(C1)C=O,COC1CC(O)(C=O)C1,3
7208,[NH3+]C1C2OC2C1C([O-])=O,[NH3+]C1C2OC2C1C(=O)[O-],4
7209,CC(C1CO1)C(C)(C)C,CC(C1CO1)C(C)(C)C,4
7210,c1nc([nH]n1)C2COC2,c1n[nH]c(C2COC2)n1,2
7211,OC1C23CCOC12CO3,OC1C23CCOC12CO3,1
7212,CC1CN1C(=O)C(N)=O,CC1CN1C(=O)C(N)=O,3
7213,CC1CC(C)(C=O)C1C,CC1CC(C)(C=O)C1C,2
7214,NC=[NH+]C1=NOC(=N)[N-]1,N=c1[n-]c([NH+]=CN)no1,0
7215,CC#CC1=NCC(=N)N1,CC#CC1=NCC(=N)N1,2
7216,C1CC1C2=CC(=O)NC2,O=C1C=C(C2CC2)CN1,0
7217,CC(C)(C)C1OC1CO,CC(C)(C)C1OC1CO,3
7218,CN(CC#N)C(=N)C=O,CN(CC#N)C(=N)C=O,3
7219,CCC12CC(C1)CCC2,CCC12CCCC(C1)C2,4
7220,CCC1C2CC1C2,CCC1C2CC1C2,4
7221,CC1CC2(O)C1C2(C)O,CC1CC2(O)C1C2(C)O,0
7222,NC1=COC([O-])=C1C[NH3+],Nc1coc([O-])c1C[NH3+],2
7223,Cc1c(nc([nH]1)O)NC,CNc1nc(O)[nH]c1C,3
7224,C1CC=CC(=O)C=CC1,O=C1C=CCCCC=C1,4
7225,CC(C)CC(C#N)C#N,CC(C)CC(C#N)C#N,0
7226,O=CC1NC1CC#N,N#CCC1NC1C=O,1
7227,CC1CCCOC1=N,CC1CCCOC1=N,4
7228,CCCOC1C(C)C1C,CCCOC1C(C)C1C,4
7229,OC1CC1N1CCC1=O,O=C1CCN1C1CC1O,3
7230,O=CC1C2CC(=O)C1N2,O=CC1C2CC(=O)C1N2,0
7231,CC1C2N1C(=O)C2(C)C,CC1C2N1C(=O)C2(C)C,0
7232,C1C(CNC(=O)N1)O,O=C1NCC(O)CN1,2
7233,O=CC1C=CCOC1=O,O=CC1C=CCOC1=O,3
7234,CCC12CC3C1N(C)C23,CCC12CC3C1N(C)C32,1
7235,CC12CC3C4NC4C1N23,CC12CC3C4NC4C1N32,1
7236,CC(C)(C#N)NCC#N,CC(C)(C#N)NCC#N,1
7237,OCCC1OC2CC1C2,OCCC1OC2CC1C2,3
7238,O=C1C=CC2CC1O2,O=C1C=CC2CC1O2,2
7239,CC1CCC(C)(O)C1O,CC1CCC(C)(O)C1O,4
7240,CC12CC1OC2CC=O,CC12CC1OC2CC=O,3
7241,CN1CC(C1)C(=O)C=O,CN1CC(C(=O)C=O)C1,3
7242,CCC(C)(C)C(=NO)C,CCC(C)(C)C(C)=NO,2
7243,[NH3+]CC1=COC([O-])=C1,[NH3+]Cc1coc([O-])c1,4
7244,CC12CC3(CCC3)C1N2,CC12CC3(CCC3)C1N2,2
7245,CC1CC2OC2C1,CC1CC2OC2C1,0
7246,CCOC(C=O)C1CN1,CCOC(C=O)C1CN1,4
7247,N=COC1=NNC(=O)N1,N=COc1n[nH]c(=O)[nH]1,0
7248,C1CC2C3CC1C2CO3,C1CC2C3CC1C2CO3,0
7249,CC(=O)C(=NCC=O)N,CC(=O)C(N)=NCC=O,2
7250,CC1(CC1)CCN2CC2,CC1(CCN2CC2)CC1,4
7251,CC1OC2CC1C2(C)C,CC1OC2CC1C2(C)C,3
7252,CC(C#C)C(CO)C=O,C#CC(C)C(C=O)CO,0
7253,Cn1cnc(c1O)O,Cn1cnc(O)c1O,3
7254,OCC(C=O)C1CC1,O=CC(CO)C1CC1,3
7255,CC1C2NC2C(C)=C1C,CC1=C(C)C2NC2C1C,0
7256,CCc1c([nH]nn1)C#N,CCc1nn[nH]c1C#N,1
7257,CC(NC=O)C(C)C=O,CC(C=O)C(C)NC=O,3
7258,CC1C2C3N2C(=N)C13O,CC1C2C3N2C(=N)C13O,1
7259,CC1(C)CC(CO1)C#N,CC1(C)CC(C#N)CO1,3
7260,c1cnc(oc1=O)C#N,N#Cc1nccc(=O)o1,1
7261,C1N=C2NC3C4NC13C24,C1N=C2NC3C4NC13C24,0
7262,C1NC11C2C3C4C3N2C14,C1NC12C1C3C4C3N1C42,4
7263,CN1C(=O)CC=C1CO,CN1C(=O)CC=C1CO,2
7264,OC12CC1C=CC2C#N,N#CC1C=CC2CC12O,3
7265,FC1=NOC=NC1=N,N=c1nconc1F,3
7266,C1CCC2(C1)CC(=O)C2,O=C1CC2(CCCC2)C1,2
7267,CCC(C)(CC=O)C#C,C#CC(C)(CC)CC=O,1
7268,OC1C2C3C(O)C2C13,OC1C2C3C(O)C2C13,1
7269,COC=NCCOC=N,COC=NCCOC=N,2
7270,CC1CC2OC1C(=O)O2,CC1CC2OC(=O)C1O2,3
7271,Cc1c[nH]c(c1C#C)O,C#Cc1c(C)c[nH]c1O,0
7272,CC1C(=O)C2C3CC12C3,CC1C(=O)C2C3CC12C3,3
7273,COC(=O)N1CC1,COC(=O)N1CC1,2
7274,CCC#CCOC(=O)C,CCC#CCOC(C)=O,3
7275,OC1CC23CC(C=C2)C13,OC1CC23C=CC(C2)C13,1
7276,C#CC12COC1CO2,C#CC12COC1CO2,0
7277,CC1CC11OC2CC1C2,CC1CC12OC1CC2C1,4
7278,CCC1(O)CC=CC1,CCC1(O)CC=CC1,3
7279,C#CC12C3C1C1C3OC21,C#CC12C3OC4C3C1C42,1
7280,OC12C3OC1C(C#N)C23,N#CC1C2OC3C1C23O,0
7281,OC1CC2C3OC2C13,OC1CC2C3OC2C13,3
7282,CCC12CC3(CO3)C1N2,CCC12CC3(CO3)C1N2,0
7283,OC12CC1N1C=CC=C21,OC12CC1n1cccc12,0
7284,CC(C#N)C(=O)NC=O,CC(C#N)C(=O)NC=O,1
7285,Cc1ccc2n1CCO2,Cc1ccc2n1CCO2,0
7286,CC(CO)C1=CN=NN1,CC(CO)c1cnn[nH]1,1
7287,CCN=COC1CC1,CCN=COC1CC1,1
7288,CC1(O)C2C3OC2(C)C13,CC1(O)C2C3OC2(C)C31,4
7289,CCC#CC1=CCCC1,CCC#CC1=CCCC1,2
7290,C1CC(=O)CCC1C=O,O=CC1CCC(=O)CC1,3
7291,CC1CC(=O)CC(C)O1,CC1CC(=O)CC(C)O1,1
7292,Cn1c(=O)nc(nn1)N,Cn1nnc(N)nc1=O,0
7293,CC12CC(C)(C=C1)C2O,CC12C=CC(C)(C1)C2O,3
7294,CC12CC3(CCC13)OC2,CC12COC3(CCC13)C2,0
7295,NC1C(=N)OCC11CN1,N=C1OCC2(CN2)C1N,3
7296,CC1C2OC3C(C)C3C12,CC1C2OC3C(C)C3C12,1
7297,CC1=CC2CC1COC2,CC1=CC2COCC1C2,0
7298,CC1(CC1C=O)C=O,CC1(C=O)CC1C=O,2
7299,COCC1(CN1)C(N)=O,COCC1(C(N)=O)CN1,1
7300,CC(OCC(C)=O)C#N,CC(=O)COC(C)C#N,1
7301,O=CC1C2CN1CCO2,O=CC1C2CN1CCO2,3
7302,CC(O)C(C)(C)CC#N,CC(O)C(C)(C)CC#N,1
7303,CC12CC(C)(C1O)C2=O,CC12CC(C)(C1=O)C2O,2
7304,OC12CCC1C=CC2,OC12CC=CC1CC2,2
7305,O=C1CC(O1)C1CCO1,O=C1CC(C2CCO2)O1,3
7306,O=CC12OCC1C2C#N,N#CC1C2COC12C=O,0
7307,CC1C2C3C(C)N2C13,CC1C2C3C(C)N2C13,3
7308,C#CCCC1CC1,C#CCCC1CC1,1
7309,OC1COC(C=C1)C#N,N#CC1C=CC(O)CO1,3
7310,C#CC#CCC(=O)C=O,C#CC#CCC(=O)C=O,1
7311,O1C2C3C4C3C3C4C1C23,O1C2C3C1C1C4C2C3C14,3
7312,OCC1CN2N=CN=C12,OCC1Cn2ncnc21,3
7313,O=C1OC2C3CC3NC12,O=C1OC2C1NC1CC12,1
7314,OC1(CNC1=N)C#N,N#CC1(O)CNC1=N,1
7315,CC1C(O)C2CCC12O,CC1C(O)C2CCC12O,1
7316,C1C2OCCOC12,C1COC2CC2O1,2
7317,CCc1nc(c(o1)N)N,CCc1nc(N)c(N)o1,2
7318,N=COC(=O)C(=O)C#N,N#CC(=O)C(=O)OC=N,4
7319,OC1CC(=N)OC1C#C,C#CC1OC(=N)CC1O,0
7320,c1c(c[nH]c1O)NC=O,O=CNc1c[nH]c(O)c1,3
7321,CC1CC(O)C1(C)C#N,CC1CC(O)C1(C)C#N,3
7322,C1OC1C1=CC2OC2C1,C1=C(C2CO2)CC2OC12,1
7323,CC1(C=CNC1=O)C#C,C#CC1(C)C=CNC1=O,1
7324,COC(=O)C1(CNC1)O,COC(=O)C1(O)CNC1,0
7325,CCC1OC(=O)OC1C,CCC1OC(=O)OC1C,0
7326,CC(CO)(C#N)C1CN1,CC(C#N)(CO)C1CN1,2
7327,NC1(CC[NH2+]C1)C([O-])=O,NC1(C(=O)[O-])CC[NH2+]C1,1
7328,CC12C3C4CC(N13)C24O,CC12C3C4CC(N31)C42O,0
7329,OCC1CNCC(=N)O1,N=C1CNCC(CO)O1,2
7330,CCOc1ncc(o1)N,CCOc1ncc(N)o1,2
7331,OCC12NC1C1C(O)C21,OCC12NC1C1C(O)C12,3
7332,OC12C3NC1C1C3OC21,OC12C3NC1C1C3OC12,2
7333,C1OC1C1C2C3CN1C23,C1OC1C1C2C3CN1C32,4
7334,C1C2C3C4CCC(C13)C24,C1CC2C3C1C1CC3C12,3
7335,CC1C2CC2(C)C1(C)O,CC1C2CC2(C)C1(C)O,3
7336,CNc1ccccn1,CNc1ccccn1,1
7337,CC1CC2C(O)C12C=O,CC1CC2C(O)C12C=O,2
7338,CCC1OC(=NC)C1N,CCC1OC(=NC)C1N,0
7339,CCC12NC1C1NC21C,CCC12NC1C1NC12C,1
7340,N=CN1CC2(CO2)C1=O,N=CN1CC2(CO2)C1=O,3
7341,CCCC(=O)COCC,CCCC(=O)COCC,2
7342,c1coc2c1OC(=O)C2,O=C1Cc2occc2O1,4
7343,c1c(c(c(o1)N)N)C#N,N#Cc1coc(N)c1N,0
7344,CC(O)C12CC1OC=N2,CC(O)C12CC1OC=N2,4
7345,CC(O)(C#C)C(=O)C#C,C#CC(=O)C(C)(O)C#C,3
7346,CN1C2C=CC3OC3C12,CN1C2C=CC3OC3C21,2
7347,CC(C)C1(CCC1)OC,COC1(C(C)C)CCC1,1
7348,Cc1c(n[nH]n1)O,Cc1n[nH]nc1O,4
7349,C#CC(=NO)C#CC=O,C#CC(C#CC=O)=NO,0
7350,OC12CC1(C#C)C1NC21,C#CC12CC1(O)C1NC12,3
7351,CCC1=CCOC1,CCC1=CCOC1,3
7352,OC1(CNC1C#N)C#N,N#CC1NCC1(O)C#N,4
7353,OC1CCCOCC1=O,O=C1COCCCC1O,2
7354,O=CCC1N=COC1=O,O=CCC1N=COC1=O,4
7355,COC1C(C)C1C1CO1,COC1C(C)C1C1CO1,2
7356,CN=COCC(O)CO,CN=COCC(O)CO,2
7357,Cc1cc(cn1C)OC,COc1cc(C)n(C)c1,1
7358,c1c(c(c(o1)O)N)CO,Nc1c(CO)coc1O,1
7359,OC(C=O)C1CC2OC12,O=CC(O)C1CC2OC21,0
7360,O=C1CC=CC1C1CO1,O=C1CC=CC1C1CO1,4
7361,CCC1(COC1=N)NC,CCC1(NC)COC1=N,0
7362,c1cc(c(cc1F)N)F,Nc1cc(F)ccc1F,4
7363,C1NC2=C(C=C1)N=NO2,C1=Cc2nnoc2NC1,2
7364,NC1(CC2CC1C2)C#N,N#CC1(N)CC2CC1C2,3
7365,C1CN1CC2COC2,C1OCC1CN1CC1,4
7366,CCc1cccnc1N,CCc1cccnc1N,2
7367,O=CC12OC3CC1C2C3,O=CC12OC3CC1C2C3,3
7368,OC1C2NC11COCC21,OC1C2NC13COCC23,0
7369,CC12CN1CC(C=O)=C2,CC12C=C(C=O)CN1C2,1
7370,CC(=O)CC1(C)CN1,CC(=O)CC1(C)CN1,1
7371,CC1(C#N)C2OC(=O)C12,CC1(C#N)C2OC(=O)C21,1
7372,CCC#CC(=O)NC=O,CCC#CC(=O)NC=O,3
7373,CCC1OC2C=CCC12,CCC1OC2C=CCC21,4
7374,Cn1cc2c(n1)COC2,Cn1cc2c(n1)COC2,4
7375,CC1C2COC3CN2C13,CC1C2COC3CN2C31,0
7376,OC1C2C3C4C2C1N34,OC1C2C3C1N1C2C31,1
7377,CC1(CC#N)NCC1=O,CC1(CC#N)NCC1=O,0
7378,NC1=NC(=N)C=NC=C1,N=c1cnccc(N)n1,3
7379,c1cnc(=O)oc1,O=c1nccco1,4
7380,CCC(=O)C1CC1(C)C,CCC(=O)C1CC1(C)C,3
7381,O=CC1NC2C1CC2=O,O=CC1NC2C(=O)CC12,3
7382,Cc1c2n(nn1)CCN2,Cc1nnn2c1NCC2,4
7383,OC12CC(C1)OC2=N,N=C1OC2CC1(O)C2,2
7384,CC12CC1OCCC2,CC12CCCOC1C2,2
7385,NC1=COC(OC=N)=C1,N=COc1cc(N)co1,2
7386,C1C2COCC=CCC12,C1=CCC2CC2COC1,3
7387,CC1CC1OC(=O)CN,CC1CC1OC(=O)CN,0
7388,NC(=[NH2+])CC(CO)=N[O-],NC(=[NH2+])CC(CO)=N[O-],3
7389,OCC1(CC1O)C1CO1,OCC1(C2CO2)CC1O,2
7390,OC1C2CC1C=CC2,OC1C2C=CCC1C2,2
7391,N=C1ON=C2C=CCN12,N=c1onc2n1CC=C2,0
7392,N=CN1CCCC1=O,N=CN1CCCC1=O,0
7393,CC1(COCCO1)C#C,C#CC1(C)COCCO1,3
7394,CC12COC1CC2=NO,CC12COC1CC2=NO,1
7395,OC12CC1C1CCC2O1,OC12CC1C1CCC2O1,4
7396,OC1C2CC3(CO3)CC12,OC1C2CC3(CO3)CC12,0
7397,CNc1cc([nH]c1O)O,CNc1cc(O)[nH]c1O,1
7398,O=C1ON=NC=C1C#C,C#Cc1cnnoc1=O,2
7399,O=C1C2C3CC(N23)C1=O,O=C1C(=O)C2C3CC1N32,4
7400,COCC1CC1(C)C#N,COCC1CC1(C)C#N,1
7401,c1c(c(no1)C#N)C=O,N#Cc1nocc1C=O,1
7402,OC12C3CC=C1COC23,OC12C3=CCC1C2OC3,3
7403,CN1C2COC2C1(C)C,CN1C2COC2C1(C)C,3
7404,CC1=C(N)OC(=N)O1,Cc1oc(=N)oc1N,3
7405,CC(=O)C1(CN(C1)C)O,CC(=O)C1(O)CN(C)C1,3
7406,CC1C2COCC(=O)C12,CC1C2COCC(=O)C12,1
7407,NC(=O)C1COC(=O)O1,NC(=O)C1COC(=O)O1,0
7408,CC1C(O)C2CC(=O)N12,CC1C(O)C2CC(=O)N12,3
7409,NC(=O)C1CC11CCC1,NC(=O)C1CC12CCC2,0
7410,CC12CCC1C(=O)O2,CC12CCC1C(=O)O2,2
7411,OCC1C2OCC(=O)C12,O=C1COC2C(CO)C12,0
7412,COC(=O)C1C(C)N1C,COC(=O)C1C(C)N1C,3
7413,CC#Cc1c(con1)N,CC#Cc1nocc1N,0
7414,C1NC11COCCC=C1,C1=CC2(CN2)COCC1,2
7415,C#CC1=CC2CCC1C2,C#CC1=CC2CCC1C2,1
7416,CC1C2NC2C1OC=O,CC1C2NC2C1OC=O,2
7417,CCC1CC1(C=O)C#C,C#CC1(C=O)CC1CC,1
7418,O=C1OC2CC3NC1C23,O=C1OC2CC3NC1C32,2
7419,CCC#CC1CCCC1,CCC#CC1CCCC1,2
7420,CC(C)C1CC(=O)C=C1,CC(C)C1C=CC(=O)C1,2
7421,CCn1nc(nn1)C=O,CCn1nnc(C=O)n1,3
7422,c1c(nnn1CC#N)O,N#CCn1cc(O)nn1,4
7423,CCN=CN(C)C(=O)C,CCN=CN(C)C(C)=O,1
7424,C1C2C3COCC1N23,C1OCC2C3CC1N23,2
7425,C1C2CN3CC3COC12,C1C2CN3CC3COC12,0
7426,C(C1CO1)C1=NNC=N1,c1nc(CC2CO2)n[nH]1,1
7427,CC1CN=C2NCC2O1,CC1CN=C2NCC2O1,2
7428,c1c(c(=O)oc(n1)N)F,Nc1ncc(F)c(=O)o1,0
7429,N#CC12C=CC3C1OC23,N#CC12C=CC3C1OC32,3
7430,CC1(CC#N)CC1CO,CC1(CC#N)CC1CO,4
7431,COC1(C)CCC(C)=C1,COC1(C)C=C(C)CC1,3
7432,CC(O)C1=CNC(O)=N1,CC(O)c1c[nH]c(O)n1,0
7433,CC1CN(C)CC(=N)O1,CC1CN(C)CC(=N)O1,2
7434,C1COC1=NCCC#N,N#CCCN=C1CCO1,2
7435,OCC1OC2CC2C=C1,OCC1C=CC2CC2O1,4
7436,CCC1CC11CC2CC12,CCC1CC12CC1CC12,1
7437,CC1=NC(=N)NC(=O)O1,Cc1nc(=N)[nH]c(=O)o1,0
7438,C#CC1CCC1C#C,C#CC1CCC1C#C,1
7439,CC1(C)OC2COCC12,CC1(C)OC2COCC21,1
7440,O=C1C2CC3OC1CC23,O=C1C2CC3C(CC13)O2,4
7441,CCC1(C)CC1C#N,CCC1(C)CC1C#N,0
7442,C1C(=O)C=CNC(=O)O1,O=C1C=CNC(=O)OC1,4
7443,OC1CC2(CN2)C1,OC1CC2(CN2)C1,0
7444,CNc1ccc(=O)on1,CNc1ccc(=O)on1,2
7445,CC1OC(CO)C1(C)O,CC1OC(CO)C1(C)O,2
7446,CC1C2CC=CC12C#C,C#CC12C=CCC1C2C,1
7447,CC12CC3C4CC3C1C24,CC12CC3C4CC3C1C42,3
7448,OC12CC1CC(C2)C#N,N#CC1CC2CC2(O)C1,1
7449,CC12CC=C3CC1C23C,CC12CC=C3CC1C32C,3
7450,O=C1C2C3C1CC23C#C,C#CC12CC3C(=O)C1C32,0
7451,c1c(coc1NC=O)N,Nc1coc(NC=O)c1,4
7452,NC(=O)CC(CO)C#C,C#CC(CO)CC(N)=O,0
7453,O=CC12CC(C=C1)C=C2,O=CC12C=CC(C=C1)C2,3
7454,CC1OC(=O)C(C)=C1C,CC1=C(C)C(C)OC1=O,0
7455,OC1C2CC3OC3C12,OC1C2CC3OC3C12,4
7456,c1c[nH]cc1COC=O,O=COCc1cc[nH]c1,2
7457,OC1(CC#N)CCOC1,N#CCC1(O)CCOC1,0
7458,CC1CC(=O)OC2CC12,CC1CC(=O)OC2CC12,4
7459,CCOC1CC1(C)OC,CCOC1CC1(C)OC,4
7460,CC1=CC=C(O1)C1CO1,Cc1ccc(C2CO2)o1,3
7461,C#CCc1[nH]c(=O)[nH]n1,C#CCc1n[nH]c(=O)[nH]1,0
7462,N#CC1NC1C1CO1,N#CC1NC1C1CO1,3
7463,CC(C)N1CCNC1=O,CC(C)N1CCNC1=O,2
7464,CCC1(COC)CO1,CCC1(COC)CO1,1
7465,C1CC1OC1CC2OC12,C1CC1OC1CC2OC12,0
7466,O=CC12C3OC1C(=O)C23,O=CC12C3OC1C2C3=O,4
7467,O=C1CC2(CN2)C11CC1,O=C1CC2(CN2)C12CC2,3
7468,NC1(CC1O)C(O)C#N,N#CC(O)C1(N)CC1O,2
7469,CC#Cc1[nH]c(cn1)O,CC#Cc1ncc(O)[nH]1,4
7470,O=C1CCC11CO1,O=C1CCC12CO2,3
7471,C#CC12CN3CC3C1O2,C#CC12CN3CC3C1O2,3
7472,OC12CC(O)(C1)COC2,OC12COCC(O)(C1)C2,3
7473,OC1C2C=CC11CCC21,OC1C2C=CC13CCC23,1
7474,OCC12CC3C(CO1)C23,OCC12CC3C(CO1)C32,2
7475,O=C1OC2CNC=NC12,O=C1OC2CNC=NC12,2
7476,CC(CO)C(C)(C)C,CC(CO)C(C)(C)C,4
7477,OC12COC1C2CC#N,N#CCC1C2OCC12O,4
7478,CC1C(CC1(C)O)C#C,C#CC1CC(C)(O)C1C,1
7479,CC1C2CC3C(O)C1N23,CC1C2CC3C(O)C1N23,2
7480,CN(C=O)C(CO)C=O,CN(C=O)C(C=O)CO,0
7481,NC1(CCOC1=O)C#C,C#CC1(N)CCOC1=O,4
7482,CC(O)CCC(O)C#C,C#CC(O)CCC(C)O,4
7483,COC1OC(=N)C=C1C,COC1OC(=N)C=C1C,0
7484,CC(C)C1OC2COC12,CC(C)C1OC2COC21,3
7485,CCCc1c[nH]cc1C,CCCc1c[nH]cc1C,2
7486,OC1CNC2C1OC2=N,N=C1OC2C(O)CNC12,4
7487,CC12C(OC1=N)C2C=O,CC12C(=N)OC1C2C=O,0
7488,CC1(O)CNC1C=O,CC1(O)CNC1C=O,3
7489,CC(C)(C)C#CC(=O)N,CC(C)(C)C#CC(N)=O,3
7490,N=C1CCOC(=O)CO1,N=C1CCOC(=O)CO1,2
7491,CC#CC(O)C1(C)CO1,CC#CC(O)C1(C)CO1,0
7492,CCC1NC(=NC)C1O,CCC1NC(=NC)C1O,1
7493,CC1CC1OC1COC1,CC1CC1OC1COC1,4
7494,OC12C3C1C1C3OC21,OC12C3OC4C3C1C42,2
7495,C1CC2(C1)C1C3OC3C21,C1CC2(C1)C1C3OC3C12,4
7496,CCC1CCC2CCC12,CCC1CCC2CCC12,2
7497,Cc1c(c[nH]c1O)O,Cc1c(O)c[nH]c1O,1
7498,C1C2CC3CC12C=CC3,C1=CC23CC(C1)CC2C3,3
7499,CN1CC1CC(=O)C#N,CN1CC1CC(=O)C#N,3
7500,CC12C3CC1C(O)CC23,CC12C3CC1C2CC3O,2
7501,CCC12OC1C1NC21C,CCC12OC1C1NC12C,1
7502,CC1COC11CC1CO,CC1COC12CC2CO,0
7503,OC1CCC11CCC1,OC1CCC12CCC2,2
7504,[O-]C(=O)CC[NH2+]CC#C,C#CC[NH2+]CCC(=O)[O-],4
7505,COC(C)(C=O)C(C)O,COC(C)(C=O)C(C)O,3
7506,N#CC1=C2CCC2OC1,N#CC1=C2CCC2OC1,4
7507,CN1CC1C1CC(=O)O1,CN1CC1C1CC(=O)O1,2
7508,CC(O)(C#N)C(=O)C#N,CC(O)(C#N)C(=O)C#N,0
7509,O=C1CC2(CCO2)C=C1,O=C1C=CC2(CCO2)C1,1
7510,CC1C2COC(=O)C1N2,CC1C2COC(=O)C1N2,3
7511,C1CC(C1)C1OCC=C1,C1=CC(C2CCC2)OC1,3
7512,CC1CCCC1(O)C#C,C#CC1(O)CCCC1C,3
7513,COC1CNC(C)C1=O,COC1CNC(C)C1=O,1
7514,C(C1CO1)C1=CNC=N1,c1nc(CC2CO2)c[nH]1,4
7515,CC1CC(=O)NC=C1C,CC1=CNC(=O)CC1C,1
7516,CC1C=CC2(O)CC12O,CC1C=CC2(O)CC12O,3
7517,CC1(CCC1)CCC#N,CC1(CCC#N)CCC1,3
7518,O=CCNC1C2CC1O2,O=CCNC1C2CC1O2,1
7519,CNC1C2OC1C2=O,CNC1C2OC1C2=O,1
7520,CC1COC(C)(C)C1,CC1COC(C)(C)C1,2
7521,CC#CC1C2C3CN3C12,CC#CC1C2C3CN3C12,3
7522,C#CC1(CC1)OC=O,C#CC1(OC=O)CC1,2
7523,CC1=CC(=O)OCCN1,CC1=CC(=O)OCCN1,0
7524,CCC1C(O)CC1O,CCC1C(O)CC1O,1
7525,CC1(C=O)C2CN2C1=O,CC1(C=O)C(=O)N2CC21,4
7526,C1OC11CC2=CCCC12,C1=C2CC3(CO3)C2CC1,1
7527,CC1CC(CO)C1C#C,C#CC1C(C)CC1CO,2
7528,O=C1CC2C3C(CN23)O1,O=C1CC2C3C(CN23)O1,4
7529,c1cc(cc(c1)N)C#N,N#Cc1cccc(N)c1,1
7530,CC12CC(O)(C1)C(=O)C2,CC12CC(=O)C(O)(C1)C2,3
7531,COCC(C)C1OC1C,COCC(C)C1OC1C,2
7532,O=C1C2CC2OC11CC1,O=C1C2CC2OC12CC2,2
7533,CC12C3C4N1C2C34CO,CC12C3C4N1C2C43CO,0
7534,NC(=[NH2+])CCC([O-])=O,NC(=[NH2+])CCC(=O)[O-],2
7535,CNC1(C=O)C2CC1N2,CNC1(C=O)C2CC1N2,1
7536,c1cc(=O)nccc1N,Nc1ccnc(=O)cc1,1
7537,CC1=NCCCCCO1,CC1=NCCCCCO1,4
7538,CC12CC3CC(=O)C1C23,CC12CC3CC(=O)C1C32,3
7539,CCCCC1(O)CC1C,CCCCC1(O)CC1C,1
7540,CCN1CC1C(=O)C=O,CCN1CC1C(=O)C=O,1
7541,COC1CCC(C)CC1,COC1CCC(C)CC1,0
7542,O=CC1=CNC2CC12,O=CC1=CNC2CC12,4
7543,NC1=CC(C[NH3+])=C([O-])O1,Nc1cc(C[NH3+])c([O-])o1,1
7544,COCC(O)C1CC1,COCC(O)C1CC1,0
7545,c1ccc(c(c1)N)O,Nc1ccccc1O,2
7546,O=CCCC#CC1CO1,O=CCCC#CC1CO1,3
7547,C[NH2+]CC(=N[O-])C(N)=O,C[NH2+]CC(=N[O-])C(N)=O,0
7548,CC1C2C(O)C=CC12C,CC1C2C(O)C=CC12C,3
7549,Cc1cc(c(o1)N)C#C,C#Cc1cc(C)oc1N,4
7550,C1CC11C2C=CC3C2N13,C1=CC2C3C1N3C21CC1,2
7551,CCC1=CN=NOC1=N,CCc1cnnoc1=N,4
7552,CC12OC3CC1(C=O)C23,CC12OC3CC1(C=O)C32,4
7553,c1c(c(=O)[nH]c(=O)[nH]1)F,O=c1[nH]cc(F)c(=O)[nH]1,0
7554,CC(C#N)C1=CON=N1,CC(C#N)c1conn1,3
7555,NCC1=NC(=N)NC=N1,N=c1nc(CN)nc[nH]1,4
7556,C#CC12OC3C1CCC23,C#CC12OC3C1CCC32,4
7557,C1CC23N=COC2CC13,C1=NC23CCC2CC3O1,1
7558,Cn1ccc2c1[nH]cc2,Cn1ccc2cc[nH]c21,1
7559,CCC12CN(C1)C2CO,CCC12CN(C1)C2CO,4
7560,OC12CC3C4CC3C1C24,OC12CC3C4CC3C1C42,3
7561,OC12CC3C1CC23C#N,N#CC12CC3C1CC32O,4
7562,C1C(=O)N(C(=N1)N)C=O,NC1=NCC(=O)N1C=O,4
7563,OCC1=CC2CC1CO2,OCC1=CC2CC1CO2,0
7564,CC(O)(CC1CN1)C#C,C#CC(C)(O)CC1CN1,3
7565,COCC12CCC1CC2,COCC12CCC1CC2,0
7566,CCC1=CC(=N)OC=N1,CCc1cc(=N)ocn1,2
7567,CC1=CC(=O)CC1O,CC1=CC(=O)CC1O,0
7568,CC1CCOCCC1=O,CC1CCOCCC1=O,2
7569,c1noc(=NC2CC2)o1,c1noc(=NC2CC2)o1,3
7570,CC1CN1CC(C)=NO,CC(CN1CC1C)=NO,2
7571,CC1(CC1)N1CC1C#N,CC1(N2CC2C#N)CC1,2
7572,c1c(c(no1)O)C2CC2,Oc1nocc1C1CC1,0
7573,CC1CC(=O)C1,CC1CC(=O)C1,1
7574,COC1C(O)C1(O)C=O,COC1C(O)C1(O)C=O,2
7575,COC1COCOC1=O,COC1COCOC1=O,2
7576,N=C1NC2=C(OCC2)O1,N=c1[nH]c2c(o1)OCC2,3
7577,CCOC(CC#C)C#C,C#CCC(C#C)OCC,4
7578,CN1C2C3OC3(C#N)C12,CN1C2C3OC3(C#N)C21,0
7579,CC1CCC11CN2CC12,CC1CCC12CN1CC12,0
7580,COCC1CC2OC2C1,COCC1CC2OC2C1,0
7581,OC1C2C3C2C1(O)C3=O,O=C1C2C3C(O)C1(O)C23,3
7582,[NH3+]C1COC(C1)C([O-])=O,[NH3+]C1COC(C(=O)[O-])C1,4
7583,OC1C(=O)NCC11CO1,O=C1NCC2(CO2)C1O,1
7584,CCC1=NNN=CC1=N,CCc1n[nH]ncc1=N,2
7585,COCC1NCC1=O,COCC1NCC1=O,4
7586,CC1CN=C(C=O)N1C,CC1CN=C(C=O)N1C,2
7587,CCCc1ccc([nH]1)O,CCCc1ccc(O)[nH]1,4
7588,C#CCOc1cnon1,C#CCOc1cnon1,4
7589,OC1COC11COC1,OC1COC12COC2,3
7590,CN=C1C=C(C)NN=N1,CN=c1cc(C)[nH]nn1,1
7591,c1[nH]c(=O)c(c(n1)F)F,O=c1[nH]cnc(F)c1F,0
7592,C(Cc1nnon1)CO,OCCCc1nnon1,0
7593,COC1CCC(C)C=C1,COC1C=CC(C)CC1,1
7594,CC1CC2C3N2C1C3=O,CC1CC2C3C(=O)C1N23,1
7595,CC1OC(OC1=N)C#N,CC1OC(C#N)OC1=N,2
7596,CC1NC1C1CCC1=O,CC1NC1C1CCC1=O,3
7597,CC12C3OC3C3C1OC23,CC12C3OC3C3C1OC32,2
7598,CC1(C)C(C=O)C1C=O,CC1(C)C(C=O)C1C=O,1
7599,CC(CC=O)C(=O)C#C,C#CC(=O)C(C)CC=O,2
7600,CC1=NC2CC(=O)C2O1,CC1=NC2CC(=O)C2O1,2
7601,OCC12CC(=O)CC1N2,O=C1CC2NC2(CO)C1,4
7602,NCC1(NC1C#C)C#N,C#CC1NC1(C#N)CN,0
7603,FC1=CC(F)=NC(=N)N1,N=c1nc(F)cc(F)[nH]1,2
7604,C(COC(=O)N)C=O,NC(=O)OCCC=O,0
7605,OCC1CC(C=C1)C#C,C#CC1C=CC(CO)C1,2
7606,COC1CN(C)C1CO,COC1CN(C)C1CO,3
7607,c1cnc([nH]1)CCO,OCCc1ncc[nH]1,1
7608,OCC1(C#C)C2CC1O2,C#CC1(CO)C2CC1O2,4
7609,Cc1c([nH]c(=O)o1)OC,COc1[nH]c(=O)oc1C,1
7610,C1C2C1C1CCC2O1,C1CC2OC1C1CC21,2
7611,C1CC23OC2C=CC3O1,C1=CC2OC23CCOC13,1
7612,C1CC1C2=CCC(=O)C2,O=C1CC=C(C2CC2)C1,4
7613,CC1C2C=CCC(=O)N12,CC1C2C=CCC(=O)N12,0
7614,N#CC1C=CC2OC12,N#CC1C=CC2OC12,4
7615,C#CC12CC1C1CCC21,C#CC12CC1C1CCC12,0
7616,O=C1CCC2C3CC12O3,O=C1CCC2C3CC12O3,3
7617,CCOC1CC1(C)C#C,C#CC1(C)CC1OCC,4
7618,O=C1C2NC2C1C#C,C#CC1C(=O)C2NC12,1
7619,CC12OC1C=CC2=O,CC12OC1C=CC2=O,2
7620,C1C2C3N1C1C=C3CC21,C1=C2CC3C4CN(C13)C24,1
7621,C1CC1C1OC2CC12,C1CC1C1OC2CC21,1
7622,CCC(O)COC=O,CCC(O)COC=O,4
7623,CCC1(C)C2C3CN2C13,CCC1(C)C2C3CN2C31,3
7624,CC12CC1C1(C)C(O)C21,CC12CC1C1(C)C(O)C21,3
7625,CCC(CCO)N1CC1,CCC(CCO)N1CC1,3
7626,CC1(O)CCC(O)C1,CC1(O)CCC(O)C1,3
7627,OC12CC1C1(CC21)C#C,C#CC12CC1C1(O)CC12,1
7628,CC1CC2CCC1C=C2,CC1CC2C=CC1CC2,0
7629,CC1CCC=C(C1)C=O,CC1CCC=C(C=O)C1,2
7630,CN=CNc1ccon1,CN=CNc1ccon1,4
7631,OC1(CCOC1=N)C#C,C#CC1(O)CCOC1=N,1
7632,CC1(C2CCC12)N1CC1,CC1(N2CC2)C2CCC21,2
7633,CCOCCC(=O)N,CCOCCC(N)=O,1
7634,N#CC1C2C3N=CN1C23,N#CC1C2C3N=CN1C32,4
7635,OC12C3C1C1=CC3C2C1,OC12C3CC4=CC3C1C42,1
7636,c1c2c(on1)COCC2,c1noc2c1CCOC2,3
7637,CC12CC3CN1C23C,CC12CC3CN1C32C,2
7638,O=C1CC2C3OC2C3N1,O=C1CC2C3OC2C3N1,2
7639,O=C1CCC(=C1)C1CN1,O=C1C=C(C2CN2)CC1,0
7640,CC(C)C1C(C)C1C,CC(C)C1C(C)C1C,4
7641,CC(=O)C1OC(=N)C1O,CC(=O)C1OC(=N)C1O,2
7642,C#CC1C2OC2C11CN1,C#CC1C2OC2C12CN2,2
7643,OCC1C2NC(C#N)C12,N#CC1NC2C(CO)C12,2
7644,CCC1C2OC3C2C13O,CCC1C2OC3C2C13O,0
7645,CCC1CC1(NC)C#N,CCC1CC1(C#N)NC,4
7646,OC1C2COC1CO2,OC1C2COC1CO2,3
7647,COc1cc([nH]c1N)O,COc1cc(O)[nH]c1N,0
7648,COc1c(nc[nH]1)CO,COc1[nH]cnc1CO,1
7649,O=C1OCC23CC12CO3,O=C1OCC23CC12CO3,1
7650,CC(O)C(CC#C)C#N,C#CCC(C#N)C(C)O,0
7651,OCC(CO)CC1CN1,OCC(CO)CC1CN1,3
7652,NC(=O)C(=N)OCC=O,N=C(OCC=O)C(N)=O,0
7653,CC1OC1C1=CON=N1,CC1OC1c1conn1,2
7654,CC1=CC=C(F)C(=N)O1,Cc1ccc(F)c(=N)o1,1
7655,Cc1c[nH]nc1CC#N,Cc1c[nH]nc1CC#N,1
7656,OC1CN2C1=CN=C2O,Oc1ncc2n1CC2O,2
7657,COC12C3CC1OCC23,COC12C3CC1C2CO3,1
7658,OC1C(C#N)C1N1CC1,N#CC1C(O)C1N1CC1,1
7659,NC1C2CCOC12C#N,N#CC12OCCC1C2N,1
7660,C1CC1OC12CC(C1)C2,C1CC1OC12CC(C1)C2,1
7661,ON=C1C=CC(=O)C1O,O=C1C=CC(=NO)C1O,3
7662,O=COCC1(CO1)C#C,C#CC1(COC=O)CO1,1
7663,CC1C(O)C(C#N)C1O,CC1C(O)C(C#N)C1O,0
7664,Cn1cncc(c1=O)F,Cn1cncc(F)c1=O,1
7665,NC(CO)C#CC#N,N#CC#CC(N)CO,2
7666,CC1OC1C(C)=O,CC(=O)C1OC1C,0
7667,Cn1cc(nc1O)C#C,C#Cc1cn(C)c(O)n1,3
7668,CC12C3CC1=CCC23O,CC12C3=CCC1(O)C2C3,4
7669,CC1(CC(C1)(C=O)O)C,CC1(C)CC(O)(C=O)C1,1
7670,O=C1NCCC1N1CC1,O=C1NCCC1N1CC1,3
7671,CC(C#N)C(=O)OC=N,CC(C#N)C(=O)OC=N,3
7672,CCOC=NC1CC1C,CCOC=NC1CC1C,4
7673,C1CN1CCCNC=O,O=CNCCCN1CC1,0
7674,C1CC12CC(C2)OC=O,O=COC1CC2(CC2)C1,0
7675,C1C=C2CC=CC3C2N13,C1=CC2C3C(=CCN23)C1,2
7676,CC1CC23CC4C2C1N34,CC1CC23CC4C2C1N43,1
7677,COC1C2CC1(C)CC2,COC1C2CCC1(C)C2,3
7678,OCCCC12CC1OC2,OCCCC12COC1C2,1
7679,CC1C(O)C2COC1O2,CC1C2OCC(O2)C1O,1
7680,CC(C=O)N(C=O)C=O,CC(C=O)N(C=O)C=O,2
7681,CCC1N2CCC2C1=O,CCC1C(=O)C2CCN12,1
7682,O=CN1C2CC2C11CC1,O=CN1C2CC2C12CC2,4
7683,N=C1OCC23CN(C2)C13,N=C1OCC23CN(C2)C13,1
7684,C1C2OC3OCCC3C12,C1CC2C(O1)OC1CC12,3
7685,CCC1CC(CO1)C=O,CCC1CC(C=O)CO1,4
7686,CC#Cc1c(nn[nH]1)N,CC#Cc1[nH]nnc1N,4
7687,CCCC1OCC1(C)O,CCCC1OCC1(C)O,1
7688,CC(C=O)C(C)(C)CO,CC(C=O)C(C)(C)CO,0
7689,C1C2C=CC3OCC3C12,C1=CC2OCC2C2CC12,3
7690,c1cncc2c1cno2,c1cc2cnoc2cn1,4
7691,CCCN1CC=CC1=O,CCCN1CC=CC1=O,0
7692,CNC1C(=O)C=CC1=O,CNC1C(=O)C=CC1=O,2
7693,CCC(=NO)CCOC,CCC(CCOC)=NO,2
7694,O=C1NC=NCC2CN12,O=C1NC=NCC2CN12,2
7695,CCC1(CC1)C1OC1C,CCC1(C2OC2C)CC1,1
7696,CCC1CCC1(C)OC,CCC1CCC1(C)OC,4
7697,CC1N=CN(C=N)C1=N,CC1N=CN(C=N)C1=N,2
7698,CC12OCCC1=CCO2,CC12OCC=C1CCO2,1
7699,CC(=O)CN1CC1,CC(=O)CN1CC1,4
7700,OC(CN1CC1)C=O,O=CC(O)CN1CC1,0
7701,OCC#CC(=O)C1CO1,O=C(C#CCO)C1CO1,3
7702,OCC(O)CCOC=N,N=COCCC(O)CO,4
7703,CC(C)(C)NC(=O)C=O,CC(C)(C)NC(=O)C=O,1
7704,CC(O)C12CC(C1)C2=O,CC(O)C12CC(C1)C2=O,0
7705,CC(C=O)C1CC(O)C1,CC(C=O)C1CC(O)C1,1
7706,CC(C)(C=O)OCCO,CC(C)(C=O)OCCO,0
7707,CC1C=CCC1(O)C=O,CC1C=CCC1(O)C=O,1
7708,CC1OCC=CC2NC12,CC1OCC=CC2NC21,2
7709,OCC1(CNC=O)CN1,O=CNCC1(CO)CN1,2
7710,c1c(=O)c(c(on1)N)N,Nc1oncc(=O)c1N,3
7711,CC(C#N)C1C2CN1C2,CC(C#N)C1C2CN1C2,2
7712,CC(CCC=O)C=O,CC(C=O)CCC=O,1
7713,CN(C=O)C1=NCCO1,CN(C=O)C1=NCCO1,1
7714,CCC1=CNC(=O)C1O,CCC1=CNC(=O)C1O,1
7715,CC1NC(C#N)C1O,CC1NC(C#N)C1O,4
7716,OCC12C3CN1CC23O,OCC12C3CN1CC32O,0
7717,O=C1NCC(CC#C)O1,C#CCC1CNC(=O)O1,0
7718,N=C1OC2C(C3CN3)C12,N=C1OC2C1C2C1CN1,4
7719,C1C2CCC3CCCC123,C1CC2CCC3CC23C1,0
7720,CC1OCC2C1N2C=O,CC1OCC2C1N2C=O,0
7721,OC(C#C)C12CC(C1)O2,C#CC(O)C12CC(C1)O2,3
7722,c1nc(c2n1CC2)CO,OCc1ncn2c1CC2,0
7723,CCC1C2C3CC1C23O,CCC1C2CC3C1C23O,4
7724,CC(O)C12CC3C1OC23,CC(O)C12CC3C1OC32,3
7725,CC1=CC=CC2CC1O2,CC1=CC=CC2CC1O2,4
7726,CC1COC1CO,CC1COC1CO,2
7727,CCOc1c([nH]nn1)O,CCOc1nn[nH]c1O,1
7728,OCC1CC(=O)C(=N)O1,N=C1OC(CO)CC1=O,2
7729,COC1CC1C1(O)CC1,COC1CC1C1(O)CC1,2
7730,CNC(=O)C1CC2NC12,CNC(=O)C1CC2NC21,1
7731,C1CC(=O)CCC1CO,O=C1CCC(CO)CC1,0
7732,N=C1COCCCO1,N=C1COCCCO1,2
7733,CCCCC1C2CC1C2,CCCCC1C2CC1C2,2
7734,CC1C2C3CN3C2C1=O,CC1C(=O)C2C1C1CN12,2
7735,CC1N2CC3C2C13C#N,CC1N2CC3C2C31C#N,4
7736,Cc1nc(co1)C(C)C,Cc1nc(C(C)C)co1,2
7737,C1NC23CNC12C1OC31,C1NC23CNC12C1OC13,0
7738,O=CNCC1(CO1)C=O,O=CNCC1(C=O)CO1,1
7739,C1OC11COC2CC2C1,C1C2CC3(COC12)CO3,2
7740,CC1C2COC12C,CC1C2COC12C,2
7741,CCn1c(=O)n(cn1)C,CCn1ncn(C)c1=O,1
7742,CC1CC2OCOC12C,CC1CC2OCOC12C,1
7743,N=C1C=NON=C1C#N,N#Cc1noncc1=N,0
7744,CC1CCC1CCC=O,CC1CCC1CCC=O,0
7745,CC12CC(O)C1C2O,CC12CC(O)C1C2O,2
7746,CN=COc1conn1,CN=COc1conn1,4
7747,CC1COCCC2CC12,CC1COCCC2CC12,1
7748,C1C2C=CC3COC3C12,C1=CC2COC2C2CC12,3
7749,CCc1c(coc1C)C,CCc1c(C)coc1C,1
7750,CCC12CC1C(O)C=C2,CCC12C=CC(O)C1C2,4
7751,C1CC1C1CCN=CO1,C1=NCCC(C2CC2)O1,4
7752,O=C1CC2CC2C2CN12,O=C1CC2CC2C2CN12,2
7753,CC1C2CC2C11CO1,CC1C2CC2C12CO2,0
7754,CC1C2C3CC4C(C23)N14,CC1C2C3CC4C(C32)N14,4
7755,CC1(C#C)C2C3CN3C12,C#CC1(C)C2C3CN3C21,4
7756,CCC1=CCCCOC1,CCC1=CCCCOC1,2
7757,CC1NC11CCC1CO,CC1NC12CCC2CO,3
7758,CC1CCC11CO1,CC1CCC12CO2,2
7759,C1C2C=C3COCC3C12,C1=C2COCC2C2CC12,0
7760,CC1OC(=O)C(=O)O1,CC1OC(=O)C(=O)O1,1
7761,COC1(CC1)C#N,COC1(C#N)CC1,3
7762,CC1NC11C2CC1(O)C2,CC1NC12C1CC2(O)C1,1
7763,CCC(=O)N1CCC1=N,CCC(=O)N1CCC1=N,3
7764,O=C1NC2=NCC3C1C23,O=C1NC2=NCC3C1C23,3
7765,CC#CC12CCC1O2,CC#CC12CCC1O2,4
7766,CC(O)C1OCOC1=N,CC(O)C1OCOC1=N,4
7767,CC1CCC2(OC12)C#N,CC1CCC2(C#N)OC12,4
7768,N=C1ON=C(CC#N)O1,N#CCc1noc(=N)o1,1
7769,C#Cc1c([nH]cn1)C=O,C#Cc1nc[nH]c1C=O,1
7770,CC#CC1CN1C(C)=O,CC#CC1CN1C(C)=O,0
7771,CCOc1cc([nH]c1)N,CCOc1c[nH]c(N)c1,3
7772,CC(C)OC(C=O)C=O,CC(C)OC(C=O)C=O,3
7773,CC1C(C#C)N2CC12C,C#CC1C(C)C2(C)CN12,0
7774,C1CC(=O)COC1,O=C1CCCOC1,2
7775,CC(C)C1(C)CN=CO1,CC(C)C1(C)CN=CO1,0
7776,c1c[nH]c(cc1=O)N,Nc1cc(=O)cc[nH]1,1
7777,CCN1CC(=O)C1CO,CCN1CC(=O)C1CO,0
7778,OC1C2N3CC1C23C=O,O=CC12C3CN1C2C3O,1
7779,CC1=NNC=C1C1CO1,Cc1n[nH]cc1C1CO1,0
7780,C1CC12COC(=N2)C=O,O=CC1=NC2(CC2)CO1,2
7781,CC1CCC(C)C(C)O1,CC1CCC(C)C(C)O1,0
7782,c1(c(noc(=O)n1)F)N,Nc1nc(=O)onc1F,2
7783,CCC(O)CCC(C)O,CCC(O)CCC(C)O,4
7784,CCC1C(C)C1(O)C#N,CCC1C(C)C1(O)C#N,3
7785,CCc1nccn1CC,CCc1nccn1CC,3
7786,O=C1CC2(C1)NC2C#N,N#CC1NC12CC(=O)C2,1
7787,N=C1OC2COC2C=C1,N=C1C=CC2OCC2O1,0
7788,c1cnc(c(c1O)F)N,Nc1nccc(O)c1F,3
7789,OCC1(CC1C#C)C=O,C#CC1CC1(C=O)CO,1
7790,CC(C)N=COCC#C,C#CCOC=NC(C)C,2
7791,C#CCN=COCC=O,C#CCN=COCC=O,3
7792,CC(=NO)C#CCC#C,C#CCC#CC(C)=NO,4
7793,CC1C2[NH2+]CC12C([O-])=O,CC1C2[NH2+]CC12C(=O)[O-],4
7794,CC(O)CC(C)CCO,CC(O)CC(C)CCO,4
7795,CC(CO)(CO)C(=O)N,CC(CO)(CO)C(N)=O,3
7796,CC1(CN1CC#C)C#N,C#CCN1CC1(C)C#N,3
7797,CCC12CC1CN2C=O,CCC12CC1CN2C=O,1
7798,CC1CC2CCC2C=C1,CC1C=CC2CCC2C1,4
7799,CCn1ccc(c1O)O,CCn1ccc(O)c1O,0
7800,CC1CC(=O)COCO1,CC1CC(=O)COCO1,1
7801,C#CC1OC2CNC12,C#CC1OC2CNC12,0
7802,CN=c1c(cnn[nH]1)N,CN=c1[nH]nncc1N,0
7803,OC1CC=C2C3NC3C12,OC1CC=C2C3NC3C21,3
7804,CCC12CC3C(C=C1)C23,CCC12C=CC3C(C1)C32,2
7805,OCC1C2CCC2C1=O,O=C1C(CO)C2CCC12,4
7806,Cc1c(oc(=NC)o1)N,CN=c1oc(C)c(N)o1,1
7807,CC1CC2OC12C=O,CC1CC2OC12C=O,3
7808,CC12CC1(O)C1CN1C2,CC12CN3CC3C1(O)C2,4
7809,CN1C(CC=O)C1C=O,CN1C(C=O)C1CC=O,0
7810,O=C1NCC2C3CN2C13,O=C1NCC2C3CN2C13,0
7811,Cc1c(n(cn1)C)C#C,C#Cc1c(C)ncn1C,0
7812,OC12CC3=CCC1C23O,OC12CC3=CCC1C32O,4
7813,CC(C)C1CN1C(C)=O,CC(=O)N1CC1C(C)C,2
7814,CC#CC1CC(=N)O1,CC#CC1CC(=N)O1,1
7815,C#CCC12CC3CC1N23,C#CCC12CC3CC1N32,4
7816,CCC12COC1C(=O)C2,CCC12COC1C(=O)C2,3
7817,CC1CC(=O)N1C(N)=N,CC1CC(=O)N1C(=N)N,0
7818,c1c(n[nH]c1N)C2CC2,Nc1cc(C2CC2)n[nH]1,1
7819,C1CC(C1)C2COC2,C1CC(C2COC2)C1,2
7820,COC1(C)CC(C)C1,COC1(C)CC(C)C1,2
7821,CC1C2C3CC(CN12)O3,CC1C2C3CC(CN12)O3,1
7822,CN1C2C1C1OC2C=C1,CN1C2C3C=CC(O3)C21,0
7823,OCC12COC1C1OC21,OCC12COC1C1OC12,4
7824,c1c(c(c([nH]1)O)C#N)N,N#Cc1c(N)c[nH]c1O,0
7825,CCC(C)(CC)C1CC1,CCC(C)(CC)C1CC1,1
7826,CC1=C2CC3C(C23)C1O,CC1=C2CC3C2C3C1O,2
7827,c1c(c(c[nH]1)O)C2CC2,Oc1c[nH]cc1C1CC1,4
7828,C1OC2C3CC1C2O3,C1OC2C3CC1C2O3,4
7829,OC12CCC3C4C1N4C23,OC12CCC3C4C1N4C32,0
7830,OC1COC2CC=CC12,OC1COC2CC=CC12,0
7831,CC12CC1C(C2)NC=O,CC12CC(NC=O)C1C2,1
7832,OCCC1CC1N1CC1,OCCC1CC1N1CC1,1
7833,CC12NC1C(=O)C1CC21,CC12NC1C(=O)C1CC12,0
7834,CCOCC(=O)CC=O,CCOCC(=O)CC=O,1
7835,N=C1OC2C(OC12)C#C,C#CC1OC2C(=N)OC12,4
7836,C(=O)C#CC(=O)C(=O)N,NC(=O)C(=O)C#CC=O,0
7837,CC1(C)C2C3OC1(C)C23,CC1(C)C2C3OC1(C)C32,1
7838,CCN=C1NC=NC=N1,CCN=c1ncnc[nH]1,0
7839,OC1CC2NCC1C2=O,O=C1C2CC(O)C1CN2,2
7840,CC12CC3CC4C1N4C23,CC12CC3CC4C1N4C32,1
7841,CC(C)C12CC3C(C1)C23,CC(C)C12CC3C(C1)C32,3
7842,N#CC1CC2CCC1C2,N#CC1CC2CCC1C2,1
7843,NC(=O)N1CCC1CO,NC(=O)N1CCC1CO,2
7844,OC1(COC1C#C)C#N,C#CC1OCC1(O)C#N,0
7845,Cc1cc(nc(c1)O)N,Cc1cc(N)nc(O)c1,2
7846,CC12COC1C2CC=O,CC12COC1C2CC=O,2
7847,CC1COC(C)C1(C)O,CC1COC(C)C1(C)O,1
7848,CCC(C)NC(=O)C=O,CCC(C)NC(=O)C=O,1
7849,OC1C2CC3(CN3)C12,OC1C2CC3(CN3)C12,2
7850,OC1C2OC1C1CC21,OC1C2OC1C1CC12,0
7851,OC1CC2C3NC3C2C1,OC1CC2C(C1)C1NC21,0
7852,OC1C2CC2CC2OC12,OC1C2CC2CC2OC21,1
7853,ON=C1CC2CC1C2O,ON=C1CC2CC1C2O,2
7854,OC1CC(O)(C1)C1CO1,OC1CC(O)(C2CO2)C1,0
7855,c1c([nH]nc1N)CO,Nc1cc(CO)[nH]n1,2
7856,Cc1ccccc(=O)n1,Cc1ccccc(=O)n1,0
7857,CCn1ccc(c1)OC,CCn1ccc(OC)c1,0
7858,CCC1C(O)C1C1CC1,CCC1C(O)C1C1CC1,2
7859,CNC(C#N)C1COC1,CNC(C#N)C1COC1,0
7860,CC12C=CC3CC1N23,CC12C=CC3CC1N32,3
7861,CC1CC(C)C1O,CC1CC(C)C1O,4
7862,CC12COC1C2O,CC12COC1C2O,0
7863,OCC1COC11CC1O,OCC1COC12CC2O,4
7864,CC1(C)CC1N1CC1,CC1(C)CC1N1CC1,0
7865,Cn1ncc(n1)N(C)C,CN(C)c1cnn(C)n1,1
7866,CCC1(CO)CN1C=O,CCC1(CO)CN1C=O,0
7867,CC1(O)C2CC(O2)C1=O,CC1(O)C(=O)C2CC1O2,2
7868,CC1(C#N)C(O)C1C=O,CC1(C#N)C(O)C1C=O,4
7869,CC1CCCN(C1)C=O,CC1CCCN(C=O)C1,1
7870,COCc1c(cc[nH]1)O,COCc1[nH]ccc1O,3
7871,CCN1C2C3C2C(=O)C13,CCN1C2C(=O)C3C2C31,4
7872,CC12CCC(CC1)OC2,CC12CCC(CC1)OC2,3
7873,CCOC(C)CN1CC1,CCOC(C)CN1CC1,3
7874,CN1C2CC1(C=O)C2O,CN1C2CC1(C=O)C2O,1
7875,CC1N=C(C)OC11CC1,CC1=NC(C)C2(CC2)O1,0
7876,OC1CC=CC2CC12,OC1CC=CC2CC12,2
7877,CC1N=C(N)C2OC12,CC1N=C(N)C2OC12,2
7878,C#CCNc1cocn1,C#CCNc1cocn1,1
7879,CCC(C)C(C)(O)CO,CCC(C)C(C)(O)CO,4
7880,CCC(OC)C1NC1C,CCC(OC)C1NC1C,2
7881,NC1=COC(O)=NC1=N,N=c1nc(O)occ1N,2
7882,CCOC(=N)C1(O)CC1,CCOC(=N)C1(O)CC1,1
7883,CC1CCC1CO,CC1CCC1CO,2
7884,CC12C3COC1CCN23,CC12C3CCN1C2CO3,2
7885,COC1CC2(O)CC2O1,COC1CC2(O)CC2O1,2
7886,C1C2OC22CN=COC12,C1=NCC23OC2CC3O1,3
7887,CCC(N=COC)C#C,C#CC(CC)N=COC,0
7888,COCC(=O)OC1CC1,COCC(=O)OC1CC1,3
7889,OCC12C3C4CC(C14)N23,OCC12C3C4CC3N1C42,0
7890,O=COC1C2C3CN2C13,O=COC1C2C3CN2C31,0
7891,OCC12CC(C1)C(=O)C2,O=C1CC2(CO)CC1C2,3
7892,CCOC1=NCC2NC12,CCOC1=NCC2NC12,4
7893,OCC(O)C1(CN1)C=O,O=CC1(C(O)CO)CN1,1
7894,C1C2C1C1CC2C11CC1,C1C2C1C1CC2C12CC2,4
7895,N=C1NCC2=C1OC=C2,N=C1NCc2ccoc21,4
7896,CC1(C#C)C2CC1C2O,C#CC1(C)C2CC1C2O,1
7897,CC(=O)Cc1[nH]ncn1,CC(=O)Cc1ncn[nH]1,0
7898,CC1CC(O)C(C1)C=O,CC1CC(O)C(C=O)C1,0
7899,CC12CC1C1C(C=O)C21,CC12CC1C1C(C=O)C12,0
7900,CCn1ncc(n1)CO,CCn1ncc(CO)n1,2
7901,CC1(OCCC(=O)O1)C,CC1(C)OCCC(=O)O1,3
7902,c1cncc2c1nno2,c1cc2nnoc2cn1,4
7903,C1CNCC(=O)C1=NO,O=C1CNCCC1=NO,3
7904,CCNC(=O)C#C,C#CC(=O)NCC,1
7905,CC1NC1C1CC(=O)N1,CC1NC1C1CC(=O)N1,4
7906,CC12CC(CO)C1C2O,CC12CC(CO)C1C2O,2
7907,CC12CC(C1)C21CCO1,CC12CC(C1)C21CCO1,3
7908,CC1(CC1)C12CCC1O2,CC1(C23CCC2O3)CC1,3
7909,CC12CCC1CC2CO,CC12CCC1CC2CO,2
7910,CC(=O)C1NCC11CO1,CC(=O)C1NCC12CO2,2
7911,CC12OC3C4C1N4C23C,CC12OC3C4C1N4C32C,2
7912,OC1CC=CC11CO1,OC1CC=CC12CO2,0
7913,CC1CCC(C)(N1)C#N,CC1CCC(C)(C#N)N1,2
7914,C1=C(C(=O)C(=O)N1)CO,O=C1NC=C(CO)C1=O,1
7915,CC(C)(C)OC(=O)C#N,CC(C)(C)OC(=O)C#N,0
7916,O=CC1CC1CC1CO1,O=CC1CC1CC1CO1,4
7917,CCCC1CCC1=NO,CCCC1CCC1=NO,3
7918,CC1=NC(CO)C(=O)N1,CC1=NC(CO)C(=O)N1,2
7919,COC=NC1COC1=N,COC=NC1COC1=N,2
7920,Cc1ccc(nc1O)N,Cc1ccc(N)nc1O,3
7921,Cc1c(ocn1)C2CC2,Cc1ncoc1C1CC1,0
7922,CN1C2C3C1CC23C,CN1C2CC3(C)C2C13,1
7923,C1CC23C4C5C4C12OC35,C1CC23C4OC12C1C4C13,1
7924,OCC(O)C1COC1=N,N=C1OCC1C(O)CO,3
7925,O=C1C2CC3C4C2C1N34,O=C1C2CC3C4C2C1N34,0
7926,CC1OC(C)(C)OC1C,CC1OC(C)(C)OC1C,2
7927,OC(C=O)C1CNC1=O,O=CC(O)C1CNC1=O,0
7928,C1c2c(nn[nH]2)NC1=O,O=C1Cc2[nH]nnc2N1,2
7929,CC12CCOC11CC2C1,CC12CCOC13CC2C3,4
7930,CC12CC1(O)CC(=O)N2,CC12CC1(O)CC(=O)N2,4
7931,C1C2OC2C2=COC=C12,c1occ2c1CC1OC21,4
7932,CCOC(=O)CCC#N,CCOC(=O)CCC#N,4
7933,COC(=O)C1(COC1)O,COC(=O)C1(O)COC1,0
7934,c1c2cn[nH]c2[nH]c1O,Oc1cc2cn[nH]c2[nH]1,3
7935,c1coc(nc1=O)N,Nc1nc(=O)cco1,3
7936,O=CNCCC1CO1,O=CNCCC1CO1,0
7937,CC12C3CC1N3C21CC1,CC12C3CC1N3C21CC1,1
7938,Cc1nc(c(o1)C#C)N,C#Cc1oc(C)nc1N,1
7939,CN1N=NC(N)=CC1=N,Cn1nnc(N)cc1=N,4
7940,CN1C=NOC1=N,Cn1cnoc1=N,4
7941,CC1(CC1)C1C2CC1O2,CC1(C2C3CC2O3)CC1,2
7942,CC1C2C3CC1(O)C2O3,CC1C2C3CC1(O)C2O3,4
7943,C1OC11C2CC1O2,C1C2OC1C21CO1,2
7944,Cc1ccncnc1=O,Cc1ccncnc1=O,0
7945,C#CC1C2CC1C2=O,C#CC1C2CC1C2=O,1
7946,CC(C#N)N(C)CC#C,C#CCN(C)C(C)C#N,2
7947,NC(=O)C(O)(C=O)C#N,N#CC(O)(C=O)C(N)=O,4
7948,CC1COCC2(CO2)C1,CC1COCC2(CO2)C1,1
7949,c1nc(c(n1C=O)N)N,Nc1ncn(C=O)c1N,0
7950,COC1(C)OC(=N)C=C1,COC1(C)C=CC(=N)O1,3
7951,CCN(C=O)C1(CC1)C,CCN(C=O)C1(C)CC1,0
7952,c1cnc(nc1)C(=N)N,N=C(N)c1ncccn1,1
7953,CC1=CC(O)CC1=NO,CC1=CC(O)CC1=NO,2
7954,c1c(nncn1)CC#N,N#CCc1cncnn1,2
7955,CC1C(O)C11CN2CC12,CC1C(O)C12CN1CC12,0
7956,CC#CC(CC=O)C=O,CC#CC(C=O)CC=O,1
7957,CC1OCC2NC12,CC1OCC2NC21,3
7958,COC1CCC2(CC2)C1,COC1CCC2(CC2)C1,0
7959,CC1(CC(=CC1=O)N)C,CC1(C)CC(N)=CC1=O,3
7960,OCCC1CC1O,OCCC1CC1O,2
7961,CC(O)COCCC=O,CC(O)COCCC=O,4
7962,C#CC1(COC1=O)C#C,C#CC1(C#C)COC1=O,1
7963,C1CC2(C1)C1OC=NC21,C1=NC2C(O1)C21CCC1,3
7964,Cc1c(cc([nH]1)N)O,Cc1[nH]c(N)cc1O,2
7965,CCC1CC=CC1,CCC1CC=CC1,4
7966,NC(CNC(N)=O)C#N,N#CC(N)CNC(N)=O,0
7967,CC1(CCC1)CCC=O,CC1(CCC=O)CCC1,3
7968,CCCC(O)C(O)C=O,CCCC(O)C(O)C=O,3
7969,CC(C)C(C)C1(C)CO1,CC(C)C(C)C1(C)CO1,3
7970,C1CCC2(C1)CC2,C1CCC2(C1)CC2,3
7971,C1OCC11C2C3OC2C13,C1OCC12C1C3OC1C32,3
7972,CC(O)C1=CNC(O)=C1,CC(O)c1c[nH]c(O)c1,0
7973,CCCCC(C)CCC,CCCCC(C)CCC,3
7974,OC1=CN(C=O)C(=N)O1,N=c1oc(O)cn1C=O,0
7975,Cc1[nH]c(cn1)CO,Cc1ncc(CO)[nH]1,4
7976,Cc1coc(n1)N(=O)=O,Cc1coc([N+](=O)[O-])n1,0
7977,OC1(C#N)C2CC(=O)C12,N#CC1(O)C2CC(=O)C21,3
7978,CC1CC2C(C=O)C12,CC1CC2C(C=O)C12,0
7979,C1C=CCN=C(N1)C=O,O=CC1=NCC=CCN1,2
7980,N#CCC1C2C3C1CN23,N#CCC1C2CN3C1C23,0
7981,CC12CC1CC1CC2O1,CC12CC1CC1CC2O1,4
7982,OC1C(C=O)C1C1CN1,O=CC1C(O)C1C1CN1,3
7983,CC#CC(O)C(C)O,CC#CC(O)C(C)O,4
7984,CN=COC(C)CO,CN=COC(C)CO,1
7985,CCCC1OC(=N)C1C,CCCC1OC(=N)C1C,3
7986,O=C1COCC2CC2C1,O=C1COCC2CC2C1,1
7987,CC1C(O)CCC2CN12,CC1C(O)CCC2CN21,4
7988,CC1C=CC2OC12C,CC1C=CC2OC12C,2
7989,CC12CC(N)(C#N)C1O2,CC12CC(N)(C#N)C1O2,0
7990,CC1OC2CC=C(C)C12,CC1=CCC2OC(C)C12,3
7991,CC1(CO)C2CN=CN12,CC1(CO)C2CN=CN21,2
7992,NC(=O)C12OCC1C2O,NC(=O)C12OCC1C2O,3
7993,CN(CC(=O)N)C(=O)N,CN(CC(N)=O)C(N)=O,0
7994,CN1CC1(C#N)C1CO1,CN1CC1(C#N)C1CO1,2
7995,CC12CC(OC=O)C1O2,CC12CC(OC=O)C1O2,2
7996,CC(C=O)(C=O)O,CC(O)(C=O)C=O,1
7997,CCCC1C(C)N1C=O,CCCC1C(C)N1C=O,0
7998,CC#CC(C)(C)CC#N,CC#CC(C)(C)CC#N,4
7999,c1cc(oc(=O)c1)CO,O=c1cccc(CO)o1,4
8000,CC1=CC2(CO2)CC1O,CC1=CC2(CO2)CC1O,2
8001,CN(C=O)C(CO)C#C,C#CC(CO)N(C)C=O,3
8002,CC12CC=CC1N=CO2,CC12CC=CC1N=CO2,3
8003,CC1OC2C3OC1C23C,CC1OC2C3OC1C23C,4
8004,CCc1cn[nH]c1C,CCc1cn[nH]c1C,0
8005,CC(O)C1N=COC1C,CC(O)C1N=COC1C,2
8006,COC(=O)C1=CNCC1,COC(=O)C1=CNCC1,1
8007,C1C2OC3COCC2C13,C1OCC2C3CC2C1O3,2
8008,COCC(C#C)C#N,C#CC(C#N)COC,0
8009,Cn1cnc(c1N)OC,COc1ncn(C)c1N,1
8010,OCC1CCC1CC#C,C#CCC1CCC1CO,2
8011,CCc1cnoc1OC,CCc1cnoc1OC,3
8012,COCC(C)(C)OC=N,COCC(C)(C)OC=N,0
8013,OCC12CC1C(O2)C=O,O=CC1OC2(CO)CC12,3
8014,CC1OC1CCCC=O,CC1OC1CCCC=O,3
8015,CCOC(CC)C1CO1,CCOC(CC)C1CO1,3
8016,CCC(=O)C(C)COC,CCC(=O)C(C)COC,1
8017,O=C1CCC23CN(C2)C13,O=C1CCC23CN(C2)C13,1
8018,OCC1CC(O)C11CN1,OCC1CC(O)C12CN2,3
8019,CCOCCNC(=O)N,CCOCCNC(N)=O,1
8020,CC(O)C#CCOC=N,CC(O)C#CCOC=N,2
8021,CC(=O)C1(C)CC(=O)N1,CC(=O)C1(C)CC(=O)N1,1
8022,CCC12OCC1(O)C2C,CCC12OCC1(O)C2C,2
8023,C1CC11CC2OCC1O2,C1OC2CC3(CC3)C1O2,0
8024,NC(=O)N1CC1CO,NC(=O)N1CC1CO,1
8025,CC1(CN=CO1)OC=N,CC1(OC=N)CN=CO1,2
8026,C(=O)c1[nH]nc(n1)N,Nc1n[nH]c(C=O)n1,2
8027,CN1CC11CC2(C)NC12,CN1CC12CC1(C)NC12,0
8028,CC12CC1C1(O)CC2C1,CC12CC1C1(O)CC2C1,2
8029,Cc1nc(nn1C)CO,Cc1nc(CO)nn1C,1
8030,NC(C#N)C(O)CC#C,C#CCC(O)C(N)C#N,1
8031,CCC(C)C1NC1C=O,CCC(C)C1NC1C=O,4
8032,CCC#CC(=O)NC=N,CCC#CC(=O)NC=N,2
8033,C(C=O)OC(C=O)C=O,O=CCOC(C=O)C=O,0
8034,CN=COC(CO)C=O,CN=COC(C=O)CO,1
8035,Cc1nc(cc(=O)o1)F,Cc1nc(F)cc(=O)o1,3
8036,CC12C3CC3C1C2C#N,CC12C(C#N)C1C1CC12,2
8037,COCCN1CC(C1)O,COCCN1CC(O)C1,4
8038,CC1CC1(CC=O)C#C,C#CC1(CC=O)CC1C,2
8039,C#CC1C2CC3CN1C23,C#CC1C2CC3CN1C32,2
8040,CC12CC3C(C=C1)N23,CC12C=CC3C(C1)N32,2
8041,O=CNCC1CC2NC12,O=CNCC1CC2NC12,4
8042,CC1CC(CC=O)O1,CC1CC(CC=O)O1,4
8043,CC1CC23CN1C2CO3,CC1CC23CN1C2CO3,0
8044,CCOC1(C)CC1OC,CCOC1(C)CC1OC,0
8045,OC1CCC(CC#N)C1,N#CCC1CCC(O)C1,2
8046,CC1=C2C3C4C3N(C1)C24,CC1=C2C3C4C2N(C1)C34,0
8047,C(C1CN1)C1=NNC=C1,c1cc(CC2CN2)n[nH]1,3
8048,COC(C)(CC=O)C#N,COC(C)(C#N)CC=O,1
8049,OCCC(=N)OCC#C,C#CCOC(=N)CCO,0
8050,CC1(C(=O)CCC1=O)C,CC1(C)C(=O)CCC1=O,3
8051,CC(O)C1CN1CC#C,C#CCN1CC1C(C)O,1
8052,CC1=CCC2CC12O,CC1=CCC2CC12O,3
8053,CNC(C#N)C1(C)CO1,CNC(C#N)C1(C)CO1,2
8054,Cc1cn[nH]c1O,Cc1cn[nH]c1O,2
8055,CC1(CC1O)C(=O)C=O,CC1(C(=O)C=O)CC1O,0
8056,CC1(O)CCC1(N)C#N,CC1(O)CCC1(N)C#N,4
8057,CCC(=O)C1(O)CC1O,CCC(=O)C1(O)CC1O,2
8058,COC(=O)CCN1CC1,COC(=O)CCN1CC1,3
8059,COc1c(c[nH]c1N)N,COc1c(N)c[nH]c1N,0
8060,CC(=N)NC(=O)COC,COCC(=O)NC(C)=N,3
8061,CN1C2C(O)C1C21CN1,CN1C2C(O)C1C21CN1,2
8062,Cc1cnc(c(n1)F)N,Cc1cnc(N)c(F)n1,0
8063,CNC(C#N)C1CC1O,CNC(C#N)C1CC1O,0
8064,CC(CO)C#C,C#CC(C)CO,4
8065,CN(C)c1ccoc1,CN(C)c1ccoc1,4
8066,CC(C=O)C(O)C#C,C#CC(O)C(C)C=O,1
8067,C1c2c([nH]nc2O)CO1,Oc1n[nH]c2c1COC2,0
8068,CCC(=O)C1C2CCN12,CCC(=O)C1C2CCN21,3
8069,CC1C(=O)C2(C)CC12O,CC1C(=O)C2(C)CC12O,1
8070,C1COCC1(C#N)C#N,N#CC1(C#N)CCOC1,0
8071,CN(CCCCO)C=O,CN(C=O)CCCCO,3
8072,OCC1=NC2C(O)C2O1,OCC1=NC2C(O)C2O1,3
8073,O=CC1C2CCOC12,O=CC1C2CCOC12,1
8074,CC1C2NC(=O)COC12,CC1C2NC(=O)COC12,3
8075,Cc1ccc([nH]1)C=O,Cc1ccc(C=O)[nH]1,1
8076,OC(C=O)C12CC1CO2,O=CC(O)C12CC1CO2,0
8077,CC1C2CCC2C11CO1,CC1C2CCC2C12CO2,3
8078,COCC(=O)CC=O,COCC(=O)CC=O,0
8079,C1C(N=CO1)(CO)CO,OCC1(CO)COC=N1,4
8080,C1COCOC(=O)C1=O,O=C1CCOCOC1=O,0
8081,CC1C2OC(C)C12O,CC1OC2C(C)C12O,1
8082,O=CC12CC(C1)(O2)C#C,C#CC12CC(C=O)(C1)O2,4
8083,CC12COC3C1C2C3=O,CC12COC3C(=O)C1C32,3
8084,O=C1CC23CC2(CC3)N1,O=C1CC23CCC2(C3)N1,4
8085,Cn1cc2c(c1)nc[nH]2,Cn1cc2nc[nH]c2c1,4
8086,OC1CC2OC(=N)C12,N=C1OC2CC(O)C12,0
8087,COCC12C3C4C3N1C24,COCC12C3C4C3N1C42,2
8088,CC#CC12C3CN1CC23,CC#CC12C3CN1CC32,2
8089,N=C1NC(=N)C=NC=C1,N=c1ccncc(=N)[nH]1,4
8090,OCC(O)CC1CCC1,OCC(O)CC1CCC1,4
8091,CC1C2CC1(C)C=C2C,CC1=CC2(C)CC1C2C,4
8092,COc1conc1C#N,COc1conc1C#N,2
8093,CC1CC2=CCOC2=N1,CC1CC2=CCOC2=N1,4
8094,CC(O)CC1=NON=N1,CC(O)Cc1nnon1,4
8095,C(OC1CC1)C1CCO1,C1CC(COC2CC2)O1,0
8096,CC1(CC1C=O)C#N,CC1(C#N)CC1C=O,0
8097,O=CC1C2CC1(O2)C=O,O=CC1C2CC1(C=O)O2,3
8098,CC1C2CC=CCC12C,CC1C2CC=CCC12C,2
8099,C(CO)COC(=O)CN,NCC(=O)OCCCO,0
8100,COC(C)CC1CN1C,COC(C)CC1CN1C,4
8101,OC1COC23CC12CC3,OC1COC23CCC12C3,1
8102,CC12C3C1C1(C)C2CN31,CC12C3C1C1(C)C2CN31,3
8103,CNc1nc([nH]n1)O,CNc1n[nH]c(O)n1,0
8104,CC1CC2(O)C3OC1C23,CC1CC2(O)C3OC1C32,3
8105,OC12CC(C=C1)C21CO1,OC12C=CC(C1)C21CO1,4
8106,C1CCCC(=NO)CC1,ON=C1CCCCCC1,2
8107,CCOCC(CO)CO,CCOCC(CO)CO,2
8108,CCC1(CCOC1)C=O,CCC1(C=O)CCOC1,4
8109,CC12CC3(C)N1CC23O,CC12CC3(C)N1CC23O,4
8110,C(COCC(=O)C=O)O,O=CC(=O)COCCO,0
8111,CCN1CCC(=O)C1C,CCN1CCC(=O)C1C,4
8112,C#CCOC(C#N)C#N,C#CCOC(C#N)C#N,3
8113,CC1=CCn2c1cnc2,CC1=CCn2cncc21,2
8114,CC12CC3OC4C1C2C34,CC12CC3OC4C3C1C42,3
8115,O=C1CC2C3N4CC13C24,O=C1CC2C3N4CC13C24,1
8116,O=C1COC1C1CO1,O=C1COC1C1CO1,4
8117,CC1OC2CC(O1)C2=O,CC1OC2CC(O1)C2=O,4
8118,Cc1c(ncc(=O)[nH]1)C,Cc1ncc(=O)[nH]c1C,1
8119,CCOC1C(O)C1CO,CCOC1C(O)C1CO,1
8120,CC1(C#C)C2NC2C1O,C#CC1(C)C(O)C2NC21,0
8121,N=C1OC2CC2NC1=O,N=C1OC2CC2NC1=O,2
8122,CC1C2CN(CC12)C=O,CC1C2CN(C=O)CC12,3
8123,CCC12CC3C(C1)OC23,CCC12CC3OC1C3C2,4
8124,CC(C)CC1(CCC1)O,CC(C)CC1(O)CCC1,1
8125,C1CN1c2[nH]c(=O)on2,O=c1[nH]c(N2CC2)no1,3
8126,CC1C2C3CN1C2C3=O,CC1C2C3CN1C2C3=O,0
8127,CC1(O)CC(C)(O)C1,CC1(O)CC(C)(O)C1,4
8128,CC12COC1C2OC=O,CC12COC1C2OC=O,3
8129,CCC(O)(C=O)C#CC,CC#CC(O)(C=O)CC,1
8130,c1cc(nc(c1)N)C#N,N#Cc1cccc(N)n1,3
8131,C1CC1(C=O)OCC#N,N#CCOC1(C=O)CC1,1
8132,CC(O)C(=O)C(O)C=O,CC(O)C(=O)C(O)C=O,1
8133,ON=C1CC(O)C1C#C,C#CC1C(=NO)CC1O,2
8134,O=C1OC2CC1C=C2,O=C1OC2C=CC1C2,4
8135,CC#CC1COCCN1,CC#CC1COCCN1,2
8136,CC1C2C3CC1(C)N23,CC1C2C3CC1(C)N32,4
8137,CCC12CCC3C(O1)C23,CCC12CCC3C(O1)C32,3
8138,N=C1CCOCCO1,N=C1CCOCCO1,0
8139,CC(=O)N1CC(O)C=C1,CC(=O)N1C=CC(O)C1,1
8140,FC1=CC(=N)C=NN1,N=c1cn[nH]c(F)c1,2
8141,Cc1ccc(cn1)NC,CNc1ccc(C)nc1,0
8142,OCCCC1OCC1O,OCCCC1OCC1O,2
8143,C#Cc1cccc(=O)o1,C#Cc1cccc(=O)o1,2
8144,O=C1CC2C3CC2C1C3,O=C1CC2C3CC1C2C3,1
8145,CNC(CC#N)C1CO1,CNC(CC#N)C1CO1,1
8146,CCC1(COC1)CC#N,CCC1(CC#N)COC1,3
8147,CC1C2C3NC3C1C2=O,CC1C2C(=O)C1C1NC12,0
8148,CC1OCC2OC12CO,CC1OCC2OC12CO,4
8149,O=CC1OC2C1NC2=O,O=CC1OC2C(=O)NC12,0
8150,CC12NC1C(=O)NC2=N,CC12NC1C(=O)NC2=N,2
8151,CC12C=CC3C1N2C3=O,CC12C=CC3C(=O)N1C32,4
8152,C1OC1C1CCCC1,C1CCC(C2CO2)C1,4
8153,OCC1N2CCC12C=O,O=CC12CCN1C2CO,0
8154,O=CC1(CC1C#C)C=O,C#CC1CC1(C=O)C=O,3
8155,C1C2N3C1C21CC=CC31,C1=CC2N3C4CC3C24C1,1
8156,CC1OC(=O)C1(N)CO,CC1OC(=O)C1(N)CO,0
8157,CC1OC1C(=N)OC=O,CC1OC1C(=N)OC=O,0
8158,COC(CC(C)O)C#N,COC(C#N)CC(C)O,1
8159,NC1(C#N)C2OC1C=C2,N#CC1(N)C2C=CC1O2,4
8160,CC1C=CC2CC1C2O,CC1C=CC2CC1C2O,2
8161,CC1(C)C2OC2C1(C)O,CC1(C)C2OC2C1(C)O,1
8162,CC(=O)NC(=O)CO,CC(=O)NC(=O)CO,4
8163,COC1CC2OC2C1O,COC1CC2OC2C1O,2
8164,CC(C#N)C1=CNC=N1,CC(C#N)c1c[nH]cn1,3
8165,CC1CCC(N)C(=O)O1,CC1CCC(N)C(=O)O1,1
8166,C#CCc1coc(=O)[nH]1,C#CCc1coc(=O)[nH]1,4
8167,C1CC23CCC(CC12)C3,C1CC23CCC2CC1C3,4
8168,C1Cc2c(onc2N)C1,Nc1noc2c1CCC2,0
8169,CC(C)C1C(C=O)N1C,CC(C)C1C(C=O)N1C,0
8170,COC1(COC1)CO,COC1(CO)COC1,3
8171,CCC1(COC1)C,CCC1(C)COC1,4
8172,O=CC1CCC=CCO1,O=CC1CCC=CCO1,3
8173,C1C2C3C4OC3C2C1=C4,C1=C2CC3C2C2OC1C32,4
8174,COCc1ccon1,COCc1ccon1,0
8175,CC1(C)C2C3C2C1C3O,CC1(C)C2C(O)C3C2C31,1
8176,CC1N2CC(C2)NC1=O,CC1C(=O)NC2CN1C2,1
8177,CNC(C)(C#N)C1CN1,CNC(C)(C#N)C1CN1,1
8178,CCc1c2n(nn1)CC2,CCc1nnn2c1CC2,1
8179,Cc1ccnc(c1C)C,Cc1ccnc(C)c1C,0
8180,C(=N)NC(=O)C#CC#N,N#CC#CC(=O)NC=N,1
8181,O1C=NC2C3C4C1C2N34,C1=NC2C3C(O1)C1C2N31,3
8182,Cc1nc(nc(n1)N)N,Cc1nc(N)nc(N)n1,4
8183,OC12CC3COCC1C23,OC12CC3COCC1C32,3
8184,CCc1cnon1,CCc1cnon1,1
8185,Cc1nc(co1)C(=N)N,Cc1nc(C(=N)N)co1,4
8186,O=C1C2CNC11COC21,O=C1C2CNC13COC23,1
8187,COCc1c[nH]nc1O,COCc1c[nH]nc1O,0
8188,Cn1cc(c(n1)N)N,Cn1cc(N)c(N)n1,4
8189,COCC1(O)C2COC12,COCC1(O)C2COC21,1
8190,CC(O)(C#C)C#CC#N,C#CC(C)(O)C#CC#N,1
8191,C#CC(=O)n1cccn1,C#CC(=O)n1cccn1,4
8192,OC1C2CC3OC1OC23,OC1C2OC3CC1C3O2,0
8193,O=C1C=CC2CC2C1=O,O=C1C=CC2CC2C1=O,1
8194,OC1(CNC1C#C)C#N,C#CC1NCC1(O)C#N,4
8195,Cc1c(c(oc1N)O)C,Cc1c(N)oc(O)c1C,4
8196,O=C1CC2C(C3CC3)N12,O=C1CC2C(C3CC3)N12,2
8197,O=CC12CC3C4C1N4C23,O=CC12CC3C4C1N4C32,0
8198,O=C1CNC11C2CC1O2,O=C1CNC12C1CC2O1,4
8199,NC1C(CO)C1C#N,N#CC1C(N)C1CO,1
8200,OCC1=CCC2OCC12,OCC1=CCC2OCC12,2
8201,CNC(=N)N(C=N)C=O,CNC(=N)N(C=N)C=O,1
8202,OCC1CC2(O)CC12O,OCC1CC2(O)CC12O,2
8203,C(c1c(c(n[nH]1)N)O)O,Nc1n[nH]c(CO)c1O,1
8204,O=C1C2C3C(C#C)C1N23,C#CC1C2C(=O)C3C1N23,1
8205,C1OC2C3OC12C1NC31,C1OC2C3OC12C1NC31,2
8206,c1nc(c(=O)[nH]n1)N,Nc1ncn[nH]c1=O,2
8207,OCC12C3C4CC1N2C34,OCC12C3C4CC1N2C43,0
8208,CC1N2C=CC(=O)C12C,CC1N2C=CC(=O)C12C,1
8209,NC(=O)C1OCC2CC12,NC(=O)C1OCC2CC21,1
8210,CC1CCC1(C)C#C,C#CC1(C)CCC1C,1
8211,CCNc1ccccn1,CCNc1ccccn1,1
8212,COC12CC1C(C2)C#N,COC12CC(C#N)C1C2,1
8213,CC1CC2(NC12C)C=O,CC1CC2(C=O)NC12C,0
8214,CC1COC(C=O)C1C,CC1COC(C=O)C1C,2
8215,Cc1ccnc(c1)C=O,Cc1ccnc(C=O)c1,3
8216,C1COc2c1[nH]c(n2)N,Nc1nc2c([nH]1)CCO2,3
8217,CC1=CCCC(O)C1=O,CC1=CCCC(O)C1=O,4
8218,OC1CC2C3CC1CN23,OC1CC2C3CC1CN23,0
8219,N=C1COC(O1)C1CO1,N=C1COC(C2CO2)O1,0
8220,CC1C2(O)COC12C#N,CC1C2(O)COC12C#N,0
8221,CC12OC1(C)C1NC21,CC12OC1(C)C1NC12,3
8222,CC1OCC2OC12C,CC1OCC2OC12C,2
8223,CC1OC(CC#C)C1C,C#CCC1OC(C)C1C,3
8224,CC(C)C1CC(C1)C#C,C#CC1CC(C(C)C)C1,4
8225,O=C1CC(CN1)C#C,C#CC1CNC(=O)C1,1
8226,CN(C=O)C1CC(O)C1,CN(C=O)C1CC(O)C1,2
8227,CC(N1CC1)C1(C)CC1,CC(N1CC1)C1(C)CC1,4
8228,N#CC1=NC2CC(C2)N1,N#CC1=NC2CC(C2)N1,3
8229,O=C1C2C3CC1CCN23,O=C1C2CCN3C(C2)C13,4
8230,C1CC2=C(C1)COC2,C1CC2=C(C1)COC2,0
8231,Cn1c(=O)cc(cn1)F,Cn1ncc(F)cc1=O,3
8232,CC1C2OC2C=C1C=O,CC1C(C=O)=CC2OC21,1
8233,CC1CN1CC#CCO,CC1CN1CC#CCO,3
8234,C#Cc1cc(ccn1)O,C#Cc1cc(O)ccn1,4
8235,CC1(CCC1)NC=O,CC1(NC=O)CCC1,3
8236,COC12CC3(O)C1OC23,COC12CC3(O)C1OC32,4
8237,c1cn(nc1O)C=O,O=Cn1ccc(O)n1,4
8238,CC(CO)C(=O)C(N)=O,CC(CO)C(=O)C(N)=O,3
8239,CC1C2C3CC(C23)C1O,CC1C(O)C2CC3C1C23,1
8240,CC1(CN1)C1(CC1)C=O,CC1(C2(C=O)CC2)CN1,2
8241,COCC#CC(F)(F)F,COCC#CC(F)(F)F,2
8242,CC1OCC(O)C=C1C,CC1=CC(O)COC1C,2
8243,O=C1C2CC1(CN2)C#N,N#CC12CNC(C1)C2=O,3
8244,CC1C2CC(O)(C2)C1=O,CC1C(=O)C2(O)CC1C2,1
8245,CCc1nc(co1)NC,CCc1nc(NC)co1,2
8246,NC(=O)CC(=O)OC=N,N=COC(=O)CC(N)=O,2
8247,Cc1cncn1C,Cc1cncn1C,1
8248,c1c(c[nH]c1N)CO,Nc1cc(CO)c[nH]1,3
8249,NC1C2CN2C1C#N,N#CC1C(N)C2CN12,1
8250,CN(C)c1c[nH]cc1O,CN(C)c1c[nH]cc1O,2
8251,C1C2C1N1CC3(CN3)C21,C1C2C1N1CC3(CN3)C21,1
8252,C1CC1(CCCCO)O,OCCCCC1(O)CC1,2
8253,CC1(CC#N)CC2NC12,CC1(CC#N)CC2NC21,0
8254,CC1=CC2(C)CC1(C)O2,CC1=CC2(C)CC1(C)O2,0
8255,C1CC23CC=CC2C3O1,C1=CC2C3OCCC23C1,2
8256,CC(C)c1cocn1,CC(C)c1cocn1,1
8257,c1c(coc(=O)n1)N,Nc1cnc(=O)oc1,2
8258,CC1(OCC=C1)C#N,CC1(C#N)C=CCO1,0
8259,N#CC1CC1NC1CC1,N#CC1CC1NC1CC1,2
8260,CCC1(O)C2CC1C2=O,CCC1(O)C2CC1C2=O,2
8261,COC1COCCO1,COC1COCCO1,4
8262,CN=CN(C)C=O,CN=CN(C)C=O,0
8263,C1C2CC=C3CN1C23,C1=C2CN3CC(C1)C23,2
8264,CC(C)(O)C(=O)C1CO1,CC(C)(O)C(=O)C1CO1,3
8265,OC(C1CN1)C(=O)C=O,O=CC(=O)C(O)C1CN1,2
8266,CC12OC(C#N)C1C2O,CC12OC(C#N)C1C2O,4
8267,CC1=CC(=N)OC(O)=N1,Cc1cc(=N)oc(O)n1,0
8268,CCCCc1n[nH]nn1,CCCCc1nn[nH]n1,0
8269,OCC1OC2C3CC1C23,OCC1OC2C3CC1C32,0
8270,O=C1OC(C#N)C2NC12,N#CC1OC(=O)C2NC12,0
8271,C1N2CCCC3OCC123,C1CC2OCC23CN3C1,0
8272,c1c2c(co1)nc([nH]2)N,Nc1nc2cocc2[nH]1,3
8273,OC1CCCCCC1=O,O=C1CCCCCC1O,2
8274,CCC#CCC(=NO)C,CCC#CCC(C)=NO,1
8275,CC1C2NC(=NC12)C#N,CC1C2N=C(C#N)NC12,2
8276,CCCC1OC1CCC,CCCC1OC1CCC,1
8277,CNc1ccc([nH]1)O,CNc1ccc(O)[nH]1,4
8278,N=C1CCC(CC=O)O1,N=C1CCC(CC=O)O1,3
8279,CC1(O)C=CCC1O,CC1(O)C=CCC1O,1
8280,C1C2OC3CN(C3)C12,C1C2OC3CN(C3)C12,3
8281,N=C1C=NOC=N1,N=c1cnocn1,0
8282,Cn1c(ncn1)OC=O,Cn1ncnc1OC=O,0
8283,CN=c1cc([nH]cn1)O,CN=c1cc(O)[nH]cn1,0
8284,C1OC2C3OCOC2C13,C1OC2C3COC2C3O1,4
8285,CCC(C)(C#N)C1CO1,CCC(C)(C#N)C1CO1,4
8286,c1c(nc(nc1F)N)O,Nc1nc(O)cc(F)n1,4
8287,C1C2(CO1)C(=O)NC=N2,O=C1NC=NC12COC2,1
8288,Cc1ncc(nn1)C#C,C#Cc1cnc(C)nn1,1
8289,Cc1c2c(nc[nH]2)n[nH]1,Cc1[nH]nc2nc[nH]c12,0
8290,CC1(CO1)C1OCC1=O,CC1(C2OCC2=O)CO1,2
8291,CC1(C)OC(=N)C(=O)C1,CC1(C)CC(=O)C(=N)O1,4
8292,OCC1CC(=NO)C1O,OCC1CC(=NO)C1O,3
8293,CC1(O)CC2NC12,CC1(O)CC2NC21,1
8294,CCC1(CO1)CC,CCC1(CC)CO1,1
8295,OCC1CCCNC1=O,O=C1NCCCC1CO,0
8296,CN(C)c1cc[nH]c1O,CN(C)c1cc[nH]c1O,4
8297,N#CC12C3C4C3N1C24,N#CC12C3C4C3N1C42,2
8298,CC1C2C3C(N13)C2=O,CC1C2C(=O)C3C2N13,1
8299,CC1CN2C=C(C)N=C12,Cc1cn2c(n1)C(C)C2,4
8300,CC(C)C1C=CNC1=O,CC(C)C1C=CNC1=O,2
8301,O=CCC(OC=O)C#N,N#CC(CC=O)OC=O,4
8302,OCC1(NCC1=O)C=O,O=CC1(CO)NCC1=O,0
8303,CC(C)C12CC(C1)C=C2,CC(C)C12C=CC(C1)C2,2
8304,CC1CC2COC(=O)C12,CC1CC2COC(=O)C12,4
8305,Cc1c(=O)onc(n1)F,Cc1nc(F)noc1=O,4
8306,CCC(CO)C1CC1,CCC(CO)C1CC1,0
8307,OC1C2NC(=O)C=CC12,O=C1C=CC2C(O)C2N1,0
8308,OCC1CCC1=O,O=C1CCC1CO,0
8309,O=C1CC(O1)C#C,C#CC1CC(=O)O1,4
8310,CC(O)C1=CNN=N1,CC(O)c1c[nH]nn1,2
8311,CC1(CC1C1CO1)C#N,CC1(C#N)CC1C1CO1,1
8312,CC(O)C1C(C)C1O,CC(O)C1C(C)C1O,2
8313,COCC12CC1N1CC21,COCC12CC1N1CC12,3
8314,Cc1[nH]c2c(n1)c[nH]n2,Cc1nc2c[nH]nc2[nH]1,2
8315,CC12CC1C1CC(C2)O1,CC12CC3CC(O3)C1C2,1
8316,CC1=CC2CC1C2(C)C,CC1=CC2CC1C2(C)C,0
8317,CC#CCc1ncco1,CC#CCc1ncco1,2
8318,CC(C=O)C(CO)C#C,C#CC(CO)C(C)C=O,4
8319,NC1=CC(=N)N=C(F)N1,N=c1cc(N)[nH]c(F)n1,1
8320,Cc1cc(n(n1)C)NC,CNc1cc(C)nn1C,4
8321,COc1c([nH]nc1N)N,COc1c(N)n[nH]c1N,1
8322,O=C1CC2COC(C2)O1,O=C1CC2COC(C2)O1,0
8323,C#CC1CC2OCOC12,C#CC1CC2OCOC12,0
8324,O=C1NC23COC2C1C3,O=C1NC23COC2C1C3,0
8325,CN=C1OC2CNC12C,CN=C1OC2CNC12C,2
8326,OC1C(O)C11CCC1,OC1C(O)C12CCC2,2
8327,C12CC34CC(O3)C4(C1)C2,C1C2CC3(C2)C2CC13O2,3
8328,CCC1(CCC1)CC#N,CCC1(CC#N)CCC1,4
8329,CC(C=O)C(C)=O,CC(=O)C(C)C=O,3
8330,CC(CO)CC1CC1O,CC(CO)CC1CC1O,4
8331,CN1C(=N)OCOC1=N,CN1C(=N)OCOC1=N,3
8332,CC(=O)N1CCC=C1,CC(=O)N1C=CCC1,1
8333,C1C2OCC3=C2C1OC3,C1OC2CC3OCC1=C23,1
8334,CCc1cc[nH]c1CO,CCc1cc[nH]c1CO,3
8335,C1CC11N=COC2CC12,C1=NC2(CC2)C2CC2O1,0
8336,CCC(O)C(O)CC,CCC(O)C(O)CC,1
8337,Cc1c[nH]c2c1nc[nH]2,Cc1c[nH]c2[nH]cnc12,4
8338,CC(O)C(O)C1CC1,CC(O)C(O)C1CC1,2
8339,CCC1NC1C(O)C#C,C#CC(O)C1NC1CC,1
8340,NC(=O)C1CN1C=O,NC(=O)C1CN1C=O,4
8341,CC1OCCC2(C)NC12,CC1OCCC2(C)NC12,3
8342,CC12CC(O)(C#N)C1N2,CC12CC(O)(C#N)C1N2,0
8343,CC1OC(=O)C11CC1O,CC1OC(=O)C12CC2O,3
8344,C1C23OCOC12C1OC31,C1OC23CC2(O1)C1OC13,1
8345,CC1C(C)(O)C1(C)C#C,C#CC1(C)C(C)C1(C)O,4
8346,CN1N=COC(=N)C1=N,Cn1ncoc(=N)c1=N,2
8347,CC1C(COC1=O)C#C,C#CC1COC(=O)C1C,4
8348,C#CC1CC2CC1C2,C#CC1CC2CC1C2,4
8349,CC1=CC2CCC=C2C1,CC1=CC2CCC=C2C1,3
8350,CCC12CC(C1O)C2=O,CCC12CC(C1=O)C2O,3
8351,CC1COC(CO1)C=O,CC1COC(C=O)CO1,2
8352,CCC1COCC1CO,CCC1COCC1CO,0
8353,CC1(N)C(OC1=N)C#N,CC1(N)C(=N)OC1C#N,1
8354,CC1(C)C2CNC(=O)C12,CC1(C)C2CNC(=O)C21,3
8355,CC1OCOC(=O)C1O,CC1OCOC(=O)C1O,3
8356,OC12CCC3C(C1)OC23,OC12CCC3C(C1)OC32,1
8357,CC1CC(O)CC1(C)O,CC1CC(O)CC1(C)O,4
8358,CCc1nc(c(o1)N)C,CCc1nc(C)c(N)o1,4
8359,O=CC1C=CC=CC=C1,O=CC1C=CC=CC=C1,1
8360,COC12CC(C)C1C2O,COC12CC(C)C1C2O,2
8361,COC1C(O)C1OC,COC1C(O)C1OC,3
8362,CCC1CCNC(=O)O1,CCC1CCNC(=O)O1,0
8363,CC1CC(O)C2OC12,CC1CC(O)C2OC12,0
8364,c1c[nH]c2c1[nH]nc2,c1cc2[nH]ncc2[nH]1,1
8365,OC12C3C4C3C1(C#N)C24,N#CC12C3C4C3C1(O)C42,0
8366,Cn1c(ccn1)C=O,Cn1nccc1C=O,3
8367,CCOC1CCCC1C,CCOC1CCCC1C,0
8368,OCC1CC=CCO1,OCC1CC=CCO1,0
8369,C1CCOC(=O)C=CC1,O=C1C=CCCCCO1,0
8370,CC1=CCN2CC12C#N,CC1=CCN2CC12C#N,0
8371,C1CC1(CCO)CC=O,O=CCC1(CCO)CC1,4
8372,CC1(CO1)C1=NNC=C1,CC1(c2cc[nH]n2)CO1,2
8373,O=CC1=CCC2CC2C1,O=CC1=CCC2CC2C1,2
8374,c1cn2c(cnc2[nH]1)O,Oc1cnc2[nH]ccn12,2
8375,O=C1COC2C3OC2C13,O=C1COC2C3OC2C13,0
8376,N#CC1CC2NC2CN1,N#CC1CC2NC2CN1,2
8377,CC#CC1C2CN1C2C,CC#CC1C2CN1C2C,2
8378,CC(=N)OC(=O)C(N)=N,CC(=N)OC(=O)C(=N)N,3
8379,O=C1OC2OCC3C2N13,O=C1OC2OCC3C2N13,2
8380,CC1C(O)CC11CC1O,CC1C(O)CC12CC2O,3
8381,CN(C=O)C1COC1=O,CN(C=O)C1COC1=O,3
8382,CC1C2OCC1(C)C2O,CC1C2OCC1(C)C2O,4
8383,c1cn2c(n1)ncnn2,c1cn2nncnc2n1,0
8384,Cc1cn(nn1)C2CC2,Cc1cn(C2CC2)nn1,1
8385,O=C1CC2C1OC21CC1,O=C1CC2C1OC21CC1,0
8386,CC1CCC(C#N)N1C,CC1CCC(C#N)N1C,1
8387,OC12COCC1C2C=O,O=CC1C2COCC12O,2
8388,C1CC12CC3(C2=O)CC3,O=C1C2(CC2)CC12CC2,2
8389,CC12CC(C1)C=CCC2,CC12CCC=CC(C1)C2,3
8390,C(CO)COCCC=O,O=CCCOCCCO,4
8391,CC1=NC2(CC2O)CO1,CC1=NC2(CO1)CC2O,2
8392,CC1=CC2C=CCC2C1,CC1=CC2C=CCC2C1,3
8393,O=C1CC2(CC2)C2NC12,O=C1CC2(CC2)C2NC12,4
8394,CC1CC(C)=C(C)C1=O,CC1=C(C)C(=O)C(C)C1,0
8395,CC12CC1(O)CNC2=O,CC12CC1(O)CNC2=O,4
8396,O=CC1NC=NC1C=O,O=CC1N=CNC1C=O,4
8397,CCC1(C)CC(CO)C1,CCC1(C)CC(CO)C1,3
8398,CCC1CC(O)CO1,CCC1CC(O)CO1,1
8399,CC1OC(=N)C=C1N,CC1OC(=N)C=C1N,0
8400,Cc1cc([nH]n1)C#N,Cc1cc(C#N)[nH]n1,1
8401,CCCN1C2CC2C1=O,CCCN1C(=O)C2CC21,4
8402,OCCC1CC(=N)O1,N=C1CC(CCO)O1,0
8403,CC(NC(C)C#N)C=O,CC(C#N)NC(C)C=O,0
8404,CC(=O)Nc1cnoc1,CC(=O)Nc1cnoc1,1
8405,C1NC1C1=CCCCC1,C1=C(C2CN2)CCCC1,3
8406,CC12CC1(CC2)N1CC1,CC12CCC1(N1CC1)C2,4
8407,OC(CC1CCC1)C#N,N#CC(O)CC1CCC1,3
8408,c1c2c(n[nH]1)CN=C2N,NC1=NCc2n[nH]cc21,1
8409,O=C1NC2CC11OCC21,O=C1NC2CC13OCC23,0
8410,OCC12CC1OC2,OCC12COC1C2,1
8411,CCC1=C(CCC1=O)N,CCC1=C(N)CCC1=O,0
8412,Cc1cccn1C,Cc1cccn1C,0
8413,C(c1c([nH]c(=O)o1)N)O,Nc1[nH]c(=O)oc1CO,4
8414,O=C1CC2(C1)C1CN2C1,O=C1CC2(C1)C1CN2C1,4
8415,C[NH2+]C(CN)CC([O-])=O,C[NH2+]C(CN)CC(=O)[O-],4
8416,CCC1(CC1)C(O)CO,CCC1(C(O)CO)CC1,2
8417,COC1C2CNC12C#N,COC1C2CNC21C#N,1
8418,c1c[nH]nc1OC(=O)N,NC(=O)Oc1cc[nH]n1,0
8419,CC(C)C1OC1C(N)=O,CC(C)C1OC1C(N)=O,0
8420,c1c(c[nH]c1C=O)CO,O=Cc1cc(CO)c[nH]1,4
8421,Cc1cccn1C2CC2,Cc1cccn1C1CC1,3
8422,O=CCC1OCC11CN1,O=CCC1OCC12CN2,3
8423,CC(O)C1=CCNC1=O,CC(O)C1=CCNC1=O,1
8424,OCC1C2CN3CC1C23,OCC1C2CN3CC1C23,0
8425,CC(O)C1CC11CCC1,CC(O)C1CC12CCC2,2
8426,CCc1c(nco1)C,CCc1ocnc1C,3
8427,C#CCNc1cnco1,C#CCNc1cnco1,1
8428,COCC12C3C4C1N4C23,COCC12C3C4C1N4C32,1
8429,CCC#CCC1(C)CN1,CCC#CCC1(C)CN1,2
8430,C#CC(C#C)N1CC1,C#CC(C#C)N1CC1,1
8431,OCC12CC(CC1O)O2,OCC12CC(CC1O)O2,3
8432,CC1OC(=N)CC1=NO,CC1OC(=N)CC1=NO,3
8433,N=C1OC(=O)C2CC12,N=C1OC(=O)C2CC12,0
8434,C1OC2C=CC3OC3C12,C1=CC2OC2C2COC12,2
8435,N#CCC1OCC11CO1,N#CCC1OCC12CO2,3
8436,COC1(CC1O)C1CN1,COC1(C2CN2)CC1O,4
8437,NC1=NC2C3OC1C23,NC1=NC2C3OC1C23,1
8438,CC12CC1CC2=NO,CC12CC1CC2=NO,1
8439,CC1(CC=CCCO1)C,CC1(C)CC=CCCO1,3
8440,C(C#N)N=CNC=O,N#CCN=CNC=O,4
8441,CC1C(O)C(=O)CN1C,CC1C(O)C(=O)CN1C,2
8442,CC12C3CC1CCOC23,CC12C3CCOC1C2C3,0
8443,CC1=CC2CC3C(O2)C13,CC1=CC2CC3C(O2)C13,3
8444,CC1C(C)C11CN2CC12,CC1C(C)C12CN1CC12,1
8445,CCCC(=O)NC=N,CCCC(=O)NC=N,4
8446,OCC1(CC#N)CN1,N#CCC1(CO)CN1,3
8447,C1C2C1C1C2CC11CO1,C1C2C1C1C2CC12CO2,1
8448,c1c(=NO)c(con1)N,Nc1concc1=NO,0
8449,N#CC1CCC2(CC2)N1,N#CC1CCC2(CC2)N1,3
8450,C(=O)C(=O)C(=N)NC=O,N=C(NC=O)C(=O)C=O,1
8451,CCC1OCC11NC1C,CCC1OCC12NC2C,1
8452,N=C1OCOC1CC#N,N#CCC1OCOC1=N,2
8453,CCCN(C)C(=O)C,CCCN(C)C(C)=O,0
8454,OC1CC(NC=O)C1O,O=CNC1CC(O)C1O,1
8455,O=C1C=CC2C3CC1C23,O=C1C=CC2C3CC1C23,3
8456,CNC(COC)CC#N,CNC(CC#N)COC,1
8457,CC1(CO)CN1CC#C,C#CCN1CC1(C)CO,3
8458,CC1CC11OCC=C1,CC1CC12C=CCO2,1
8459,CC(C)(C1(CC1)C=O)O,CC(C)(O)C1(C=O)CC1,1
8460,Cc1cc(co1)COC,COCc1coc(C)c1,4
8461,CC1C2CCC1C21CO1,CC1C2CCC1C21CO1,0
8462,CC1(C)CCCC1O,CC1(C)CCCC1O,3
8463,CC#Cc1c([nH]nn1)N,CC#Cc1nn[nH]c1N,1
8464,OCC1C2CC(=O)NC12,O=C1CC2C(CO)C2N1,3
8465,c1cn2c(cc1=O)CC2,O=c1ccn2c(c1)CC2,1
8466,CC1(C#N)C2CN1C2,CC1(C#N)C2CN1C2,1
8467,COC1C2NC2C=C1C,COC1C(C)=CC2NC21,4
8468,c1cn(c(c1N)O)C=O,Nc1ccn(C=O)c1O,1
8469,NC1=NC2(CC2)C2OC12,NC1=NC2(CC2)C2OC12,1
8470,c1c(ncc(n1)F)O,Oc1cnc(F)cn1,0
8471,N=COC1=CN=CO1,N=COc1cnco1,0
8472,CNC(CC#N)C1CN1,CNC(CC#N)C1CN1,3
8473,CC12CC1(O)C(=O)C2,CC12CC(=O)C1(O)C2,2
8474,CC(C(N)C#N)N(C)C,CC(C(N)C#N)N(C)C,0
8475,OCC(=O)C1C2COC12,O=C(CO)C1C2COC21,2
8476,CC1OC23CCC12OC3,CC1OC23CCC12OC3,2
8477,CC1NC(C)C1(N)C#N,CC1NC(C)C1(N)C#N,2
8478,C1C2C1C1OC1C1NC21,C1C2C1C1OC1C1NC21,2
8479,C#CC12C3CCC1OC23,C#CC12C3CCC1C2O3,3
8480,CC1C2CC2(C)C1C#N,CC1C(C#N)C2(C)CC12,0
8481,O=CC12NC1C1CC2C1,O=CC12NC1C1CC2C1,0
8482,C1NC1C1=NC=NN=N1,c1nnnc(C2CN2)n1,3
8483,Cn1c(c(cn1)CO)O,Cn1ncc(CO)c1O,1
8484,N#CCC1(CO1)C1CO1,N#CCC1(C2CO2)CO1,3
8485,CC1CC2(CC12)C#N,CC1CC2(C#N)CC12,3
8486,CN(C)c1nc([nH]n1)N,CN(C)c1n[nH]c(N)n1,1
8487,CC1(CCC1)CC#N,CC1(CC#N)CCC1,4
8488,CCCC1CC(O)C1=O,CCCC1CC(O)C1=O,0
8489,O=C1COC2C3CC12O3,O=C1COC2C3CC12O3,2
8490,OC1CCN=COC1=O,O=C1OC=NCCC1O,1
8491,OCC1CC(O)C11CO1,OCC1CC(O)C12CO2,3
8492,C1CN1CC(=O)CC=O,O=CCC(=O)CN1CC1,2
8493,CCn1cc([nH]c1=O)N,CCn1cc(N)[nH]c1=O,2
8494,C#Cc1cc([nH]c1)O,C#Cc1c[nH]c(O)c1,4
8495,CC(C)C1CC1CC#N,CC(C)C1CC1CC#N,2
8496,c1c(c(=O)[nH]c(n1)F)N,Nc1cnc(F)[nH]c1=O,0
8497,CC1OCC2(C)NC12C,CC1OCC2(C)NC12C,2
8498,CC(C#N)C(C)=O,CC(=O)C(C)C#N,3
8499,CC1C(=O)C(O)C11CO1,CC1C(=O)C(O)C12CO2,0
8500,CC(C)C12CC1C(=O)N2,CC(C)C12CC1C(=O)N2,2
8501,CCC1OC(=N)C(C)=C1,CCC1C=C(C)C(=N)O1,0
8502,O=CC12CC1NC2C#N,N#CC1NC2CC12C=O,3
8503,CCC12OC1C1CC2C1,CCC12OC1C1CC2C1,3
8504,CC(O)C(=O)CC#C,C#CCC(=O)C(C)O,1
8505,CC(=N)N1C=NCC1=N,CC(=N)N1C=NCC1=N,2
8506,CCC1CN=COC1=O,CCC1CN=COC1=O,2
8507,CC1(C)OCC2OC12,CC1(C)OCC2OC21,1
8508,CN=COc1ccc[nH]1,CN=COc1ccc[nH]1,2
8509,COC12CC3OC1CC23,COC12CC3OC1CC32,3
8510,O=C1CC2CC(C1)C=C2,O=C1CC2C=CC(C1)C2,0
8511,CC12CC(C)(C)C1(C)N2,CC1(C)CC2(C)NC12C,2
8512,O=CCC1CC(O1)C=O,O=CCC1CC(C=O)O1,4
8513,COC1(C)COC1=O,COC1(C)COC1=O,2
8514,CC1(C)N2CCC2C1=O,CC1(C)C(=O)C2CCN21,3
8515,CN1CC2C1C2(O)C#N,CN1CC2C1C2(O)C#N,0
8516,CCC1(C)CC=CCO1,CCC1(C)CC=CCO1,3
8517,CC(N)C(NC=O)C#N,CC(N)C(C#N)NC=O,3
8518,CC12CCCC(O)C1N2,CC12CCCC(O)C1N2,4
8519,CC(C)CC1CN1C,CC(C)CC1CN1C,3
8520,OCC1=CC2CC1C2O,OCC1=CC2CC1C2O,1
8521,CC1=CC(O)CC1(C)O,CC1=CC(O)CC1(C)O,2
8522,COCCC(OC)C=O,COCCC(C=O)OC,4
8523,CC12OC3C=CC1OC23,CC12OC3C=CC1OC32,2
8524,CC1(O)COC(=O)C1N,CC1(O)COC(=O)C1N,1
8525,OC1CCCC(O)CC1,OC1CCCC(O)CC1,3
8526,Cc1c(con1)NC,CNc1conc1C,4
8527,COC1(CCC=C1)C=O,COC1(C=O)C=CCC1,0
8528,CCCC1=COC(=N)O1,CCCc1coc(=N)o1,3
8529,O=C1NC2C3CC2C1O3,O=C1NC2C3CC2C1O3,4
8530,CN1C(=N)OC(O)=C1O,Cn1c(O)c(O)oc1=N,1
8531,CCC1C(CO)C1(C)O,CCC1C(CO)C1(C)O,1
8532,CC1C2C(O)C1C21CN1,CC1C2C(O)C1C21CN1,4
8533,CC1=C(F)C(=N)C=NN1,Cc1[nH]ncc(=N)c1F,2
8534,C1CC1(C#N)C(=O)N,N#CC1(C(N)=O)CC1,2
8535,CC(=O)Nc1cnon1,CC(=O)Nc1cnon1,4
8536,C1CC2OCOC3C1C23,C1OC2CCC3C(O1)C23,1
8537,N#CC1(CCC1)C1CN1,N#CC1(C2CN2)CCC1,0
8538,CCC1C(C)C1(O)C#C,C#CC1(O)C(C)C1CC,0
8539,O=CCNC1C2COC12,O=CCNC1C2COC21,0
8540,NC(C#N)C1=CCCC1,N#CC(N)C1=CCCC1,3
8541,CC1(O)C2CC(C#C)C12,C#CC1CC2C1C2(C)O,4
8542,C1OC2C3OC1C2C=C3,C1=CC2C3COC2C1O3,3
8543,Cc1c(nccn1)C,Cc1nccnc1C,3
8544,N=COCCCCC#N,N#CCCCCOC=N,1
8545,OC1CC2CC3COC123,OC1CC2CC3COC132,4
8546,CC1(CCN(C1)C=O)C,CC1(C)CCN(C=O)C1,1
8547,CC1CN1C1CCC=C1,CC1CN1C1C=CCC1,2
8548,CCC1=CCCC1(C)O,CCC1=CCCC1(C)O,0
8549,CC12OC1C1OC=NC21,CC12OC1C1OC=NC12,0
8550,CC1CN2CC2C(=O)C1,CC1CC(=O)C2CN2C1,1
8551,CCCC#CCC(C)O,CCCC#CCC(C)O,4
8552,CCOC(=N)NC=O,CCOC(=N)NC=O,3
8553,CC1C2OC3(CC3O)C12,CC1C2OC3(CC3O)C12,2
8554,CC(C=O)C1OC1C,CC(C=O)C1OC1C,4
8555,CC(O)(CC1CO1)C#N,CC(O)(C#N)CC1CO1,0
8556,CN1C2C=CC1C2C=O,CN1C2C=CC1C2C=O,3
8557,OCC1(NCC1=O)C#C,C#CC1(CO)NCC1=O,2
8558,OCC1NC1CC1CC1,OCC1NC1CC1CC1,2
8559,O=CC1C2NC2C11CO1,O=CC1C2NC2C12CO2,0
8560,OC1CCC2COC1O2,OC1CCC2COC1O2,3
8561,CC(O)C(CO)C=O,CC(O)C(C=O)CO,3
8562,OC12CCC(CC1)C2=O,O=C1C2CCC1(O)CC2,4
8563,OC1=NNN=C1OC=N,N=COc1n[nH]nc1O,2
8564,CC1OC2CCC1OC2,CC1OC2CCC1OC2,4
8565,CC12CC(C1)(CC2)C#N,CC12CCC(C#N)(C1)C2,0
8566,C1CC23COC2=NCC13,C1CC23COC2=NCC13,1
8567,CN(C=O)C(=O)OC,COC(=O)N(C)C=O,2
8568,CCC1(CO)NC1C,CCC1(CO)NC1C,3
8569,CC1OC2C1C2(O)CO,CC1OC2C1C2(O)CO,0
8570,O=C1CN2CC12CC#N,N#CCC12CN1CC2=O,4
8571,Cc1cocc(c1=O)O,Cc1cocc(O)c1=O,2
8572,c1c[nH]c2c1ccnc2,c1cc2cc[nH]c2cn1,2
8573,NC(=O)C1NCC1=O,NC(=O)C1NCC1=O,3
8574,CC1(CO)CC2(CO2)C1,CC1(CO)CC2(CO2)C1,2
8575,COCCC(C)C1CO1,COCCC(C)C1CO1,0
8576,Cc1cncnc1OC,COc1ncncc1C,2
8577,Cc1cnc(o1)C#N,Cc1cnc(C#N)o1,2
8578,CN1C=CN=C1OC=N,Cn1ccnc1OC=N,0
8579,OC1CN2C3CC12CC3,OC1CN2C3CCC12C3,4
8580,CC(C=O)N1C=CN=C1,CC(C=O)n1ccnc1,2
8581,C1CC1C1CC2CC12,C1CC1C1CC2CC21,4
8582,O=C1CNC2CC2C1=O,O=C1CNC2CC2C1=O,0
8583,CC12CC(O1)C1CC2O1,CC12CC(O1)C1CC2O1,0
8584,CC(C#C)C1=CN=NN1,C#CC(C)c1cnn[nH]1,0
8585,OCC12CCC1CCO2,OCC12CCC1CCO2,2
8586,CC(C)(CO)NC(=O)N,CC(C)(CO)NC(N)=O,4
8587,CC(O)C1=CON=C1N,CC(O)c1conc1N,3
8588,OC1=C(OC=N)C=CN1,N=COc1cc[nH]c1O,2
8589,CN1C(=N)NN=CC1=O,Cn1c(=O)cn[nH]c1=N,4
8590,C[NH2+]CC1=COC([O-])=N1,C[NH2+]Cc1coc([O-])n1,4
8591,C#CC#Cc1ncon1,C#CC#Cc1ncon1,4
8592,CC12COCC1(C)O2,CC12COCC1(C)O2,4
8593,CCNc1ccnn1C,CCNc1ccnn1C,0
8594,CC1COC1(C)C(C)=O,CC(=O)C1(C)OCC1C,1
8595,OCC1(O)C2C3NC3C12,OCC1(O)C2C3NC3C21,2
8596,CC1OCC(=N)NC1=N,CC1OCC(=N)NC1=N,0
8597,CC([NH3+])CC#CC([O-])=O,CC([NH3+])CC#CC(=O)[O-],3
8598,OC1CC1CC#CC=O,O=CC#CCC1CC1O,2
8599,NC1=C(OC(=N)N1)C=O,N=c1[nH]c(N)c(C=O)o1,0
8600,CCC1OCCN=CO1,CCC1OC=NCCO1,3
8601,CC1OCCC=C1CO,CC1OCCC=C1CO,3
8602,Cc1cc(co1)C(=O)C,CC(=O)c1coc(C)c1,4
8603,CC1C=CC2(CC12)C#N,CC1C=CC2(C#N)CC12,4
8604,OCC1C2C3CC3C12,OCC1C2C3CC3C12,4
8605,C1C2COC3=NCCC123,C1CC23CC2COC3=N1,0
8606,OC(C=O)C12CC1CC2,O=CC(O)C12CCC1C2,1
8607,O=CC1C2CN1C2C#C,C#CC1C2CN1C2C=O,3
8608,CC#CC(O)CCC#C,C#CCCC(O)C#CC,0
8609,CCC1=CCCC(=O)N1,CCC1=CCCC(=O)N1,4
8610,CC(C=O)N1CC1C=O,CC(C=O)N1CC1C=O,1
8611,COC1C2CC1CCC2,COC1C2CCCC1C2,4
8612,CC1CC2(O)C3CC2C13,CC1CC2(O)C3CC2C13,1
8613,OC1CCCC1C=O,O=CC1CCCC1O,0
8614,C1C2CC3CC=CC13O2,C1=CC23CC(CC2C1)O3,4
8615,OCC12CC=C3CN1C23,OCC12CC=C3CN1C32,0
8616,CN1CC1C(=O)C1CC1,CN1CC1C(=O)C1CC1,0
8617,CC1C(O)C1CCC#N,CC1C(O)C1CCC#N,2
8618,CC(=O)C1=NCCCO1,CC(=O)C1=NCCCO1,4
8619,CC1CN2CC2CC1=O,CC1CN2CC2CC1=O,1
8620,N=C1NC(=O)C2CC1C2,N=C1NC(=O)C2CC1C2,1
8621,OC1CC2(CN2)CC=C1,OC1C=CCC2(CN2)C1,2
8622,C1c2c(oc(=O)o2)CO1,O=c1oc2c(o1)COC2,0
8623,C#CC(COC=O)C#C,C#CC(C#C)COC=O,1
8624,C1CC1(C=O)C#N,N#CC1(C=O)CC1,3
8625,O=C1NCCC1CC#C,C#CCC1CCNC1=O,2
8626,CC(C)C1N=COC1=O,CC(C)C1N=COC1=O,2
8627,N#CC1CCC2(CO2)C1,N#CC1CCC2(CO2)C1,2
8628,CCCC1=NOC(=N)O1,CCCc1noc(=N)o1,2
8629,O=CN1CCC2(CO2)C1,O=CN1CCC2(CO2)C1,2
8630,C1C2OC3=CN=CN3C12,c1ncn2c1OC1CC12,1
8631,CC(C)(COC=O)C=O,CC(C)(C=O)COC=O,1
8632,C1C2OC3C4COC13C24,C1OC23CC4OC2C1C43,2
8633,CCC1OC(C)C1=NO,CCC1OC(C)C1=NO,3
8634,C1CN1CC#CC=O,O=CC#CCN1CC1,4
8635,O=C1C2CC3C2OC13,O=C1C2CC3C1OC23,0
8636,CC(C)C#CC(C)(C)O,CC(C)C#CC(C)(C)O,3
8637,CCC1=NC2CC2(C)O1,CCC1=NC2CC2(C)O1,2
8638,CC1(CO)CC(CO)C1,CC1(CO)CC(CO)C1,0
8639,CC1(CN1)C(N)=O,CC1(C(N)=O)CN1,0
8640,COC1CC2CC1O2,COC1CC2CC1O2,2
8641,COC(C=O)C1CC1O,COC(C=O)C1CC1O,1
8642,CC1COC(=O)OC1C,CC1COC(=O)OC1C,3
8643,CC1(OCC1=NO)C=O,CC1(C=O)OCC1=NO,2
8644,CC(C)c1cc(n[nH]1)N,CC(C)c1cc(N)n[nH]1,0
8645,COCC1OC(C)C1C,COCC1OC(C)C1C,1
8646,CCOC(C)CC1CC1,CCOC(C)CC1CC1,4
8647,OC1CCCC1C#C,C#CC1CCCC1O,0
8648,C(C=O)C(=O)NCC#N,N#CCNC(=O)CC=O,3
8649,CCC1(CC1)CO,CCC1(CO)CC1,4
8650,CC12COC1(CO2)C#N,CC12COC1(C#N)CO2,4
8651,c1c(c(nc(n1)N)N)O,Nc1ncc(O)c(N)n1,2
8652,OC1CCCC2CC1C2,OC1CCCC2CC1C2,3
8653,CNC12COC1=NCC2,CNC12CCN=C1OC2,2
8654,N#CC1C2CC3CN3C12,N#CC1C2CC3CN3C12,3
8655,CC1OC(=N)C1(C)C#C,C#CC1(C)C(=N)OC1C,3
8656,CC1(COC(N)=O)CN1,CC1(COC(N)=O)CN1,2
8657,CC1OC2C(OC=O)C12,CC1OC2C(OC=O)C12,0
8658,CCC(O)C(=O)CC#C,C#CCC(=O)C(O)CC,1
8659,COC(C)C(C)C(N)=O,COC(C)C(C)C(N)=O,1
8660,c1c(c[nH]c1CO)CO,OCc1c[nH]c(CO)c1,0
8661,C1C2CCCC3CCC123,C1CC2CCC23CC3C1,2
8662,OC12CC3C1C2OC3=O,O=C1OC2C3C1CC23O,2
8663,C1CC1OCCCC#N,N#CCCCOC1CC1,2
8664,CCC1NC1(C#C)C#N,C#CC1(C#N)NC1CC,2
8665,C1C2NC2C2=NON=C12,C1c2nonc2C2NC12,1
8666,CC12CC1C(CO)CO2,CC12CC1C(CO)CO2,3
8667,NCC1N=CNC1C#N,N#CC1NC=NC1CN,2
8668,C(=O)n1c(c(nn1)N)N,Nc1nnn(C=O)c1N,3
8669,CC(=O)c1cc(c[nH]1)O,CC(=O)c1cc(O)c[nH]1,4
8670,CC(C)(c1c[nH]cn1)O,CC(C)(O)c1c[nH]cn1,0
8671,Cn1c(cnc1O)C#C,C#Cc1cnc(O)n1C,4
8672,CC1=COC(=N)C(C)=C1,Cc1coc(=N)c(C)c1,0
8673,CCC(C)OCC(C)C,CCC(C)OCC(C)C,0
8674,OCC1NC1C#CC#N,N#CC#CC1NC1CO,2
8675,CC(C)(CC=O)C#N,CC(C)(C#N)CC=O,2
8676,CCc1[nH]c(c(n1)O)O,CCc1nc(O)c(O)[nH]1,1
8677,O=COC1CC2NC2C1,O=COC1CC2NC2C1,2
8678,CC1=NC(F)=COC1=N,Cc1nc(F)coc1=N,2
8679,Cc1cc2c([nH]1)OCO2,Cc1cc2c([nH]1)OCO2,0
8680,COCC(C)(O)C1CC1,COCC(C)(O)C1CC1,1
8681,C[NH2+]CC(=N[O-])C1CN1,C[NH2+]CC(=N[O-])C1CN1,2
8682,C#CC#CC1=CCCC1,C#CC#CC1=CCCC1,3
8683,CC1(O)C(O)C(O)C1=O,CC1(O)C(=O)C(O)C1O,3
8684,CC12CC1OCC2(C)C,CC1(C)COC2CC21C,2
8685,Cc1c(nn[nH]1)C(=N)N,Cc1[nH]nnc1C(=N)N,3
8686,CCCOC=NCCO,CCCOC=NCCO,3
8687,CC(C=O)C1C(C)C1O,CC(C=O)C1C(C)C1O,1
8688,CC1C=CC2CC(=O)N12,CC1C=CC2CC(=O)N12,0
8689,CCC(CC)OCC=O,CCC(CC)OCC=O,3
8690,COC1CCC=C1C#N,COC1CCC=C1C#N,3
8691,C1CC(C1)CC=O,O=CCC1CCC1,2
8692,CC12CC1C(C2)=NO,CC12CC(=NO)C1C2,2
8693,CC1CC1(CO)C1CO1,CC1CC1(CO)C1CO1,1
8694,NC1(C#N)C2CC1CC2,N#CC1(N)C2CCC1C2,4
8695,N=C1OC2C(C=O)C12,N=C1OC2C(C=O)C12,1
8696,O=CC1OC11CCCC1,O=CC1OC12CCCC2,4
8697,OC1C2C3CCCN2C13,OC1C2C3CCCN2C13,2
8698,OC1C2COC(=O)C12,O=C1OCC2C(O)C12,0
8699,CC1(C(O1)(CO)CO)C,CC1(C)OC1(CO)CO,0
8700,C1OC2C3C=CC12C=C3,C1=CC23C=CC1C2OC3,2
8701,CC1CC1(CO)CO,CC1CC1(CO)CO,2
8702,N#CC12COC3CN1C23,N#CC12COC3CN1C32,3
8703,OC1CC1(CC#C)C#C,C#CCC1(C#C)CC1O,3
8704,C1NC1C1=NC=CO1,c1coc(C2CN2)n1,1
8705,O=C1C2OC1C1CCC21,O=C1C2OC1C1CCC21,0
8706,C1OC23CN4CC(C12)C34,C1OC23CN4CC(C12)C43,3
8707,c1c[nH]cc1CCCO,OCCCc1cc[nH]c1,4
8708,CC1CC2C(OC12)C=O,CC1CC2C(C=O)OC12,2
8709,CC(O)C1NC1(C)CO,CC(O)C1NC1(C)CO,4
8710,CN=COC(=O)C(C)O,CN=COC(=O)C(C)O,1
8711,C1COCCO1,C1COCCO1,1
8712,CC12OC(=N)C3NC1C23,CC12OC(=N)C3NC1C32,4
8713,c1c(cn[nH]1)OCC=O,O=CCOc1cn[nH]c1,3
8714,CC1(CC1)C(=N)NC=O,CC1(C(=N)NC=O)CC1,1
8715,Cn1cc2c(n1)NCC2,Cn1cc2c(n1)NCC2,3
8716,CC12CC3CC(C1)C3O2,CC12CC3CC(C1)C3O2,2
8717,C(C=O)NC(=O)C(=O)N,NC(=O)C(=O)NCC=O,0
8718,CN=C1OCC1N,CN=C1OCC1N,2
8719,CC(NC(=N)C#N)C#N,CC(C#N)NC(=N)C#N,3
8720,O=CC1CC2OCOC12,O=CC1CC2OCOC12,0
8721,CC#CCC(=O)C(C)C,CC#CCC(=O)C(C)C,1
8722,C#CC1NC11CCC=C1,C#CC1NC12C=CCC2,2
8723,Cc1cnn(c1N)C=O,Cc1cnn(C=O)c1N,1
8724,C1C(CO1)NCC=O,O=CCNC1COC1,3
8725,CC(OC=N)C(C)C#C,C#CC(C)C(C)OC=N,2
8726,CC(=O)C(C)(O)C1CO1,CC(=O)C(C)(O)C1CO1,3
8727,CC1C2CN3C2C13C#N,CC1C2CN3C2C13C#N,0
8728,O=CC1C2CC(=O)C12,O=CC1C2CC(=O)C12,4
8729,CC1NC(=N)COC1=O,CC1NC(=N)COC1=O,3
8730,CC12C3N1C1CC2C3=C1,CC12C3CC4C=C3C1N42,2
8731,CCC12OC1CC2C#N,CCC12OC1CC2C#N,0
8732,COC12CC3C1C(C)C23,COC12CC3C1C(C)C32,4
8733,CNc1cnoc1,CNc1cnoc1,3
8734,O=C(CC1CCO1)C#C,C#CC(=O)CC1CCO1,1
8735,CC1OC2(COC2)C1=O,CC1OC2(COC2)C1=O,0
8736,CCC1C2CC=CC12,CCC1C2C=CCC21,2
8737,O=C1OC2COCC2O1,O=C1OC2COCC2O1,4
8738,CC1C=CCOC1(C)C,CC1C=CCOC1(C)C,1
8739,C[NH2+]C(C)(C)CC([O-])=O,C[NH2+]C(C)(C)CC(=O)[O-],0
8740,CC1C2CCC(C2)C1C,CC1C2CCC(C2)C1C,2
8741,N=C1NN=NN1C=O,N=c1[nH]nnn1C=O,1
8742,CC1(CO)C2OCC12O,CC1(CO)C2OCC21O,2
8743,OCC12CC(C1)(C2)C#N,N#CC12CC(CO)(C1)C2,3
8744,CC#CC(C=O)C1CN1,CC#CC(C=O)C1CN1,2
8745,O=C1NC2C3NC12C=C3,O=C1NC2C3C=CC12N3,2
8746,C1N2CC3C4OCC12C34,C1C2C3OCC4(CN14)C23,3
8747,CCCCC12CCC1O2,CCCCC12CCC1O2,4
8748,CC1=CCCOC1C=O,CC1=CCCOC1C=O,2
8749,C1CC2(C1)CC=CC2=O,O=C1C=CCC12CCC2,1
8750,N#CCNC1C2COC12,N#CCNC1C2COC21,1
8751,CCC(C)(C)N(C)C=O,CCC(C)(C)N(C)C=O,0
8752,C1CC23OC4(CCC24)C13,C1CC23OC4(CCC24)C13,2
8753,CCCc1[nH]nc(n1)O,CCCc1nc(O)n[nH]1,0
8754,OCC1C(CC1=O)C=O,O=CC1CC(=O)C1CO,4
8755,CC1C2CCC2C1C#C,C#CC1C(C)C2CCC12,3
8756,C1C2C3C4C3C3C4C1C23,C1C2C3C1C1C4C2C3C14,4
8757,CC1C(C)N1C(=N)C#N,CC1C(C)N1C(=N)C#N,1
8758,CC1CC2C3CC12OC3,CC1CC2C3COC12C3,3
8759,CN1C2C3CC3C12C#C,C#CC12C3CC3C1N2C,3
8760,c1c(con1)CC(=O)N,NC(=O)Cc1cnoc1,1
8761,CCC(O)CC(C)(C)O,CCC(O)CC(C)(C)O,3
8762,CCC1OC(=O)C1C,CCC1OC(=O)C1C,1
8763,CC1OC2C1N1CC21C,CC1OC2C1N1CC21C,4
8764,OC1CN2C=NC=C2C1,OC1Cc2cncn2C1,1
8765,O=C1CC2OC1CCO2,O=C1CC2OCCC1O2,1
8766,c1c(c(c(nn1)N)O)F,Nc1nncc(F)c1O,4
8767,CC(O)C1=CN=C(C)N1,Cc1ncc(C(C)O)[nH]1,4
8768,COC12CC1C=CC2C,COC12CC1C=CC2C,0
8769,NC(C[NH3+])C#CC([O-])=O,NC(C#CC(=O)[O-])C[NH3+],1
8770,c1c(nno1)CC(=O)N,NC(=O)Cc1conn1,1
8771,COc1c(nn[nH]1)N,COc1[nH]nnc1N,3
8772,C1CC11CC2=CCCC12,C1=C2CC3(CC3)C2CC1,2
8773,O=C1CCC2OC2C1=O,O=C1CCC2OC2C1=O,0
8774,c1cocc1C(=O)N,NC(=O)c1ccoc1,0
8775,CCCN(C)C(=O)C=O,CCCN(C)C(=O)C=O,1
8776,CC12OC1CC2(C)O,CC1(O)CC2OC21C,3
8777,OC1COC=NCC1O,OC1CN=COCC1O,2
8778,c1c2c(ncn1)CCC2,c1ncc2c(n1)CCC2,0
8779,C1C2OC3C2CC=CC13,C1=CC2CC3OC2C3C1,2
8780,CN1C(CO)C1C1CC1,CN1C(CO)C1C1CC1,3
8781,CC1(CC1)C(CO)C#N,CC1(C(C#N)CO)CC1,4
8782,O=C1CC2CNC12C#C,C#CC12NCC1CC2=O,0
8783,OCC1CCNC(=O)C1,O=C1CC(CO)CCN1,3
8784,C1C2CC3(CCC3)CN12,C1CC2(C1)CC1CN1C2,4
8785,O=C1NC2C3NC2C3O1,O=C1NC2C3NC2C3O1,3
8786,CC1CCC2C1OC2=N,CC1CCC2C(=N)OC12,3
8787,OC12CC1C1(O)COC21,OC12COC1C1(O)CC21,1
8788,CCN1CC(=NO)C1,CCN1CC(=NO)C1,3
8789,C1C2CC11OC1CCO2,C1CC2OC23CC(C3)O1,0
8790,OC12CC1CNC(=O)C2,O=C1CC2(O)CC2CN1,4
8791,C#CC1C2CCCCC12,C#CC1C2CCCCC12,3
8792,CC1CCCC1CCO,CC1CCCC1CCO,2
8793,O=C1CC2C3CN3C12,O=C1CC2C3CN3C12,3
8794,NC(CC#C)(C#C)C#N,C#CCC(N)(C#C)C#N,3
8795,Cc1nc(no1)CC=O,Cc1nc(CC=O)no1,3
8796,CN1C2C3C(C2=O)C13C,CN1C2C(=O)C3C2C31C,4
8797,OCC12C3CCC1OC23,OCC12C3CCC1C2O3,3
8798,OC(C#C)C1COC=N1,C#CC(O)C1COC=N1,0
8799,CC1(CCC(=O)O1)C#C,C#CC1(C)CCC(=O)O1,4
8800,CCC1C2C3CC2C13,CCC1C2C3CC2C13,4
8801,CCC12OC3C1C(C)C23,CCC12OC3C1C(C)C32,4
8802,OCCOC1CN2CC12,OCCOC1CN2CC12,4
8803,CC12OC3(CC1C23)C#C,C#CC12CC3C1C3(C)O2,1
8804,C1C23CCOC12CO3,C1CC23CC2(CO3)O1,2
8805,CCC(CO)OC=N,CCC(CO)OC=N,4
8806,CC12NC1C1(NC21)C#N,CC12NC1C1(C#N)NC21,1
8807,O=C1NC2CC11CCC21,O=C1NC2CC13CCC23,1
8808,CN1C=NC(=N)C(C)=C1,Cc1cn(C)cnc1=N,3
8809,C1OC23CC4C2COC134,C1OC23COC24CC3C14,0
8810,Cc1cc(cc(c1)N)N,Cc1cc(N)cc(N)c1,1
8811,C1CC(C1)CC#N,N#CCC1CCC1,1
8812,OC1(CC#C)C2CCC12,C#CCC1(O)C2CCC21,1
8813,N#CCC12C3CC1CC23,N#CCC12C3CC1C2C3,3
8814,OC12C3C4C3C1C=CC24,OC12C3C=CC1C1C3C12,4
8815,CCC1COCC=C1C,CCC1COCC=C1C,1
8816,Cn1ccn2c1ncn2,Cn1ccn2ncnc12,0
8817,C1CC12C=CNC2=O,O=C1NC=CC12CC2,1
8818,CC1COC11CC2CC12,CC1COC12CC1CC12,0
8819,c1cnc(c(=O)[nH]1)C=O,O=Cc1ncc[nH]c1=O,3
8820,C1OC2C3NC3COC12,C1OC2COC2C2NC12,2
8821,OC1CC1CC#CC#N,N#CC#CCC1CC1O,3
8822,O=C1C2CCN3CC2C13,O=C1C2CCN3CC2C13,1
8823,NC(C#N)C1(CN1)C#C,C#CC1(C(N)C#N)CN1,2
8824,CC#Cc1c(ocn1)N,CC#Cc1ncoc1N,0
8825,O=CC1CC2CC1CO2,O=CC1CC2CC1CO2,1
8826,C1OC23CC(C2)OC13,C1OC23CC(C2)OC13,3
8827,CC1=CC=CCCOC1,CC1=CC=CCCOC1,0
8828,COC1=NC(=N)NN=C1,COc1cn[nH]c(=N)n1,4
8829,CC1(CN1)C1(C)CCO1,CC1(C2(C)CCO2)CN1,2
8830,C1OC2CC3C4OC3C124,C1C2C3OC2C32COC12,4
8831,c1c(oc(n1)O)NC=N,N=CNc1cnc(O)o1,1
8832,CC1C2OCC3(CO3)C12,CC1C2OCC3(CO3)C12,4
8833,CC(C)CC1CN1C=O,CC(C)CC1CN1C=O,4
8834,CC12C3CC3C1(C)C2O,CC12C3CC3C1(C)C2O,2
8835,CC1CN1C(N)=O,CC1CN1C(N)=O,2
8836,CN=C1OC(=O)CC1O,CN=C1OC(=O)CC1O,4
8837,C#CC12CC(C#N)C1O2,C#CC12CC(C#N)C1O2,4
8838,CCC1OC2C(C#N)C12,CCC1OC2C(C#N)C12,2
8839,CN(C)C(=O)CCO,CN(C)C(=O)CCO,1
8840,CC(CC#C)C(O)C=O,C#CCC(C)C(O)C=O,1
8841,O=CC(=O)C1CN=CO1,O=CC(=O)C1CN=CO1,4
8842,CN1C2C3C4C3C2(C)C14,CN1C2C3C4C3C2(C)C41,0
8843,OCCC1CC2NC12,OCCC1CC2NC12,4
8844,Cc1nc(no1)N,Cc1nc(N)no1,3
8845,CCC1C(O)C2COC12,CCC1C(O)C2COC12,3
8846,CC1OCC(CO1)C=O,CC1OCC(C=O)CO1,0
8847,CC12CC1CCC(=N)O2,CC12CC1CCC(=N)O2,1
8848,N=C1NC(=O)OC2CC12,N=C1NC(=O)OC2CC12,3
8849,CC1(O)C2CC(C2)C1O,CC1(O)C2CC(C2)C1O,1
8850,CN1C2CC1C(CO)=C2,CN1C2C=C(CO)C1C2,3
8851,C1CC1Cc2n[nH]nn2,C1CC1Cc1nn[nH]n1,4
8852,c1c(=O)c(c([nH]n1)N)N,Nc1[nH]ncc(=O)c1N,3
8853,CC(O)CC1(CO1)C#C,C#CC1(CC(C)O)CO1,0
8854,C#CC12OC1C1NC21,C#CC12OC1C1NC12,2
8855,CC(CCCO)C1CO1,CC(CCCO)C1CO1,1
8856,C1NC2=NCCCOC12,C1CN=C2NCC2OC1,4
8857,NC(=O)CC(O)CC#N,N#CCC(O)CC(N)=O,3
8858,NC12CCC1(C#N)C2O,N#CC12CCC1(N)C2O,3
8859,COC(=N)N1N=CC=N1,COC(=N)n1nccn1,1
8860,CC1OCCC2CC12,CC1OCCC2CC21,3
8861,OC12CC(C1)CCC2,OC12CCCC(C1)C2,4
8862,COC1COC2CC12,COC1COC2CC12,0
8863,O=C1C2C3OC1COC23,O=C1C2COC3C(O2)C13,2
8864,CCC1CCOCOC1,CCC1CCOCOC1,0
8865,C#CC1=CNC(=O)CC1,C#CC1=CNC(=O)CC1,4
8866,CC(C)(C)OC1CC1O,CC(C)(C)OC1CC1O,1
8867,N#CC1C2COC1C=C2,N#CC1C2C=CC1OC2,2
8868,O=C1OCC11OCC=C1,O=C1OCC12C=CCO2,1
8869,CC1=C(CCOCC1)C,CC1=C(C)CCOCC1,4
8870,CC#CC12CN1C(=O)C2,CC#CC12CC(=O)N1C2,3
8871,C1CC11C2CCC1OC2,C1CC2OCC1C21CC1,0
8872,OC1C2CCC1C1CC21,OC1C2CCC1C1CC21,1
8873,CC(=O)C(=O)NC(=O)C,CC(=O)NC(=O)C(C)=O,1
8874,C#Cc1c2n(cn1)CC2,C#Cc1ncn2c1CC2,0
8875,CCC(O)C(OC)C#C,C#CC(OC)C(O)CC,4
8876,OCCC1C2CC2C1O,OCCC1C(O)C2CC12,0
8877,O=C(CCC#N)C1CN1,N#CCCC(=O)C1CN1,2
8878,Cc1c(con1)N(C)C,Cc1nocc1N(C)C,3
8879,c1c(ocn1)CC(=O)N,NC(=O)Cc1cnco1,0
8880,CCC12NC1C1NC21,CCC12NC1C1NC12,1
8881,CC1(CC=CC1)C=O,CC1(C=O)CC=CC1,2
8882,CC12C3CN1CCC2O3,CC12C3CCN1CC2O3,4
8883,C1=NC2C3N=CN1C23,C1=NC2C3N=CN1C23,4
8884,COC(=O)C1(N)CC1O,COC(=O)C1(N)CC1O,0
8885,CC1COCOC1CO,CC1COCOC1CO,1
8886,CC1(OCC2(O1)CC2)C,CC1(C)OCC2(CC2)O1,2
8887,CC1=NC=NC(=N)N=C1,Cc1cnc(=N)ncn1,0
8888,CC1C(O)C2(C)CC12C,CC1C(O)C2(C)CC12C,3
8889,c1ccc2c(c1)cc[nH]2,c1ccc2[nH]ccc2c1,1
8890,C1C2OC3CN1C2C=C3,C1=CC2C3CN2CC1O3,2
8891,OCC#CC1C2COC12,OCC#CC1C2COC12,0
8892,CNc1c[nH]nc1C#N,CNc1c[nH]nc1C#N,4
8893,N=C1OC2C=CC(=O)C12,N=C1OC2C=CC(=O)C12,2
8894,CCC12CC(C1)CCO2,CCC12CC(CCO1)C2,0
8895,C1CC11C2NC1C21CO1,C1CC12C1NC2C12CO2,3
8896,CC1COC(O1)C#C,C#CC1OCC(C)O1,3
8897,CC1CCC1C=O,CC1CCC1C=O,3
8898,CC#CCCCCC#N,CC#CCCCCC#N,4
8899,CC1(C)C2C3N1CC23O,CC1(C)C2C3N1CC32O,0
8900,C1CC2(CC2)C=CC=C1,C1=CCCC2(C=C1)CC2,0
8901,COCCCNC=O,COCCCNC=O,3
8902,OC12CC1C1C2OC1=N,N=C1OC2C1C1CC12O,2
8903,C1C2OCC3OCCC123,C1CC23CC2OCC3O1,1
8904,CC1(C)CCOC1C#C,C#CC1OCCC1(C)C,4
8905,CC(C)C(=O)C1COC1,CC(C)C(=O)C1COC1,3
8906,CC#CC1C(O)C1C#N,CC#CC1C(O)C1C#N,4
8907,CCC12C3NC3C1N2C,CCC12C3NC3C1N2C,4
8908,CCC(=O)COCC=O,CCC(=O)COCC=O,4
8909,CC1C2COC3C2C13O,CC1C2COC3C2C13O,3
8910,CC1CC1C(C=O)C#C,C#CC(C=O)C1CC1C,4
8911,CN=C1OCC(C)C1C,CN=C1OCC(C)C1C,4
8912,Cc1cc(ncc1F)O,Cc1cc(O)ncc1F,0
8913,CC1(CC1C#C)N1CC1,C#CC1CC1(C)N1CC1,4
8914,O=C(CC#C)C1CN1,C#CCC(=O)C1CN1,0
8915,OC1C2OC2C=C1C#C,C#CC1=CC2OC2C1O,3
8916,C1CC(=O)CCC1O,O=C1CCC(O)CC1,2
8917,CC12NC=NC1(C)C2O,CC12N=CNC1(C)C2O,2
8918,CCC(=O)C1OCC1O,CCC(=O)C1OCC1O,0
8919,CC(CCC#C)C#N,C#CCCC(C)C#N,3
8920,CC1NC1C(O)C#C,C#CC(O)C1NC1C,0
8921,CCN=CNC(=O)C=O,CCN=CNC(=O)C=O,1
8922,COC1=CC=COC1=N,COc1cccoc1=N,0
8923,C1C2C3CC4C3CC4N12,C1C2C3CC2N2CC2C13,4
8924,CC(=O)C1CN=CO1,CC(=O)C1CN=CO1,0
8925,c1c(c(=O)cncn1)N,Nc1cncncc1=O,4
8926,ON=C1CNC1C=O,O=CC1NCC1=NO,1
8927,C1OCC2C3OC3CC12,C1OCC2C1CC1OC12,2
8928,CN=C1OC(C)C2NC12,CN=C1OC(C)C2NC12,3
8929,C#CC1CC(C1)C1CO1,C#CC1CC(C2CO2)C1,1
8930,N=C1NC(=O)NCCO1,N=C1NC(=O)NCCO1,0
8931,O=CC1(OCC=C1)C#C,C#CC1(C=O)C=CCO1,3
8932,c1coc(=O)c(c1O)N,Nc1c(O)ccoc1=O,2
8933,C1CC(C1)C#CC2CC2,C(#CC1CC1)C1CCC1,3
8934,COCC(=O)C(=N)N,COCC(=O)C(=N)N,3
8935,CC(O)C12CC1OCO2,CC(O)C12CC1OCO2,1
8936,CCn1ccn(c1=O)C,CCn1ccn(C)c1=O,0
8937,N=C1OC2CC2O1,N=C1OC2CC2O1,3
8938,COCC12CN1C1CC21,COCC12CN1C1CC12,3
8939,CC#CC12CN1CC=C2,CC#CC12C=CCN1C2,3
8940,C[NH2+]CC1=C([O-])OC=N1,C[NH2+]Cc1ncoc1[O-],4
8941,O=CC12CC1(OC2)C=O,O=CC12COC1(C=O)C2,3
8942,O=C1CC23OC4C2OC134,O=C1CC23OC4C2OC143,3
8943,C(CNC=O)CNC=O,O=CNCCCNC=O,4
8944,CC1CN1C1CCC1,CC1CN1C1CCC1,3
8945,CNC1=NC=COC1=N,CNc1nccoc1=N,0
8946,CC12NC1C(O)C2C#C,C#CC1C(O)C2NC12C,3
8947,CN1C2CC1C2C(C)=O,CC(=O)C1C2CC1N2C,3
8948,CC12C3CN(C13)C2=O,CC12C(=O)N3CC1C32,1
8949,CC1(O)CC11CNC1=O,CC1(O)CC12CNC2=O,2
8950,CC1CC2=CCCC12O,CC1CC2=CCCC21O,2
8951,[NH3+]C1(CCCC1)C([O-])=O,[NH3+]C1(C(=O)[O-])CCCC1,0
8952,C#CC12CC1C1(CO1)C2,C#CC12CC1C1(CO1)C2,1
8953,CC12CC(O1)(C=O)C=C2,CC12C=CC(C=O)(C1)O2,1
8954,CC12CC34CCC(C13)N24,CC12CC34CCC(C13)N24,1
8955,OCC(CO)C(O)C#C,C#CC(O)C(CO)CO,1
8956,COC12CC3OCC1C23,COC12CC3OCC1C32,0
8957,CC1(C)OC2C(O)C12O,CC1(C)OC2C(O)C21O,1
8958,OC1(C#C)C2OC(=O)C12,C#CC1(O)C2OC(=O)C21,0
8959,OC12C3C4C1C2(C=O)N34,O=CC12C3C4C(N41)C32O,4
8960,CC1N2CC3C2C13CO,CC1N2CC3C2C31CO,1
8961,c1cc(n2c1CCC2)O,Oc1ccc2n1CCC2,3
8962,CCC(=O)C(=O)CCO,CCC(=O)C(=O)CCO,1
8963,O=C(C1CCO1)N1CC1,O=C(C1CCO1)N1CC1,4
8964,CC(C)COCC=O,CC(C)COCC=O,2
8965,O=COC12CN3CC1C23,O=COC12CN3CC1C32,2
8966,CC12CC1C=CC21CC1,CC12CC1C=CC21CC1,3
8967,CC(OC=N)C#CCO,CC(C#CCO)OC=N,2
8968,NC(C#N)C1NC1C#C,C#CC1NC1C(N)C#N,1
8969,O=C1CC2OC(O1)C=C2,O=C1CC2C=CC(O1)O2,2
8970,c1c(ncn1CCO)O,OCCn1cnc(O)c1,0
8971,CC(C#N)C1(O)CC1,CC(C#N)C1(O)CC1,4
8972,CCCC1CC(C1)(C)C,CCCC1CC(C)(C)C1,2
8973,N=C1OCC1C#C,C#CC1COC1=N,2
8974,NC1=NC(OC=N)=CN1,N=COc1c[nH]c(N)n1,4
8975,CC(C)([NH3+])C1=N[N-]N=N1,CC(C)([NH3+])c1nn[n-]n1,1
8976,CCOCC1(C)CCO1,CCOCC1(C)CCO1,3
8977,CC12C3CC3C1CC2=O,CC12C(=O)CC1C1CC12,0
8978,CC1=CC(=O)C2(CO2)C1,CC1=CC(=O)C2(CO2)C1,1
8979,CC1C2CC3CC3C12,CC1C2CC3CC3C12,4
8980,COC1C(=N)N2CC12C,COC1C(=N)N2CC12C,1
8981,CCCCC1C2CC1O2,CCCCC1C2CC1O2,4
8982,CCC#CC1CCO1,CCC#CC1CCO1,3
8983,CN1C2C3C(O)C3(O)C12,CN1C2C3C(O)C3(O)C21,1
8984,O=C1CC2CC12C#C,C#CC12CC1CC2=O,3
8985,CCc1c(nno1)NC,CCc1onnc1NC,0
8986,CN=C1OC(CO)C=C1,CN=C1C=CC(CO)O1,1
8987,C1NC11C=C2CC3C2C13,C1=C2CC3C2C3C12CN2,2
8988,COCCC1NC1C=O,COCCC1NC1C=O,4
8989,CCC(C)(OC)C#CC,CC#CC(C)(CC)OC,4
8990,CC1CCOC1OC=O,CC1CCOC1OC=O,4
8991,OC1C=C2COC3C1C23,OC1C=C2COC3C2C13,4
8992,CC(O)CC(C)(O)C=O,CC(O)CC(C)(O)C=O,3
8993,Cc1c(=O)[nH]nc(n1)C,Cc1n[nH]c(=O)c(C)n1,0
8994,CC1CC1(N)C(N)C#N,CC1CC1(N)C(N)C#N,1
8995,CC(O)CC1C2CCN12,CC(O)CC1C2CCN21,2
8996,CC1C2C3OC(=N)C3N12,CC1C2C3OC(=N)C3N12,1
8997,OC12CC3C(C13)C2=O,O=C1C2C3CC1(O)C32,1
8998,CC12C=CC3C1C(O)C23,CC12C=CC3C1C(O)C32,3
8999,CC1C2OC(=N)C12C#N,CC1C2OC(=N)C12C#N,2
9000,C#CC1CC2(CC2)CO1,C#CC1CC2(CC2)CO1,0
9001,CCC1CCC1C(C)=O,CCC1CCC1C(C)=O,4
9002,COCC1CC(O)C1C,COCC1CC(O)C1C,0
9003,N=C1NN=NN1C1CC1,N=c1[nH]nnn1C1CC1,2
9004,COCC1CC1(O)CO,COCC1CC1(O)CO,3
9005,CCC(C1CN1)C(C)=O,CCC(C(C)=O)C1CN1,1
9006,Cc1cc(no1)C2CC2,Cc1cc(C2CC2)no1,1
9007,Cc1cnccn1,Cc1cnccn1,2
9008,CC(C=O)C1NCC1=O,CC(C=O)C1NCC1=O,0
9009,OC1C2CC(O2)C1C#C,C#CC1C2CC(O2)C1O,4
9010,CC1(N)CC2NC12C#N,CC1(N)CC2NC21C#N,3
9011,COCCC(=O)NC=N,COCCC(=O)NC=N,2
9012,CC1C=C(CC1O)C#C,C#CC1=CC(C)C(O)C1,1
9013,OCC(NC1CC1)C#N,N#CC(CO)NC1CC1,1
9014,OC1C2OC1C=C2,OC1C2C=CC1O2,3
9015,O=C1CC2OC12C1CC1,O=C1CC2OC12C1CC1,1
9016,c1c(cncn1)N2CC2,c1ncc(N2CC2)cn1,2
9017,O=C1C2CNC1C2C#N,N#CC1C2CNC1C2=O,4
9018,CC1OC(C)(C)C1C#N,CC1OC(C)(C)C1C#N,3
9019,OC1C(O)C1(C=O)C#C,C#CC1(C=O)C(O)C1O,3
9020,COC1CC(O)CO1,COC1CC(O)CO1,0
9021,c1c(c(cnc1O)O)N,Nc1cc(O)ncc1O,1
9022,CCCCC#CCC#C,C#CCC#CCCCC,4
9023,CCc1cc(n(c1)C)N,CCc1cc(N)n(C)c1,0
9024,OCCCC(O)CC#C,C#CCC(O)CCCO,4
9025,CC1CN1C(=O)C#C,C#CC(=O)N1CC1C,1
9026,O=CC1CCC2CC2O1,O=CC1CCC2CC2O1,3
9027,c1(c(n[nH]c1O)N)N,Nc1n[nH]c(O)c1N,4
9028,C1C=CCOC(=O)CO1,O=C1COCC=CCO1,3
9029,OC12CN(C1)C2C#C,C#CC1N2CC1(O)C2,3
9030,CC12NC1CC2(O)C#C,C#CC1(O)CC2NC21C,3
9031,CC12C3CC=C1COC23,CC12C3=CCC1C2OC3,0
9032,C1C2CC1CC=CCC2,C1=CCC2CC(CC1)C2,1
9033,C#CC12CC3C(CC1)C23,C#CC12CCC3C(C1)C32,2
9034,CC(O)(C#C)C#N,C#CC(C)(O)C#N,1
9035,COC12CCC(O1)C=C2,COC12C=CC(CC1)O2,2
9036,c1c(onc1N)C#N,N#Cc1cc(N)no1,0
9037,OC12CC1C(=O)CC=C2,O=C1CC=CC2(O)CC12,0
9038,CC1CC(C#C)C(=O)C1,C#CC1CC(C)CC1=O,2
9039,OC1C2CC1N1CC1C2,OC1C2CC3CN3C1C2,4
9040,OC1C(NCC1=O)C#N,N#CC1NCC(=O)C1O,3
9041,COC(C)CC(C)(C)C,COC(C)CC(C)(C)C,0
9042,C1CN1C1CCC=CC1,C1=CCC(N2CC2)CC1,0
9043,CN=COCCC(=O)N,CN=COCCC(N)=O,3
9044,OC1(CNC(=O)C1)C#N,N#CC1(O)CNC(=O)C1,2
9045,O=C1OC2C3CC(O1)C23,O=C1OC2CC3C(O1)C23,2
9046,CNC1CN=C(N)C1=O,CNC1CN=C(N)C1=O,1
9047,CC12CC3C(C13)C(=O)C2,CC12CC(=O)C3C(C1)C32,0
9048,CCC(C)C1COC1=N,CCC(C)C1COC1=N,3
9049,CCc1c(cn[nH]1)N,CCc1[nH]ncc1N,1
9050,OCCC(=O)C1CC1O,O=C(CCO)C1CC1O,3
9051,CC1N2C(C)CC12C=O,CC1CC2(C=O)C(C)N12,4
9052,CN1CC2(O)CC(O)C12,CN1CC2(O)CC(O)C12,0
9053,CC1(O)CC1CC1CC1,CC1(O)CC1CC1CC1,1
9054,C#CC1(COCOC1)O,C#CC1(O)COCOC1,0
9055,OC1C(O)C1C1CCC1,OC1C(O)C1C1CCC1,1
9056,c1c2n(cn1)C(=O)NC2,O=C1NCc2cncn21,2
9057,N#CC1=NC2CCC2N1,N#CC1=NC2CCC2N1,1
9058,CC1C2CC3C=CC1N23,CC1C2C=CC3CC1N32,0
9059,C1C2C3C4C2C11CN4C31,C1C2C3C4C2C12CN4C32,4
9060,CC1C2CC(CN12)C#N,CC1C2CC(C#N)CN12,4
9061,C1C2CC3N=COCC123,C1=NC2CC3CC32CO1,2
9062,CCC#CC12CCC1O2,CCC#CC12CCC1O2,4
9063,C(CNCC#N)C#N,N#CCCNCC#N,3
9064,CC1(OC1C=O)C(N)=O,CC1(C(N)=O)OC1C=O,0
9065,[NH3+]CC1OC=N[C-]1C#N,N#C[C-]1N=COC1C[NH3+],3
9066,CC1(C)CC(O1)C1CO1,CC1(C)CC(C2CO2)O1,1
9067,OC1C=CC(C#C)C1O,C#CC1C=CC(O)C1O,2
9068,CCC([NH3+])C(C)C([O-])=O,CCC([NH3+])C(C)C(=O)[O-],3
9069,CN1C2C3C4CCC13C24,CN1C2C3C4CCC31C42,0
9070,CC1CC(=O)N2CCC12,CC1CC(=O)N2CCC12,1
9071,OC12CC1(CC#N)OC2,N#CCC12CC1(O)CO2,3
9072,CC1(C(=NO)CO1)C,CC1(C)OCC1=NO,3
9073,CC1CCC(C)COC1,CC1CCC(C)COC1,2
9074,CC1(CC#N)CO1,CC1(CC#N)CO1,4
9075,CC12CC(O)(C1)CC=C2,CC12C=CCC(O)(C1)C2,1
9076,C#CCCC1CO1,C#CCCC1CO1,0
9077,OCC12CCC1N2,OCC12CCC1N2,0
9078,COCC1OCC1=NO,COCC1OCC1=NO,2
9079,c1(nc(oc(=O)n1)N)N,Nc1nc(N)oc(=O)n1,4
9080,c1nc-2nconc2n1,c1nc2nconc-2n1,1
9081,OCCN1C2CC1C2=O,O=C1C2CC1N2CCO,2
9082,OC1=NNC(OC=N)=C1,N=COc1cc(O)n[nH]1,4
9083,O1N=NC2=CN=CC2=N1,c1ncc2nonnc1-2,4
9084,c1c(c(=O)c(co1)N)N,Nc1cocc(N)c1=O,4
9085,CC(C)C1(C)CCC1C,CC(C)C1(C)CCC1C,2
9086,CC1=C(O)NC(=N)O1,Cc1oc(=N)[nH]c1O,1
9087,CC(=O)Oc1cnc[nH]1,CC(=O)Oc1cnc[nH]1,1
9088,OC1C2OCC1(O)C2=O,O=C1C2OCC1(O)C2O,1
9089,CC1(CNC(N)=O)CN1,CC1(CNC(N)=O)CN1,0
9090,N#CCC1CC2COC12,N#CCC1CC2COC12,0
9091,C1CC23OC2COCC13,C1CC23OC2COCC13,0
9092,OC1C2CC3CCC13O2,OC1C2CC3CCC31O2,3
9093,CC1(COC=N1)C#N,CC1(C#N)COC=N1,2
9094,OC12CC1C(=O)NC2=N,N=C1NC(=O)C2CC12O,3
9095,Cn1ccc(=O)c(c1)F,Cn1ccc(=O)c(F)c1,4
9096,CC12CC(C=O)C1(C)N2,CC12CC(C=O)C1(C)N2,2
9097,CC1C2CC1C(C)C2C,CC1C(C)C2CC1C2C,4
9098,C1C=CC2C3C4C(C13)N24,C1=CC2C3C(C1)C1C3N21,2
9099,COC1CC1C#CC=O,COC1CC1C#CC=O,2
9100,CCC1=NC(CO1)C#C,C#CC1COC(CC)=N1,2
9101,C1CC1CCCC(=O)N,NC(=O)CCCC1CC1,0
9102,CC1C2N1CC21CCC1,CC1C2N1CC21CCC1,2
9103,CC1(C)CC11CC2CC12,CC1(C)CC12CC1CC12,0
9104,OC12CC3(C#C)C1OC23,C#CC12CC3(O)C1OC32,3
9105,CC1OC11CC2COC12,CC1OC12CC1COC12,2
9106,O=CCCC1(CN1)C#C,C#CC1(CCC=O)CN1,1
9107,CC1C2N=C3OCC3C12,CC1C2N=C3OCC3C12,4
9108,COC1CC(C)C11CN1,COC1CC(C)C12CN2,4
9109,CC1C2(C)CCC12O,CC1C2(C)CCC12O,0
9110,N#CC12CNC3C1OC23,N#CC12CNC3C1OC32,0
9111,c1c(ncc(n1)N)CO,Nc1cnc(CO)cn1,1
9112,O=C1OC2CN3CC3C12,O=C1OC2CN3CC3C12,1
9113,OC(C=O)C1=NON=N1,O=CC(O)c1nnon1,3
9114,C1C2NC2C11COCO1,C1OCC2(CC3NC32)O1,0
9115,CC1CC2CC2(O1)C=O,CC1CC2CC2(C=O)O1,3
9116,CC1OC1C1(C)NC1C,CC1OC1C1(C)NC1C,1
9117,OC1CC1C#CC#N,N#CC#CC1CC1O,4
9118,CC#CC#CC(=NO)C,CC#CC#CC(C)=NO,1
9119,Cn1cc(cc1O)C=O,Cn1cc(C=O)cc1O,4
9120,CC1CC1(O)C1(C)CC1,CC1CC1(O)C1(C)CC1,1
9121,CC1C=CC2C1N2C=O,CC1C=CC2C1N2C=O,0
9122,CCC1(C=O)C2COC12,CCC1(C=O)C2COC21,0
9123,N#CCN1C2C3CC1C23,N#CCN1C2CC3C2C31,0
9124,CC1(C)OC(=N)C2OC12,CC1(C)OC(=N)C2OC21,2
9125,CC1=CCC(O)C(=O)C1,CC1=CCC(O)C(=O)C1,4
9126,C#Cc1c(onc1O)N,C#Cc1c(O)noc1N,1
9127,NC(=O)C1CC=CC1O,NC(=O)C1CC=CC1O,1
9128,CN=C1OC(CO)C1O,CN=C1OC(CO)C1O,1
9129,O=C1COC2CNC2=C1,O=C1C=C2NCC2OC1,4
9130,CC1OC(C#C)C1=O,C#CC1OC(C)C1=O,3
9131,OC12C(CC1=O)C2C=O,O=CC1C2CC(=O)C12O,2
9132,CC(CCO)(CO)CO,CC(CO)(CO)CCO,0
9133,C1CC2COCCC1O2,C1CC2CCC(CO1)O2,1
9134,O=CC1CCCN=CO1,O=CC1CCCN=CO1,0
9135,CC12CC1C1OC1CO2,CC12CC1C1OC1CO2,2
9136,CN(C1CC1O)C(C)=O,CC(=O)N(C)C1CC1O,0
9137,CN=C(c1conn1)N,CN=C(N)c1conn1,2
9138,COC1(CCC1C)C#C,C#CC1(OC)CCC1C,0
9139,O=C1C2C3C4C2C1N34,O=C1C2C3C1N1C2C31,2
9140,O=C1C2C3C1NC23C#N,N#CC12NC3C(=O)C1C32,0
9141,C1CC1(CCO)C=O,O=CC1(CCO)CC1,2
9142,CC1=NC(=O)N=NO1,Cc1nc(=O)nno1,4
9143,CC1C2COC1C1CC21,CC1C2COC1C1CC21,3
9144,CC1(CNC1=O)OC=N,CC1(OC=N)CNC1=O,3
9145,O=CCC1OC1C#C,C#CC1OC1CC=O,1
9146,CN=COC1CCCC1,CN=COC1CCCC1,3
9147,OCC12CCC3C1CN23,OCC12CCC3C1CN32,3
9148,O=C1CC=C2CCCC12,O=C1CC=C2CCCC12,1
9149,CC(CC(O)CO)C#C,C#CC(C)CC(O)CO,0
9150,COC12CC1(OC2)C=O,COC12COC1(C=O)C2,0
9151,CCCC(C)NC(C)=O,CCCC(C)NC(C)=O,4
9152,O=CC1C2CC3CC3N12,O=CC1C2CC3CC3N12,2
9153,CCOC(=NCCO)C,CCOC(C)=NCCO,0
9154,C#CCCN=CNC=O,C#CCCN=CNC=O,3
9155,C1OCC2COCC12,C1OCC2COCC12,1
9156,N#CC1CCC=CCN1,N#CC1CCC=CCN1,1
9157,COCC1CC1(C)OC,COCC1CC1(C)OC,0
9158,CC1CC(C)C1C1CC1,CC1CC(C)C1C1CC1,2
9159,OCC1C2CC=CC12,OCC1C2C=CCC21,2
9160,Cc1cnc(o1)N,Cc1cnc(N)o1,2
9161,OCC1=CC2CC1C=C2,OCC1=CC2C=CC1C2,4
9162,CN1C(COC1=O)C#C,C#CC1COC(=O)N1C,2
9163,CC1CN1C1=CNN=C1,CC1CN1c1cn[nH]c1,3
9164,OC1C2OC2C2OCC12,OC1C2COC2C2OC12,2
9165,CC1=CCNC1C#N,CC1=CCNC1C#N,3
9166,O=C1NC2CC(=O)CC12,O=C1CC2NC(=O)C2C1,2
9167,CC1=CCC2CC12,CC1=CCC2CC12,3
9168,OC1CCC2(O)CC12O,OC1CCC2(O)CC12O,4
9169,CC12OC3C1CC23C#N,CC12OC3C1CC32C#N,3
9170,CNC1CCOC1=O,CNC1CCOC1=O,0
9171,OCC(O)C1=NCCN1,OCC(O)C1=NCCN1,1
9172,CNc1c([nH]cn1)C=O,CNc1nc[nH]c1C=O,3
9173,CC1C2CC(C#N)C12,CC1C2CC(C#N)C12,2
9174,CC1C2COC(C)=NC12,CC1=NC2C(C)C2CO1,0
9175,CCC(O)C1COC1=O,CCC(O)C1COC1=O,0
9176,CCn1c(c(nn1)C)C,CCn1nnc(C)c1C,0
9177,CC(C)(C)C(=O)NC=O,CC(C)(C)C(=O)NC=O,0
9178,CC(C)C(C)NC(N)=O,CC(C)C(C)NC(N)=O,3
9179,CC(=O)CCOCC#N,CC(=O)CCOCC#N,3
9180,CC12CN3C1CC23C#C,C#CC12CC3N1CC32C,4
9181,C1CC23OC1C2CC=C3,C1=CC23CCC(O2)C3C1,3
9182,CN1C2C3CC3(CO)C12,CN1C2C3CC3(CO)C21,4
9183,NCC(OCC#C)C#N,C#CCOC(C#N)CN,0
9184,OC1=CC(=N)C=C(O)O1,N=c1cc(O)oc(O)c1,0
9185,C#CCC(=O)N,C#CCC(N)=O,4
9186,C#CCCc1cnco1,C#CCCc1cnco1,0
9187,COC(=O)C(=O)C(=N)N,COC(=O)C(=O)C(=N)N,3
9188,CC(C)C12OC1C1OC21,CC(C)C12OC1C1OC12,4
9189,COC(=O)C1NCC1O,COC(=O)C1NCC1O,1
9190,CC1(N=CNC1=O)C#C,C#CC1(C)N=CNC1=O,3
9191,CC#CC#CC(=O)NC,CC#CC#CC(=O)NC,3
9192,CC1(CO)CC1C1CC1,CC1(CO)CC1C1CC1,1
9193,O=CCC1OCC(=O)O1,O=CCC1OCC(=O)O1,2
9194,c1cncc(c1N)F,Nc1ccncc1F,1
9195,Cc1c(nno1)C(=N)N,Cc1onnc1C(=N)N,3
9196,O=C1C2CC1CC=CC2,O=C1C2CC=CCC1C2,2
9197,O=CN1CC=CC2CC12,O=CN1CC=CC2CC21,3
9198,CC12C3OC1(C)COC23,CC12COC3C(O1)C32C,1
9199,CC12CN3CC1C23,CC12CN3CC1C32,0
9200,CC1C(C)C1COC=O,CC1C(C)C1COC=O,3
9201,CC(CO)C(C=O)C#N,CC(CO)C(C#N)C=O,0
9202,CNC(=O)C1(C)OC1C,CNC(=O)C1(C)OC1C,3
9203,NC1=CC(=O)C2OC12,NC1=CC(=O)C2OC12,3
9204,CCOC12CC1OC2=N,CCOC12CC1OC2=N,1
9205,OC(C=O)C(O)C1CO1,O=CC(O)C(O)C1CO1,0
9206,c1c(=O)[nH]nc(n1)CO,O=c1cnc(CO)n[nH]1,1
9207,CC(C)c1cn[nH]c1O,CC(C)c1cn[nH]c1O,0
9208,CC1=NC2CC2(O)CO1,CC1=NC2CC2(O)CO1,4
9209,OC(C#N)C1CC(O)C1,N#CC(O)C1CC(O)C1,2
9210,O=CCCC(C=O)C#C,C#CC(C=O)CCC=O,2
9211,[NH3+]C1(CC1)C#CC([O-])=O,[NH3+]C1(C#CC(=O)[O-])CC1,1
9212,CC#CC1(C)COC=N1,CC#CC1(C)COC=N1,3
9213,CC1CN1CC(=O)C#N,CC1CN1CC(=O)C#N,2
9214,OCC1=CNN=NC1=N,N=c1nn[nH]cc1CO,2
9215,CC12OC1C(O)C=C2,CC12C=CC(O)C1O2,2
9216,N#CC12CC3CC(C1)C23,N#CC12CC3CC(C1)C32,4
9217,C1CN1CCOCC=O,O=CCOCCN1CC1,0
9218,CC(O)C12CC3OC1C23,CC(O)C12CC3OC1C32,1
9219,CC1CC2C(O)C12O,CC1CC2C(O)C12O,1
9220,COC1CCC1CO,COC1CCC1CO,1
9221,COC12CC1CN1CC21,COC12CC1CN1CC12,2
9222,CC#CCC1CC1C,CC#CCC1CC1C,1
9223,CC1(CO)C2NC(=O)C12,CC1(CO)C2NC(=O)C21,2
9224,CC(C)C1(CCO1)C#C,C#CC1(C(C)C)CCO1,4
9225,Cn1cc(cnc1=O)N,Cn1cc(N)cnc1=O,4
9226,CN1CC1COCC#C,C#CCOCC1CN1C,0
9227,C#CCn1cc(nn1)N,C#CCn1cc(N)nn1,4
9228,N#CC1COCC11CN1,N#CC1COCC12CN2,2
9229,COc1c(nc([nH]1)O)O,COc1[nH]c(O)nc1O,4
9230,CC(O)C1C=CC2CC12,CC(O)C1C=CC2CC21,1
9231,C(C#CC1CO1)C1CO1,C(#CC1CO1)CC1CO1,3
9232,CC1CC2C=CCOC12,CC1CC2C=CCOC12,0
9233,COC1CC=CC1(C)C,COC1CC=CC1(C)C,0
9234,CC(O)C12CC1C(=N)O2,CC(O)C12CC1C(=N)O2,4
9235,Cc1ccc(c(c1)N)N,Cc1ccc(N)c(N)c1,3
9236,CC(=NO)C(=NO)C,CC(=NO)C(C)=NO,2
9237,CC1C2OC(=N)C2N1C,CC1C2OC(=N)C2N1C,0
9238,CC1NC1C(O)C#N,CC1NC1C(O)C#N,0
9239,CC12OCC3(O)C1NC23,CC12OCC3(O)C1NC32,2
9240,C1C2C3C4COC2C4N13,C1OC2C3CN4C3C1C24,0
9241,C1OC2C3C4CC12C3O4,C1OC2C3C4CC12C3O4,2
9242,OC1CC2(C1)COCO2,OC1CC2(COCO2)C1,1
9243,CC1CC(C#C)C11CN1,C#CC1CC(C)C12CN2,1
9244,CN1C=CC(=O)C1=N,CN1C=CC(=O)C1=N,1
9245,CCCC(O)C#CC=O,CCCC(O)C#CC=O,1
9246,CC12C3OC1C3C21CC1,CC12C3OC1C3C21CC1,0
9247,NC1(CC11COC1)C#N,N#CC1(N)CC12COC2,2
9248,CC1=CC2CC1C(C)=C2,CC1=CC2C=C(C)C1C2,4
9249,CC12CNC1(CO2)C=O,CC12CNC1(C=O)CO2,0
9250,Cc1concc1=NO,Cc1concc1=NO,0
9251,C1C2C1C1C3CCC1C23,C1C2C1C1C3CCC1C23,0
9252,CC12COC1(C)C2C=O,CC12COC1(C)C2C=O,0
9253,CC1(O)CCCCC1O,CC1(O)CCCCC1O,1
9254,CN=c1c(=O)[nH]cn[nH]1,CN=c1[nH]nc[nH]c1=O,4
9255,OC1CN=C2OCCC12,OC1CN=C2OCCC21,4
9256,OC1(CC1)C#CC1CO1,OC1(C#CC2CO2)CC1,3
9257,CC#CC1(CN1C)C#C,C#CC1(C#CC)CN1C,3
9258,OCC1(O)CNC1=O,O=C1NCC1(O)CO,0
9259,OCCC1(O)CCOC1,OCCC1(O)CCOC1,0
9260,OCC1(O)CC(O)C1=O,O=C1C(O)CC1(O)CO,1
9261,CC1C(O)C1(C=O)C=O,CC1C(O)C1(C=O)C=O,0
9262,CCCC#CC(C)CO,CCCC#CC(C)CO,3
9263,CC1(C)C2C1C(=O)C2O,CC1(C)C2C(=O)C(O)C21,2
9264,CC(C)c1cnc(o1)N,CC(C)c1cnc(N)o1,4
9265,C1C2C3C4CC=CC13N24,C1=CC23CC4C2C(C1)N43,1
9266,OC12C3C1C1=CC3CC21,OC12C3CC4C=C3C1C42,1
9267,OCC(=N)OC(=O)CO,N=C(CO)OC(=O)CO,4
9268,C(#N)c1c(c([nH]n1)O)N,N#Cc1n[nH]c(O)c1N,4
9269,CC12CC(O)C1(O2)C#N,CC12CC(O)C1(C#N)O2,4
9270,COC12CC1C(C)(C)C2,COC12CC1C(C)(C)C2,1
9271,N=C1OC2C3C=CC2C13,N=C1OC2C3C=CC2C13,4
9272,OCCOCCOC=N,N=COCCOCCO,0
9273,CC(C=O)C12CC1CC2,CC(C=O)C12CCC1C2,4
9274,CC1CC(O)C1C1CC1,CC1CC(O)C1C1CC1,1
9275,OC(C#N)C1(CC1)C#C,C#CC1(C(O)C#N)CC1,0
9276,C#CCOCCCO,C#CCOCCCO,1
9277,O=COC12CC1OC2=O,O=COC12CC1OC2=O,4
9278,CC(=O)C1CC(C)(O)C1,CC(=O)C1CC(C)(O)C1,3
9279,O=C1CCC(OC1)C#N,N#CC1CCC(=O)CO1,0
9280,C1C2CC3COC3CC12,C1C2CC3COC3CC12,4
9281,Cc1c(cco1)OC,COc1ccoc1C,3
9282,CNc1ccoc(=O)c1,CNc1ccoc(=O)c1,1
9283,C1C2OC3COC=NC123,C1=NC23CC2OC3CO1,0
9284,CC(C=O)C1CN=CO1,CC(C=O)C1CN=CO1,0
9285,CC1OCC1C#CC#N,CC1OCC1C#CC#N,3
9286,CC1=CC(=N)NC(=N)O1,Cc1cc(=N)[nH]c(=N)o1,3
9287,O=C1C2CC1N1CC21,O=C1C2CC1N1CC21,0
9288,O=C1C2CC3OC1C23,O=C1C2CC3OC1C32,0
9289,COCC12OCC1C2O,COCC12OCC1C2O,0
9290,O=C1CNC2CCOC12,O=C1CNC2CCOC12,2
9291,CCC12OCC3OC1C23,CCC12OCC3OC1C32,3
9292,CCC12CC3N1C3(C)C2,CCC12CC3N1C3(C)C2,2
9293,CN=C(N)C1(CO1)C=O,CN=C(N)C1(C=O)CO1,1
9294,c1c(n[nH]c1N)C(=O)N,NC(=O)c1cc(N)[nH]n1,0
9295,CC1(C)CC1C1CO1,CC1(C)CC1C1CO1,4
9296,CN=C1OCC1CC#C,C#CCC1COC1=NC,4
9297,COC1(CC1C)C(C)C,COC1(C(C)C)CC1C,3
9298,OCCN1C2CC(=O)C12,O=C1CC2C1N2CCO,1
9299,O=C1CC2OC(C#N)C12,N#CC1OC2CC(=O)C12,4
9300,CC(C#N)C(=O)C(N)=N,CC(C#N)C(=O)C(=N)N,2
9301,CC1(CC(N1)C#N)C=O,CC1(C=O)CC(C#N)N1,2
9302,CCCN1CC2(C1)CO2,CCCN1CC2(CO2)C1,2
9303,CC1(O)C2C3N2CC=C13,CC1(O)C2=CCN3C2C31,3
9304,O=CCC1(CO1)C1CO1,O=CCC1(C2CO2)CO1,3
9305,CCNC(=O)COC,CCNC(=O)COC,4
9306,CC1COC(=O)C=CN1,CC1COC(=O)C=CN1,4
9307,CC1(CC(N1)C#C)C#N,C#CC1CC(C)(C#N)N1,3
9308,OC1C2C3OC2C13C=O,O=CC12C(O)C3C1OC32,4
9309,c1cnnc(n1)N=CN,NC=Nc1nccnn1,1
9310,CCC1C(C)C2CC12O,CCC1C(C)C2CC12O,1
9311,C1C2COC=NCCN12,C1=NCCN2CC2CO1,4
9312,C1CN(C1)CC#CCO,OCC#CCN1CCC1,3
9313,c1c(c[nH]c(=O)c1N)O,Nc1cc(O)c[nH]c1=O,1
9314,CC(CCC#N)C=O,CC(C=O)CCC#N,3
9315,OC1CC2(O)C3CC1C23,OC1CC2(O)C3CC1C32,1
9316,CCCc1cc(co1)N,CCCc1cc(N)co1,0
9317,C1C2(COC2)OC=N1,C1=NCC2(COC2)O1,0
9318,O=C1CC(CC2CO2)O1,O=C1CC(CC2CO2)O1,2
9319,N=C1OCCC2(CC2)O1,N=C1OCCC2(CC2)O1,2
9320,CN=C1ON=NC(F)=N1,CN=c1nc(F)nno1,4
9321,O=CNCC1C2CC1C2,O=CNCC1C2CC1C2,2
9322,C#CCC(=O)CC#C,C#CCC(=O)CC#C,0
9323,OC1C2OC2C1C1CC1,OC1C2OC2C1C1CC1,1
9324,NC1C([NH3+])C1CC([O-])=O,NC1C([NH3+])C1CC(=O)[O-],4
9325,CC1N2CCCC12C#C,C#CC12CCCN1C2C,3
9326,CCCCC(=O)C#C,C#CC(=O)CCCC,1
9327,CN1C(=N)OC(N)=C1N,Cn1c(N)c(N)oc1=N,4
9328,CCC[NH2+]C(C)C([O-])=O,CCC[NH2+]C(C)C(=O)[O-],3
9329,OC1C2NC11CCOC21,OC1C2NC13CCOC23,0
9330,CC1(C)CC2(CO2)C=C1,CC1(C)C=CC2(CO2)C1,2
9331,CCCC(C#N)(C#N)O,CCCC(O)(C#N)C#N,0
9332,C1C2CC11C=CC3C2N13,C1=CC23CC(C2)C2C1N23,3
9333,CC#CC1OCC1(C)O,CC#CC1OCC1(C)O,2
9334,CC1(O)C2CC3C2C13O,CC1(O)C2CC3C2C31O,1
9335,C#CC12CC3C(C=C1)N23,C#CC12C=CC3C(C1)N32,1
9336,CC1CC2(C1)CC2,CC1CC2(CC2)C1,0
9337,CCC(C)OC(C)C=O,CCC(C)OC(C)C=O,3
9338,O=C1CC2CC2N1,O=C1CC2CC2N1,4
9339,CNc1c[nH]c(n1)OC,CNc1c[nH]c(OC)n1,0
9340,OCC1CC1(O)CO,OCC1CC1(O)CO,3
9341,O=C1OC2CC=CC1O2,O=C1OC2CC=CC1O2,4
9342,CCC(=O)OC(C)C=O,CCC(=O)OC(C)C=O,2
9343,CCCNC(=O)C#C,C#CC(=O)NCCC,0
9344,CC1CC2(C)C1C2(C)O,CC1CC2(C)C1C2(C)O,4
9345,CCC#CC(C#C)C#C,C#CC(C#C)C#CCC,2
9346,COC1CC=CC(C)C1,COC1CC=CC(C)C1,0
9347,CC1OC11C=CCC1=O,CC1OC12C=CCC2=O,2
9348,CC12C3COC1(C)CN23,CC12CN3C(CO1)C32C,4
9349,COC(=N)NC(=N)CO,COC(=N)NC(=N)CO,3
9350,CC12CN1CC(=O)CC2,CC12CCC(=O)CN1C2,3
9351,c1coc2c1oc(=O)[nH]2,O=c1[nH]c2occc2o1,3
9352,NC1=NN2CC(O)C2=N1,Nc1nc2n(n1)CC2O,1
9353,OC12CC1CC(C2)C=O,O=CC1CC2CC2(O)C1,4
9354,CCC1OC2C1NC2=O,CCC1OC2C(=O)NC12,4
9355,CCc1ccc(o1)CC,CCc1ccc(CC)o1,2
9356,c1cc(ccc1N)N,Nc1ccc(N)cc1,2
9357,CCOC(C)C(=O)CC,CCOC(C)C(=O)CC,3
9358,OC12CC3C1COC3C2,OC12CC3OCC1C3C2,0
9359,COC1C(CO)C1C#N,COC1C(C#N)C1CO,1
9360,CC1OC2CC2C1=NO,CC1OC2CC2C1=NO,1
9361,O=CC1OC23CN(C2)C13,O=CC1OC23CN(C2)C13,0
9362,C1C(=O)C=C(C1=O)CO,O=C1C=C(CO)C(=O)C1,4
9363,CCC(=O)C(=O)C(C)C,CCC(=O)C(=O)C(C)C,0
9364,N=C1OC2CCOC12,N=C1OC2CCOC12,3
9365,OC12C3NC(C13)C2C#N,N#CC1C2NC3C2C13O,1
9366,N=C1COC(O1)C1CC1,N=C1COC(C2CC2)O1,2
9367,CCN(C=N)C(=O)C,CCN(C=N)C(C)=O,1
9368,C1C(CO1)(C#N)C(=O)N,N#CC1(C(N)=O)COC1,0
9369,CC1=CCOCC2CC12,CC1=CCOCC2CC12,4
9370,CCCC(=O)C(C)C=O,CCCC(=O)C(C)C=O,3
9371,CC1CCCC(=O)CC1,CC1CCCC(=O)CC1,4
9372,CC12C3C4CC1C4(C)N23,CC12C3CC1C1(C)C3N21,0
9373,OC12CC1C(C=O)C=C2,O=CC1C=CC2(O)CC12,0
9374,O=C1OC2C3OC3C2O1,O=C1OC2C(O1)C1OC21,0
9375,COCC12NC3C1OC23,COCC12NC3C1OC32,3
9376,CC1CC(O)(CO1)C#N,CC1CC(O)(C#N)CO1,4
9377,CC1C2C3CC(=O)C2C13,CC1C2C3CC(=O)C2C13,0
9378,C1COc2c1nc(o2)O,Oc1nc2c(o1)OCC2,2
9379,C1COCOC(=N1)C#N,N#CC1=NCCOCO1,3
9380,O=C1CNC2CC2NC1,O=C1CNC2CC2NC1,0
9381,O=CC1NC=NC1C#N,N#CC1N=CNC1C=O,3
9382,CC1OC1C1OC1(C)C,CC1OC1C1OC1(C)C,3
9383,COC(CC#C)C#C,C#CCC(C#C)OC,0
9384,CC1(C#N)C2CC2C1=O,CC1(C#N)C(=O)C2CC21,3
9385,CC1(O)CC(CO)C1O,CC1(O)CC(CO)C1O,0
9386,CC1(COC1=O)C,CC1(C)COC1=O,3
9387,CCOC(CO)COC,CCOC(CO)COC,3
9388,CC1C=CN2C=CN=C12,CC1C=Cn2ccnc21,4
9389,CCC(O)C(C)(C)C#C,C#CC(C)(C)C(O)CC,2
9390,CN=c1c(=O)[nH]nc[nH]1,CN=c1[nH]cn[nH]c1=O,3
9391,C1C2CC11CC3OC3C21,C1C2CC13CC1OC1C23,4
9392,CC1CC2(O)CNC2=N1,CC1CC2(O)CNC2=N1,4
9393,CC12CC3=CCC1(O)C23,CC12CC3=CCC1(O)C32,1
9394,C1CC(=O)C(=O)C1,O=C1CCCC1=O,4
9395,CC(=O)c1nc(co1)O,CC(=O)c1nc(O)co1,4
9396,OC1=CN=C(N1)C1CO1,Oc1cnc(C2CO2)[nH]1,0
9397,OC1C2OC2CC11CN1,OC1C2OC2CC12CN2,3
9398,NC1COC1=NC1CC1,NC1COC1=NC1CC1,2
9399,C#CC1CC(O1)C1CO1,C#CC1CC(C2CO2)O1,4
9400,CCOCC1CC1CO,CCOCC1CC1CO,4
9401,OCC(NCC=O)C#N,N#CC(CO)NCC=O,0
9402,CC1(C)C2C3NC3(C)C12,CC1(C)C2C3NC3(C)C21,1
9403,COc1cnc(cn1)O,COc1cnc(O)cn1,3
9404,CC1(O)CC11C2CN1C2,CC1(O)CC12C1CN2C1,0
9405,COC1C2OCC12CO,COC1C2OCC12CO,1
9406,CC12CNC1(CN2)C#C,C#CC12CNC1(C)CN2,3
9407,CN=COCCCCO,CN=COCCCCO,3
9408,CC1(C(=O)N(C=N1)C)C,CN1C=NC(C)(C)C1=O,0
9409,CC1C(C)C(C=O)C1O,CC1C(C)C(C=O)C1O,1
9410,CC(CCO)C(O)C#N,CC(CCO)C(O)C#N,4
9411,CC12CC1C(O)C2C=O,CC12CC1C(O)C2C=O,2
9412,C1CC23CCC2C=CC13,C1=CC2CCC23CCC13,1
9413,CNc1c[nH]ncc1=O,CNc1c[nH]ncc1=O,0
9414,CCCC1COC(C)=N1,CCCC1COC(C)=N1,4
9415,C1CC(O1)C1CCO1,C1CC(C2CCO2)O1,4
9416,CC1CC(OC=N1)C=O,CC1CC(C=O)OC=N1,3
9417,CCC12CC3OCC1C23,CCC12CC3OCC1C32,4
9418,CC1CNC11COC1=O,CC1CNC12COC2=O,0
9419,OC1C(=N)OC11CC1,N=C1OC2(CC2)C1O,2
9420,C1CN2C3C4C1C4C23,C1CN2C3C4C1C4C32,2
9421,C1C2CCC3CCC1C23,C1CC2CC3CCC1C23,2
9422,O=CC1C2OCC(=O)C12,O=CC1C2OCC(=O)C12,3
9423,C(C#N)C(CC#N)CO,N#CCC(CO)CC#N,0
9424,c1cc([nH]c1O)OC=O,O=COc1ccc(O)[nH]1,4
9425,Cc1c(ncoc1=O)F,Cc1c(F)ncoc1=O,4
9426,C#CCn1cncn1,C#CCn1cncn1,1
9427,COCC12COC1C2C,COCC12COC1C2C,2
9428,CC1=CC2(CN2)CC1,CC1=CC2(CC1)CN2,2
9429,COC(CO)(C=O)C#C,C#CC(C=O)(CO)OC,2
9430,OC12COC1CC21CO1,OC12COC1CC21CO1,2
9431,CC1(C)OC(=O)C11CN1,CC1(C)OC(=O)C12CN2,0
9432,O=C1CC2CC1OCO2,O=C1CC2CC1OCO2,4
9433,C#CC1CC2C3OC1C23,C#CC1CC2C3OC1C23,0
9434,C1CC1CCC#CC=O,O=CC#CCCC1CC1,3
9435,CC1NC2C1C2(N)C#N,CC1NC2C1C2(N)C#N,1
9436,OC1CCC2NC2C=C1,OC1C=CC2NC2CC1,3
9437,CC1N=C(NC1=O)C=O,CC1N=C(C=O)NC1=O,3
9438,CCN1C2C(C)C1C2=O,CCN1C2C(=O)C1C2C,0
9439,CC12[NH2+]CC1C2C([O-])=O,CC12[NH2+]CC1C2C(=O)[O-],3
9440,CC(O)C1C2CCCN12,CC(O)C1C2CCCN21,3
9441,CN(C=O)C(=N)C1CO1,CN(C=O)C(=N)C1CO1,2
9442,CC1N2CC3(C)C2C13C,CC1N2CC3(C)C2C13C,3
9443,C1CC12COCOC2=O,O=C1OCOCC12CC2,4
9444,CC1CN2C3C4OC13C24,CC1CN2C3C4OC13C42,3
9445,OC1(C#C)C2C3C1CN23,C#CC1(O)C2CN3C2C31,1
9446,OC1C2CC(OC=N)C12,N=COC1CC2C(O)C12,3
9447,OC(COC=N)C#N,N#CC(O)COC=N,3
9448,O=C1CC2COC2C1,O=C1CC2COC2C1,4
9449,CC12CCC1C(O)C2,CC12CCC1C(O)C2,1
9450,N#CC1CN1C1CC1,N#CC1CN1C1CC1,2
9451,C#CC12CC1C=CCC2,C#CC12CCC=CC1C2,2
9452,CC1C2CC3C(CN13)O2,CC1C2CC3C(CN13)O2,2
9453,COC(=O)c1ccoc1,COC(=O)c1ccoc1,2
9454,CCCCCNC(=O)C,CCCCCNC(C)=O,4
9455,CCC(O)C1CC(O)C1,CCC(O)C1CC(O)C1,2
9456,C(C(C=O)C=O)O,O=CC(C=O)CO,4
9457,CC1C2CC(C)C1C2C,CC1CC2C(C)C1C2C,3
9458,CCc1c([nH]c(n1)C)O,CCc1nc(C)[nH]c1O,1
9459,CC(=O)C1(CC1)NC=O,CC(=O)C1(NC=O)CC1,2
9460,CC(=O)c1cncn1C,CC(=O)c1cncn1C,1
9461,CC#CC(C[NH3+])C([O-])=O,CC#CC(C[NH3+])C(=O)[O-],4
9462,CC1(C#N)C2CC1CC2,CC1(C#N)C2CCC1C2,4
9463,OCC(O)(C#N)C1CC1,N#CC(O)(CO)C1CC1,2
9464,CC12CC1(O)C(O)C2,CC12CC(O)C1(O)C2,3
9465,OCC1=NC2C(O)C2N1,OCC1=NC2C(O)C2N1,3
9466,COC12CC1C(=N)OC2,COC12COC(=N)C1C2,2
9467,CCC12CNC(=O)C1O2,CCC12CNC(=O)C1O2,0
9468,CC12CN1CCC2(C)O,CC1(O)CCN2CC21C,3
9469,OC(C#N)C#CCC=O,N#CC(O)C#CCC=O,3
9470,CCC1CCC(C)OC1,CCC1CCC(C)OC1,4
9471,CC1C2CC2C2CC12O,CC1C2CC2C2CC12O,2
9472,Cc1nc2c(o1)CCN2,Cc1nc2c(o1)CCN2,4
9473,CC1=C2COCC2CC1,CC1=C2COCC2CC1,1
9474,C(CC1CO1)C1CC1,C1CC1CCC1CO1,1
9475,C1C(CO1)C(=O)C#N,N#CC(=O)C1COC1,2
9476,COC1CC1C(C)C,COC1CC1C(C)C,2
9477,C(=O)c1c([nH]c(n1)N)O,Nc1nc(C=O)c(O)[nH]1,1
9478,CC12C3NC3C1OC2=O,CC12C(=O)OC1C1NC12,4
9479,O=C1CCC2COC12,O=C1CCC2COC12,4
9480,C1CN1CCCCC=O,O=CCCCCN1CC1,2
9481,CC(C=O)(C=O)OC,COC(C)(C=O)C=O,2
9482,CC1CC11CC(=O)O1,CC1CC12CC(=O)O2,3
9483,NC1=C(C=O)C2OC2C1,NC1=C(C=O)C2OC2C1,3
9484,CCC(NC(N)=O)C#C,C#CC(CC)NC(N)=O,1
9485,C#CCC1NC1CC#C,C#CCC1NC1CC#C,2
9486,CC1CCC11COC1C,CC1CCC12COC2C,4
9487,CC(C)C1(O)C(C)C1C,CC(C)C1(O)C(C)C1C,4
9488,CC1OCOC1C1CC1,CC1OCOC1C1CC1,1
9489,N=C1C=CNC=C1C#N,N#Cc1c[nH]ccc1=N,3
9490,Cc1ccc(c(=O)o1)F,Cc1ccc(F)c(=O)o1,2
9491,CCC(=O)C(=O)CC#N,CCC(=O)C(=O)CC#N,3
9492,CCC(O)(C=O)C#N,CCC(O)(C#N)C=O,4
9493,CCCC(O)CC(C)=O,CCCC(O)CC(C)=O,4
9494,CC(C)C12CC1C(=O)O2,CC(C)C12CC1C(=O)O2,1
9495,CC12COCC1OC=N2,CC12COCC1OC=N2,2
9496,N#CC12C3C1C1C3OC21,N#CC12C3OC4C3C1C42,2
9497,CCOC(=N)C1CCC1,CCOC(=N)C1CCC1,0
9498,O=C1OC2CCC12,O=C1OC2CCC12,4
9499,CC1CC11OC2C(C)C12,CC1C2OC3(CC3C)C12,0
9500,c1c(c2c(o1)CCN2)N,Nc1coc2c1NCC2,4
9501,CCC1C=CCCC1C,CCC1C=CCCC1C,3
9502,CCOC(=N)C1(C)CC1,CCOC(=N)C1(C)CC1,2
9503,C1NC11CN2C=CN=C12,c1cn2c(n1)C1(CN1)C2,0
9504,CC#CC(O)(C=O)C#N,CC#CC(O)(C#N)C=O,4
9505,CN=C1CN=CN1C,CN=C1CN=CN1C,2
9506,CC1=CC2=CCN3C1C23,CC1=CC2=CCN3C1C23,1
9507,N#CC12OC1CC=C2,N#CC12C=CCC1O2,0
9508,C1CC2(CC2)C(=O)C=C1,O=C1C=CCCC12CC2,2
9509,Cc1cnn(c1C=O)C,Cc1cnn(C)c1C=O,0
9510,CC12CC3(CC(=O)C13)O2,CC12CC3(CC(=O)C13)O2,1
9511,CC12CC3C(O1)C23,CC12CC3C(O1)C32,1
9512,CC(CCO)CNC=O,CC(CCO)CNC=O,2
9513,O=C1CC2(CN2)CCO1,O=C1CC2(CCO1)CN2,2
9514,c1c(nc(cn1)F)O,Oc1cncc(F)n1,4
9515,CC#CC1OC1(C)C,CC#CC1OC1(C)C,3
9516,CCC(OC=O)C1CN1,CCC(OC=O)C1CN1,2
9517,CC1=CC(=O)OC1C#C,C#CC1OC(=O)C=C1C,4
9518,N=C1OCC2COC12,N=C1OCC2COC12,4
9519,Cc1cncnc1C,Cc1cncnc1C,1
9520,CCC1(C)CCC2OC12,CCC1(C)CCC2OC21,1
9521,CC12CCN1C1COC21,CC12CCN1C1COC12,2
9522,CN1C2C1C1(C)CC2O1,CN1C2C3CC(C)(O3)C21,4
9523,CC#CCN=CNC=O,CC#CCN=CNC=O,4
9524,CC(C)C1C2CC1C2,CC(C)C1C2CC1C2,3
9525,c1[nH]c(c(n1)N)OC=O,Nc1nc[nH]c1OC=O,1
9526,CC1C2NC2CC2CN12,CC1C2NC2CC2CN21,1
9527,CC(=O)C12CC(N1)C2=O,CC(=O)C12CC(N1)C2=O,4
9528,CN1C(CC#N)CC1=O,CN1C(=O)CC1CC#N,2
9529,CC12CC1OCOC=N2,CC12CC1OCOC=N2,2
9530,COC12C3C1C1OC3C21,COC12C3C4OC3C1C42,1
9531,Cn1cc2c(n1)nno2,Cn1cc2onnc2n1,2
9532,OC12COC1C2N1CC1,OC12COC1C2N1CC1,2
9533,CC(OCC#C)C1CN1,C#CCOC(C)C1CN1,2
9534,c1cc(oc1)OCCO,OCCOc1ccco1,2
9535,CC(=O)N(C=O)C=O,CC(=O)N(C=O)C=O,2
9536,CC12CC=CC1NC2=O,CC12CC=CC1NC2=O,1
9537,CCCn1ccoc1=O,CCCn1ccoc1=O,4
9538,CNc1cnno1,CNc1cnno1,0
9539,CC1(CN(C1)C)C#N,CN1CC(C)(C#N)C1,1
9540,OCC1OCC1(O)C=O,O=CC1(O)COC1CO,2
9541,CC(N)(C#N)C1(C)CN1,CC(N)(C#N)C1(C)CN1,3
9542,C1OC2OC=NC3C1C23,C1=NC2C3COC(O1)C32,1
9543,O=CCC12CC1CCO2,O=CCC12CC1CCO2,4
9544,Cc1c(con1)CC#C,C#CCc1conc1C,1
9545,Cc1cc(c[nH]1)CC#N,Cc1cc(CC#N)c[nH]1,0
9546,CC1=CCOCC1=O,CC1=CCOCC1=O,4
9547,CC(O)C1=CC2CC2C1,CC(O)C1=CC2CC2C1,1
9548,CCCC1C(C=O)N1C,CCCC1C(C=O)N1C,1
9549,CC(=O)N(C=O)C(=O)C,CC(=O)N(C=O)C(C)=O,1
9550,OC(COC=O)C1CO1,O=COCC(O)C1CO1,1
9551,CCC1CC2(CO2)C1O,CCC1CC2(CO2)C1O,2
9552,CCOC(CC#N)C#N,CCOC(C#N)CC#N,2
9553,N#CC12CCC3C(N1)C23,N#CC12CCC3C(N1)C32,4
9554,CCC1CC(O)C1C,CCC1CC(O)C1C,2
9555,N#CC12CNC3C(O1)C23,N#CC12CNC3C(O1)C32,1
9556,NC(=O)C1NC2COC12,NC(=O)C1NC2COC21,0
9557,CC(=O)C12CC3OC1C23,CC(=O)C12CC3OC1C32,1
9558,CC(=O)CN1C2CC1C2,CC(=O)CN1C2CC1C2,4
9559,c1cc(=O)oc(c1N)N,Nc1ccc(=O)oc1N,2
9560,CC12CC1NCC(=O)N2,CC12CC1NCC(=O)N2,0
9561,CC1NC(=O)NC(C)=C1,CC1=CC(C)NC(=O)N1,2
9562,CCC1CC1C(C)O,CCC1CC1C(C)O,0
9563,CC1=CC2CC2C(O)C1,CC1=CC2CC2C(O)C1,2
9564,Cn1c2c(cc[nH]2)cn1,Cn1ncc2cc[nH]c21,2
9565,O=C1CC2C(NC12)C#N,N#CC1NC2C(=O)CC12,0
9566,CC1(C)OCC(CO)O1,CC1(C)OCC(CO)O1,0
9567,NC(=O)C1C2C=CCN12,NC(=O)C1C2C=CCN21,3
9568,CCC1OCC1C=O,CCC1OCC1C=O,3
9569,C1C(CN1)(C#N)C#N,N#CC1(C#N)CNC1,1
9570,CC#CC#CC1NC1C,CC#CC#CC1NC1C,1
9571,CC12CC3C1C1C2C31O,CC12CC3C1C1C2C31O,4
9572,CC12COC(C1)CC=C2,CC12C=CCC(C1)OC2,0
9573,O=C1C=CC2(CN12)C#N,N#CC12C=CC(=O)N1C2,2
9574,CC1NC1C(=O)C=O,CC1NC1C(=O)C=O,2
9575,OCC#CC12CC(C1)C2,OCC#CC12CC(C1)C2,1
9576,CC1=CC2CC1C=C2C,CC1=CC2CC1C=C2C,1
9577,CC(C)(C)OCCC#C,C#CCCOC(C)(C)C,3
9578,C1OCC23OC4C2NC134,C1OCC23OC4C2NC143,4
9579,C1C=CC(=O)N1CC#N,N#CCN1CC=CC1=O,3
9580,OC12C3OC1C(=O)OC23,O=C1OC2C3OC1C23O,2
9581,OCC1C2OC(=N)OC12,N=C1OC2C(CO)C2O1,0
9582,c1cncc(c1C#N)F,N#Cc1ccncc1F,3
9583,CC1C2OC3C=CC1C23,CC1C2C=CC3OC1C32,4
9584,O1C2C1C1N=CN3C2C13,C1=NC2C3OC3C3C2N13,1
9585,CN(CC=O)CC(=O)N,CN(CC=O)CC(N)=O,4
9586,CC1(CN1CC#C)C=O,C#CCN1CC1(C)C=O,2
9587,CN(C)C(=O)COC=N,CN(C)C(=O)COC=N,2
9588,O=CC1CC(=O)CN1,O=CC1CC(=O)CN1,3
9589,CC1OC1C1CC2CC12,CC1OC1C1CC2CC21,3
9590,Cc1cc[nH]c1CO,Cc1cc[nH]c1CO,2
9591,OC1CC11NC2COC12,OC1CC12NC1COC12,3
9592,CN=C1OCC11CN1,CN=C1OCC12CN2,3
9593,O=C1CCC=CC1C#N,N#CC1C=CCCC1=O,4
9594,C1C=CCC12CC=CC2,C1=CCC2(C1)CC=CC2,4
9595,CC1=CCN=CNC1=O,CC1=CCN=CNC1=O,2
9596,CC1C(O)C2=CN=NN12,CC1C(O)c2cnnn21,3
9597,CC1(O)CC2CC1O2,CC1(O)CC2CC1O2,4
9598,OC1COCCOC1=O,O=C1OCCOCC1O,3
9599,OCC1CN2CC(C2)O1,OCC1CN2CC(C2)O1,4
9600,COc1c(non1)OC,COc1nonc1OC,0
9601,N#CC1=CCN2CCC12,N#CC1=CCN2CCC12,3
9602,CC#CC(=O)N1CCC1,CC#CC(=O)N1CCC1,3
9603,N=C1OC=NC(=C1)C#N,N#Cc1cc(=N)ocn1,2
9604,CC1C2C3OC(=N)C1C23,CC1C2C(=N)OC3C1C32,1
9605,CC(O)C#CC(O)C=O,CC(O)C#CC(O)C=O,4
9606,CCN1C(C)C1C(N)=O,CCN1C(C)C1C(N)=O,3
9607,CCC12C(C)C3C1CC23,CCC12C(C)C3C1CC32,4
9608,CC1=C2CCC=C2CC1,CC1=C2CCC=C2CC1,4
9609,NC(=O)C1CNC(=O)N1,NC(=O)C1CNC(=O)N1,2
9610,Cc1cncc(c1O)C,Cc1cncc(C)c1O,4
9611,CC(O)CC12CC1CO2,CC(O)CC12CC1CO2,0
9612,N#CC1=NCC2(CC2)N1,N#CC1=NCC2(CC2)N1,4
9613,COCC1C(C)C1C#N,COCC1C(C)C1C#N,3
9614,CC1OCC1(O)C(C)=O,CC(=O)C1(O)COC1C,0
9615,c1c2c(n[nH]1)CN=CO2,C1=NCc2n[nH]cc2O1,0
9616,CNC(=O)CC(C)C#C,C#CC(C)CC(=O)NC,4
9617,CC1OC2(C)CC12C#C,C#CC12CC1(C)OC2C,2
9618,CC(C=O)N=C(N)C#N,CC(C=O)N=C(N)C#N,0
9619,C#CC1C2CCC12,C#CC1C2CCC12,0
9620,CC1(CO1)C1(CC1)C#C,C#CC1(C2(C)CO2)CC1,4
9621,CC1CC(C1)OCC#N,CC1CC(OCC#N)C1,2
9622,C#CC12CCC1CC=C2,C#CC12C=CCC1CC2,3
9623,CC1=CC2CC(O)C2C1,CC1=CC2CC(O)C2C1,4
9624,CC1CCC2CC12C#C,C#CC12CC1CCC2C,2
9625,OCC#CC1C2CC1C2,OCC#CC1C2CC1C2,0
9626,OC1CC2OC(C#C)C12,C#CC1OC2CC(O)C12,1
9627,CCc1conc1C,CCc1conc1C,0
9628,Cc1c(cncn1)NC,CNc1cncnc1C,1
9629,N=C1OC(=O)COC1=O,N=C1OC(=O)COC1=O,4
9630,CC1=CC2NCC1C2=O,CC1=CC2NCC1C2=O,0
9631,CC1OC11CC(C1)=NO,CC1OC12CC(=NO)C2,0
9632,c1(c([nH]nc1O)N)N,Nc1[nH]nc(O)c1N,3
9633,CCCC1C2C3CN3C12,CCCC1C2C3CN3C12,3
9634,C#CCCCC(=O)C#N,C#CCCCC(=O)C#N,0
9635,OCC1C2NC2C1O,OCC1C(O)C2NC12,0
9636,O=CC1CCCC1C#N,N#CC1CCCC1C=O,3
9637,O=C1NC=CC2CC2O1,O=C1NC=CC2CC2O1,3
9638,c1cn2cn[nH]c2n1,c1cn2cn[nH]c2n1,4
9639,CCC12CN1CC2(C)C,CCC12CN1CC2(C)C,3
9640,OC1CC(O)C(C1)C#C,C#CC1CC(O)CC1O,1
9641,O1C2C=CC=CC=CC12,C1=CC=CC2OC2C=C1,0
9642,O=C1NC2C(O1)C2C#C,C#CC1C2NC(=O)OC12,2
9643,OC1CCCCC2NC12,OC1CCCCC2NC12,2
9644,OC12CC3N(C1)C23C#C,C#CC12C3CC1(O)CN32,0
9645,CC12C3CC1(O)C(=O)C23,CC12C3CC1(O)C(=O)C32,3
9646,OC1CC1C1=CN=CN1,OC1CC1c1cnc[nH]1,4
9647,OCC1(CC1C=O)C#N,N#CC1(CO)CC1C=O,0
9648,Cc1cc(n[nH]1)C,Cc1cc(C)[nH]n1,2
9649,CC1C2CC1(O2)C(C)=O,CC(=O)C12CC(O1)C2C,2
9650,C1C=CCNCC1=O,O=C1CC=CCNC1,1
9651,C(C=O)C#CC=O,O=CC#CCC=O,2
9652,C1Oc2c(oc(n2)O)O1,Oc1nc2c(o1)OCO2,4
9653,C1OCC2C3C4C3N2C14,C1OCC2C3C4C1N2C43,2
9654,CC(O)CC12CC1OC2,CC(O)CC12COC1C2,4
9655,CCC(O)(CC#N)C=O,CCC(O)(C=O)CC#N,0
9656,OCC1C2CC(C2)C1O,OCC1C2CC(C2)C1O,0
9657,CC(=O)N1C2C3CC3C12,CC(=O)N1C2C3CC3C21,1
9658,c1c2c(nc(o2)N)no1,Nc1nc2nocc2o1,3
9659,CC1COC(=N)CN1C,CC1COC(=N)CN1C,0
9660,CC1(O)C2OC2C1C#C,C#CC1C2OC2C1(C)O,4
9661,CC(=O)C(=N[O-])C(N)=[NH2+],CC(=O)C(=N[O-])C(N)=[NH2+],0
9662,CC(C)C1CCC1(C)C,CC(C)C1CCC1(C)C,4
9663,C(=O)NC(=O)C#CC#N,N#CC#CC(=O)NC=O,0
9664,OC(CC1CC1)C1CC1,OC(CC1CC1)C1CC1,0
9665,CC1C(OC=N)C1C#C,C#CC1C(C)C1OC=N,2
9666,COC1(OCC=C1)C#C,C#CC1(OC)C=CCO1,0
9667,c1c[nH]c2c1nccn2,c1cnc2[nH]ccc2n1,2
9668,CCC1CC(C)C2CC12,CCC1CC(C)C2CC12,2
9669,NC(=O)N1CCC2CC12,NC(=O)N1CCC2CC21,4
9670,CC(O)CC(C)N1CC1,CC(O)CC(C)N1CC1,1
9671,Cc1c(cncc1F)F,Cc1c(F)cncc1F,4
9672,CC1OC2C3OCC3C12,CC1OC2C3OCC3C12,1
9673,CC1(O)C2OC1C1CC21,CC1(O)C2OC1C1CC12,4
9674,O=CC#CC1=NCCN1,O=CC#CC1=NCCN1,1
9675,C#CC12CC3OC1C23,C#CC12CC3OC1C32,4
9676,NC(=O)N1CC1C1CO1,NC(=O)N1CC1C1CO1,0
9677,CC12CC(O1)(C#N)C2N,CC12CC(C#N)(O1)C2N,2
9678,N=C1N2CC3C2C13C#N,N#CC12C(=N)N3CC1C32,4
9679,Cn1nc(c(n1)O)N,Cn1nc(N)c(O)n1,0
9680,NC1C2OC(=O)C12C#N,N#CC12C(=O)OC1C2N,3
9681,COC1CC11C2CC1O2,COC1CC12C1CC2O1,0
9682,C1OC11CC2CN3C2C13,C1C2CC3(CO3)C3C2N13,1
9683,Cn1cc(nc1OC)N,COc1nc(N)cn1C,0
9684,CC1CC2(C)OCC12C,CC1CC2(C)OCC12C,2
9685,c1c(oc(=O)c(n1)O)O,O=c1oc(O)cnc1O,2
9686,OCC(O)(CO)C1CO1,OCC(O)(CO)C1CO1,3
9687,CN1CC2OCC12C#N,CN1CC2OCC21C#N,1
9688,Cc1c(nnn1C)C#C,C#Cc1nnn(C)c1C,4
9689,CCC1(CNC1=O)OC,CCC1(OC)CNC1=O,0
9690,CCC1=CC2(C)CC1O2,CCC1=CC2(C)CC1O2,3
9691,N=C1COC(O1)C=O,N=C1COC(C=O)O1,1
9692,CC1(O)C2COC1C2=O,CC1(O)C2COC1C2=O,2
9693,O=CC1C2CC3C(C2)N13,O=CC1C2CC3C(C2)N13,1
9694,OC1CCC(=N)NC1=O,N=C1CCC(O)C(=O)N1,2
9695,CCC1(O)COC1=N,CCC1(O)COC1=N,2
9696,CC1C2C3C(C2C=O)N13,CC1C2C(C=O)C3C2N13,2
9697,CC1C(OC1(C)C)C#N,CC1C(C#N)OC1(C)C,1
9698,C1C=C(CO1)CCC#N,N#CCCC1=CCOC1,0
9699,N=COC1COC11CC1,N=COC1COC12CC2,1
9700,N=C1NC(C#N)C2OC12,N#CC1NC(=N)C2OC12,3
9701,CC12NC1C(N)=CC2=O,CC12NC1C(N)=CC2=O,3
9702,CC1(CC1C(N)=O)C#C,C#CC1(C)CC1C(N)=O,3
9703,CC12NC3C(OC13)C2O,CC12NC3C(OC31)C2O,3
9704,CC12OC34CCC(C13)C24,CC12OC34CCC(C13)C24,1
9705,CN1C2CC3C2C1C3=O,CN1C2CC3C(=O)C1C32,3
9706,C#CCCCNC=O,C#CCCCNC=O,0
9707,CC12C3C4C1OC2CN34,CC12C3CN4C(C1O3)C42,0
9708,OCC(C#N)C1COC1,N#CC(CO)C1COC1,3
9709,CC1CC2(CN2)C1CO,CC1CC2(CN2)C1CO,4
9710,CC1C2CC2C=C1CO,CC1C(CO)=CC2CC21,2
9711,C1C=CC2CC1OC=N2,C1=CC2CC(C1)OC=N2,3
9712,COC12C(O)C1OC2C,COC12C(C)OC1C2O,4
9713,CC(CC1CO1)N1CC1,CC(CC1CO1)N1CC1,0
9714,CCOC(=O)C1NC1C,CCOC(=O)C1NC1C,3
9715,O=CNC1=NCC2CC12,O=CNC1=NCC2CC12,0
9716,Cc1cc(oc1)C,Cc1coc(C)c1,0
9717,COC1CC1(O)CO,COC1CC1(O)CO,0
9718,O=CC1CNCC(=O)N1,O=CC1CNCC(=O)N1,4
9719,CC12CC3C1C(C2)C3=O,CC12CC3C(=O)C(C1)C32,0
9720,OCC1NC(=O)CC1=O,O=C1CC(=O)C(CO)N1,0
9721,CC12CC(O)C1(N2)C#N,CC12CC(O)C1(C#N)N2,1
9722,c1cnc-2cnn[nH]c12,c1cc2[nH]nncc-2n1,2
9723,OC1C(O)C1CCC#C,C#CCCC1C(O)C1O,3
9724,CCOC(C)CC#CC,CC#CCC(C)OCC,3
9725,CC(=O)NC=NCC=O,CC(=O)NC=NCC=O,0
9726,C#CC1(C#C)C2COC12,C#CC1(C#C)C2COC21,1
9727,CN(C)c1[nH]cc(n1)O,CN(C)c1nc(O)c[nH]1,2
9728,O=C([N-]C1C[NH2+]C1)C#N,N#CC(=O)[N-]C1C[NH2+]C1,0
9729,CCOC1(C)CC2OC12,CCOC1(C)CC2OC21,3
9730,N#CCC12CN1C1CC21,N#CCC12CN1C1CC12,4
9731,N=C(C#N)N1CC1,N#CC(=N)N1CC1,4
9732,COCC1CCCC1=O,COCC1CCCC1=O,3
9733,CC1=CC(=N)ON=N1,Cc1cc(=N)onn1,0
9734,CCC#CC1CC2OC12,CCC#CC1CC2OC12,1
9735,C#CCC1CC2CCC12,C#CCC1CC2CCC12,3
9736,NC(=O)OC1CC(O)C1,NC(=O)OC1CC(O)C1,4
9737,CC1C2CN2C1C#N,CC1C(C#N)N2CC12,0
9738,OCC1CC11CC2NC12,OCC1CC12CC1NC12,4
9739,N=C1CCC(CO1)C#C,C#CC1CCC(=N)OC1,0
9740,c1coc2c1nc([nH]2)O,Oc1nc2ccoc2[nH]1,4
9741,CN1C2C(=O)CC12C,CN1C2C(=O)CC21C,0
9742,C1CC2C=CC1CC=C2,C1=CC2C=CC(C1)CC2,0
9743,c1c(onc1OC=O)N,Nc1cc(OC=O)no1,3
9744,COC1C2NC2C1CO,COC1C(CO)C2NC21,4
9745,CCc1coc(=NC)[nH]1,CCc1coc(=NC)[nH]1,4
9746,CC1=CC2COC1C2=O,CC1=CC2COC1C2=O,1
9747,C1C2C3C4C5CC1(C24)N35,C1C2C3C4C5CC1(C24)N53,4
9748,CC1(C#N)C2CC1C2=O,CC1(C#N)C2CC1C2=O,0
9749,C1OC1C12NC1C1OC21,C1OC1C12NC1C1OC12,4
9750,CC(O)C1CCC(=O)N1,CC(O)C1CCC(=O)N1,4
9751,CC(O)C(CCO)=NO,CC(O)C(CCO)=NO,4
9752,CC12CC(C1)C(C)(C)O2,CC12CC(C1)C(C)(C)O2,1
9753,CCCC1C2CC1(C)O2,CCCC1C2CC1(C)O2,2
9754,CCCc1c(cco1)C,CCCc1occc1C,2
9755,C1C2C3C=CC=CC1N23,C1=CC2CC3C(C=C1)N23,0
9756,O=CC1CC=CC2OC12,O=CC1CC=CC2OC12,1
9757,CC12CN1C1(C)CC21C,CC12CN1C1(C)CC21C,2
9758,C#CC#CC1COC1,C#CC#CC1COC1,4
9759,CN(CCOC=O)C=O,CN(C=O)CCOC=O,3
9760,OCC1COC1CC#N,N#CCC1OCC1CO,0
9761,CC1=CC2C3C4C3N2C14,CC1=CC2C3C4C1N2C34,1
9762,Cc1c2n(cn1)CC=C2,Cc1ncn2c1C=CC2,4
9763,CCC(C)CN=COC,CCC(C)CN=COC,1
9764,Cc1cc(nn1C)C=O,Cc1cc(C=O)nn1C,1
9765,CC1NC(=O)N(C)C1C,CC1NC(=O)N(C)C1C,3
9766,CN=C1CC(C)C(=O)O1,CN=C1CC(C)C(=O)O1,4
9767,COC(C)=NCC1CN1,COC(C)=NCC1CN1,2
9768,Cn1c(cccc1=O)O,Cn1c(O)cccc1=O,2
9769,C1CC(=NO)C(=C1)CO,OCC1=CCCC1=NO,0
9770,CC(=O)C#CC1CO1,CC(=O)C#CC1CO1,0
9771,CC1C=CC(C#C)C1=O,C#CC1C=CC(C)C1=O,0
9772,C1NC1C12CC(C1)CO2,C1OC2(C3CN3)CC1C2,3
9773,CC(C)(CC(=O)OC)O,COC(=O)CC(C)(C)O,2
9774,CC1C2CC(O)C1O2,CC1C2CC(O)C1O2,1
9775,CCC1C2N1CC21CO1,CCC1C2N1CC21CO1,0
9776,COC1CC1(C)OC,COC1CC1(C)OC,0
9777,CC(=O)C1C2CC1O2,CC(=O)C1C2CC1O2,4
9778,CC(OCC(N)=O)C=O,CC(C=O)OCC(N)=O,1
9779,CN1CC11CN(C)C1=O,CN1CC2(CN2C)C1=O,0
9780,COc1cnc(o1)C#N,COc1cnc(C#N)o1,3
9781,CC1(CC(=O)N1)C#C,C#CC1(C)CC(=O)N1,3
9782,CC1(O)C(O)CC1CO,CC1(O)C(O)CC1CO,3
9783,C1OC2CC3NC3C12,C1C2NC2C2COC12,3
9784,C1CC1C(=O)CO,O=C(CO)C1CC1,3
9785,CC1NC(C=O)=NC1C,CC1N=C(C=O)NC1C,2
9786,CN1C(=O)C2(O)CC12C,CN1C(=O)C2(O)CC12C,0
9787,CC1OCC(O)C1C,CC1OCC(O)C1C,2
9788,C1C2CN1C1=NON=C21,C1C2CN1c1nonc12,0
9789,Cc1cc(coc1=O)N,Cc1cc(N)coc1=O,0
9790,CC12CCC(C1)OC2=N,CC12CCC(C1)OC2=N,4
9791,CCC(C=O)(C#C)C#C,C#CC(C#C)(C=O)CC,1
9792,CCC1CCC(CC)O1,CCC1CCC(CC)O1,2
9793,NC(=O)C(O)C1CC1,NC(=O)C(O)C1CC1,1
9794,N=COCCC#CC#C,C#CC#CCCOC=N,4
9795,CC1OC(C)C2(CC2)O1,CC1OC(C)C2(CC2)O1,1
9796,CC1C=CC2C1NC2=O,CC1C=CC2C(=O)NC12,2
9797,CCN=COC(C)C=O,CCN=COC(C)C=O,0
9798,c1c2c([nH]c1O)NCC2,Oc1cc2c([nH]1)NCC2,0
9799,CCC1CCCC11CC1,CCC1CCCC12CC2,1
9800,CC(=O)C1NC1(C)C#C,C#CC1(C)NC1C(C)=O,3
9801,CCCC1(COC)CO1,CCCC1(COC)CO1,3
9802,COCC1CCC1C#C,C#CC1CCC1COC,4
9803,CN=C(C=O)N(C)C=N,CN=C(C=O)N(C)C=N,4
9804,OC12C3C1C1OC3C21,OC12C3C4OC3C1C42,3
9805,CC1(CCC(=O)C1)C#C,C#CC1(C)CCC(=O)C1,0
9806,CC1C2C3C(C#C)C2C13,C#CC1C2C3C(C)C2C13,1
9807,CC#CC12OC1C1NC21,CC#CC12OC1C1NC12,4
9808,OC1CC2OC3C2OC13,OC1CC2OC3C1OC23,0
9809,O=C1NC=CC1C#C,C#CC1C=CNC1=O,4
9810,C(C#N)N=C(CO)N,N#CCN=C(N)CO,4
9811,CC1CC1C1=CNN=N1,CC1CC1c1c[nH]nn1,2
9812,OC1C2CC1(C=O)C=C2,O=CC12C=CC(C1)C2O,4
9813,CC1(C#N)C2CCCN12,CC1(C#N)C2CCCN21,2
9814,CCCC1(CC1C)C#N,CCCC1(C#N)CC1C,2
9815,C1C2NC1C1=NOC=C21,c1onc2c1C1CC2N1,1
9816,CC#CC(C)C1CC1C,CC#CC(C)C1CC1C,3
9817,CN1CC1C(O)C=O,CN1CC1C(O)C=O,4
9818,C1C2C1C1=CN=CN21,c1ncn2c1C1CC12,0
9819,OCC1CN2CC1(O)C2,OCC1CN2CC1(O)C2,2
9820,CN1CCOC(=O)C1,CN1CCOC(=O)C1,3
9821,OC1C2CCOCCC12,OC1C2CCOCCC12,3
9822,O=C1CCC2CCOC12,O=C1CCC2CCOC12,0
9823,CCC(C)C1=NNN=N1,CCC(C)c1nn[nH]n1,2
9824,CC1(CNC=O)CO1,CC1(CNC=O)CO1,4
9825,OCCN1CC2OCC12,OCCN1CC2OCC21,4
9826,CN1N=NC(=N)N=C1C,Cc1nc(=N)nnn1C,4
9827,O=C1OC2CC3C(C2)C13,O=C1OC2CC3C(C2)C13,1
9828,CCC1CC1(CC)CO,CCC1CC1(CC)CO,2
9829,Cc1cc(c(nc1)F)N,Cc1cnc(F)c(N)c1,0
9830,OC(C#N)C1C2CC1C2,N#CC(O)C1C2CC1C2,3
9831,CCOC(=O)C(=N)NC,CCOC(=O)C(=N)NC,1
9832,OCC12C3C4C(N14)C23O,OCC12C3C4C(N41)C32O,4
9833,CC(=O)COCC=O,CC(=O)COCC=O,0
9834,CC1C(O)COC1=O,CC1C(=O)OCC1O,4
9835,CC1C2C3CC1(CO)N23,CC1C2C3CC1(CO)N32,0
9836,c1cn2c(n1)CNC2=O,O=C1NCc2nccn21,1
9837,CC12C3CN1C3CC2=O,CC12C(=O)CC3C1CN32,2
9838,C1CC2COC3C1C3O2,C1CC2C3OCC1OC23,3
9839,CC12C3CC(=O)C1CN23,CC12C3CN1C2CC3=O,2
9840,CC12CC(C)(C1)N=CO2,CC12CC(C)(C1)OC=N2,4
9841,Cc1[nH]c2c(n1)[nH]nn2,Cc1nc2[nH]nnc2[nH]1,1
9842,COC1(CO)COC1=O,COC1(CO)COC1=O,3
9843,CC1=C(COC1=O)NC,CNC1=C(C)C(=O)OC1,2
9844,c1c2n(c(=O)o1)CC=C2,O=c1occ2n1CC=C2,3
9845,CC1C2N3CCC3C12O,CC1C2N3CCC3C12O,1
9846,O=C1NC2C3OC1C23,O=C1NC2C3OC1C23,1
9847,CCC(=O)CCC(=O)C,CCC(=O)CCC(C)=O,3
9848,CC1C2CC1(OC2)C#C,C#CC12CC(CO1)C2C,3
9849,CC1C=CCOC1CO,CC1C=CCOC1CO,2
9850,OC(C=O)C1C2COC12,O=CC(O)C1C2COC21,4
9851,CNCC(OC)C#N,CNCC(C#N)OC,2
9852,CCc1c(=O)occn1,CCc1nccoc1=O,1
9853,CC1N2CC1(C)C(=O)C2,CC1N2CC(=O)C1(C)C2,1
9854,c1c(c(c(nn1)N)F)F,Nc1nncc(F)c1F,3
9855,C1OC2CCOCC2=C1,C1=C2COCCC2OC1,3
9856,C1CN1C(C=O)C=O,O=CC(C=O)N1CC1,2
9857,O=C1OC2(CC2)C1C#N,N#CC1C(=O)OC12CC2,2
9858,C1OC11C2OC1C1NC21,C1OC12C1OC2C2NC21,0
9859,CC12C3C4CC(C=C14)N23,CC12C3=CC4CC3C1N42,1
9860,CC1C2NC2C2OC12,CC1C2NC2C2OC12,2
9861,C#CCc1c(cn[nH]1)O,C#CCc1[nH]ncc1O,4
9862,OC12COC1C(C2)C#N,N#CC1CC2(O)COC12,1
9863,CC(CC=O)C(O)C=O,CC(CC=O)C(O)C=O,3
9864,c1c(nc(oc1=O)N)F,Nc1nc(F)cc(=O)o1,1
9865,O=CC12NC1C1NC21,O=CC12NC1C1NC12,4
9866,CC1(O)CC(O)C1CO,CC1(O)CC(O)C1CO,2
9867,CC12C3OC3C3C1CC23,CC12C3CC1C3C1OC12,3
9868,CC#CC1C2CC2C1C,CC#CC1C(C)C2CC12,2
9869,c1c2n(nn1)C(=O)CC2,O=C1CCc2cnnn21,0
9870,OC1CC11COC1,OC1CC12COC2,2
9871,C#CC12CC3C(O1)C3O2,C#CC12CC3C(O1)C3O2,2
9872,C1NC1C1=CN=NN1,c1nn[nH]c1C1CN1,0
9873,O=CNC1CCNC1=O,O=CNC1CCNC1=O,4
9874,C1CN1CC(=O)CCO,O=C(CCO)CN1CC1,3
9875,OC12C3C1C1C2C3C1=O,O=C1C2C3C1C1C2C31O,4
9876,c1c(c(=O)cn[nH]1)N,Nc1c[nH]ncc1=O,3
9877,COC1CN(C1)CC=O,COC1CN(CC=O)C1,4
9878,CCC1(CC(=O)C1)C=O,CCC1(C=O)CC(=O)C1,4
9879,CC12OCC1(C#N)C2N,CC12OCC1(C#N)C2N,3
9880,C1CC1C12OC1CC=C2,C1=CC2(C3CC3)OC2C1,2
9881,O=CC1CNC(=O)OC1,O=CC1CNC(=O)OC1,2
9882,CCC12CC1(C)C1NC21,CCC12CC1(C)C1NC12,4
9883,C1C2C1C13CCC21CO3,C1C2C1C13CCC21CO3,4
9884,OC12C=CC3CC1C23O,OC12C=CC3CC1C32O,0
9885,N=C1C=CN=CC=N1,N=c1ccnccn1,3
9886,O=CNC1CC(C1)C=O,O=CNC1CC(C=O)C1,4
9887,CC1N2CCC12C1CN1,CC1N2CCC12C1CN1,2
9888,CC1(C)CC2OCC12O,CC1(C)CC2OCC21O,4
9889,CC1C2CC3OC1C23O,CC1C2CC3OC1C32O,4
9890,CC1(CCOC=N1)C#C,C#CC1(C)CCOC=N1,4
9891,CC(O)C1COC1(C)C,CC(O)C1COC1(C)C,3
9892,O=C1CC2OC2C1C#C,C#CC1C(=O)CC2OC21,4
9893,[O-]C(=O)C12CC1C[NH2+]2,O=C([O-])C12CC1C[NH2+]2,4
9894,CC12CC3C(CN13)C=C2,CC12C=CC3CN1C3C2,0
9895,CC1=CC2(O)CCC2C1,CC1=CC2(O)CCC2C1,0
9896,C1OC2CC1CC1OC21,C1OC2CC1CC1OC21,1
9897,COC(C)C1CC1C,COC(C)C1CC1C,4
9898,Cc1c[nH]c(c1O)C,Cc1c[nH]c(C)c1O,3
9899,OC1C(O)C1COC=N,N=COCC1C(O)C1O,4
9900,OC12C3N=C4NC(C13)C24,OC12C3N=C4NC(C41)C32,1
9901,CC12CN(C1)C2CC#N,CC12CN(C1)C2CC#N,0
9902,OC1C2CN2C1CC#C,C#CCC1C(O)C2CN12,2
9903,OC(C#C)C1CCO1,C#CC(O)C1CCO1,2
9904,O=CC#CC1C2CC1O2,O=CC#CC1C2CC1O2,0
9905,O=C1CC(CCN1)C#N,N#CC1CCNC(=O)C1,1
9906,O=CC12CC1CC2C#N,N#CC1CC2CC12C=O,3
9907,OC12CN(CC1)C2C#C,C#CC1N2CCC1(O)C2,4
9908,Cn1ccc(=O)cc1N,Cn1ccc(=O)cc1N,2
9909,CC1NC11CCCC1O,CC1NC12CCCC2O,0
9910,c1cnc(c(c1O)O)O,Oc1ccnc(O)c1O,4
9911,CC12CC1(CO)OC2,CC12COC1(CO)C2,2
9912,CC1(C)OC(C#N)C1N,CC1(C)OC(C#N)C1N,3
9913,CC(C#N)C#CCC#C,C#CCC#CC(C)C#N,3
9914,CC1OC2C3CC3C2=C1,CC1C=C2C3CC3C2O1,2
9915,CC#CC1(CCN1)C#N,CC#CC1(C#N)CCN1,2
9916,COC1CC2(NC12)C=O,COC1CC2(C=O)NC12,2
9917,OC1CC=CCC1C#C,C#CC1CC=CCC1O,2
9918,CCCC(=O)C#C,C#CC(=O)CCC,4
9919,CN1C2C(N)C2(O)C1=N,CN1C(=N)C2(O)C(N)C12,3
9920,OC1CC1C1NCC1=O,O=C1CNC1C1CC1O,1
9921,COc1cnn[nH]c1=O,COc1cnn[nH]c1=O,1
9922,CCC(CC)(CC)C=O,CCC(C=O)(CC)CC,3
9923,C1CC2CC3OC3C2O1,C1CC2CC3OC3C2O1,2
9924,CC1(COC1)C(O)C#N,CC1(C(O)C#N)COC1,3
9925,C#CCNC1(CC1)C=O,C#CCNC1(C=O)CC1,0
9926,COC1CC(=O)C2CC12,COC1CC(=O)C2CC12,0
9927,c1c(c(c([nH]1)O)N)C#N,N#Cc1c[nH]c(O)c1N,0
9928,CCC(C)C(CO)=NO,CCC(C)C(CO)=NO,2
9929,OC1C2C3CC2(C3)C1=O,O=C1C(O)C2C3CC12C3,2
9930,CC12NC1C1CC2(C)C1,CC12CC(C1)C1NC12C,0
9931,N=C1OCOC2CC2O1,N=C1OCOC2CC2O1,0
9932,CC1=NCC2(O1)CC2,CC1=NCC2(CC2)O1,1
9933,CC1C2CC1(O)C(=N)O2,CC1C2CC1(O)C(=N)O2,2
9934,CC(O)C1NCC1=NO,CC(O)C1NCC1=NO,3
9935,CC1=CCN(C1)C(=O)C,CC(=O)N1CC=C(C)C1,1
9936,N#CC1NC11COC1,N#CC1NC12COC2,2
9937,CC12CC1CC(C2)C#C,C#CC1CC2CC2(C)C1,4
9938,CC1C2C=C(CN12)C#C,C#CC1=CC2C(C)N2C1,3
9939,CC1CNC(C)=CC1=O,CC1=CC(=O)C(C)CN1,3
9940,COc1conn1,COc1conn1,0
9941,OCC1OC2C=CCC12,OCC1OC2C=CCC21,0
9942,OCCC1(CO1)C#C,C#CC1(CCO)CO1,3
9943,CCC12CC1CC2OC,CCC12CC1CC2OC,2
9944,CCCCC(OC)C=O,CCCCC(C=O)OC,1
9945,CN1CC2C1C=CC2=O,CN1CC2C(=O)C=CC21,2
9946,O=CC12CN3CCC1C23,O=CC12CN3CCC1C32,3
9947,CN1CC1(C)CC(N)=O,CN1CC1(C)CC(N)=O,3
9948,OC1C=CC2C3CN2C13,OC1C=CC2C3CN2C13,1
9949,O=C1C2CN3C2C=CC13,O=C1C2CN3C1C=CC23,1
9950,CCC12CC1C1OCC21,CCC12CC1C1OCC12,3
9951,CN=COC(C)C#CC,CC#CC(C)OC=NC,3
9952,CC1(C)C(O)C1CC#C,C#CCC1C(O)C1(C)C,1
9953,CCC#CC1C2COC12,CCC#CC1C2COC12,4
9954,C1CC2(C1)C1OC2C=C1,C1=CC2OC1C21CCC1,1
9955,CC1CC2OCCCC12,CC1CC2OCCCC12,2
9956,N=COCC1=NON=C1,N=COCc1cnon1,4
9957,C1CC1(CNC=O)C=O,O=CNCC1(C=O)CC1,2
9958,OC1C2COC(C#N)C12,N#CC1OCC2C(O)C12,3
9959,C1CC2(CO1)CN=CO2,C1=NCC2(CCOC2)O1,0
9960,CC1C(=O)C=C(C)C1=O,CC1=CC(=O)C(C)C1=O,0
9961,Cc1c(c[nH]c1N)O,Cc1c(O)c[nH]c1N,1
9962,OC1CN=C2OCOC12,OC1CN=C2OCOC21,4
9963,CCC(CC)(CC#N)O,CCC(O)(CC)CC#N,2
9964,CC(=Nc1cnco1)N,CC(N)=Nc1cnco1,3
9965,OCC#CCC1CN1,OCC#CCC1CN1,2
9966,CN1C2C3C2(C)CC13C,CN1C2C3C2(C)CC31C,3
9967,OCC1CC2CC(C1)O2,OCC1CC2CC(C1)O2,2
9968,COC1CC(C)C2CC12,COC1CC(C)C2CC12,2
9969,C(=O)c1c(oc(=O)[nH]1)N,Nc1oc(=O)[nH]c1C=O,2
9970,CC1OC1C(C)(O)C#N,CC1OC1C(C)(O)C#N,2
9971,OC1CC=C(C=O)C1O,O=CC1=CCC(O)C1O,2
9972,C[NH2+]CCC(=O)C([O-])=O,C[NH2+]CCC(=O)C(=O)[O-],4
9973,ON=C1CN=CNC1=N,N=C1NC=NCC1=NO,3
9974,CC#CC(CC=O)C#C,C#CC(C#CC)CC=O,3
9975,c1c([nH]cn1)C#CC#N,N#CC#Cc1cnc[nH]1,3
9976,CC1OCCC2CCC12,CC1OCCC2CCC21,4
9977,OCC1CC(O)C(=O)O1,O=C1OC(CO)CC1O,1
9978,C[NH2+]CCC#CC([O-])=O,C[NH2+]CCC#CC(=O)[O-],3
9979,C#Cc1[nH]cc(n1)O,C#Cc1nc(O)c[nH]1,1
9980,CC1C(C2CN2)N1C,CC1C(C2CN2)N1C,2
9981,N=COCC(C=O)C=O,N=COCC(C=O)C=O,3
9982,CC(C)OCC(=O)C#C,C#CC(=O)COC(C)C,0
9983,CC1COC(=N1)C1CC1,CC1COC(C2CC2)=N1,1
9984,CC(O)COCCC#C,C#CCCOCC(C)O,1
9985,C1C2CCCCC=CC12,C1=CC2CC2CCCC1,1
9986,CC1CC2CC(C)(C2)C1,CC1CC2CC(C)(C1)C2,3
9987,CC(C)(C#C)C1CC1O,C#CC(C)(C)C1CC1O,2
9988,C1C2C3C=CC4C1C2N34,C1=CC2C3CC4C1N2C43,0
9989,CC1CCC=C(C)C=C1,CC1=CCCC(C)C=C1,0
9990,C#Cc1nc(c(o1)N)N,C#Cc1nc(N)c(N)o1,1
9991,C#CCCCCN1CC1,C#CCCCCN1CC1,1
9992,C(C1CO1)C1CCCO1,C1COC(CC2CO2)C1,3
9993,CC1C2(C)CC1(O)C2C,CC1C2(C)CC1(O)C2C,2
9994,N#CC12CC3C1CCC23,N#CC12CC3C1CCC32,3
9995,CC1CC(=O)C(=O)CN1,CC1CC(=O)C(=O)CN1,4
9996,CC#CCC(O)C(N)=O,CC#CCC(O)C(N)=O,1
9997,CCC(C)(OC=O)C=O,CCC(C)(C=O)OC=O,0
9998,CC(=O)NC(=N)C=O,CC(=O)NC(=N)C=O,3
9999,O=C1C2CC1(O2)C#C,C#CC12CC(O1)C2=O,3
10000,CC1(CO)OCC1C#N,CC1(CO)OCC1C#N,1
10001,CC(CC=O)C#CCO,CC(C#CCO)CC=O,1
10002,C1CC23OC4CC2CC134,C1C2OC34CCC23CC14,3
10003,CC1C2C(O)C2C1C,CC1C(C)C2C(O)C12,1
10004,C1C2CC11OC1C=CC2,C1=CC2OC23CC(C1)C3,0
10005,CCC1(CN1C)C(C)=O,CCC1(C(C)=O)CN1C,1
10006,CC(CO)C(C)CC=O,CC(CO)C(C)CC=O,4
10007,[NH3+]CC(=O)NCC([O-])=O,[NH3+]CC(=O)NCC(=O)[O-],1
10008,CNc1ccoc1CO,CNc1ccoc1CO,2
10009,CC1CC1C#CC#C,C#CC#CC1CC1C,0
10010,OCC12C3CC1CC23O,OCC12C3CC1C2(O)C3,4
10011,OC1COCOCC1=O,O=C1COCOCC1O,4
10012,CC12OC1CCNC2=O,CC12OC1CCNC2=O,0
10013,O=C1CCCC(C1)C#N,N#CC1CCCC(=O)C1,2
10014,N=C1OC2CC(=N)OC12,N=C1CC2OC(=N)C2O1,1
10015,O=C1CC23OC4C2CC134,O=C1CC23OC4C2CC143,4
10016,Cc1cnoc1OC,COc1oncc1C,1
10017,C#CC1CCCC1C#C,C#CC1CCCC1C#C,4
10018,CC12NC1C1C(O)C21C,CC12NC1C1C(O)C12C,0
10019,c1c([nH]nc1N2CC2)N,Nc1cc(N2CC2)n[nH]1,1
10020,CC1=C([O-])C(C[NH3+])=CO1,Cc1occ(C[NH3+])c1[O-],4
10021,CC1C2CC3CC3C12C,CC1C2CC3CC3C12C,2
10022,NC1=NC(=N)NN=C1F,N=c1nc(N)c(F)n[nH]1,1
10023,CC(C)C#CC1(C)CN1,CC(C)C#CC1(C)CN1,2
10024,CC1OC23CC(CC2)C13,CC1OC23CCC(C2)C13,0
10025,OC1CC11CN(C1)C=O,O=CN1CC2(CC2O)C1,0
10026,CC1C2OC(C)C1C2O,CC1OC2C(C)C1C2O,0
10027,c1c[nH]c(=O)c(c1N)N,Nc1cc[nH]c(=O)c1N,4
10028,Cc1[nH]c(c(n1)N)C=O,Cc1nc(N)c(C=O)[nH]1,1
10029,CC1CNC(C)C(=O)O1,CC1CNC(C)C(=O)O1,1
10030,CC1OC(=O)CC1(C)O,CC1OC(=O)CC1(C)O,0
10031,C1C2C3C4C1C1C2C3N41,C1C2C3C4C1C1C2C3N41,3
10032,CC1(N)COCOC1=O,CC1(N)COCOC1=O,1
10033,CCC12C3C4C1C4(O)C23,CCC12C3C4C1C4(O)C32,3
10034,NC1=C(OC=N)N=NN1,N=COc1nn[nH]c1N,0
10035,OC1C=C(C#N)C2NC12,N#CC1=CC(O)C2NC12,2
10036,CN1C(CC#C)C1C#C,C#CCC1C(C#C)N1C,0
10037,CC(O)CC1COC1C,CC(O)CC1COC1C,4
10038,CC1C(C(O)CO)N1C,CC1C(C(O)CO)N1C,0
10039,OC1C=CCC2CCC12,OC1C=CCC2CCC12,2
10040,CC12CC1C(C2)OC=N,CC12CC(OC=N)C1C2,4
10041,CCCNC1COC1=O,CCCNC1COC1=O,4
10042,CC1CCCN=CO1,CC1CCCN=CO1,4
10043,CC12C(O)C1OC1CC21,CC12C(O)C1OC1CC12,2
10044,OC12C3OC1C3OC2=N,N=C1OC2C3OC2C13O,2
10045,CC(C)(CC#N)CO,CC(C)(CO)CC#N,1
10046,CCC(C)C(O)CCO,CCC(C)C(O)CCO,0
10047,OC12C3CC3C1C2C=O,O=CC1C2C3CC3C12O,1
10048,CCC(=O)C(O)CCO,CCC(=O)C(O)CCO,0
10049,C1CC2OCC3C1C3O2,C1CC2C3COC1OC23,4
10050,Cc1c(oc(n1)CO)C,Cc1nc(CO)oc1C,0
10051,CC12OC1CC2C=O,CC12OC1CC2C=O,1
10052,CN=C1OCC(C)C1=O,CN=C1OCC(C)C1=O,4
10053,CC1NC(=O)C1(C)O,CC1NC(=O)C1(C)O,0
10054,CCC(C=O)(C#C)C#N,C#CC(C#N)(C=O)CC,0
10055,CC12C(CO)C1N1CC21,CC12C(CO)C1N1CC12,4
10056,OC1CC2OC(=N)OC12,N=C1OC2CC(O)C2O1,4
10057,CC1(C)COC(O1)C#N,CC1(C)COC(C#N)O1,2
10058,N#CCC1C2C=CCN12,N#CCC1C2C=CCN21,1
10059,COC1(CO)CC1(C)O,COC1(CO)CC1(C)O,3
10060,C1CC1c2c(nno2)N,Nc1nnoc1C1CC1,2
10061,OCC1=CC(=N)ON=N1,N=c1cc(CO)nno1,0
10062,OC1C2CC3N2C1C3=O,O=C1C2CC3C(O)C1N23,4
10063,CCC1OCC1OC,CCC1OCC1OC,4
10064,C1OC2C3COCC1C23,C1OCC2C3OCC1C23,4
10065,OC1C2C(C#N)N2C1=O,N#CC1C2C(O)C(=O)N12,0
10066,CC12C=CCC1N2C=O,CC12C=CCC1N2C=O,4
10067,CC12NC1C1(O)COC21,CC12NC1C1(O)COC12,4
10068,CC12C3C=CC1C1C3N21,CC12C3C=CC1C1C3N12,2
10069,OC1C2OC(C3CC3)C12,OC1C2OC(C3CC3)C12,0
10070,NC1C2CN2CC1C#N,N#CC1CN2CC2C1N,0
10071,CC1COC(=O)C(O)C1,CC1COC(=O)C(O)C1,0
10072,CC(=O)C1CC2(CC2)O1,CC(=O)C1CC2(CC2)O1,4
10073,NC(=[NH2+])C1=N[N-]C(=N)O1,N=c1[n-]nc(C(N)=[NH2+])o1,3
10074,CN1CC(C#N)C2CC12,CN1CC(C#N)C2CC21,3
10075,NC1=NC(CC1=O)C#C,C#CC1CC(=O)C(N)=N1,0
10076,CCCc1ccoc1N,CCCc1ccoc1N,1
10077,CNc1ccco1,CNc1ccco1,3
10078,CCC12CC1CC21CO1,CCC12CC1CC21CO1,1
10079,OC1C2CC3C2OC13,OC1C2CC3C1OC23,0
10080,C(C1CN1)N1C=NN=N1,c1nnnn1CC1CN1,1
10081,OCCN1C2C3NC3C12,OCCN1C2C3NC3C21,3
10082,OCCC12OC3C1NC23,OCCC12OC3C1NC32,2
10083,C1C(CO1)(C#N)C#N,N#CC1(C#N)COC1,0
10084,CC12C(O)C3C1CCN23,CC12C(O)C3C1CCN32,3
10085,CC(C)c1c(con1)N,CC(C)c1nocc1N,3
10086,C#CCCC1(CC1)CO,C#CCCC1(CO)CC1,0
10087,CCCCC1CC(=O)C1,CCCCC1CC(=O)C1,4
10088,CCC(O)C(O)C(C)C,CCC(O)C(O)C(C)C,4
10089,CNc1cocn1,CNc1cocn1,3
10090,C#Cc1c(nco1)C#N,C#Cc1ocnc1C#N,0
10091,CC1NC1C(C)(N)C#N,CC1NC1C(C)(N)C#N,2
10092,CC1C2OC2(C)C1=NO,CC1C(=NO)C2(C)OC12,3
10093,C(=O)Oc1nc([nH]n1)N,Nc1nc(OC=O)n[nH]1,0
10094,CC1OCCC=CCO1,CC1OCC=CCCO1,1
10095,CNc1cncc(n1)F,CNc1cncc(F)n1,2
10096,CC1C2OC3(C)CC2C13,CC1C2OC3(C)CC2C13,0
10097,CC1C2C3N1C3(C)C2O,CC1C2C(O)C3(C)C2N13,2
10098,C1OC1C12NC3C1OC23,C1OC1C12NC3C1OC32,4
10099,N#CCC12CC1OCC2,N#CCC12CCOC1C2,0
10100,Cc1ccc2n1CC2,Cc1ccc2n1CC2,4
10101,CNc1c(c(c[nH]1)N)O,CNc1[nH]cc(N)c1O,2
10102,N#CCOC1C2CC1C2,N#CCOC1C2CC1C2,2
10103,CCc1conc1OC,CCc1conc1OC,2
10104,C(=O)c1nc(c(o1)N)O,Nc1oc(C=O)nc1O,2
10105,CC12CC3=CCC1(C)C23,CC12CC=C3CC1(C)C32,1
10106,COCC(O)(CN)C#N,COCC(O)(C#N)CN,3
10107,C#CC#CC(=O)CO,C#CC#CC(=O)CO,1
10108,Cn1c(=O)oc(n1)C#C,C#Cc1nn(C)c(=O)o1,0
10109,COC(C)=NC(C)C=O,COC(C)=NC(C)C=O,1
10110,C1OC1C1COCCO1,C1COC(C2CO2)CO1,2
10111,CC12OC1(C)C1(O)CC21,CC12OC1(C)C1(O)CC12,1
10112,c1c(nnc(n1)O)N,Nc1cnc(O)nn1,4
10113,CC1=CCC(O)C1C#N,CC1=CCC(O)C1C#N,1
10114,OC1C(O)C1C#CC=O,O=CC#CC1C(O)C1O,3
10115,COc1[nH]c(cn1)C#C,C#Cc1cnc(OC)[nH]1,3
10116,OC(C#N)C#CC1CO1,N#CC(O)C#CC1CO1,1
10117,N=C1OC(CC=C1)C=O,N=C1C=CCC(C=O)O1,4
10118,CC12C3CC1C(O)C2C3,CC12C3CC1C(O)C2C3,3
10119,O=CC1CC2CC12,O=CC1CC2CC12,2
10120,CC1C2OC=NC1C=C2,CC1C2C=CC1OC=N2,3
10121,CC1C(C)C2COCC12,CC1C(C)C2COCC12,2
10122,C1CC1C12CC3CC1C23,C1CC1C12CC3CC1C32,2
10123,O=CN1CC2C3CC3C12,O=CN1CC2C3CC3C21,0
10124,CCC(=O)CCC1CO1,CCC(=O)CCC1CO1,1
10125,c1(nc(no1)N)C(=O)N,NC(=O)c1nc(N)no1,3
10126,CC12NC3CN(C13)C2=O,CC12NC3CN(C1=O)C32,4
10127,OC12CCC(C1)C(=O)C2,O=C1CC2(O)CCC1C2,4
10128,CC1C(C#N)C11CCO1,CC1C(C#N)C12CCO2,1
10129,CC1COC(C)(C)C1=O,CC1COC(C)(C)C1=O,3
10130,CCOC1C2OC(=N)C12,CCOC1C2OC(=N)C12,1
10131,CC12CCC3CC(O1)C23,CC12CCC3CC(O1)C32,3
10132,Cc1nc(on1)N2CC2,Cc1noc(N2CC2)n1,0
10133,C1OC1C12CC1C1NC21,C1OC1C12CC1C1NC12,1
10134,CC12OC1C1OC(=N)C21,CC12OC1C1OC(=N)C12,1
10135,CC1OCCC1(O)C=O,CC1OCCC1(O)C=O,4
10136,CC(O)C#CC(C)C#N,CC(O)C#CC(C)C#N,2
10137,O=C[C-]1[NH2+]C2CC2C1=O,O=C[C-]1[NH2+]C2CC2C1=O,0
10138,N=C1CC(CO1)NC=O,N=C1CC(NC=O)CO1,2
10139,O=CC1CC2CC(=O)C12,O=CC1CC2CC(=O)C12,1
10140,CN=C1OC(C)=CC=C1,CN=c1cccc(C)o1,0
10141,CC1(C)OCC(O1)C#C,C#CC1COC(C)(C)O1,0
10142,OC1CC1C1(CO1)C#N,N#CC1(C2CC2O)CO1,3
10143,NC(=O)COC(=N)C#C,C#CC(=N)OCC(N)=O,0
10144,CC(C)(CO)NC=O,CC(C)(CO)NC=O,4
10145,C1CC(=O)C(=O)COC1,O=C1CCCOCC1=O,4
10146,OC1CC2(NCC12)C#N,N#CC12CC(O)C1CN2,1
10147,CCC1CC=CC1CC,CCC1C=CCC1CC,4
10148,COCC#CC1(C)CO1,COCC#CC1(C)CO1,2
10149,CC1C2(O)CN(C)C12C,CC1C2(O)CN(C)C12C,3
10150,CC12OC(=O)C3C1NC23,CC12OC(=O)C3C1NC32,0
10151,OC1CC2OC11COC21,OC1CC2OC13COC23,2
10152,CNC1COCOC1=N,CNC1COCOC1=N,0
10153,OCC(CO)C1CC1O,OCC(CO)C1CC1O,2
10154,C1C2CN1CCN=CO2,C1=NCCN2CC(C2)O1,0
10155,CC(=O)NCC#CC=O,CC(=O)NCC#CC=O,0
10156,OC1CC1(CC#N)C#N,N#CCC1(C#N)CC1O,2
10157,N=C1NC(NC=O)=NO1,N=c1[nH]c(NC=O)no1,0
10158,CC(C=O)C1COC1=O,CC(C=O)C1COC1=O,0
10159,CC1C2C3NC3C1C2O,CC1C2C(O)C1C1NC12,3
10160,CN=C1C2(COC2)CO1,CN=C1OCC12COC2,3
10161,CCCc1c[nH]cc1N,CCCc1c[nH]cc1N,1
10162,CC(O)C1C2CN2C1C,CC(O)C1C(C)N2CC12,2
10163,c1c(non1)OCC#N,N#CCOc1cnon1,1
10164,OCCC12CC(O1)C=C2,OCCC12C=CC(C1)O2,3
10165,COc1c(cc(o1)N)N,COc1oc(N)cc1N,2
10166,OC1C(C#N)C1(O)C#N,N#CC1C(O)C1(O)C#N,1
10167,OC1(CC2OC2C1)C#C,C#CC1(O)CC2OC2C1,2
10168,N1C2C3OC4C=CC13C24,C1=CC23NC4C2OC1C43,1
10169,c1c(cn[nH]1)CCC=O,O=CCCc1cn[nH]c1,3
10170,O=CC12CCN1C(=O)C2,O=CC12CCN1C(=O)C2,1
10171,CC1COCC(C1)C#N,CC1COCC(C#N)C1,1
10172,OCC(O)C1CC1C=O,O=CC1CC1C(O)CO,0
10173,CC1(O)C2NC2CC1=O,CC1(O)C(=O)CC2NC21,4
10174,c1nnc2n1nc([nH]2)N,Nc1nn2cnnc2[nH]1,0
10175,C1C=CCC(=O)C=C1N,NC1=CC(=O)CC=CC1,3
10176,CCCC1(C)OCC=C1,CCCC1(C)C=CCO1,3
10177,CC1(CC1)C1(C)CO1,CC1(C2(C)CO2)CC1,0
10178,CC#CC#CCC(=O)N,CC#CC#CCC(N)=O,4
10179,OC12C3C4C1C2(C#N)N34,N#CC12C3C4C(N41)C32O,1
10180,OCC12CC1C1CN1C2,OCC12CC1C1CN1C2,4
10181,ON=C1C2COCC1N2,ON=C1C2COCC1N2,2
10182,CC1OC2C3CC3OC12,CC1OC2C3CC3OC12,3
10183,C#CCC1=CC2NC2C1,C#CCC1=CC2NC2C1,4
10184,c1c(cc([nH]c1=O)F)N,Nc1cc(F)[nH]c(=O)c1,0
10185,CNC12C3OC(C13)C2=O,CNC12C(=O)C3OC1C32,3
10186,CCC1OC23CN(C2)C13,CCC1OC23CN(C2)C13,4
10187,CC1(COC1)CCO,CC1(CCO)COC1,2
10188,CC12COC1COCO2,CC12COC1COCO2,4
10189,OC1(CC1)C1NCC1=O,O=C1CNC1C1(O)CC1,0
10190,CN1N=C(O)N(C)C1=N,Cn1nc(O)n(C)c1=N,1
10191,CN1C2C3C2C2OC3C12,CN1C2C3OC2C2C3C21,1
10192,C1CC2CCC1COC2,C1CC2CCC1COC2,0
10193,CCCc1c(cn[nH]1)N,CCCc1[nH]ncc1N,0
10194,CC(C)n1cc[nH]c1=O,CC(C)n1cc[nH]c1=O,1
10195,OCCC1C2CC1(O)C2,OCCC1C2CC1(O)C2,1
10196,OCCC(CO)C1CC1,OCCC(CO)C1CC1,2
10197,C1CC1C(=O)NC=O,O=CNC(=O)C1CC1,2
10198,CN1CC1C(O)CC#N,CN1CC1C(O)CC#N,3
10199,CC1(CC1)N=COC,COC=NC1(C)CC1,0
10200,CC([NH2+]CCO)C([O-])=O,CC([NH2+]CCO)C(=O)[O-],1
10201,CCOC1CC(C)(O)C1,CCOC1CC(C)(O)C1,1
10202,O=C1CN2CC2(C1)C#N,N#CC12CC(=O)CN1C2,2
10203,CC(C)C1(COC1)C,CC(C)C1(C)COC1,4
10204,C1C2OC1C21CN=CO1,C1=NCC2(O1)C1CC2O1,4
10205,CC1CC(OC=O)C1O,CC1CC(OC=O)C1O,1
10206,C1C2C1C1CC3OC1C23,C1C2OC3C1C1CC1C23,2
10207,CC12NC1CC2C=O,CC12NC1CC2C=O,3
10208,CC1(CO)N2CCC12C,CC1(CO)N2CCC21C,2
10209,CN1C=CC(=N)N=N1,Cn1ccc(=N)nn1,2
10210,CCC1OC2CCC1C2,CCC1OC2CCC1C2,2
10211,OC1COCOC1C=O,O=CC1OCOCC1O,1
10212,C1OC1C1C2C3CC1C23,C1OC1C1C2CC3C2C31,2
10213,COCCN1CCC1=O,COCCN1CCC1=O,2
10214,C#CC(=O)c1nc[nH]n1,C#CC(=O)c1nc[nH]n1,0
10215,CC1=CC=CCOCC1,CC1=CC=CCOCC1,0
10216,OC12CC(C1C#N)C2=O,N#CC1C2CC1(O)C2=O,2
10217,Cc1c[nH]c(c1N)OC,COc1[nH]cc(C)c1N,3
10218,CC1CC=CC11CC1,CC1CC=CC12CC2,4
10219,CN=C1OCCOC1C,CN=C1OCCOC1C,2
10220,CC(COCC=O)C#C,C#CC(C)COCC=O,1
10221,CC12CCC3C(C1)OC23,CC12CCC3C(C1)OC32,4
10222,OC1C2C3C2C2(CO2)C13,OC1C2C3C1C1(CO1)C23,2
10223,CC1=NCC2C(O)C2O1,CC1=NCC2C(O)C2O1,4
10224,C1CC11OC2CCC1C2,C1CC2CC1OC21CC1,2
10225,OCC1CC1(C=O)C=O,O=CC1(C=O)CC1CO,4
10226,COC1C2CNC(=O)C12,COC1C2CNC(=O)C21,4
10227,CC1=CNC(=O)C1=NO,CC1=CNC(=O)C1=NO,1
10228,N#CCNCC1CN1,N#CCNCC1CN1,1
10229,C1CC23OCOC2CC13,C1OC2CC3CCC32O1,1
10230,COCC(=O)CC1CC1,COCC(=O)CC1CC1,3
10231,OC(C#CC#C)C1CO1,C#CC#CC(O)C1CO1,4
10232,CCC12C3C4C(C13)N24,CCC12C3C4C(C31)N42,1
10233,CCOC1(C)CCCO1,CCOC1(C)CCCO1,4
10234,CC1C2N1CCC2=O,CC1C2C(=O)CCN12,1
10235,CC1CC2C(C)OC12,CC1CC2C(C)OC12,2
10236,CC1NC1C1CCO1,CC1NC1C1CCO1,4
10237,CCC1CC2C1NC2=O,CCC1CC2C(=O)NC12,3
10238,OC12C3C1N1CCC3C21,OC12C3C4CCN(C41)C32,4
10239,C1C2C3CC4OC3C4N12,C1C2OC3C1C1CN1C23,2
10240,CC12OC3(CO)C1CC23,CC12OC3(CO)C1CC23,3
10241,C1OC11COC2CC12,C1C2OCC3(CO3)C12,0
10242,CC12CCC1(CO2)C#N,CC12CCC1(C#N)CO2,3
10243,C1OC2CCC=CC12,C1=CC2COC2CC1,2
10244,C1C(CO1)OC=O,O=COC1COC1,2
10245,CC(CO)N1N=CC=N1,CC(CO)n1nccn1,1
10246,CC12OC1C1CC2C1,CC12OC1C1CC2C1,4
10247,CC1=CC(OC1)C=O,CC1=CC(C=O)OC1,4
10248,CCC1C(=O)N2CC12C,CCC1C(=O)N2CC12C,1
10249,CC1CN=C(N)NC1=O,CC1CN=C(N)NC1=O,2
10250,CCC1(C)CC2CC2O1,CCC1(C)CC2CC2O1,4
10251,CN1C2C3C1C2C31CC1,CN1C2C3C1C2C31CC1,1
10252,CC12C=CCC11CC2C1,CC12C=CCC13CC2C3,1
10253,CC1(O)CCC(=O)OC1,CC1(O)CCC(=O)OC1,0
10254,CC#CC(C#C)C(N)=O,C#CC(C#CC)C(N)=O,0
10255,CCCCNC(C)C#N,CCCCNC(C)C#N,1
10256,OCC12OC1C(=O)C2O,O=C1C(O)C2(CO)OC12,2
10257,CC(=O)CC#CCO,CC(=O)CC#CCO,3
10258,O=CC(CC1CO1)C#N,N#CC(C=O)CC1CO1,4
10259,CN=C1CN=C2CCN12,CN=C1CN=C2CCN12,0
10260,c1ccoc(=O)c(=O)c1,O=c1ccccoc1=O,0
10261,FC1=COC(=N)C=C1F,N=c1cc(F)c(F)co1,3
10262,CNc1c2n(nn1)CC2,CNc1nnn2c1CC2,1
10263,c1c(cnc(c1F)F)N,Nc1cnc(F)c(F)c1,2
10264,C#CC12OCC1C2C#N,C#CC12OCC1C2C#N,2
10265,C1CC2(C1)CC1NC21,C1CC2(C1)CC1NC12,1
10266,C1CC23CC4N2CCC134,C1CC23CCC24CC3N14,2
10267,CC1C2(N)COC12C#N,CC1C2(N)COC12C#N,2
10268,CCC12CC1(C)C(=O)C2,CCC12CC(=O)C1(C)C2,0
10269,OCC1COC1C#N,N#CC1OCC1CO,3
10270,CC1(CC(C1)(CO)O)C,CC1(C)CC(O)(CO)C1,2
10271,OC1CC11C2CC1C2,OC1CC12C1CC2C1,3
10272,CC(C#N)C1OC1C#C,C#CC1OC1C(C)C#N,1
10273,CC12CC3CC1(O)CN23,CC12CC3CC1(O)CN32,1
10274,Cn1cc(nc1C=O)N,Cn1cc(N)nc1C=O,3
10275,CC(=O)CC1COC1=N,CC(=O)CC1COC1=N,0
10276,CCCN=COCC=O,CCCN=COCC=O,3
10277,CCN1CCN=C1C=O,CCN1CCN=C1C=O,0
10278,C1=CC2C3C4C1C4N23,C1=CC2C3C4C1C4N23,1
10279,CC(C=O)(C#C)C#N,C#CC(C)(C#N)C=O,0
10280,CCn1c(=O)cncn1,CCn1ncncc1=O,0
10281,CCC1(CNC1=O)CC,CCC1(CC)CNC1=O,4
10282,NC(=O)C1C2CC1(O)C2,NC(=O)C1C2CC1(O)C2,2
10283,CCC(=O)C1(C)CC1C,CCC(=O)C1(C)CC1C,0
10284,OC(C#C)C1(CC1)C#N,C#CC(O)C1(C#N)CC1,3
10285,Cc1c(c(oc1N)O)O,Cc1c(N)oc(O)c1O,0
10286,OCC1COC1C1CC1,OCC1COC1C1CC1,3
10287,C1NC1C1C2OC=NC12,C1=NC2C(O1)C2C1CN1,4
10288,c1c(ncoc1=O)CO,O=c1cc(CO)nco1,0
10289,COCC1(C)CCC1O,COCC1(C)CCC1O,1
10290,OC12CC(C1)C(C2)C=O,O=CC1CC2(O)CC1C2,3
10291,C1OC2CC=CCC1O2,C1=CCC2OCC(C1)O2,1
10292,CC#CC12CCCC1N2,CC#CC12CCCC1N2,1
10293,N#CCN1CCC1C#N,N#CCN1CCC1C#N,4
10294,CC(C)(CCCO)C#N,CC(C)(C#N)CCCO,2
10295,CC(C#N)C1COC=N1,CC(C#N)C1COC=N1,0
10296,CC1(C)N2CC1(C2)C#N,CC1(C)N2CC1(C#N)C2,2
10297,COCCC1(CC1)C#C,C#CC1(CCOC)CC1,2
10298,N#CC1CC11CC2NC12,N#CC1CC12CC1NC12,2
10299,CC12CNCC(=O)C1O2,CC12CNCC(=O)C1O2,2
10300,CC(O)C(CO)CC#C,C#CCC(CO)C(C)O,4
10301,OCC12CC(O)(C1)C=C2,OCC12C=CC(O)(C1)C2,4
10302,CC12C3C4C(N13)C24C#N,CC12C3C4C(N31)C42C#N,0
10303,OC12CCN3C1C=CC23,OC12CCN3C1C=CC32,3
10304,C#CC1COC2CC2O1,C#CC1COC2CC2O1,3
10305,N=C1OC(C=O)=CC=C1,N=c1cccc(C=O)o1,3
10306,N#CCOC1=NCCC1,N#CCOC1=NCCC1,3
10307,NC(=N)C1(O)COC1=O,N=C(N)C1(O)COC1=O,2
10308,C1C=CC2NC3C1OC23,C1=CC2NC3C(C1)OC23,4
10309,CC1N2CC(O)(C2)C1=O,CC1C(=O)C2(O)CN1C2,4
10310,CC#CC1CC(C)O1,CC#CC1CC(C)O1,2
10311,CC(=O)N(C)C(=N)OC,COC(=N)N(C)C(C)=O,1
10312,CC1CC(=NO)C2NC12,CC1CC(=NO)C2NC12,1
10313,OC12C3NC3C1OC2=O,O=C1OC2C3NC3C12O,1
10314,CC1C=CC(C)C1=NO,CC1C=CC(C)C1=NO,4
10315,CN1C2C3C4CC4C2C13,CN1C2C3C4CC4C2C31,3
10316,CC1OCC1C#CC#C,C#CC#CC1COC1C,3
10317,CC(C)(CC(=O)N)O,CC(C)(O)CC(N)=O,4
10318,CC1C2CC3C(O)C3C12,CC1C2CC3C(O)C3C12,4
10319,COCCC#CCC#N,COCCC#CCC#N,4
10320,c1cc2c(nc1)CC=C2,C1=Cc2cccnc2C1,1
10321,CCCC1C(C)C1(C)O,CCCC1C(C)C1(C)O,1
10322,c1coc(=O)c(n1)O,O=c1occnc1O,2
10323,CC1C2OC1C1(C)CC21,CC1C2OC1C1(C)CC21,2
10324,CC1COC(=N)CN1,CC1COC(=N)CN1,2
10325,C1CC23C=CC4C2C1C34,C1=CC23CCC4C2C1C43,4
10326,CC(O)CC1(CC1)C#N,CC(O)CC1(C#N)CC1,2
10327,Cc1cnn(c1C#N)C,Cc1cnn(C)c1C#N,1
10328,CC1=CC2CN2C1CO,CC1=CC2CN2C1CO,0
10329,CCC[NH2+]CC([O-])=O,CCC[NH2+]CC(=O)[O-],2
10330,CN=COCC(=O)C=O,CN=COCC(=O)C=O,2
10331,O=COC1COC1=O,O=COC1COC1=O,4
10332,O=C1OC2CN=CNC12,O=C1OC2CN=CNC12,2
10333,c1cnc-2ocncc12,c1cc2cncoc-2n1,2
10334,ON=C1CCCC2NC12,ON=C1CCCC2NC12,2
10335,C1OC23CC(C2)CCC13,C1CC2COC23CC1C3,3
10336,CCC1NC(=O)C1CC,CCC1NC(=O)C1CC,4
10337,c1[nH]c2c(n1)NCC=C2,C1=Cc2[nH]cnc2NC1,0
10338,CC12C3C=C4CN(C13)C24,CC12C3C=C4CN(C41)C32,2
10339,CC(=O)NCC(O)C#C,C#CC(O)CNC(C)=O,4
10340,C#CC1C2OC1C2=O,C#CC1C2OC1C2=O,1
10341,OCC1(O)C2C3CC1C23,OCC1(O)C2CC3C2C31,3
10342,CC(C)C([NH3+])C([O-])=O,CC(C)C([NH3+])C(=O)[O-],4
10343,OCC(CO)C1CCO1,OCC(CO)C1CCO1,1
10344,COC1OC(C)CC1=O,COC1OC(C)CC1=O,1
10345,O=C1CCC1C#C,C#CC1CCC1=O,0
10346,CC(C)C(C)(O)C(C)=O,CC(=O)C(C)(O)C(C)C,4
10347,CC1COC(=N)CC1=O,CC1COC(=N)CC1=O,0
10348,CCc1cncn1C=O,CCc1cncn1C=O,2
10349,CC1CCN(CC1)C=O,CC1CCN(C=O)CC1,1
10350,CC(C#CC#C)C1CN1,C#CC#CC(C)C1CN1,3
10351,CCCc1nc([nH]n1)N,CCCc1n[nH]c(N)n1,2
10352,OCC1CC2(OC12)C#N,N#CC12CC(CO)C1O2,2
10353,N=COC1COC(=N)O1,N=COC1COC(=N)O1,0
10354,CNC1C(C)C1(N)C#N,CNC1C(C)C1(N)C#N,2
10355,CC12CCC1C2C1CO1,CC12CCC1C2C1CO1,3
10356,CCC1CC1(C)CCO,CCC1CC1(C)CCO,2
10357,O=C1CC2OC2CN1,O=C1CC2OC2CN1,4
10358,CCC(C#N)C1CCC1,CCC(C#N)C1CCC1,0
10359,CC(=NO)CCC1CC1,CC(CCC1CC1)=NO,3
10360,OCC1=CC2C3CN2C13,OCC1=CC2C3CN2C13,2
10361,CC(C)C#CC1(CC1)C,CC(C)C#CC1(C)CC1,1
10362,CC1(CO1)C1CCC1=O,CC1(C2CCC2=O)CO1,1
10363,Cc1[nH]nc(n1)C,Cc1n[nH]c(C)n1,0
10364,CC(O)CC(C=O)C#N,CC(O)CC(C#N)C=O,1
10365,CC12CC3OC(C1)C3C2,CC12CC3OC(C1)C3C2,2
10366,CC1C2C3N(C)C2C13C,CC1C2C3N(C)C2C13C,4
10367,[O-]C(=O)C1[NH2+]CCC=C1,O=C([O-])C1C=CCC[NH2+]1,2
10368,OC12CC(C1)C(=O)NC2,O=C1NCC2(O)CC1C2,2
10369,CC#CC(O)C1OC1C,CC#CC(O)C1OC1C,2
10370,CCN(C)C(=O)OC=N,CCN(C)C(=O)OC=N,4
10371,CC1OC1CC(C)(C)O,CC1OC1CC(C)(C)O,0
10372,CCCC(CC#C)OC,C#CCC(CCC)OC,0
10373,OCC1COCC1CO,OCC1COCC1CO,3
10374,ON=C1C2NC1C1OC21,ON=C1C2NC1C1OC21,2
10375,c1[nH]nc(n1)OCC#N,N#CCOc1nc[nH]n1,2
10376,CC1(O)C2CC1C(O)C2,CC1(O)C2CC(O)C1C2,1
10377,CC1CC2CC12O,CC1CC2CC12O,3
10378,CC1OCC2CC1C2O,CC1OCC2CC1C2O,1
10379,CCC1(O)C2CCCC12,CCC1(O)C2CCCC21,2
10380,CC(O)C1(O)COC1,CC(O)C1(O)COC1,1
10381,CC1OC1C(O)CO,CC1OC1C(O)CO,2
10382,CC1CC11CC(C)O1,CC1CC2(CC2C)O1,1
10383,CC1C2(C)NC2C11CN1,CC1C2(C)NC2C12CN2,0
10384,CC12CC1C1OC1(C)C2,CC12CC1C1OC1(C)C2,0
10385,CCC(C)(CC)C1CO1,CCC(C)(CC)C1CO1,1
10386,C1C2CC=C3COC1C23,C1=C2COC3CC(C1)C23,4
10387,Cc1c(c([nH]n1)N)C#N,Cc1n[nH]c(N)c1C#N,3
10388,Cc1[nH]cc(n1)CO,Cc1nc(CO)c[nH]1,4
10389,CCN(C=O)C(C)C#N,CCN(C=O)C(C)C#N,4
10390,C1CC12COC2,C1CC12COC2,0
10391,CC(CC#C)C1CC1,C#CCC(C)C1CC1,4
10392,CCCC1(CC#N)CO1,CCCC1(CC#N)CO1,3
10393,CC1CCC(O)(C1)C#N,CC1CCC(O)(C#N)C1,3
10394,COC(=N)COCCO,COC(=N)COCCO,4
10395,CC1CN1CC(=O)C#C,C#CC(=O)CN1CC1C,1
10396,OC1(C#N)C2C3CN2C13,N#CC1(O)C2C3CN2C31,2
10397,O=C1C2CC3C4C3C1C24,O=C1C2CC3C4C1C2C34,3
10398,O=C1CC2C3OC3C2N1,O=C1CC2C(N1)C1OC21,4
10399,C#CC(CO)(CO)C=O,C#CC(C=O)(CO)CO,0
10400,c1c(c(c(=O)on1)N)F,Nc1c(F)cnoc1=O,2
10401,C1CC2(CC2)CC13CC3,C1CC12CCC1(CC1)C2,2
10402,OCC(C#N)C(O)C#N,N#CC(O)C(C#N)CO,1
10403,CCC1OC1CCC=O,CCC1OC1CCC=O,2
10404,CCC(=O)CCOCC,CCOCCC(=O)CC,3
10405,CC1COC(=N)C(=N)N1,CC1COC(=N)C(=N)N1,0
10406,C#CCN1C2CCC12,C#CCN1C2CCC21,4
10407,CN(CC(O)CO)C=O,CN(C=O)CC(O)CO,4
10408,CC#CC1CC(C)C=C1,CC#CC1C=CC(C)C1,3
10409,C#CC1OC2(CC12)C#N,C#CC1OC2(C#N)CC12,3
10410,OC1CN2N=NC=C12,OC1Cn2nncc21,2
10411,CC(C)Oc1cc[nH]c1,CC(C)Oc1cc[nH]c1,2
10412,CNCC(C)(NC)C#N,CNCC(C)(C#N)NC,3
10413,CC(C)C(C)CC=O,CC(C)C(C)CC=O,3
10414,CC12C3C(O)CC1CN23,CC12C3CC(O)C1N2C3,2
10415,O=C1C2CC3C4C1C2N34,O=C1C2CC3C4C1C2N34,2
10416,CC12CC=C3CC1C23,CC12CC=C3CC1C32,0
10417,C1C2CC3OCCC1C23,C1CC2CC3CC(O1)C23,1
10418,CC1CC23CC12OC=N3,CC1CC23CC12OC=N3,1
10419,CCC1(CN1C)C1CO1,CCC1(C2CO2)CN1C,3
10420,CC1OC(C2CN2)C1=O,CC1OC(C2CN2)C1=O,3
10421,O=C1CC2NC12C#N,N#CC12NC1CC2=O,0
10422,O=CCC1CCOC1=O,O=CCC1CCOC1=O,1
10423,CCOC(C[NH3+])C([O-])=O,CCOC(C[NH3+])C(=O)[O-],2
10424,N=C1OC2CC1C21CC1,N=C1OC2CC1C21CC1,1
10425,c1cc-2cnc[nH]c2c1,c1cc2cnc[nH]c-2c1,4
10426,CCc1c(non1)CO,CCc1nonc1CO,4
10427,CC1(C)CC1(C)C1CO1,CC1(C)CC1(C)C1CO1,3
10428,CC(O)C1OC(C)C1C,CC(O)C1OC(C)C1C,4
10429,CC(C)C#CCCC=O,CC(C)C#CCCC=O,1
10430,CC1C(O)C(C#C)N1C,C#CC1C(O)C(C)N1C,0
10431,CC(=N)OC(CO)C=O,CC(=N)OC(C=O)CO,3
10432,CC1OCC2C3OC2C13,CC1OCC2C3OC2C13,4
10433,CN1C2C3CC1C23C=O,CN1C2CC3C1C32C=O,4
10434,CNc1conc1NC,CNc1conc1NC,3
10435,C#CC1C2C=CC3C2N13,C#CC1C2C=CC3C2N13,4
10436,CC1(CO)CCC(=O)N1,CC1(CO)CCC(=O)N1,1
10437,Cn1cc(nc1)C#C,C#Cc1cn(C)cn1,3
10438,CC1C(O)CC11COC1,CC1C(O)CC12COC2,1
10439,CC1(C)NC1CO,CC1(C)NC1CO,2
10440,OCCC(C#C)C1CO1,C#CC(CCO)C1CO1,4
10441,CC1C2COCOC12,CC1C2COCOC12,4
10442,COC(CC1CN1)C#N,COC(C#N)CC1CN1,3
10443,CC1C2(C)C3CC1(C)N23,CC1C2(C)CC3N2C31C,1
10444,C1CNC(=O)CN1,O=C1CNCCN1,0
10445,O=C1CN2CCC2C1=O,O=C1CN2CCC2C1=O,2
10446,CC1C=CC2NC12,CC1C=CC2NC12,4
10447,CCC12COC1CC2=O,CCC12COC1CC2=O,4
10448,CC(CCC#N)C1CC1,CC(CCC#N)C1CC1,2
10449,Cc1coc(cc1=O)N,Cc1coc(N)cc1=O,0
10450,OCC(=O)C1OCC=C1,O=C(CO)C1C=CCO1,1
10451,C1C2C3OC2C2C3N12,C1C2C3OC2C2C3N12,2
10452,CN=COC1CC1CO,CN=COC1CC1CO,1
10453,CCNC(CO)C#N,CCNC(C#N)CO,4
10454,CC1(OCC1=O)C(N)=O,CC1(C(N)=O)OCC1=O,3
10455,CC(C)CCCC#N,CC(C)CCCC#N,2
10456,c1c2c([nH]n1)CCC2,c1n[nH]c2c1CCC2,2
10457,CCN=C(NC=O)OC,CCN=C(NC=O)OC,4
10458,O=C1OC2CN3C2C13,O=C1OC2CN3C1C23,0
10459,CC1OC1(C#N)C(N)=N,CC1OC1(C#N)C(=N)N,0
10460,C#CC(C#C)C(=O)C#N,C#CC(C#C)C(=O)C#N,1
10461,CC(CC#C)C(O)C#N,C#CCC(C)C(O)C#N,3
10462,CC1(O)CC1C#CC=O,CC1(O)CC1C#CC=O,0
10463,Cc1c(c([nH]n1)C=O)N,Cc1n[nH]c(C=O)c1N,1
10464,N#CCC1CC2CCC12,N#CCC1CC2CCC12,2
10465,CC#Cc1nc([nH]n1)N,CC#Cc1n[nH]c(N)n1,0
10466,OCC(O)C#CC1CO1,OCC(O)C#CC1CO1,4
10467,CC(C)NC(=O)NC=O,CC(C)NC(=O)NC=O,0
10468,N#CC12CC3C1N3CC2,N#CC12CCN3C(C1)C32,1
10469,C1CC(O1)C1COC=N1,C1=NC(C2CCO2)CO1,0
10470,COCC1N=CNC1=N,COCC1N=CNC1=N,2
10471,C#Cc1c[nH]c(=O)o1,C#Cc1c[nH]c(=O)o1,4
10472,CC1C2C(=O)NC12CO,CC1C2C(=O)NC12CO,0
10473,CC1(C)OC2C3OC2C13,CC1(C)OC2C3OC2C31,3
10474,CC1CC2COC1(C)C2,CC1CC2COC1(C)C2,4
10475,CC1CCOC2C(O)C12,CC1CCOC2C(O)C12,4
10476,CC1COC2(CC2)C1,CC1COC2(CC2)C1,2
10477,CCC(OCC#C)C#C,C#CCOC(C#C)CC,1
10478,OCC12CC1OC(=O)O2,O=C1OC2CC2(CO)O1,4
10479,CC1CC(C)C1OC=O,CC1CC(C)C1OC=O,1
10480,C1CC=CCN=COC1,C1=CCN=COCCC1,4
10481,CCc1ccc([nH]1)C,CCc1ccc(C)[nH]1,1
10482,CC(C)N=C1OC2CC12,CC(C)N=C1OC2CC12,4
10483,OC1CC2C3CC1C23,OC1CC2C3CC1C23,2
10484,CCC(=N)N(CC)C=O,CCC(=N)N(C=O)CC,0
10485,C1CC2C1C21COCO1,C1OCC2(O1)C1CCC12,4
10486,N#CCC1CCC11CO1,N#CCC1CCC12CO2,2
10487,CC12C3C(CO)C1CN23,CC12C3CN1C2C3CO,2
10488,Cc1c(onc1OC)N,COc1noc(N)c1C,0
10489,CC#CC(=O)C(C)C#N,CC#CC(=O)C(C)C#N,1
10490,CC1(CCC=C1)C#C,C#CC1(C)C=CCC1,4
10491,OC1C2C3N2CC13C=O,O=CC12CN3C(C1O)C32,4
10492,O=C1C2CCC3CC2C13,O=C1C2CCC3CC2C13,1
10493,c1c(oc(n1)C2CC2)N,Nc1cnc(C2CC2)o1,3
10494,C1C2OCC3N=COC123,C1=NC2COC3CC23O1,2
10495,CCC1CC2OCC1O2,CCC1CC2OCC1O2,2
10496,CC(C#N)C1CCC1C,CC(C#N)C1CCC1C,3
10497,OC1CC2=CCCC2=C1,OC1C=C2CCC=C2C1,3
10498,CCC(O)(C#N)C(N)=N,CCC(O)(C#N)C(=N)N,2
10499,CC12COC1COC2=N,CC12COC1COC2=N,3
10500,CC12CC1(O)C(C2)C#C,C#CC1CC2(C)CC12O,2
10501,CC1=CC2(CC1C2)C#C,C#CC12C=C(C)C(C1)C2,2
10502,OC12CCC1CCC2,OC12CCCC1CC2,0
10503,COC1=NOC=CC1=N,COc1noccc1=N,0
10504,COCC1(O)CNC1=O,COCC1(O)CNC1=O,4
10505,CCC1CCC1OC,CCC1CCC1OC,2
10506,N=CN1C2CC(C2)C1=O,N=CN1C(=O)C2CC1C2,0
10507,CC1CCC2C1OC2=O,CC1CCC2C(=O)OC12,0
10508,NC1=NOC(=N)C=C1,N=c1ccc(N)no1,4
10509,O=CNCC1CC(=O)N1,O=CNCC1CC(=O)N1,0
10510,c1c(c(=O)c(no1)N)F,Nc1nocc(F)c1=O,4
10511,C(C1CN1)C1=NON=C1,c1nonc1CC1CN1,4
10512,CC12CC1(C)C(=O)C2,CC12CC(=O)C1(C)C2,2
10513,CC(C)(CC1CC1)C#N,CC(C)(C#N)CC1CC1,2
10514,CC1(COCO1)C,CC1(C)COCO1,2
10515,COC1C2C3C2C2C3C12,COC1C2C3C2C2C1C32,0
10516,CNC(=O)C#CC(C)O,CNC(=O)C#CC(C)O,1
10517,CC(C)(C#N)C(F)(F)F,CC(C)(C#N)C(F)(F)F,4
10518,OC1=NN(C=O)C(=N)O1,N=c1oc(O)nn1C=O,0
10519,CC1C2[NH2+]C(C12)C([O-])=O,CC1C2[NH2+]C(C(=O)[O-])C12,4
10520,CC1=CCCC(C1)C#N,CC1=CCCC(C#N)C1,1
10521,CC12CC1C(C)(C)C2O,CC1(C)C(O)C2(C)CC12,3
10522,CC(O)C1(C)CC(C)O1,CC1CC(C)(C(C)O)O1,3
10523,CC1C=C2C=CC3C2N13,CC1C=C2C=CC3C2N13,0
10524,CNC(=O)C(C)C#CC,CC#CC(C)C(=O)NC,2
10525,COC1CC2(C1)OC2C,COC1CC2(C1)OC2C,1
10526,CC12C3C1N1C2C3C1=O,CC12C3C4C(=O)N(C41)C32,3
10527,CCCC(OC=N)C=O,CCCC(C=O)OC=N,0
10528,COCC1OC2COC12,COCC1OC2COC12,2
10529,CC#CC1(C)CN1C,CC#CC1(C)CN1C,1
10530,CN1CC(=O)C2(CO2)C1,CN1CC(=O)C2(CO2)C1,0
10531,CC1CCOCCCO1,CC1CCOCCCO1,0
10532,CC(=NO)C1(COC1)C,CC(=NO)C1(C)COC1,2
10533,CC1(CNC1C#N)C#N,CC1(C#N)CNC1C#N,3
10534,CC(C(O)C[NH3+])C([O-])=O,CC(C(=O)[O-])C(O)C[NH3+],3
10535,c1c(nc([nH]1)O)C(=O)N,NC(=O)c1c[nH]c(O)n1,2
10536,c1c(noc1N)C(=O)N,NC(=O)c1cc(N)on1,3
10537,CCC#CC12CC(C1)C2,CCC#CC12CC(C1)C2,1
10538,C#CC1CNC1CC#N,C#CC1CNC1CC#N,4
10539,c1c(nno1)C#CC=O,O=CC#Cc1conn1,3
10540,CC1C(CO)C2OC12C,CC1C(CO)C2OC12C,0
10541,CC(=O)C#CCC#C,C#CCC#CC(C)=O,4
10542,O=C1NC2COC2C1=O,O=C1NC2COC2C1=O,2
10543,C#Cc1c(nc[nH]1)N,C#Cc1[nH]cnc1N,4
10544,CC#Cc1cc(c[nH]1)C,CC#Cc1cc(C)c[nH]1,4
10545,O=CC12CC(CC1)O2,O=CC12CCC(C1)O2,4
10546,CN1CC1C1OC2CC12,CN1CC1C1OC2CC21,1
10547,OC1CC1C1CCC1O,OC1CCC1C1CC1O,1
10548,CCCC1CC(C)O1,CCCC1CC(C)O1,2
10549,COc1c(non1)C#N,COc1nonc1C#N,4
10550,CCC1=NOC(=N)C=N1,CCc1ncc(=N)on1,2
10551,CC12OC1C=CCC2O,CC12OC1C=CCC2O,1
10552,COC1CC(C)C1,COC1CC(C)C1,3
10553,C1CC1(C#N)OC(=O)N,N#CC1(OC(N)=O)CC1,1
10554,Cc1cnc2n1nn[nH]2,Cc1cnc2[nH]nnn12,4
10555,O=C1CN2CCC12C#N,N#CC12CCN1CC2=O,1
10556,C1C2CCCOC=NC12,C1=NC2CC2CCCO1,2
10557,CN1CC11COC1=N,CN1CC12COC2=N,2
10558,CN1C2C1C1(C)OCC21,CN1C2C3COC3(C)C21,1
10559,CC12NC1C1(C)OCC21,CC12NC1C1(C)OCC21,0
10560,CC(C#C)C#CC1CN1,C#CC(C)C#CC1CN1,0
10561,OC1CC2=NNN=C2C1,OC1Cc2n[nH]nc2C1,1
10562,c1nncn1CCCO,OCCCn1cnnc1,3
10563,O=C(C#N)C1OC1C#C,C#CC1OC1C(=O)C#N,0
10564,CC1(O)C2C3N4C3C1C24,CC1(O)C2C3C4C1C2N34,3
10565,C#CC1(NC1C#N)C#N,C#CC1(C#N)NC1C#N,4
10566,CC1=CC(=O)C(C1)C#C,C#CC1CC(C)=CC1=O,1
10567,Cc1cc(co1)CCO,Cc1cc(CCO)co1,1
10568,O=CC12COC(=O)C1O2,O=CC12COC(=O)C1O2,3
10569,O=C1CC(CC2CC2)N1,O=C1CC(CC2CC2)N1,2
10570,CC1(CCC1C#C)C=O,C#CC1CCC1(C)C=O,0
10571,C1CC23CC=CCC12O3,C1=CCC23CCC2(C1)O3,0
10572,CC12CC1(CO)CC2,CC12CCC1(CO)C2,1
10573,OCC1C2CN2C11CC1,OCC1C2CN2C12CC2,4
10574,CCCC(CO)OCC,CCCC(CO)OCC,1
10575,CCCC(CC)C#C,C#CC(CC)CCC,0
10576,CC(O)C(O)C1NC1C,CC(O)C(O)C1NC1C,4
10577,CN=C1NN=CC=N1,CN=c1nccn[nH]1,1
10578,CC(O)C1CC2C(C)C12,CC(O)C1CC2C(C)C12,1
10579,C1CC12CNC(=O)N2,O=C1NCC2(CC2)N1,3
10580,CC1C(O)C(=O)CC1=O,CC1C(=O)CC(=O)C1O,3
10581,CC1C2CC(=O)N12,CC1C2CC(=O)N12,0
10582,OC1(CC#C)CC1C#C,C#CCC1(O)CC1C#C,4
10583,CN1CC2OC2C1,CN1CC2OC2C1,3
10584,COC(=O)C1(C)CC1C,COC(=O)C1(C)CC1C,2
10585,CCCC#CC(C)O,CCCC#CC(C)O,2
10586,CC12CCC3C1N2C3=O,CC12CCC3C(=O)N1C32,2
10587,CN1CC1CCC#C,C#CCCC1CN1C,1
10588,OC1(CC=CC1=O)C=O,O=CC1(O)CC=CC1=O,4
10589,CC1OC2CC(=O)OC12,CC1OC2CC(=O)OC12,4
10590,NC12C3N=CN(C13)C2=O,NC12C(=O)N3C=NC1C32,2
10591,CN1CC2C1C2(O)C=O,CN1CC2C1C2(O)C=O,1
10592,CC1C(C)C1CC=O,CC1C(C)C1CC=O,0
10593,CC1(O)CC1(CO)C=O,CC1(O)CC1(C=O)CO,0
10594,OCC1(OC2CC12)C#C,C#CC1(CO)OC2CC21,1
10595,C#CC12NC3C1OC23,C#CC12NC3C1OC32,2
10596,CC(C)OC1(CC1)C,CC(C)OC1(C)CC1,3
10597,C(C1CC2OC12)N1CC1,C1C(CN2CC2)C2OC12,0
10598,CC#CC12CC3C1N3C2,CC#CC12CC3C1N3C2,4
10599,FC1=CC(=N)C(F)=CN1,N=c1cc(F)[nH]cc1F,3
10600,CC(C)OC(=N)CCO,CC(C)OC(=N)CCO,0
10601,COC1OC2C3OC1C23,COC1OC2C3OC1C23,4
10602,O=CCC12CC3C1CN23,O=CCC12CC3C1CN32,1
10603,CCC1CC(O)(C1)C#C,C#CC1(O)CC(CC)C1,2
10604,OC1C2C3CN3C1C2O,OC1C2C(O)C1N1CC21,1
10605,CC1(CCC1)CCO,CC1(CCO)CCC1,3
10606,C(CNC(=O)CO)C=O,O=CCCNC(=O)CO,2
10607,COC1C2C3C2N2C3C12,COC1C2C3C2N2C1C32,0
10608,N=COCC1=CNC=N1,N=COCc1c[nH]cn1,0
10609,N#CC12CCC(CC1)N2,N#CC12CCC(CC1)N2,1
10610,CC1N2CC2C=C1C#N,CC1C(C#N)=CC2CN21,2
10611,COC1CCC(C)(C)O1,COC1CCC(C)(C)O1,0
10612,C1COc2c(n[nH]n2)N1,C1COc2n[nH]nc2N1,3
10613,OC12C3CC1(O)C(=O)C23,O=C1C2C3CC1(O)C32O,1
10614,CC12CC1C1OCC2O1,CC12CC1C1OCC2O1,0
10615,OCC1=CC2(O)CC1C2,OCC1=CC2(O)CC1C2,1
10616,COCC(=N)OC1CC1,COCC(=N)OC1CC1,3
10617,CC12CCC3C(O1)C23,CC12CCC3C(O1)C32,2
10618,C(=N)Nc1c(onn1)N,N=CNc1nnoc1N,0
10619,O=CC1COCC(=O)C1,O=CC1COCC(=O)C1,4
10620,COC=NCC#N,COC=NCC#N,2
10621,N=C1OCC1C1COC1,N=C1OCC1C1COC1,2
10622,Cc1c(n(c(n1)O)C)N,Cc1nc(O)n(C)c1N,2
10623,CC1C(C)C1CNC=O,CC1C(C)C1CNC=O,3
10624,COc1ncn(n1)C=O,COc1ncn(C=O)n1,4
10625,COCC1CN1CC=O,COCC1CN1CC=O,1
10626,CN1C(C#C)C1(C)C,C#CC1N(C)C1(C)C,2
10627,C1C(=NO)C=CNC1=O,O=C1CC(=NO)C=CN1,2
10628,CC(NC(N)=O)C=O,CC(C=O)NC(N)=O,2
10629,COCC1OCCC1=O,COCC1OCCC1=O,1
10630,CN1CC(O)CC1=O,CN1CC(O)CC1=O,2
10631,CC1C2OC(=O)C12C,CC1C2OC(=O)C12C,4
10632,C1CC1COCCC=O,O=CCCOCC1CC1,3
10633,CC#CCCOC,CC#CCCOC,4
10634,C1C2C3CC22N=COC132,C1=NC23CC4C2CC43O1,4
10635,COCC(C)(O)C1CN1,COCC(C)(O)C1CN1,1
10636,CNC(=O)C#CC1CN1,CNC(=O)C#CC1CN1,0
10637,CC1OC11CC2CC2C1,CC1OC12CC1CC1C2,2
10638,Cc1cn(c(n1)CO)C,Cc1cn(C)c(CO)n1,4
10639,CC1OCC2=C1C=CN2,CC1OCc2[nH]ccc21,4
10640,CC12CC1(CCC2)C#N,CC12CCCC1(C#N)C2,0
10641,CC1=NC(CO1)C1CO1,CC1=NC(C2CO2)CO1,1
10642,CC1(CCOC1)OC=O,CC1(OC=O)CCOC1,1
10643,O=C1C(CC1C#N)C#C,C#CC1CC(C#N)C1=O,1
10644,C#CCc1c[nH]nc1,C#CCc1cn[nH]c1,1
10645,OC1CC(O)C1,OC1CC(O)C1,2
10646,CC#Cc1coc(n1)N,CC#Cc1coc(N)n1,4
10647,COC1CC1(CO)CO,COC1CC1(CO)CO,1
10648,Cc1c2c(co1)ocn2,Cc1occ2ocnc12,2
10649,CC1CC2(CC12)OC=N,CC1CC2(OC=N)CC12,2
10650,O=CC1CC(CC#N)N1,N#CCC1CC(C=O)N1,2
10651,COC12CCC1C2C#C,C#CC1C2CCC12OC,4
10652,O=C1CNCC1N1CC1,O=C1CNCC1N1CC1,3
10653,CC1C2N3C1CC23CO,CC1C2CC3(CO)C1N23,3
10654,CC12CC3C1N3C(=O)C2,CC12CC(=O)N3C(C1)C32,1
10655,CNc1ccccc1O,CNc1ccccc1O,0
10656,CCCC1(CN1)C#C,C#CC1(CCC)CN1,0
10657,CCC(C)OC(=O)C#C,C#CC(=O)OC(C)CC,0
10658,N=CN1C(=O)COC1=O,N=CN1C(=O)COC1=O,3
10659,OCC(O)CCCC#C,C#CCCCC(O)CO,3
10660,O=C1NCC2C=CCC12,O=C1NCC2C=CCC12,2
10661,ON=C1CC2(NC12)C=O,O=CC12CC(=NO)C1N2,2
10662,c1c(nc(o1)CC=O)O,O=CCc1nc(O)co1,2
10663,C1OC2CN=C3OC1C23,C1N=C2OC3COC1C23,0
10664,O=CN1CC2C1CC2=O,O=CN1CC2C(=O)CC21,1
10665,CCC12CCC1OCO2,CCC12CCC1OCO2,1
10666,CC1=CC(C=O)C(=O)C1,CC1=CC(C=O)C(=O)C1,2
10667,OC1C2CC2(C#N)C1=O,N#CC12CC1C(O)C2=O,4
10668,CN1C(C)(C)C1(C)C=O,CN1C(C)(C)C1(C)C=O,4
10669,CC1C(C)C(=O)C1C#C,C#CC1C(=O)C(C)C1C,1
10670,OC12C3C1C1C=CC3C21,OC12C3C4C=CC3C1C42,3
10671,C(C1CN1)N1N=NN=N1,C1NC1Cn1nnnn1,4
10672,COCC1CC(C1)OC,COCC1CC(OC)C1,2
10673,C1CC=C2CCC=C2C1,C1=C2CCC=C2CCC1,1
10674,CC(C)CC#CC(=O)C,CC(=O)C#CCC(C)C,1
10675,c1[nH]c(=O)c(=O)on1,O=c1[nH]cnoc1=O,0
10676,Cc1[nH]cc(n1)C(=O)C,CC(=O)c1c[nH]c(C)n1,0
10677,CCc1c([nH]nc1O)C,CCc1c(O)n[nH]c1C,2
10678,CN1C=NC(OC=N)=C1,Cn1cnc(OC=N)c1,0
10679,NC1=CC(=O)C2CC2C1,NC1=CC(=O)C2CC2C1,0
10680,Cn1c2c(cn1)nc[nH]2,Cn1ncc2nc[nH]c21,4
10681,N=C1OC=CC(=N)C=N1,N=c1ccoc(=N)nc1,0
10682,CCC1CN1C1CCC1,CCC1CN1C1CCC1,1
10683,OC(CC#C)C(F)(F)F,C#CCC(O)C(F)(F)F,1
10684,CC1(C#N)C2C3CC2C13,CC1(C#N)C2C3CC2C31,4
10685,c1cnc([nH]1)C2COC2,c1c[nH]c(C2COC2)n1,2
10686,CC(=O)NC(=O)C#C,C#CC(=O)NC(C)=O,0
10687,CC(O)C1=C(O)N=NO1,CC(O)c1onnc1O,2
10688,N#CC12CC1N=CO2,N#CC12CC1N=CO2,4
10689,CCC12C3OC1C(C)C23,CCC12C3OC1C2C3C,1
10690,C#CCCC=O,C#CCCC=O,2
10691,OC1COCC(=O)C1=O,O=C1COCC(O)C1=O,2
10692,Cn1cc(nn1)OC=O,Cn1cc(OC=O)nn1,0
10693,NC(=O)C1CC(=O)CN1,NC(=O)C1CC(=O)CN1,1
10694,OCC1C2CCOCC12,OCC1C2CCOCC12,2
10695,CC(=O)NCC#CCO,CC(=O)NCC#CCO,3
10696,OCC12CC(=NO)C1O2,OCC12CC(=NO)C1O2,3
10697,CN1C2CC(O)C12C,CN1C2CC(O)C21C,3
10698,OC12C3OC(C13)C2C#C,C#CC1C2OC3C2C13O,4
10699,CC1COCC2OC12,CC1COCC2OC12,2
10700,C1OC2CC3OC2C13,C1C2OC3C1OCC23,0
10701,OCC1C2CC3NC3C12,OCC1C2CC3NC3C12,2
10702,CCC1=CC(O)CC1=O,CCC1=CC(O)CC1=O,2
10703,c1c(nc(c(=O)[nH]1)N)F,Nc1nc(F)c[nH]c1=O,3
10704,C1C2CC11NC1C=CC2,C1=CC2NC23CC(C1)C3,3
10705,NC(=[NH2+])[C-](OC=N)C#N,N#C[C-](OC=N)C(N)=[NH2+],1
10706,c1nc(on1)NCC=O,O=CCNc1ncno1,4
10707,CCNC(=O)OC=N,CCNC(=O)OC=N,4
10708,CN=C(NC=O)NC=O,CN=C(NC=O)NC=O,1
10709,c1c(coc1N2CC2)O,Oc1coc(N2CC2)c1,1
10710,OC12CN3C4C3C1NC24,OC12CN3C4C3C1NC42,4
10711,COC1C(C)C(=O)C1C,COC1C(C)C(=O)C1C,0
10712,COCC1C2CCCN12,COCC1C2CCCN21,2
10713,OCC12CCN1C2C#C,C#CC1N2CCC12CO,3
10714,COc1cnoc1,COc1cnoc1,0
10715,CCC1C(CO)OC1=N,CCC1C(=N)OC1CO,4
10716,CC(O)(C1CO1)C1CO1,CC(O)(C1CO1)C1CO1,2
10717,CN1CC(O)C1CC=O,CN1CC(O)C1CC=O,0
10718,C1COC(O1)C(=O)C#N,N#CC(=O)C1OCCO1,0
10719,CC1(CO)C2CC1(O)C2,CC1(CO)C2CC1(O)C2,2
10720,OC1CC1OCC1CN1,OC1CC1OCC1CN1,0
10721,OC1CC(C=O)=CC1=O,O=CC1=CC(=O)C(O)C1,1
10722,COC1CC=CNC1=O,COC1CC=CNC1=O,3
10723,CC1(CCCO1)OC=O,CC1(OC=O)CCCO1,1
10724,c1c(oc(=O)c(=O)o1)N,Nc1coc(=O)c(=O)o1,3
10725,CCN(C)C(=N)C#N,CCN(C)C(=N)C#N,3
10726,COC1C2NC(C#N)C12,COC1C2NC(C#N)C21,0
10727,OC1C2C3NC2(C#N)C13,N#CC12NC3C1C(O)C32,0
10728,COC(=O)NC(C)C#N,COC(=O)NC(C)C#N,1
10729,N#CC1C2CC2C11CO1,N#CC1C2CC2C12CO2,0
10730,CC12CCCC(N1)C2=O,CC12CCCC(N1)C2=O,1
10731,OCC1C2CC2C1C#C,C#CC1C(CO)C2CC12,3
10732,O=CC1(NC2CC12)C=O,O=CC1(C=O)NC2CC21,4
10733,OC12CCC3=CCC1C23,OC12CCC3=CCC1C32,0
10734,CC1NC=CC(=O)C=C1,CC1C=CC(=O)C=CN1,1
10735,CCC12OC1CC=C2C,CCC12OC1CC=C2C,2
10736,OC12CC1C(=O)C21CN1,O=C1C2CC2(O)C12CN2,0
10737,OCC1CCC(=C1)C#N,N#CC1=CC(CO)CC1,3
10738,CC1C2CC2CN1C=O,CC1C2CC2CN1C=O,4
10739,C1CC2CCCC(C1)C2,C1CC2CCCC(C1)C2,1
10740,CC1(CO)NC(=N)C1O,CC1(CO)NC(=N)C1O,2
10741,CN(C)C(=O)N1CC1,CN(C)C(=O)N1CC1,3
10742,CCn1cc(cc1C)N,CCn1cc(N)cc1C,0
10743,COC1CC(O)C1(C)O,COC1CC(O)C1(C)O,3
10744,CC1C=CC(C)C2CC12,CC1C=CC(C)C2CC12,2
10745,OC1(COC1=N)C=O,N=C1OCC1(O)C=O,4
10746,OCCC12CC(O)C1O2,OCCC12CC(O)C1O2,2
10747,C1OC2C3C4CC(C34)C12,C1OC2C1C1CC3C1C32,4
10748,N#CC#CC1CCC=C1,N#CC#CC1C=CCC1,2
10749,CCCCC(=O)OC=N,CCCCC(=O)OC=N,1
10750,C(CO)NC(=O)CO,O=C(CO)NCCO,0
10751,OC12CC1(O)C(C2)C#N,N#CC1CC2(O)CC12O,2
10752,CC1(O)CC=CC1C=O,CC1(O)CC=CC1C=O,1
10753,CC1CC1C1CCOC1,CC1CC1C1CCOC1,0
10754,O=CC1C2CC3C2CC13,O=CC1C2CC3C1CC23,1
10755,C1COC(O1)C(=N)N,N=C(N)C1OCCO1,1
10756,C1C2CC3CC3OC12,C1C2CC2OC2CC12,3
10757,C1C(=O)C2(O1)COC2,O=C1COC12COC2,0
10758,CC1CC1OC(=O)CO,CC1CC1OC(=O)CO,2
10759,CC(C)OCC(O)C#N,CC(C)OCC(O)C#N,3
10760,COC1OC(C)C(C)=C1,COC1C=C(C)C(C)O1,1
10761,CNC1=[NH+]C(=N)C=N[N-]1,CNc1[n-]ncc(=N)[nH+]1,4
10762,OCC1CC1CCC#N,N#CCCC1CC1CO,4
10763,CC(C)C(O)(C=O)C#C,C#CC(O)(C=O)C(C)C,3
10764,CC12C=CCC11CC2O1,CC12C=CCC13CC2O3,3
10765,CCC1N2CC(O)C12C,CCC1N2CC(O)C12C,2
10766,CC1(C)OC(=O)C2NC12,CC1(C)OC(=O)C2NC21,4
10767,ON=C1CC(O)C11CO1,ON=C1CC(O)C12CO2,0
10768,NC1C2COC12C#N,N#CC12OCC1C2N,0
10769,CCC(=O)CC#CC=O,CCC(=O)CC#CC=O,3
10770,OC1C=CCC2CC12,OC1C=CCC2CC12,3
10771,CN1CC2CC(=NO)C12,CN1CC2CC(=NO)C21,1
10772,CC(=O)C1CC1N1CC1,CC(=O)C1CC1N1CC1,3
10773,CC1OC2(CC2)C2CC12,CC1OC2(CC2)C2CC12,4
10774,CC(C)Cc1cc[nH]c1,CC(C)Cc1cc[nH]c1,2
10775,c1c2ncnn2ncn1,c1ncc2ncnn2n1,1
10776,C1CC2(CC2)N=COC1,C1=NC2(CCCO1)CC2,1
10777,O=CC12C3C4C3C1OC24,O=CC12C3OC1C1C3C12,1
10778,C(CO)N(CC#N)C=O,N#CCN(C=O)CCO,3
10779,COCc1nc(no1)O,COCc1nc(O)no1,1
10780,CC1(C)C2C3CC2C13O,CC1(C)C2C3CC2C31O,0
10781,CC12OC1CCOC2=O,CC12OC1CCOC2=O,1
10782,CNc1cc(oc1)CO,CNc1coc(CO)c1,0
10783,N#CC12CC1CC1OC21,N#CC12CC1CC1OC12,0
10784,OCC#CCC(O)C#C,C#CC(O)CC#CCO,2
10785,CCC(NC=O)C#CC,CC#CC(CC)NC=O,3
10786,Cn1cc(ncc1=O)F,Cn1cc(F)ncc1=O,3
10787,CCC1=C(COC1)C#N,CCC1=C(C#N)COC1,0
10788,CC1OC11C2C3CC1N23,CC1OC12C1CC3C2N31,1
10789,CC12NC1C1NC21,CC12NC1C1NC12,1
10790,COC1CCCC11CN1,COC1CCCC12CN2,3
10791,CCN1CC2OCC12C,CCN1CC2OCC21C,4
10792,CC1CCN1C(=N)C=O,CC1CCN1C(=N)C=O,4
10793,CC#CC1C2CCC12C,CC#CC1C2CCC12C,1
10794,NC12COC(C1)OC2=O,NC12COC(C1)OC2=O,0
10795,CC1=CCC2C(C=O)C12,CC1=CCC2C(C=O)C12,4
10796,COC1(C)C(C)C1C#C,C#CC1C(C)C1(C)OC,3
10797,CCC(C)C(C)C1CC1,CCC(C)C(C)C1CC1,2
10798,CC(C#N)C#CC1CO1,CC(C#N)C#CC1CO1,2
10799,Cc1c(c(n[nH]1)C)NC,CNc1c(C)n[nH]c1C,3
10800,CC1(O)CC1C1CC1O,CC1(O)CC1C1CC1O,2
10801,O=CC1=NC2(CC2)CN1,O=CC1=NC2(CC2)CN1,1
10802,CCC(=O)C(C)C(N)=O,CCC(=O)C(C)C(N)=O,2
10803,O=CCCC#CC1CN1,O=CCCC#CC1CN1,4
10804,CC1COC11CCC1O,CC1COC12CCC2O,4
10805,CC1CC23CCC2(C1)N3,CC1CC23CCC2(C1)N3,0
10806,CNc1cn[nH]c1C#C,C#Cc1[nH]ncc1NC,3
10807,CC#CCc1[nH]ncn1,CC#CCc1ncn[nH]1,1
10808,OC12CC(C1)OC1CC21,OC12CC(C1)OC1CC12,4
10809,O=C1C=CC2(NC12)C#C,C#CC12C=CC(=O)C1N2,1
10810,CC1CCCC1C(C)=O,CC(=O)C1CCCC1C,1
10811,CCc1cc(oc1O)N,CCc1cc(N)oc1O,2
10812,Cc1nc(on1)N(C)C,Cc1noc(N(C)C)n1,1
10813,CC1CCC(C)(C)O1,CC1CCC(C)(C)O1,2
10814,CC12CC(OC1)C2C=O,CC12COC(C1)C2C=O,4
10815,CC(CO)C1OC1C=O,CC(CO)C1OC1C=O,1
10816,CN1C2C(O)C2C1C=O,CN1C(C=O)C2C(O)C21,4
10817,OC1C=C2CC3C1C23O,OC1C=C2CC3C1C23O,2
10818,Cc1c(c(ncn1)N)N,Cc1ncnc(N)c1N,1
10819,OC12CC1OCCC2,OC12CCCOC1C2,0
10820,CC1N=CN(C=O)C1=O,CC1N=CN(C=O)C1=O,4
10821,CC12CC(CO)C1N2,CC12CC(CO)C1N2,3
10822,CC1C2CC3(O)C2C13O,CC1C2CC3(O)C2C13O,2
10823,COC(CO)CC(N)=O,COC(CO)CC(N)=O,0
10824,CC1C=CCC(=O)N1C,CC1C=CCC(=O)N1C,3
10825,CC12CN1C1CC1(O)C2,CC12CN1C1CC1(O)C2,4
10826,C#CC1NC11CC2OC12,C#CC1NC12CC1OC12,2
10827,c1c([nH]cn1)COC=O,O=COCc1cnc[nH]1,3
10828,O=CC12CCOC1CO2,O=CC12CCOC1CO2,1
10829,CC1(CCC12COC2)C,CC1(C)CCC12COC2,0
10830,COC(C)COC=N,COC(C)COC=N,0
10831,CC1(NCC1N)C#N,CC1(C#N)NCC1N,0
10832,OCC1CC1(O)C#C,C#CC1(O)CC1CO,2
10833,CC1C2OC1(C)C1NC21,CC1C2OC1(C)C1NC21,1
10834,CC1(C2(COC2)CO1)C,CC1(C)OCC12COC2,1
10835,N=COC1CCCO1,N=COC1CCCO1,0
10836,CC1C=CCCC1C#N,CC1C=CCCC1C#N,4
10837,OCC12CC(=O)C1O2,O=C1CC2(CO)OC12,0
10838,CC(=O)C1CCO1,CC(=O)C1CCO1,3
10839,CCC1C2C3CN3C12C,CCC1C2C3CN3C12C,3
10840,OC1C(O)C11CCCO1,OC1C(O)C12CCCO2,3
10841,C1OC2C=CCCC=C12,C1=CC2OCC2=CCC1,4
10842,Cc1cc(cnc1O)F,Cc1cc(F)cnc1O,0
10843,C1CC(C1)C(=O)C(=O)N,NC(=O)C(=O)C1CCC1,1
10844,O=CN1C=C2CC3C1C23,O=CN1C=C2CC3C2C31,3
10845,O=C(C#C)C1(CO1)C#C,C#CC(=O)C1(C#C)CO1,3
10846,COCC1CC(C)C1C,COCC1CC(C)C1C,1
10847,CCOC1CC1(C)CO,CCOC1CC1(C)CO,2
10848,O=C1CN2CC1C(=O)C2,O=C1CN2CC(=O)C1C2,3
10849,CC1C(O)C11CCC1C,CC1CCC12C(C)C2O,4
10850,O=CC1OC1C(=O)C#N,N#CC(=O)C1OC1C=O,2
10851,CCN1C2C3COC2C13,CCN1C2C3COC2C31,1
10852,O=CC12COC3C1NC23,O=CC12COC3C1NC32,2
10853,CC1=CCNC(=O)C=C1,CC1=CCNC(=O)C=C1,4
10854,CC1(C)CC1(O)CCO,CC1(C)CC1(O)CCO,3
10855,CC1C2OC11CCOC21,CC1C2OC13CCOC23,3
10856,C1CC2C1C1CC2C=C1,C1=CC2CC1C1CCC21,0
10857,CC1C2CN3C2C13C=O,CC1C2CN3C2C13C=O,3
10858,OC1C2C3CC(=O)C1C23,O=C1CC2C3C(O)C1C23,1
10859,CC(OCC#N)C#C,C#CC(C)OCC#N,3
10860,CC1OCCOCC=C1,CC1C=CCOCCO1,2
10861,NCC(O)(CC#N)C#N,N#CCC(O)(C#N)CN,2
10862,CCCNC(C)(C)C#N,CCCNC(C)(C)C#N,2
10863,CC1OC(=O)C(C=O)=C1,CC1C=C(C=O)C(=O)O1,2
10864,CCC1C(C)CC11CC1,CCC1C(C)CC12CC2,0
10865,C1C2C3C1C21OC=NC31,C1=NC2C3C4CC3C42O1,3
10866,O=C1CC2(CO2)C1C#C,C#CC1C(=O)CC12CO2,0
10867,CC(C)(C)NC(=O)NC,CNC(=O)NC(C)(C)C,1
10868,C#CC(=O)C(=O)C1CC1,C#CC(=O)C(=O)C1CC1,2
10869,O=CC1C2CC1C1CC21,O=CC1C2CC1C1CC21,1
10870,C1NC11COC2CC2C1,C1C2CC3(CN3)COC12,4
10871,CCOC1C2CCC1O2,CCOC1C2CCC1O2,0
10872,CC(=O)NCC#N,CC(=O)NCC#N,1
10873,Cc1c(ccc(=O)o1)F,Cc1oc(=O)ccc1F,3
10874,CC(O)C1=NC(C)=NO1,Cc1noc(C(C)O)n1,4
10875,CC12OC1(C)C1CC21,CC12OC1(C)C1CC12,4
10876,C1C2CC1C1OC1CC2,C1CC2OC2C2CC1C2,1
10877,CC1C2C(O)C3N1C23C,CC1C2C(O)C3N1C23C,2
10878,CC12CC3C(OC1=O)C23,CC12CC3C(OC1=O)C32,2
10879,C1CC(=C2CCOC2)C1,C1CC(=C2CCOC2)C1,1
10880,CC#CC(O)C(=O)CO,CC#CC(O)C(=O)CO,4
10881,C(=Nc1c(non1)N)N,NC=Nc1nonc1N,2
10882,CC(C)(CO)C#N,CC(C)(C#N)CO,0
10883,CC1=CCC2CC1C=C2,CC1=CCC2C=CC1C2,2
10884,OCCC1(CCN1)C#N,N#CC1(CCO)CCN1,3
10885,CCNC(=N)C(=O)CO,CCNC(=N)C(=O)CO,0
10886,COCC(O)C1(C)CN1,COCC(O)C1(C)CN1,2
10887,c1c(con1)COC=O,O=COCc1cnoc1,1
10888,CC(C#C)C1=CN=CN1,C#CC(C)c1cnc[nH]1,0
10889,CC1(O)COC(CO)C1,CC1(O)COC(CO)C1,4
10890,O=C1CC2CC1CO2,O=C1CC2CC1CO2,0
10891,CC(C)C(=O)OC(C)=N,CC(=N)OC(=O)C(C)C,3
10892,CN=C1C=NOC(N)=C1,CN=c1cnoc(N)c1,3
10893,CC(O)CC(N)=O,CC(O)CC(N)=O,4
10894,CC1NC1(C)CN1CC1,CC1NC1(C)CN1CC1,1
10895,CC1CC2OC2C=C1,CC1C=CC2OC2C1,1
10896,CC(=O)CC1(CC1)CO,CC(=O)CC1(CO)CC1,4
10897,CC1CC(C=C1)C1CC1,CC1C=CC(C2CC2)C1,4
10898,OCC(CC#N)NC=O,N#CCC(CO)NC=O,1
10899,OCC1CNC1=O,O=C1NCC1CO,2
10900,O=C1CC2(CCC=C2)N1,O=C1CC2(C=CCC2)N1,0
10901,c1c2c(ncn1)C=CC2,C1=Cc2ncncc2C1,2
10902,CC1N=C(N)OCC1O,CC1N=C(N)OCC1O,0
10903,[O-]C(=O)C[NH+]=CN1CC1,O=C([O-])C[NH+]=CN1CC1,1
10904,C1C(CN1CC#N)CO,N#CCN1CC(CO)C1,4
10905,C#CC#CC(=O)N,C#CC#CC(N)=O,0
10906,CC#CC(O)CC(C)=O,CC#CC(O)CC(C)=O,2
10907,CC1C2C(O)C(=O)CN12,CC1C2C(O)C(=O)CN12,2
10908,C#CC1CC=C(C1)C#N,C#CC1CC=C(C#N)C1,0
10909,C1C=CC(=O)CC(=O)O1,O=C1C=CCOC(=O)C1,0
10910,CC1CC(O)(C1)C1CN1,CC1CC(O)(C2CN2)C1,3
10911,CC12C3N1C1(C)C2C31C,CC12C3N1C1(C)C2C31C,4
10912,CCC1C=C2CN3C1C23,CCC1C=C2CN3C2C13,4
10913,CC1COC(=N)C11CO1,CC1COC(=N)C12CO2,0
10914,CN1CC1C1=NCCO1,CN1CC1C1=NCCO1,3
10915,OC(C#N)C(C=O)C=O,N#CC(O)C(C=O)C=O,2
10916,C1COCC(=C1C=O)N,NC1=C(C=O)CCOC1,2
10917,COC1C(C)COC1C,COC1C(C)COC1C,3
10918,CC12NC3C1OC23C,CC12NC3C1OC32C,3
10919,CC1(O)C2C(=O)CC12C,CC1(O)C2C(=O)CC21C,4
10920,CCC(=O)CC(O)C=O,CCC(=O)CC(O)C=O,0
10921,c1cc([nH]c1)N2CCC2,c1c[nH]c(N2CCC2)c1,4
10922,[NH3+]C(CC1CO1)C([O-])=O,[NH3+]C(CC1CO1)C(=O)[O-],0
10923,CC12C3CC1C3C21CC1,CC12C3CC1C3C21CC1,1
10924,C1COc2c1[nH]nc2O,Oc1n[nH]c2c1OCC2,0
10925,CCC1OC(=O)C=C1C,CCC1OC(=O)C=C1C,3
10926,O=CC1CC(N1)C#N,N#CC1CC(C=O)N1,2
10927,CC1OC(=N)C=C1,CC1C=CC(=N)O1,1
10928,COc1c(nco1)CO,COc1ocnc1CO,0
10929,COCC1C(C)OC1C,COCC1C(C)OC1C,3
10930,OCC1=CC(=N)C=NN1,N=c1cn[nH]c(CO)c1,1
10931,CCC(C)C1(O)CC1,CCC(C)C1(O)CC1,3
10932,CC(=O)C(=O)NC1CC1,CC(=O)C(=O)NC1CC1,2
10933,CCN1C2CC(=O)CC12,CCN1C2CC(=O)CC21,1
10934,C#CC1(CC2CC2)CO1,C#CC1(CC2CC2)CO1,2
10935,CC(=NO)C(=N)NC=O,CC(=NO)C(=N)NC=O,0
10936,O=C1OCC2C(C#N)C12,N#CC1C2COC(=O)C12,4
10937,OC(C1CC1)C1CC1O,OC1CC1C(O)C1CC1,3
10938,c1nc(c(=O)on1)N,Nc1ncnoc1=O,4
10939,CC1=CC2OC1C1NC21,CC1=CC2OC1C1NC21,3
10940,CC1CC2C1OCC2=O,CC1CC2C(=O)COC12,3
10941,OCC1NC11CC=CC1,OCC1NC12CC=CC2,0
10942,N=C1OCCC1CC#N,N#CCC1CCOC1=N,1
10943,COC=NC1COC1,COC=NC1COC1,2
10944,CCCC1(COC1)CC,CCCC1(CC)COC1,4
10945,C1CC2(CC3NC23)O1,C1CC2(CC3NC32)O1,4
10946,O=C1OC2CCC12C#N,N#CC12CCC1OC2=O,0
10947,NC1=NCC(=O)C11CO1,NC1=NCC(=O)C12CO2,3
10948,C1C2OC3CN1C1C2C31,C1C2OC3CN1C1C2C31,0
10949,OC(C#N)C1NC1C#C,C#CC1NC1C(O)C#N,4
10950,CC12NC1CC=CC2=O,CC12NC1CC=CC2=O,0
10951,O=COCC1OC1C=O,O=COCC1OC1C=O,2
10952,c1c(coc1CCO)N,Nc1coc(CCO)c1,3
10953,[NH3+]CC(CO)C([O-])=O,[NH3+]CC(CO)C(=O)[O-],2
10954,O=C1CCC=CC2CN12,O=C1CCC=CC2CN12,1
10955,O=C1NC2CC3OC1C23,O=C1NC2CC3OC1C23,4
10956,CCn1ccc(c1C)N,CCn1ccc(N)c1C,3
10957,CC1C2OC(C#N)C12C,CC1C2OC(C#N)C12C,1
10958,COC1C2OC(C#N)C12,COC1C2OC(C#N)C12,1
10959,c1cn(cn1)CC(=O)N,NC(=O)Cn1ccnc1,2
10960,CC1(C)CC1OCC=O,CC1(C)CC1OCC=O,4
10961,NC1=NNC(O)=NC1=N,N=c1nc(O)[nH]nc1N,1
10962,CC12C3C=C4CC(C13)C24,CC12C3C=C4CC(C41)C32,3
10963,CCCOCCCO,CCCOCCCO,0
10964,CC12CCC1C21COC1,CC12CCC1C21COC1,4
10965,CCC1C2C3CC2N13,CCC1C2C3CC2N13,3
10966,CC(C)C#CC(C)O,CC(C)C#CC(C)O,0
10967,CCC(C)C12CN(C1)C2,CCC(C)C12CN(C1)C2,2
10968,Cn1cc(cc1O)OC,COc1cc(O)n(C)c1,4
10969,CC1=CCCC(=O)C1,CC1=CCCC(=O)C1,0
10970,CC(C)c1c(nco1)N,CC(C)c1ocnc1N,0
10971,N#CC12CC1C1CN2C1,N#CC12CC1C1CN2C1,0
10972,COC(CO)C(=O)C#C,C#CC(=O)C(CO)OC,1
10973,N=COCC1OC1C=O,N=COCC1OC1C=O,3
10974,CC1=CC2(O)CCC1C2,CC1=CC2(O)CCC1C2,2
10975,CC1CC(C#C)C1=O,C#CC1CC(C)C1=O,1
10976,C1CC2CCC1CC=C2,C1=CC2CCC(C1)CC2,0
10977,CCC1CC=C(CC)C1,CCC1=CCC(CC)C1,2
10978,CC(O)C1C2CC1C2O,CC(O)C1C2CC1C2O,4
10979,CC12CCC11CC2CO1,CC12CCC13CC2CO3,0
10980,O=CN1C2C3CC1C23,O=CN1C2CC3C2C31,0
10981,Cc1c(c[nH]n1)C#N,Cc1n[nH]cc1C#N,3
10982,OCCC1NC1C1CN1,OCCC1NC1C1CN1,3
10983,CC1OC2C3NC3C12,CC1OC2C3NC3C12,1
10984,CC12CCCC1(O2)C=O,CC12CCCC1(C=O)O2,4
10985,OC1C2C3CC1CC23O,OC1C2CC3C1C3(O)C2,3
10986,CCC(C)(OC)C1CC1,CCC(C)(OC)C1CC1,3
10987,C1C=C(NC1=O)C#N,N#CC1=CCC(=O)N1,1
10988,NC(C#C)C(=O)NC=N,C#CC(N)C(=O)NC=N,2
10989,O=C1CC2C3CC1C23,O=C1CC2C3CC1C23,2
10990,CNC(=N)C(=O)OC,CNC(=N)C(=O)OC,3
10991,CC1NC2(CNC12)C#N,CC1NC2(C#N)CNC12,4
10992,CC(C)(C#N)OCC#C,C#CCOC(C)(C)C#N,2
10993,C(CO)C#CC(=O)C=O,O=CC(=O)C#CCCO,3
10994,CC1(CN1)C1NC1C#N,CC1(C2NC2C#N)CN1,2
10995,C1CC=CC2NC2CO1,C1=CC2NC2COCC1,0
10996,CC1=CC2C3CC1CC23,CC1=CC2C3CC1CC23,3
10997,CC12CC1(CO)C1CN21,CC12CC1(CO)C1CN12,3
10998,O=CC12OC3C1C=CC23,O=CC12OC3C1C=CC32,2
10999,CC12CC1(CN2)C#N,CC12CC1(C#N)CN2,0
11000,C1N=C2C3OC4C1N2C34,C1N=C2C3OC4C1N2C34,2
11001,COCc1[nH]c(=O)[nH]n1,COCc1n[nH]c(=O)[nH]1,2
11002,C1C2C1C1CC2C11CO1,C1C2C1C1CC2C12CO2,1
11003,CCC1CCC(O)C1=O,CCC1CCC(O)C1=O,3
11004,CC1C2C3C4C(N13)C24O,CC1C2C3C4C(N13)C24O,0
11005,CC1CC(C1)C=O,CC1CC(C=O)C1,1
11006,CC(O)C1NC1(C)C#N,CC(O)C1NC1(C)C#N,3
11007,CC12OC(CC=C1)C2=O,CC12C=CCC(O1)C2=O,2
11008,COCC(C)C1CC1,COCC(C)C1CC1,3
11009,C#Cc1c(nno1)N,C#Cc1onnc1N,4
11010,OC1CC(C#N)C1C=O,N#CC1CC(O)C1C=O,3
11011,CC1CN=C(N1)C1CO1,CC1CN=C(C2CO2)N1,4
11012,CC1C(=O)CC=C1C#C,C#CC1=CCC(=O)C1C,0
11013,N=COC1=CN=CN1,N=COc1cnc[nH]1,1
11014,CCC1=CC(=O)C(=O)C1,CCC1=CC(=O)C(=O)C1,4
11015,CC(C#N)C1OCC1O,CC(C#N)C1OCC1O,3
11016,CC1CC(C#N)C1C#C,C#CC1C(C)CC1C#N,2
11017,CC(=O)CCOC1CC1,CC(=O)CCOC1CC1,3
11018,C1C2CCCCCCC12,C1CCCC2CC2CC1,2
11019,CC(C=O)C1CN2CC12,CC(C=O)C1CN2CC12,2
11020,CC1N=C(C)N(C)C1=O,CC1=NC(C)C(=O)N1C,1
11021,Cc1cc(=O)cn[nH]1,Cc1cc(=O)cn[nH]1,1
11022,CC1C2COC1C(C)=C2,CC1=CC2COC1C2C,3
11023,Cc1c(onn1)NC=O,Cc1nnoc1NC=O,3
11024,CC1OC2C3OC1OC23,CC1OC2C3OC1OC23,4
11025,NC1=NOC(=N)C(F)=C1,N=c1onc(N)cc1F,3
11026,NC(=O)C(O)CCCO,NC(=O)C(O)CCCO,1
11027,O=C1CNC2=NCCC12,O=C1CNC2=NCCC12,4
11028,OC1(CC=O)CC1C=O,O=CCC1(O)CC1C=O,4
11029,OCCC#CCOC=N,N=COCC#CCCO,4
11030,C1CC23C1CC1C2CN31,C1CC23C1CC1C2CN13,3
11031,OC1=CN=C(O)C(=N)O1,N=c1oc(O)cnc1O,4
11032,C#CC1C2CC3CC1C23,C#CC1C2CC3CC1C32,2
11033,COC1C(=O)NC1(C)C,COC1C(=O)NC1(C)C,2
11034,C1CC2(C1)COC(=N2)N,NC1=NC2(CCC2)CO1,4
11035,C1CC1NC(C=O)C=O,O=CC(C=O)NC1CC1,3
11036,CCC(CO)OC(C)=O,CCC(CO)OC(C)=O,1
11037,COCC(C)C#CC#N,COCC(C)C#CC#N,2
11038,C#CC12C3CC1CN2C3,C#CC12C3CC1CN2C3,1
11039,CC1(OCC11CC1)C#C,C#CC1(C)OCC12CC2,1
11040,C1CN1CCN2CC2,C1CN1CCN1CC1,2
11041,CC(=O)NC(=NC)C=O,CN=C(C=O)NC(C)=O,1
11042,CC12COCOC1C2O,CC12COCOC1C2O,1
11043,OCCC1NCC1=NO,OCCC1NCC1=NO,4
11044,CCN=COCC1CC1,CCN=COCC1CC1,0
11045,C(C#N)N=COC(=O)N,N#CCN=COC(N)=O,1
11046,CC1CCC11OC1C#C,C#CC1OC12CCC2C,4
11047,CC1C2CCC(C2)C1=O,CC1C(=O)C2CCC1C2,3
11048,N=C(CN1CC1)OC=O,N=C(CN1CC1)OC=O,1
11049,CN1CC2(CO2)C1=O,CN1CC2(CO2)C1=O,1
11050,NC1C2N3CC3C12C#N,N#CC12C(N)C1N1CC12,1
11051,CC1C(O)C11COC1C,CC1OCC12C(C)C2O,0
11052,CCc1cc([nH]c1)C#C,C#Cc1cc(CC)c[nH]1,1
11053,O=C1CC2C3C4CC13N24,O=C1CC2C3C4CC13N24,3
11054,CCC1C(C)CCC1=O,CCC1C(=O)CCC1C,3
11055,CC1OC(N)=NC1C,CC1N=C(N)OC1C,2
11056,OC1CC1CC1(O)CC1,OC1CC1CC1(O)CC1,2
11057,CC(CCC=O)C(C)=O,CC(=O)C(C)CCC=O,0
11058,COC1CC(O)C=C1C,COC1CC(O)C=C1C,4
11059,C1CC2(CC2)OC13CC3,C1CC12CCC1(CC1)O2,0
11060,CC12NC3C(OC13)C=C2,CC12C=CC3OC1C3N2,2
11061,C(=O)Nc1n[nH]nn1,O=CNc1nn[nH]n1,3
11062,CCn1c(c(nn1)C)O,CCn1nnc(C)c1O,1
11063,CC12OC(C=C1)C2C#C,C#CC1C2C=CC1(C)O2,3
11064,NC1=NCC2CN2C1=O,NC1=NCC2CN2C1=O,4
11065,C1C2OC11C3NC3CC21,C1C2NC2C23CC(O2)C13,4
11066,CC12CCC1(O)C2O,CC12CCC1(O)C2O,1
11067,C1NC23COC2COC13,C1NC23COC2COC13,1
11068,CC1CC(C)(C)C11CC1,CC1CC(C)(C)C12CC2,2
11069,CC(C=O)C1CN1C=O,CC(C=O)C1CN1C=O,4
11070,CC1(CO)CCCOC1,CC1(CO)CCCOC1,3
11071,COC1CC1(C)N1CC1,COC1CC1(C)N1CC1,2
11072,CC1(CN1)C1CN=CO1,CC1(C2CN=CO2)CN1,1
11073,CCC(=O)C(=O)CC,CCC(=O)C(=O)CC,4
11074,CCn1cc(cc1O)O,CCn1cc(O)cc1O,4
11075,Cc1ncc(nn1)OC,COc1cnc(C)nn1,1
11076,c1cc2nccnn2c1,c1cc2nccnn2c1,3
11077,CC(C)C1CCOCO1,CC(C)C1CCOCO1,1
11078,CC1=CC2CC1C(=O)N2,CC1=CC2CC1C(=O)N2,3
11079,CC1C(O)C2NC12CO,CC1C(O)C2NC12CO,3
11080,c1cnn(c1)C(=O)C=O,O=CC(=O)n1cccn1,3
11081,NC1=NC(=CO1)C1CN1,Nc1nc(C2CN2)co1,2
11082,O=C1CC2OC2C11CN1,O=C1CC2OC2C12CN2,2
11083,CC(=O)C1CC2NC12C,CC(=O)C1CC2NC21C,1
11084,C1C=C2C=CCC22NC12,C1=CC2=CCC3NC23C1,1
11085,CN(C)C1C2NC1C2O,CN(C)C1C2NC1C2O,0
11086,CC(=O)c1cocc1N,CC(=O)c1cocc1N,2
11087,COC1CC(O)C(=N)O1,COC1CC(O)C(=N)O1,1
11088,CCOC1(CC1)C#CC,CC#CC1(OCC)CC1,3
11089,C1C=C2CCOC3C1C23,C1=C2CCOC3C(C1)C23,4
11090,O=CC1CN2C(C#C)C12,C#CC1C2C(C=O)CN12,2
11091,CC#CCC(C)(N)C#N,CC#CCC(C)(N)C#N,0
11092,O=C1CC2CC3NC3C12,O=C1CC2CC3NC3C12,3
11093,CN=C(COC)OC,CN=C(COC)OC,3
11094,Cc1nc(=O)onn1,Cc1nnoc(=O)n1,1
11095,C#CC1CCC2OCC12,C#CC1CCC2OCC12,0
11096,CC1(O)CC2OC1C=C2,CC1(O)CC2C=CC1O2,4
11097,CC1NC(=O)CC1C=O,CC1NC(=O)CC1C=O,3
11098,COCC1OCCC1O,COCC1OCCC1O,4
11099,OC12C3NC3C1C2C#C,C#CC1C2C3NC3C12O,0
11100,C1OC1C1=NNC=C1,c1cc(C2CO2)n[nH]1,2
11101,CC12CC(=O)C3C1CC23,CC12CC(=O)C3C1CC32,0
11102,C#CC1C2CC3(CC3)C12,C#CC1C2CC3(CC3)C12,1
11103,COC1CCCC(O)C1,COC1CCCC(O)C1,3
11104,C1C2OC1C1COCC21,C1C2OC1C1COCC21,4
11105,COC1CC(C1)OC,COC1CC(OC)C1,4
11106,CC12C3C4CN=C(C14)N23,CC12C3C4=NCC3C1N42,3
11107,N#CC1N=C2CC3C1N23,N#CC1N=C2CC3C1N23,3
11108,CC(C)c1[nH]c(=O)[nH]n1,CC(C)c1n[nH]c(=O)[nH]1,3
11109,ON=C1CCC1C1CC1,ON=C1CCC1C1CC1,3
11110,C1OC2C=CCC3C1C23,C1=CC2OCC3C(C1)C23,4
11111,c1ccnc(c1)C#N,N#Cc1ccccn1,3
11112,CC1=CCC(CC1)C#N,CC1=CCC(C#N)CC1,2
11113,CCC1(CO)CCC1O,CCC1(CO)CCC1O,4
11114,CC#CC1NC1C=O,CC#CC1NC1C=O,3
11115,NC1=NC2CC2NC1=O,NC1=NC2CC2NC1=O,3
11116,CC1C=C(C)CC2CC12,CC1=CC(C)C2CC2C1,4
11117,CCC1OC1C1CC1,CCC1OC1C1CC1,3
11118,COC1COC(C)C1C,COC1COC(C)C1C,3
11119,c1c(nno1)NC2CC2,c1onnc1NC1CC1,4
11120,ON=C1CC2OC1C2O,ON=C1CC2OC1C2O,2
11121,CCc1cn(cc1N)C,CCc1cn(C)cc1N,2
11122,CCC1COC2CC12,CCC1COC2CC12,0
11123,C(=O)c1c(nc([nH]1)N)O,Nc1nc(O)c(C=O)[nH]1,4
11124,C1CCOCCC=CC1,C1=CCCOCCCC1,2
11125,CCc1cnncn1,CCc1cnncn1,2
11126,CN=C1NCC(O1)C#N,CN=C1NCC(C#N)O1,4
11127,c1c([nH]nn1)COC=O,O=COCc1cnn[nH]1,4
11128,OC12CC3OC1CC23O,OC12CC3OC1CC32O,2
11129,CC1OCC2=C1C=NO2,CC1OCc2oncc21,2
11130,C1C=CC23C4C5C(N24)C135,C1=CC23C4C5C(N42)C53C1,3
11131,CC(CO)CC1CC1,CC(CO)CC1CC1,4
11132,CCC1OC=NC1C,CCC1OC=NC1C,3
11133,CC1CC(=O)CC1C#N,CC1CC(=O)CC1C#N,1
11134,O=CCN1C2COCC12,O=CCN1C2COCC21,0
11135,C1CCCC(CC1)C=O,O=CC1CCCCCC1,0
11136,CC1=CC2(CC2)CC1=O,CC1=CC2(CC2)CC1=O,0
11137,CC12NC1C=CC2(C)O,CC1(O)C=CC2NC21C,3
11138,C#CC1(CC2CN12)C#C,C#CC1(C#C)CC2CN21,2
11139,CCC12CN3C1CC23C,CCC12CN3C1CC32C,2
11140,CC(OC=O)C#C,C#CC(C)OC=O,3
11141,CCC12C3C1N1CC3C21,CCC12C3C4CN(C41)C32,1
11142,CC1(CC2C(O)C12)C#N,CC1(C#N)CC2C(O)C21,2
11143,OC1CC2CC=CC1O2,OC1CC2CC=CC1O2,3
11144,CC1CC2N(C)C12C#N,CC1CC2N(C)C12C#N,4
11145,NC1(CC1NC=O)C#N,N#CC1(N)CC1NC=O,4
11146,N=C1NCCCNC1=O,N=C1NCCCNC1=O,0
11147,CN=COC1CC1C#C,C#CC1CC1OC=NC,2
11148,C1C2C3OC1C1OC3C21,C1C2OC3C1C1C2OC31,1
11149,CC(C)N=COC(C)C,CC(C)N=COC(C)C,3
11150,OCC12OC3CC1C23O,OCC12OC3CC1C32O,0
11151,CC1CNCC(N1)C#N,CC1CNCC(C#N)N1,0
11152,CC1C=CC2CC2C1O,CC1C=CC2CC2C1O,2
11153,c1c(nn(n1)CCO)N,Nc1cnn(CCO)n1,4
11154,CCC1=NCC(C)CO1,CCC1=NCC(C)CO1,4
11155,N=COCC(=O)CC=O,N=COCC(=O)CC=O,0
11156,CC1(C)OCC11CC1O,CC1(C)OCC12CC2O,3
11157,CC1CC2C(C#N)C12O,CC1CC2C(C#N)C12O,3
11158,CCC12OCOC1C2C,CCC12OCOC1C2C,0
11159,CC(C)OC1(CCC1)C,CC(C)OC1(C)CCC1,1
11160,CN(C)C12COC1C2O,CN(C)C12COC1C2O,4
11161,CC1C2N(C)C1C2=NO,CC1C2C(=NO)C1N2C,4
11162,O=C1OC2(COC12)C#N,N#CC12COC1C(=O)O2,2
11163,Cn1ccc(c1C#N)O,Cn1ccc(O)c1C#N,4
11164,COC1CC2OCC2O1,COC1CC2OCC2O1,0
11165,CC1NC=C(C=O)C1O,CC1NC=C(C=O)C1O,0
11166,C1C2COCC3CC12O3,C1OCC2CC23CC1O3,3
11167,O=C1CC2(NC12)C1CN1,O=C1CC2(C3CN3)NC12,3
11168,CC(C)C12CC1NC2=O,CC(C)C12CC1NC2=O,3
11169,OC1CC1C12CC1CC2,OC1CC1C12CCC1C2,1
11170,CCC(=O)CNCC=O,CCC(=O)CNCC=O,3
11171,CC1(O)CCC11CCC1,CC1(O)CCC12CCC2,4
11172,OC1CC2C3OC3C12O,OC1CC2C3OC3C12O,0
11173,CC(C#N)C#CC#N,CC(C#N)C#CC#N,1
11174,O=C1C2CC3OC3C1O2,O=C1C2CC3OC3C1O2,1
11175,CCN=C1CN=C(N1)C,CCN=C1CN=C(C)N1,0
11176,CC12CCC1CC(=O)N2,CC12CCC1CC(=O)N2,1
11177,ON=C1C2OC2C1C#N,N#CC1C(=NO)C2OC12,0
11178,CC1=C(C(=O)NC1)C,CC1=C(C)C(=O)NC1,2
11179,O=C1C2C3C2C2(CN2)C13,O=C1C2C3C1C1(CN1)C23,3
11180,O=CC12CC1(OC2)C#N,N#CC12CC1(C=O)CO2,4
11181,CCC12OC3C1C(O)C23,CCC12OC3C1C(O)C32,2
11182,OC12COC1C1CC1C2,OC12COC1C1CC1C2,1
11183,CC12CC(C1)CCOC2,CC12COCCC(C1)C2,3
11184,COC12CC1CC(C)=C2,COC12C=C(C)CC1C2,2
11185,CC(CO)(C#N)C#N,CC(C#N)(C#N)CO,1
11186,C#CC1C2CCOC12,C#CC1C2CCOC12,2
11187,CC(C)N1C2CC1C2=O,CC(C)N1C2CC1C2=O,4
11188,CC1C(C)(O)C1(C)C#N,CC1C(C)(O)C1(C)C#N,2
11189,CC(=O)C(O)CCCO,CC(=O)C(O)CCCO,4
11190,c1c(nn(n1)C2CC2)N,Nc1cnn(C2CC2)n1,1
11191,N=C1OC2(CC2)CC=C1,N=C1C=CCC2(CC2)O1,4
11192,CC1=NOC(=C1)C1CN1,Cc1cc(C2CN2)on1,2
11193,COC1C2CCOC12C,COC1C2CCOC21C,0
11194,c1cc2ccnnn2c1,c1cc2ccnnn2c1,2
11195,CCC1OC2C(O)C12C,CCC1OC2C(O)C12C,4
11196,CC12CN1CC21COC1,CC12CN1CC21COC1,3
11197,C1C2C3OC4C(O3)C4N12,C1C2C3OC4C(O3)C4N12,3
11198,O=CC12CC1CC=C2,O=CC12C=CCC1C2,0
11199,CCN1CC2NC(=O)C12,CCN1CC2NC(=O)C21,4
11200,CC#Cc1ncnnn1,CC#Cc1ncnnn1,1
11201,CC1CCCC2COC12,CC1CCCC2COC12,3
11202,NC1(C#N)C2CC1OC2,N#CC1(N)C2COC1C2,0
11203,COC1C(N)C1C#N,COC1C(N)C1C#N,4
11204,CC1=CC2NC1(C)C2=O,CC1=CC2NC1(C)C2=O,1
11205,CC(CC=O)C1CC1,CC(CC=O)C1CC1,4
11206,CC#CC1=CCN2CC12,CC#CC1=CCN2CC12,4
11207,N#CC12CC(N1)C=CC2,N#CC12CC=CC(C1)N2,1
11208,CC1=NC(CO)CO1,CC1=NC(CO)CO1,4
11209,N=C1OC=CC=C1,N=c1cccco1,4
11210,c1c2c(n[nH]1)C=CCC2,C1=Cc2n[nH]cc2CC1,0
11211,CC1N(C)C1(CO)CO,CC1N(C)C1(CO)CO,3
11212,CC1CC(C=O)C1(C)C,CC1CC(C=O)C1(C)C,1
11213,CC1C(CO)OC1=O,CC1C(=O)OC1CO,2
11214,OCC1(O)C(O)CC1O,OCC1(O)C(O)CC1O,2
11215,O=CCCC1CCC=C1,O=CCCC1C=CCC1,1
11216,N=COC(C#C)C1CC1,C#CC(OC=N)C1CC1,4
11217,CCC12N=COC1C2O,CCC12N=COC1C2O,4
11218,[NH3+]CC1=NNC=C1[O-],[NH3+]Cc1n[nH]cc1[O-],1
11219,COC1C2OC(=N)C12C,COC1C2OC(=N)C12C,3
11220,CC1=CC2(O)C3OC1C23,CC1=CC2(O)C3OC1C32,0
11221,CC12CC(NC1=O)C=C2,CC12C=CC(C1)NC2=O,1
11222,CC1OC2CC3CCC123,CC1OC2CC3CCC312,4
11223,NC=[NH+]C1=CC=C([O-])O1,NC=[NH+]c1ccc([O-])o1,3
11224,CC1CC2NC(=O)C12O,CC1CC2NC(=O)C12O,2
11225,CN=c1occ(o1)N,CN=c1occ(N)o1,0
11226,CCCOC=NC,CCCOC=NC,2
11227,C1CC11C2C3C4C3N2C14,C1CC12C1C3C4C3N1C42,2
11228,OC1CC23CC12OCO3,OC1CC23CC12OCO3,2
11229,c1(c(=O)nnon1)N,Nc1nonnc1=O,3
11230,CCc1[nH]ccn1,CCc1ncc[nH]1,3
11231,OC12CC1CC=C2C=O,O=CC1=CCC2CC12O,2
11232,CCCn1ncc(n1)O,CCCn1ncc(O)n1,2
11233,CCN1CC1CC#C,C#CCC1CN1CC,3
11234,CC1NC1C#CC(C)=O,CC(=O)C#CC1NC1C,0
11235,CC12C=CC3(C)C1OC23,CC12C=CC3(C)C1OC23,2
11236,CC1(CC1)C12CN1CC2,CC1(C23CCN2C3)CC1,3
11237,CC(O)C12CC(=O)C1O2,CC(O)C12CC(=O)C1O2,4
11238,CC1(O)CC2(O)CC1C2,CC1(O)CC2(O)CC1C2,2
11239,OC(CC1COC1)C#N,N#CC(O)CC1COC1,1
11240,CC1C2OCC1(C)CO2,CC1C2OCC1(C)CO2,4
11241,CNc1nc(on1)C#C,C#Cc1nc(NC)no1,2
11242,COC12CC1C1OC1C2,COC12CC3OC3C1C2,2
11243,OC12CC1OCC1NC21,OC12CC1OCC1NC12,2
11244,CC(C)CC1CC(C)C1,CC(C)CC1CC(C)C1,0
11245,CC(C)N=COC,COC=NC(C)C,1
11246,OC1CN2C(C=O)C12,O=CC1C2C(O)CN12,2
11247,CN1C2CC1C21CC1O,CN1C2CC1C21CC1O,2
11248,Cc1c(c[nH]n1)CC#C,C#CCc1c[nH]nc1C,4
11249,COCC12CC(C)C1N2,COCC12CC(C)C1N2,3
11250,OC1C2OC11COCC21,OC1C2OC13COCC23,1
11251,CCC(C#C)(C#C)C#C,C#CC(C#C)(C#C)CC,3
11252,Cc1cc2cnoc2o1,Cc1cc2cnoc2o1,0
11253,C1CC2(C1)C3(CC3)CO2,C1CC2(C1)OCC21CC1,1
11254,C1CC1C12CC(C1)CO2,C1OC2(C3CC3)CC1C2,0
11255,CC1OC(C2CO2)C1=O,CC1OC(C2CO2)C1=O,2
11256,NC1CN(C(N)=N)C1=O,N=C(N)N1CC(N)C1=O,1
11257,NC(=O)C(O)(C=O)C#C,C#CC(O)(C=O)C(N)=O,2
11258,OC1CC(CC=C1)C#C,C#CC1CC=CC(O)C1,0
11259,C1CC(=O)NC=C1,O=C1CCC=CN1,2
11260,OC1CC2OC(=O)C12O,O=C1OC2CC(O)C12O,2
11261,NC(=O)C1CC1C1CO1,NC(=O)C1CC1C1CO1,4
11262,NC1C2C(C#N)N2C1=O,N#CC1C2C(N)C(=O)N12,0
11263,N=C1OC2C3COC2C13,N=C1OC2C3COC2C13,2
11264,CCC1(CC1(C)O)C#N,CCC1(C#N)CC1(C)O,0
11265,O1C2C3C1C1N=C3OC21,N1=C2OC3C1C1OC3C21,4
11266,C#CC1OCC2CC1C2,C#CC1OCC2CC1C2,4
11267,O=C1NCCC2CCC12,O=C1NCCC2CCC12,2
11268,OC1C2NC2C=C1C#C,C#CC1=CC2NC2C1O,3
11269,CC1C2C3N2C2C1C32O,CC1C2C3N2C2C1C32O,3
11270,N=C1CN=C(N1)C1CN1,N=C1CN=C(C2CN2)N1,3
11271,OCC1COC2CC12O,OCC1COC2CC12O,4
11272,C1CN1C1COCC=C1,C1=CC(N2CC2)COC1,0
11273,OC1C2CC2C2CC1O2,OC1C2CC(O2)C2CC12,3
11274,OC1CC1(O)CC1CC1,OC1CC1(O)CC1CC1,0
11275,N=COCC1=NC=CN1,N=COCc1ncc[nH]1,1
11276,C1C2NC22COC=NC12,C1=NC2CC3NC23CO1,1
11277,CN(C)C(=O)NC=O,CN(C)C(=O)NC=O,4
11278,CC(=O)NC1=NCCN1,CC(=O)NC1=NCCN1,2
11279,OCC1OC(C#N)C1=O,N#CC1OC(CO)C1=O,4
11280,c1cc2n(c1)CC=CC2,C1=CCn2cccc2C1,4
11281,CC1CC11C2C3CN2C13,CC1CC12C1C3CN1C32,1
11282,N=CN1C(=N)CNC1=O,N=CN1C(=N)CNC1=O,4
11283,O=C1CC(CO1)C#N,N#CC1COC(=O)C1,3
11284,OCC1(CO)COC1=N,N=C1OCC1(CO)CO,4
11285,OC1CCC11COC1=O,O=C1OCC12CCC2O,0
11286,O=C1C2OC1C1OC21,O=C1C2OC1C1OC21,2
11287,CCCC(C=O)C#N,CCCC(C#N)C=O,0
11288,CNC(=O)C1CCOC1,CNC(=O)C1CCOC1,3
11289,C1CC11CC2C3OC1C23,C1CC12CC1C3OC2C13,2
11290,OC1C2C3CC1(C=O)C23,O=CC12CC3C(C1O)C32,4
11291,OC1C2NC1C1CC2O1,OC1C2NC1C1CC2O1,1
11292,O=C1NC23CC12COC3,O=C1NC23COCC12C3,2
11293,O=C(C#C)C1OC2CC12,C#CC(=O)C1OC2CC21,3
11294,CC12C3N1C1CC2C31C,CC12C3CC1C1(C)C2N31,4
11295,CC1COC(C)(C1)C#N,CC1COC(C)(C#N)C1,1
11296,CC12CC(C=O)C1(C)O2,CC12CC(C=O)C1(C)O2,2
11297,C1COC(O1)CCO,OCCC1OCCO1,1
11298,CC1=CC2CCC3C2C13,CC1=CC2CCC3C1C23,0
11299,N=C1OC2CCC2=C1,N=C1C=C2CCC2O1,0
11300,Cc1c2ccoc2[nH]n1,Cc1n[nH]c2occc12,4
11301,OCC(CCC=O)C#N,N#CC(CO)CCC=O,1
11302,COC(=O)C1CCC1C,COC(=O)C1CCC1C,0
11303,CC1(CC#CC=O)CN1,CC1(CC#CC=O)CN1,3
11304,CN1C(=O)CCOC1=O,CN1C(=O)CCOC1=O,1
11305,CNC(=O)CCC#C,C#CCCC(=O)NC,4
11306,CC1CC(C=O)=CCO1,CC1CC(C=O)=CCO1,1
11307,COC12C(O)C1NC2=O,COC12C(=O)NC1C2O,2
11308,CC12CN3C(C13)C2C#C,C#CC1C2C3N2CC13C,1
11309,CC1CC2(CO2)C(=O)N1,CC1CC2(CO2)C(=O)N1,4
11310,CC(C)C(=O)C1CC1C,CC(C)C(=O)C1CC1C,0
11311,CCN1CC(=O)C1C#N,CCN1CC(=O)C1C#N,1
11312,CC(C)(c1c[nH]nn1)O,CC(C)(O)c1c[nH]nn1,4
11313,CC1CC(O)(C#C)C1O,C#CC1(O)CC(C)C1O,3
11314,Cc1cc(co1)CO,Cc1cc(CO)co1,3
11315,CCOC1CC=C(C)C1,CCOC1CC=C(C)C1,2
11316,N#CCC1CCC1C#N,N#CCC1CCC1C#N,1
11317,CC1(CC#C)CC1C=O,C#CCC1(C)CC1C=O,1
11318,Cc1cc(noc1=O)C,Cc1cc(C)c(=O)on1,1
11319,CC1CC=C(C)C11CN1,CC1=CCC(C)C12CN2,3
11320,OC(C#N)C#CCC#N,N#CCC#CC(O)C#N,0
11321,CNC(=NC1CC1)C#N,CNC(C#N)=NC1CC1,3
11322,CN1C(=N)NCCC1=O,CN1C(=N)NCCC1=O,1
11323,CC1CC(=O)C2CC1C2,CC1CC(=O)C2CC1C2,1
11324,CN1C(CCC1=O)C#N,CN1C(=O)CCC1C#N,1
11325,CC12CC1(O)CCO2,CC12CC1(O)CCO2,2
11326,OC1C(OC=O)C1C=O,O=COC1C(O)C1C=O,4
11327,NC(C#N)C(O)C#C,C#CC(O)C(N)C#N,3
11328,c1cnc(cc1CO)O,OCc1ccnc(O)c1,2
11329,C1CC1OC1C2CC1O2,C1CC1OC1C2CC1O2,4
11330,CC1NC2(C#N)C(N)C12,CC1NC2(C#N)C(N)C12,2
11331,CC(C)C#CCC#C,C#CCC#CC(C)C,0
11332,CC(=O)CNC(=O)C=O,CC(=O)CNC(=O)C=O,3
11333,CC1OC2C3NC12C=C3,CC1OC2C3C=CC12N3,2
11334,C(C=O)C#CC(=O)C=O,O=CCC#CC(=O)C=O,3
11335,CC1OC(=O)C(N)C=C1,CC1C=CC(N)C(=O)O1,0
11336,C1CC1CC(=O)C(=O)N,NC(=O)C(=O)CC1CC1,0
11337,C1CC12CNC(=O)O2,O=C1NCC2(CC2)O1,0
11338,OC1COC(=O)NC1=N,N=C1NC(=O)OCC1O,2
11339,[O-]N=C(CC#C)C1C[NH2+]1,C#CCC(=N[O-])C1C[NH2+]1,2
11340,C1CC2C1OC21COC1,C1CC2C1OC21COC1,2
11341,OC12C3C1C1OC3C2=C1,OC12C3=CC4OC3C1C42,3
11342,CC1C=CC2COCC12,CC1C=CC2COCC12,3
11343,COC(CC1CO1)C=O,COC(C=O)CC1CO1,3
11344,OC1(C=O)C2CN2C1=N,N=C1N2CC2C1(O)C=O,1
11345,C1NC2=NCC3OC1C23,C1N=C2NCC3OC1C23,3
11346,COCC(O)C(C)O,COCC(O)C(C)O,0
11347,N=C1OC2CC3NC1C23,N=C1OC2CC3NC1C32,3
11348,C1C(=O)OCC12COC2,O=C1CC2(COC2)CO1,1
11349,CC#CC1(C)C(C)C1C,CC#CC1(C)C(C)C1C,3
11350,C1COc2c1nc([nH]2)O,Oc1nc2c([nH]1)OCC2,3
11351,COCC12CC1(C)CO2,COCC12CC1(C)CO2,4
11352,CC12CC(O1)(C=C2)C#C,C#CC12C=CC(C)(C1)O2,0
11353,C1OC1C1=CCOC1,C1=C(C2CO2)COC1,4
11354,Cc1nc(cn1C)O,Cc1nc(O)cn1C,2
11355,C#CCc1ccn[nH]1,C#CCc1ccn[nH]1,1
11356,O=C1NC=NCC11CN1,O=C1NC=NCC12CN2,0
11357,NC1C2N=CNC=NC12,NC1C2N=CNC=NC12,1
11358,CC1C2NC(=O)C1C2=O,CC1C2NC(=O)C1C2=O,0
11359,CCC(CCCO)C=O,CCC(C=O)CCCO,1
11360,N#CC12CN1CCCC2,N#CC12CCCCN1C2,4
11361,CC1OCC(C)C(=O)O1,CC1OCC(C)C(=O)O1,4
11362,O=C1OC2C(C12)N1CC1,O=C1OC2C1C2N1CC1,2
11363,O=CC1=CC2CN3C2C13,O=CC1=CC2CN3C1C23,1
11364,N#CC12C3C1C1C3NC21,N#CC12C3NC4C3C1C42,2
11365,OC1C2CC2CCC1=O,O=C1CCC2CC2C1O,3
11366,Cc1c[nH]cc1N(C)C,Cc1c[nH]cc1N(C)C,0
11367,CC1OC11CN(C)C1=N,CC1OC12CN(C)C2=N,2
11368,CC(=O)Oc1ccn[nH]1,CC(=O)Oc1ccn[nH]1,2
11369,CC1CC1C1C2CC1C2,CC1CC1C1C2CC1C2,3
11370,C#CC1CC2COC1O2,C#CC1CC2COC1O2,1
11371,O=C1C2CC11OCC1N2,O=C1C2CC13OCC3N2,3
11372,C1CN1C12CC1OC2,C1CN1C12COC1C2,0
11373,COCC1(CC1)CO,COCC1(CO)CC1,4
11374,C1CC1C(=O)CCO,O=C(CCO)C1CC1,4
11375,C1C2OC34COC(C13)C24,C1C2OC34COC(C13)C24,3
11376,OC12CC1CC(=N)OC2,N=C1CC2CC2(O)CO1,4
11377,Cc1c(nno1)C(=O)N,Cc1onnc1C(N)=O,3
11378,CC1=C(F)C(=N)NC=N1,Cc1nc[nH]c(=N)c1F,1
11379,CC(O)CCC(C)C#C,C#CC(C)CCC(C)O,1
11380,COC(C)C(C)(O)CO,COC(C)C(C)(O)CO,4
11381,CC1COC2C1OC2=N,CC1COC2C(=N)OC12,1
11382,CC1CC2NC12C#N,CC1CC2NC12C#N,2
11383,CCn1ccc(c1C)O,CCn1ccc(O)c1C,4
11384,COC1C2C(C)C1N2C,COC1C2C(C)C1N2C,4
11385,C1C(CO1)OC(=O)C=O,O=CC(=O)OC1COC1,2
11386,c1cc(n(c1)C(=O)N)O,NC(=O)n1cccc1O,0
11387,COC1CC2CCC12,COC1CC2CCC21,4
11388,c1c[nH]c2c1NCC=C2,C1=Cc2[nH]ccc2NC1,1
11389,CCC#CC1(CN1)C=O,CCC#CC1(C=O)CN1,4
11390,CC#CCCC#CC#C,C#CC#CCCC#CC,1
11391,C1OC1C1C2CCC1O2,C1OC1C1C2CCC1O2,0
11392,c1c(n[nH]n1)OCCO,OCCOc1cn[nH]n1,0
11393,COC(C)C(C)C(C)O,COC(C)C(C)C(C)O,0
11394,O=C1C(C#N)C2CCN12,N#CC1C(=O)N2CCC12,4
11395,C#Cc1c(c(c[nH]1)O)N,C#Cc1[nH]cc(O)c1N,0
11396,C1CC1(C=O)N2CC2,O=CC1(N2CC2)CC1,3
11397,CC12C=CC3(C)CN1C23,CC12C=CC3(C)C1N3C2,0
11398,OCCCC1C2CC1O2,OCCCC1C2CC1O2,3
11399,C1C(COC(=O)O1)O,O=C1OCC(O)CO1,4
11400,CC1OC1CCCO,CC1OC1CCCO,2
11401,Cc1cnc(n1C)CO,Cc1cnc(CO)n1C,1
11402,COc1cccc(=O)[nH]1,COc1cccc(=O)[nH]1,2
11403,CCC1OC1(C)CCO,CCC1OC1(C)CCO,2
11404,CCc1conc1N,CCc1conc1N,4
11405,COCC1C=CC2NC12,COCC1C=CC2NC12,3
11406,Cc1c2c(on1)C=CC2,Cc1noc2c1CC=C2,4
11407,NC1=NNC(OC=N)=N1,N=COc1nc(N)n[nH]1,1
11408,CC(C)(C)C1(CO)CN1,CC(C)(C)C1(CO)CN1,1
11409,OC1C2NC=C(C=O)C12,O=CC1=CNC2C(O)C12,0
11410,NC(=O)OC1C2CC1C2,NC(=O)OC1C2CC1C2,0
11411,CC1=CNC(=N)N=C1F,Cc1c[nH]c(=N)nc1F,0
11412,CC1(O)CC2C(C=O)C12,CC1(O)CC2C(C=O)C21,4
11413,CC1N2CC2C(O)C1=O,CC1C(=O)C(O)C2CN12,0
11414,CCC1=CC2NC2C1=O,CCC1=CC2NC2C1=O,3
11415,CC12CC1OCC2=O,CC12CC1OCC2=O,3
11416,CC1(CCN1CC#N)C,CC1(C)CCN1CC#N,2
11417,CC1CC2C3C2N2C3C12,CC1CC2C3C2N2C1C32,2
11418,CC1N2CC3CC2C13O,CC1N2CC3CC2C31O,4
11419,CC1NC11COC1C,CC1NC12COC2C,3
11420,C1CN1CCOC(=O)N,NC(=O)OCCN1CC1,2
11421,CC#CC1CCC1C,CC#CC1CCC1C,3
11422,CC1C2OC1C1NC21,CC1C2OC1C1NC12,0
11423,CC(=O)C#CCC1CO1,CC(=O)C#CCC1CO1,4
11424,OC1CC2(CC3CC23)C1,OC1CC2(C1)CC1CC12,4
11425,CC1CC(=O)COC1=O,CC1CC(=O)COC1=O,2
11426,C#CC1=NCCCO1,C#CC1=NCCCO1,1
11427,CN1C(=O)CC1(C)C#N,CN1C(=O)CC1(C)C#N,3
11428,N#CC1=NC2C3CN1C23,N#CC1=NC2C3CN1C32,2
11429,CCC1CC1(O)C#CC,CC#CC1(O)CC1CC,1
11430,CCC1=CC(C)COC1,CCC1=CC(C)COC1,1
11431,CC1N=C(C)OC1(C)C,CC1=NC(C)C(C)(C)O1,2
11432,c1cnn(n1)C2CC2,c1cnn(C2CC2)n1,0
11433,CC(NC(C)C#N)C#C,C#CC(C)NC(C)C#N,3
11434,CC(O)C(C)C1(C)CO1,CC(O)C(C)C1(C)CO1,2
11435,O=C1OC2CCC(=O)C12,O=C1CCC2OC(=O)C12,1
11436,C[NH2+]CC(C=O)=N[O-],C[NH2+]CC(C=O)=N[O-],2
11437,NC(=O)COC=N,N=COCC(N)=O,2
11438,C1C2N1CC1=C2C=NN1,c1n[nH]c2c1C1CN1C2,3
11439,CCN(C)c1c[nH]cn1,CCN(C)c1c[nH]cn1,2
11440,OC1CC(=O)CCC1=O,O=C1CCC(=O)C(O)C1,3
11441,CC1(O)C2CC1(O)CC2,CC1(O)C2CCC1(O)C2,3
11442,CC1(C)CCCN2CC12,CC1(C)CCCN2CC21,2
11443,c1cc(oc1)C(=N)N,N=C(N)c1ccco1,3
11444,COC(=O)C(O)CC#N,COC(=O)C(O)CC#N,2
11445,C(C#CC(=O)N)NC=O,NC(=O)C#CCNC=O,4
11446,OC12CCC(C1)C1NC21,OC12CCC(C1)C1NC12,3
11447,CC1=CC(C#C)C2CC12,C#CC1C=C(C)C2CC12,0
11448,ON=C1C=CN2CCC12,ON=C1C=CN2CCC12,4
11449,CN=C1OCC(=O)C1O,CN=C1OCC(=O)C1O,2
11450,OC1CC2OC2C2CC12,OC1CC2OC2C2CC12,0
11451,OCC1CNC(=O)O1,O=C1NCC(CO)O1,0
11452,CC(=O)c1c(nco1)O,CC(=O)c1ocnc1O,1
11453,CC1(C(=O)CNC1=O)C,CC1(C)C(=O)CNC1=O,3
11454,COC1CC(C)=CCO1,COC1CC(C)=CCO1,3
11455,CC12OCOC1(C)C2O,CC12OCOC1(C)C2O,0
11456,c1c([nH]c(=O)nc1O)N,Nc1cc(O)nc(=O)[nH]1,1
11457,CC1CC(CO1)C(N)=O,CC1CC(C(N)=O)CO1,3
11458,CC1OC2C(CC12)C=O,CC1OC2C(C=O)CC12,3
11459,C#CC12CN1CC=C2,C#CC12C=CCN1C2,2
11460,CC1(O)C2C3CC1C23O,CC1(O)C2CC3C1C32O,3
11461,OC1C2C3C1OCC23O,OC1C2OCC3(O)C1C23,2
11462,CCC1CCC2OC2C1,CCC1CCC2OC2C1,3
11463,OC12CCC(C1)OC2=N,N=C1OC2CCC1(O)C2,0
11464,OC1C2NC2C(=O)C1=O,O=C1C(=O)C2NC2C1O,2
11465,CC(=O)C1(C)CC1C#C,C#CC1CC1(C)C(C)=O,4
11466,CC1OC(C1O)C(C)=O,CC(=O)C1OC(C)C1O,0
11467,OC1=CC(=N)NC(O)=N1,N=c1cc(O)nc(O)[nH]1,4
11468,CC1CC1CC(=O)CO,CC1CC1CC(=O)CO,1
11469,C1C2CC3C4CC2C1C34,C1C2CC3C4CC2C1C34,3
11470,CCOC(=O)CNC,CCOC(=O)CNC,4
11471,C#CC12CCC(CC1)O2,C#CC12CCC(CC1)O2,3
11472,OCC1(O)C2OC1C2=O,O=C1C2OC1C2(O)CO,0
11473,CN1C2CC2C(=O)C1=O,CN1C(=O)C(=O)C2CC21,2
11474,C1CCC(=O)NC=CC1,O=C1CCCCC=CN1,4
11475,OC1CCC=C1C#C,C#CC1=CCCC1O,0
11476,Cc1cc(nn1C)N,Cc1cc(N)nn1C,0
11477,CCC1CC2(C)OC12,CCC1CC2(C)OC12,0
11478,O=COC1=NC2CC2C1,O=COC1=NC2CC2C1,4
11479,Cc1c(c(co1)NC)N,CNc1coc(C)c1N,2
11480,CC12CCCC3OC1C23,CC12CCCC3OC1C32,4
11481,C1CC1C12CC(C1)OC2,C1CC1C12COC(C1)C2,0
11482,c1c2c(cno2)on1,c1noc2cnoc12,2
11483,CC(C=O)N1N=CN=N1,CC(C=O)n1ncnn1,1
11484,O=C1CCCC2CC2N1,O=C1CCCC2CC2N1,1
11485,COCC#CCC=O,COCC#CCC=O,2
11486,CC12CN1CC(=O)C=C2,CC12C=CC(=O)CN1C2,1
11487,Cn1ccoc(=O)c1=O,Cn1ccoc(=O)c1=O,2
11488,CCn1nc(c(n1)N)N,CCn1nc(N)c(N)n1,1
11489,OCC1C2C3OCC1C23,OCC1C2COC3C1C23,3
11490,CC(=O)CCC1CCC1,CC(=O)CCC1CCC1,3
11491,CC12NC3C1OC23C=O,CC12NC3C1OC32C=O,3
11492,CC1OC1C(C=O)C=O,CC1OC1C(C=O)C=O,0
11493,CC1CC1C1CC(=O)N1,CC1CC1C1CC(=O)N1,0
11494,N#CC1COCC2CC12,N#CC1COCC2CC12,0
11495,O=C1C2CCC1N=CN2,O=C1C2CCC1NC=N2,3
11496,OC12C3NC1CCOC23,OC12C3CCOC1C2N3,4
11497,OC1C2OC3(COC3)C12,OC1C2OC3(COC3)C12,3
11498,CC1CC(C)C1(C)CO,CC1CC(C)C1(C)CO,1
11499,CNC(C(N)=[NH2+])C([O-])=O,CNC(C(N)=[NH2+])C(=O)[O-],2
11500,CC1C2OC3C2C13O,CC1C2OC3C2C13O,3
11501,CC1(O)CC2(CO)CC12,CC1(O)CC2(CO)CC12,0
11502,NC(=O)OC1COC1=N,N=C1OCC1OC(N)=O,2
11503,C#CCOCC#CC#N,C#CCOCC#CC#N,4
11504,O=C1C2NC2CC2CN12,O=C1C2NC2CC2CN12,1
11505,OC1C(=O)C=CC11CC1,O=C1C=CC2(CC2)C1O,1
11506,CC#CC(C)(N)C#N,CC#CC(C)(N)C#N,0
11507,NC(=[NH2+])C1=C(O)N=N[N-]1,NC(=[NH2+])c1[n-]nnc1O,0
11508,N#CCC12CC=CC1O2,N#CCC12CC=CC1O2,1
11509,OC1C2C3CC1OC23,OC1C2CC3C(O2)C13,1
11510,CCC12CCC1(N2)C#C,C#CC12CCC1(CC)N2,0
11511,c1c2cn[nH]c2oc1N,Nc1cc2cn[nH]c2o1,2
11512,CC12C(O)C(C1O)C2=O,CC12C(=O)C(C1O)C2O,0
11513,OC1CC=C2CCCC12,OC1CC=C2CCCC21,3
11514,CC1C(C)C1(C)C(C)=O,CC(=O)C1(C)C(C)C1C,2
11515,CC(C)(C)CC(=O)C=O,CC(C)(C)CC(=O)C=O,0
11516,N=C1OC=CN=C1,N=c1cncco1,0
11517,C#Cc1c(n[nH]n1)CO,C#Cc1n[nH]nc1CO,3
11518,CC1C2C(O)C1C2=O,CC1C2C(=O)C1C2O,2
11519,OC12C3C1C1=CC2N3C1,OC12C3C4=CC1N(C4)C32,2
11520,CC1C=C2C3C4C2C1N34,CC1C=C2C3C1N1C2C31,0
11521,O=CC1C2OCCOC12,O=CC1C2OCCOC12,0
11522,COCc1cc(n[nH]1)N,COCc1cc(N)n[nH]1,3
11523,CC12CC(CC1)C21CC1,CC12CCC(C1)C21CC1,4
11524,c1[nH]c2c(onc2n1)N,Nc1onc2nc[nH]c12,2
11525,CC1OCC2(CO2)CO1,CC1OCC2(CO1)CO2,1
11526,CC12CCC1OC(=N)C2,CC12CCC1OC(=N)C2,2
11527,CCC1(CO)CC(=O)N1,CCC1(CO)CC(=O)N1,4
11528,OC1CC1C12CC(C1)O2,OC1CC1C12CC(C1)O2,1
11529,C1CNCc2c1onn2,C1Cc2onnc2CN1,2
11530,CC1CC2(C1)OCC=C2,CC1CC2(C=CCO2)C1,3
11531,CC1(C)N2CC(=O)C12C,CC1(C)N2CC(=O)C21C,1
11532,CC(O)(CC=O)C1CO1,CC(O)(CC=O)C1CO1,2
11533,CN1C2CC(=O)C12C#N,CN1C2CC(=O)C21C#N,4
11534,C1C(=O)NC(=N1)CCO,O=C1CN=C(CCO)N1,1
11535,OC1CC11C2C3CN2C13,OC1CC12C1C3CN1C32,1
11536,CCC(=O)C(=O)C1CO1,CCC(=O)C(=O)C1CO1,3
11537,CC1C2C(C=O)N2C1=O,CC1C(=O)N2C(C=O)C12,4
11538,CCC1(C=O)C(C)C1C,CCC1(C=O)C(C)C1C,3
11539,COCCC1C2CC1O2,COCCC1C2CC1O2,3
11540,CC#CCCCCO,CC#CCCCCO,3
11541,CN=CNC(C=O)C#N,CN=CNC(C#N)C=O,0
11542,C1CC(O1)C1=CCOC1,C1=C(C2CCO2)COC1,3
11543,COCC(COC)C#N,COCC(C#N)COC,3
11544,CCOC(=O)N1CC1,CCOC(=O)N1CC1,2
11545,OC1CC1CCC#N,N#CCCC1CC1O,3
11546,c1c(nc([nH]1)OC=O)N,Nc1c[nH]c(OC=O)n1,2
11547,CC1(CC(=O)C=C1N)C,CC1(C)CC(=O)C=C1N,2
11548,OCC1(C=O)C2CCN12,O=CC1(CO)C2CCN21,0
11549,c1c-2ncnc2[nH]cn1,c1nc2cnc[nH]c-2n1,3
11550,OCC1CCN1CC#N,N#CCN1CCC1CO,0
11551,CC1(CC1C#C)C#C,C#CC1CC1(C)C#C,1
11552,c1c(nc[nH]1)OCCO,OCCOc1c[nH]cn1,3
11553,C1C2OC3C2C2OC1C32,C1C2OC3C2C2OC1C32,3
11554,Cc1c(oc(n1)N)C#N,Cc1nc(N)oc1C#N,4
11555,COC12C3CC1OC23,COC12C3CC1C2O3,3
11556,C1C2OC3(CCCC3)C12,C1CCC2(C1)OC1CC12,0
11557,CC1(CN1)C1(CO)CN1,CC1(C2(CO)CN2)CN1,1
11558,NC1=NOC(=N)C(=O)O1,N=c1onc(N)oc1=O,4
11559,OC1CC1C(=N)NC=O,N=C(NC=O)C1CC1O,2
11560,CN=C1CNCC(=O)O1,CN=C1CNCC(=O)O1,4
11561,N#CC1C2N1CC21CC1,N#CC1C2N1CC21CC1,2
11562,C#CC1C2C3CC2C13,C#CC1C2C3CC2C13,3
11563,CC(=[NH2+])NCCC([O-])=O,CC(=[NH2+])NCCC(=O)[O-],2
11564,CC1(OC11COC1)C=O,CC1(C=O)OC12COC2,3
11565,CC1C2N3CC1(O)C23C,CC1C2N3CC1(O)C23C,4
11566,CC1OC=NCC1=NO,CC1OC=NCC1=NO,1
11567,C1COC(=O)C(=O)CO1,O=C1COCCOC1=O,4
11568,Cc1[nH]c2c(n1)n[nH]n2,Cc1nc2n[nH]nc2[nH]1,1
11569,CCC1CC2(CC2)O1,CCC1CC2(CC2)O1,3
11570,CC1C2OC1C2(O)C#N,CC1C2OC1C2(O)C#N,4
11571,CN1C2C(O)C2(C)C1=O,CN1C(=O)C2(C)C(O)C12,1
11572,C1C2OC1C21OCC=C1,C1=CC2(OC1)C1CC2O1,3
11573,CC#CCOCCO,CC#CCOCCO,3
11574,CN1CC2CC2(C1)C#N,CN1CC2CC2(C#N)C1,0
11575,CCNC(=O)C(=N)N,CCNC(=O)C(=N)N,3
11576,N=C1OC=NC=CC1=N,N=c1ccncoc1=N,4
11577,CCC1OCC2(C)NC12,CCC1OCC2(C)NC12,1
11578,COC1CC2CC1(C)O2,COC1CC2CC1(C)O2,0
11579,COCC1COC1C,COCC1COC1C,1
11580,CNc1coc(n1)CO,CNc1coc(CO)n1,2
11581,CC1CC(C#C)C1CO,C#CC1CC(C)C1CO,0
11582,O=CN1CC2CC12C=O,O=CN1CC2CC21C=O,4
11583,C1CC1(C(=O)C=O)O,O=CC(=O)C1(O)CC1,4
11584,OC1C2C=CC11CCN21,OC1C2C=CC13CCN23,0
11585,CN1CC2(C1)C(=O)CN2,CN1CC2(C1)NCC2=O,4
11586,CCC1(CC2OC12)C#C,C#CC1(CC)CC2OC21,1
11587,CNC1(CC1CO)C#N,CNC1(C#N)CC1CO,0
11588,CC1N=COCOC1=O,CC1N=COCOC1=O,1
11589,CCC1NC(=O)C(C)=C1,CCC1C=C(C)C(=O)N1,2
11590,O=CC12CCC(O1)C2=O,O=CC12CCC(O1)C2=O,4
11591,CC(C#C)C#CC1CO1,C#CC(C)C#CC1CO1,3
11592,O=C1CC(=O)C2(CO2)C1,O=C1CC(=O)C2(CO2)C1,3
11593,CC#CCC1CC(C)C1,CC#CCC1CC(C)C1,3
11594,CC1CC2OC(=N)C2N1,CC1CC2OC(=N)C2N1,4
11595,CC12CC3C(N1)C23C#N,CC12CC3C(N1)C32C#N,0
11596,C#CCC1(CC1)N2CC2,C#CCC1(N2CC2)CC1,2
11597,CC12CCC11CC2OC1,CC12CCC13COC2C3,1
11598,C#CCCC(=NO)C#C,C#CCCC(C#C)=NO,2
11599,NC1C(NC1C#N)C#N,N#CC1NC(C#N)C1N,3
11600,CC12NC1CCC=C2,CC12C=CCCC1N2,2
11601,OC12COC1CC2C=O,O=CC1CC2OCC12O,3
11602,CCCC1(CO1)C(C)C,CCCC1(C(C)C)CO1,2
11603,O=C1C2C3OC4C3N2C14,O=C1C2C3OC4C1N2C34,2
11604,O=CC1=CC2CC(C1)O2,O=CC1=CC2CC(C1)O2,0
11605,C#CC1=CC2(CN2)CC1,C#CC1=CC2(CC1)CN2,3
11606,CN1CC1C1CC1C=O,CN1CC1C1CC1C=O,3
11607,CC#CC(O)C(O)C=O,CC#CC(O)C(O)C=O,2
11608,CCc1c(c[nH]n1)CO,CCc1n[nH]cc1CO,4
11609,CC12C=CC3CC1CC23,CC12C=CC3CC1CC32,4
11610,OC1C(OC11CC1)C#C,C#CC1OC2(CC2)C1O,1
11611,ON=C1C=CC2CC1O2,ON=C1C=CC2CC1O2,2
11612,OCC1C2OC(C=O)C12,O=CC1OC2C(CO)C12,3
11613,C#CCN=C(CC#N)N,C#CCN=C(N)CC#N,2
11614,CNC(=O)COC=N,CNC(=O)COC=N,0
11615,C#CCNc1ccno1,C#CCNc1ccno1,3
11616,CCc1cn(cc1O)C,CCc1cn(C)cc1O,2
11617,C(=N)N(C=N)C(=N)C#N,N#CC(=N)N(C=N)C=N,3
11618,CC(C)Oc1nnon1,CC(C)Oc1nnon1,3
11619,NC1=NC(OC=N)=NN1,N=COc1n[nH]c(N)n1,4
11620,OC1C2OC1C2C1CO1,OC1C2OC1C2C1CO1,0
11621,Cc1cc(oc1OC)C,COc1oc(C)cc1C,2
11622,C#CC12OC3CC1CC23,C#CC12OC3CC1CC32,3
11623,COCC1NC1(C)C#C,C#CC1(C)NC1COC,1
11624,c1coc2c1C=CCC2,C1=Cc2ccoc2CC1,1
11625,OC1C2COC1C2=O,O=C1C2COC1C2O,1
11626,Cc1coc(c1C)C,Cc1coc(C)c1C,3
11627,CC1C(CC1=O)C#C,C#CC1CC(=O)C1C,1
11628,ON=C1COC2COC12,ON=C1COC2COC12,0
11629,OC1C2C3C1=CCC23O,OC1C2=CCC3(O)C2C13,4
11630,COC1C=CC(=O)C1=O,COC1C=CC(=O)C1=O,3
11631,OC1C(O)C1(C=O)C#N,N#CC1(C=O)C(O)C1O,3
11632,O=C1CC=CC2CC1O2,O=C1CC=CC2CC1O2,1
11633,c1c(c(oc1N)N)C#N,N#Cc1cc(N)oc1N,4
11634,C1OC2CC3C1C3CO2,C1OC2CC3C1C3CO2,4
11635,CC1=CC2CC(C)(C2)C1,CC1=CC2CC(C)(C1)C2,4
11636,CC(C)OC(=O)C#N,CC(C)OC(=O)C#N,1
11637,CC1=CCCCC2CC12,CC1=CCCCC2CC12,3
11638,NC1=NOC(OC=N)=C1,N=COc1cc(N)no1,4
11639,CC12C3C4OC1CN2C34,CC12C3CN1C1C(O3)C12,1
11640,C1OC11C2NC2C2OC12,C1OC12C1NC1C1OC12,4
11641,c1cnc([nH]1)C(=O)CO,O=C(CO)c1ncc[nH]1,1
11642,COC12CC3OC1C2O3,COC12CC3OC1C2O3,3
11643,CC1CC(=O)C(C)=C1C,CC1=C(C)C(C)CC1=O,1
11644,OCC12CCC(O1)C2=O,O=C1C2CCC1(CO)O2,2
11645,OC1COC1C1(O)CC1,OC1COC1C1(O)CC1,2
11646,OC12C3C4C5C1C(C23)N45,OC12C3C4C5C1C2C3N45,4
11647,COC12CN3CC1CC23,COC12CN3CC1CC32,1
11648,CC1C2CC11OCC1O2,CC1C2CC13OCC3O2,2
11649,O=CC1CN2C3CC1C23,O=CC1CN2C3CC1C32,4
11650,OC1COCCC1=O,O=C1CCOCC1O,4
11651,CC1CNC2=C1C=NO2,CC1CNc2oncc21,1
11652,OC1=C(F)C(=N)C=CN1,N=c1cc[nH]c(O)c1F,1
11653,C1CC23OCCC2C3O1,C1CC23OCCC2C3O1,3
11654,C#CC12CC3C4C(C13)N24,C#CC12CC3C4C(C31)N42,0
11655,CC1(CN1)C1CC1C#N,CC1(C2CC2C#N)CN1,0
11656,OC1(C#N)C2C3NC3C12,N#CC1(O)C2C3NC3C21,1
11657,NC1=NCC2OC12,NC1=NCC2OC12,2
11658,CN1C(C=O)C2CC12C,CN1C(C=O)C2CC21C,1
11659,c1(c(=O)onc(n1)N)F,Nc1noc(=O)c(F)n1,4
11660,CC1C2OC3CN1C23,CC1C2OC3CN1C32,1
11661,CC#CCC1NC1C,CC#CCC1NC1C,1
11662,CN1C(=N)C2OC2C1=N,CN1C(=N)C2OC2C1=N,4
11663,CC12CCC(CC1O)O2,CC12CCC(CC1O)O2,1
11664,CC1C=CCC1(C)C,CC1C=CCC1(C)C,3
11665,CC1C2CC1(C)C1CC21,CC1C2CC1(C)C1CC21,4
11666,CC(=O)c1c(c[nH]n1)N,CC(=O)c1n[nH]cc1N,2
11667,C#CCC1CCCCO1,C#CCC1CCCCO1,3
11668,CCCC#CC,CC#CCCC,0
11669,c1c(nn(n1)CC#N)O,N#CCn1ncc(O)n1,2
11670,C1C2COC3CC=CC123,C1=CC23CC2COC3C1,2
11671,OC1C2C3CC3C12C#C,C#CC12C(O)C1C1CC12,1
11672,CCOC1C2C3NC3C12,CCOC1C2C3NC3C12,0
11673,CC(C)C1CNC(=O)N1,CC(C)C1CNC(=O)N1,1
11674,O=CC1NC1C#C,C#CC1NC1C=O,4
11675,CCOCC(C)C(N)=O,CCOCC(C)C(N)=O,1
11676,CC1=CNC(=O)C1(C)O,CC1=CNC(=O)C1(C)O,4
11677,CC(O)C1=CCC(C)C1,CC1CC=C(C(C)O)C1,0
11678,C#CC1C=CC2CN1C2,C#CC1C=CC2CN1C2,0
11679,NC1(CNCC=C1)C#N,N#CC1(N)C=CCNC1,4
11680,c1c(nco1)C(=O)N,NC(=O)c1cocn1,0
11681,CC12NC3=NCC1(N)C23,CC12NC3=NCC1(N)C32,0
11682,CC12CCC(COC1)O2,CC12CCC(COC1)O2,4
11683,c1nc(=O)ncnn1,O=c1ncnncn1,0
11684,CCC(O)C#CCC#C,C#CCC#CC(O)CC,1
11685,N=C1OCC11CCCO1,N=C1OCC12CCCO2,2
11686,COC1COCCC=C1,COC1C=CCCOC1,1
11687,O=CC12CC3C1CN23,O=CC12CC3C1CN32,2
11688,COC12CC1(C)CC2O,COC12CC1(C)CC2O,1
11689,CCC1OC(C)CC1O,CCC1OC(C)CC1O,3
11690,CCN1CC1(CC)C#C,C#CC1(CC)CN1CC,1
11691,N#CCC1COCC=C1,N#CCC1C=CCOC1,0
11692,N=C1CN=C2CC=CN12,N=C1CN=C2CC=CN12,1
11693,C1OC2COCCCC12,C1COCC2OCC2C1,0
11694,COCC1NC1C,COCC1NC1C,0
11695,CC(=O)C(O)C1(C)CO1,CC(=O)C(O)C1(C)CO1,3
11696,C#CC1C2C3C2N2C3C12,C#CC1C2C3C2N2C1C32,2
11697,C#CC1CC11CCOC1,C#CC1CC12CCOC2,1
11698,CCC12CC(C)(C1)C2=O,CCC12CC(C)(C1)C2=O,1
11699,[NH3+]C(CC([O-])=O)C1CO1,[NH3+]C(CC(=O)[O-])C1CO1,3
11700,c1c(c(ncn1)CO)F,OCc1ncncc1F,2
11701,c1c(c[nH]c1CO)C#N,N#Cc1c[nH]c(CO)c1,0
11702,C1C2C3CC4C1C2CC34,C1C2C3CC4C1C2CC34,4
11703,CC1CCOC1(C)CO,CC1CCOC1(C)CO,0
11704,Cc1cnc(=O)oc1,Cc1cnc(=O)oc1,3
11705,C1C2CC3OC4C(C12)C34,C1C2CC2C2C3OC1C32,4
11706,CCOC(=O)NCC#N,CCOC(=O)NCC#N,3
11707,CCC(=O)c1ccn[nH]1,CCC(=O)c1ccn[nH]1,3
11708,CCC1(CC1)CC,CCC1(CC)CC1,2
11709,C1CC1N1CC1C1CN1,C1NC1C1CN1C1CC1,0
11710,C(C#N)C(C=O)C=O,N#CCC(C=O)C=O,0
11711,O=C1C2CC(C2)C1C#N,N#CC1C(=O)C2CC1C2,0
11712,OC1C2CCC(=O)CC12,O=C1CCC2C(O)C2C1,1
11713,CCC12CC(C1)CC=C2,CCC12C=CCC(C1)C2,2
11714,O=CC(C#N)C#CC#C,C#CC#CC(C#N)C=O,2
11715,CC1C(CC11CO1)C=O,CC1C(C=O)CC12CO2,0
11716,c1c(c(c(o1)N)O)N,Nc1coc(N)c1O,3
11717,OC1C2C3N2C1C31CC1,OC1C2C3N2C1C31CC1,2
11718,CC(O)(CCC#C)C#C,C#CCCC(C)(O)C#C,0
11719,N=C1N=COC(=N1)C#C,C#Cc1nc(=N)nco1,4
11720,O=C1OCC1C#CC#N,N#CC#CC1COC1=O,3
11721,CC1NC1(CO)CO,CC1NC1(CO)CO,4
11722,CCNC1=CC(=O)CC1,CCNC1=CC(=O)CC1,0
11723,C1CC(C1)C2CC2,C1CC(C2CC2)C1,1
11724,COC=NCC(=N)OC,COC=NCC(=N)OC,0
11725,CC#CC1N=COC1C,CC#CC1N=COC1C,1
11726,N#CCCC12CN(C1)C2,N#CCCC12CN(C1)C2,2
11727,CC(C)(C)C#CCC#C,C#CCC#CC(C)(C)C,0
11728,c1c(nc[nH]1)CCC=O,O=CCCc1c[nH]cn1,2
11729,Cn1c(ccn1)NC=O,Cn1nccc1NC=O,2
11730,CCC1(C)CN1C1CC1,CCC1(C)CN1C1CC1,1
11731,CC(O)C1C(O)C1(C)O,CC(O)C1C(O)C1(C)O,1
11732,CC1CN(C=O)C(=O)O1,CC1CN(C=O)C(=O)O1,3
11733,NC1=CC(=N)ON=N1,N=c1cc(N)nno1,0
11734,c1c(non1)COC=O,O=COCc1cnon1,3
11735,C1CC2C3OC3C=CC12,C1=CC2OC2C2CCC12,2
11736,C#CCNc1cnon1,C#CCNc1cnon1,4
11737,CC12CC(C1)CC2=NO,CC12CC(CC1=NO)C2,2
11738,CC1C2CC3C1C2C3=O,CC1C2CC3C(=O)C2C31,2
11739,CC(O)C(=O)C=O,CC(O)C(=O)C=O,3
11740,c1ccc(cc1)N,Nc1ccccc1,0
11741,N=C1CC2CN2C(=O)O1,N=C1CC2CN2C(=O)O1,0
11742,CC1C(C)C1(O)CC#C,C#CCC1(O)C(C)C1C,3
11743,CN1C(=N)COCC1=N,CN1C(=N)COCC1=N,1
11744,CC(=O)c1c(cn[nH]1)N,CC(=O)c1[nH]ncc1N,1
11745,[NH3+]CC1=CC(=O)C=N[N-]1,[NH3+]Cc1cc(=O)cn[n-]1,4
11746,CC1CC2(CC2)C2CN12,CC1CC2(CC2)C2CN12,2
11747,CCC(=O)C1CCCO1,CCC(=O)C1CCCO1,0
11748,CC1(C)C(C#C)C1C#C,C#CC1C(C#C)C1(C)C,0
11749,OCC1NC(C#C)C1=O,C#CC1NC(CO)C1=O,4
11750,O=C1CC=CC2CC1C2,O=C1CC=CC2CC1C2,2
11751,CC1OC(CO)C1C#N,CC1OC(CO)C1C#N,4
11752,CC12CN3C(CC1)C23,CC12CCC3C1N3C2,2
11753,CC12OCC=CC1C2O,CC12OCC=CC1C2O,1
11754,CCC12COC1CO2,CCC12COC1CO2,3
11755,CC1CC2CC(C2)C1O,CC1CC2CC(C2)C1O,0
11756,C#CC1(CC1)NC(=O)N,C#CC1(NC(N)=O)CC1,0
11757,COC1CNC(=N)C1=O,COC1CNC(=N)C1=O,1
11758,OC1C2C3N2C1C31CO1,OC1C2C3N2C1C31CO1,4
11759,C1C=CCC(=O)NC=C1,O=C1CC=CCC=CN1,2
11760,CC1CC2(CO2)C1C=O,CC1CC2(CO2)C1C=O,2
11761,COCCC#C,C#CCCOC,4
11762,N=C1CCC2CC(=O)N12,N=C1CCC2CC(=O)N12,2
11763,c1c2c(on1)CC=C2,C1=Cc2cnoc2C1,3
11764,FC(F)(F)C1CCCN1,FC(F)(F)C1CCCN1,4
11765,Cc1c(non1)CO,Cc1nonc1CO,3
11766,OC1(CCC2OC12)C#N,N#CC1(O)CCC2OC21,3
11767,CCN=C1NC=NC1C,CCN=C1NC=NC1C,4
11768,CN(C=N)C(=O)C1CN1,CN(C=N)C(=O)C1CN1,0
11769,C1OC2=NCC3C1N23,C1N=C2OCC3C1N23,0
11770,OC1C2OC2COC1=O,O=C1OCC2OC2C1O,0
11771,CC(C)C(O)C(N)=O,CC(C)C(O)C(N)=O,0
11772,C1NC23COC2=NCC13,C1N=C2OCC23NCC13,0
11773,OCC(C=O)C1CCC1,O=CC(CO)C1CCC1,2
11774,CC1CC2OC12,CC1CC2OC12,2
11775,CN(CC#N)CC1CN1,CN(CC#N)CC1CN1,0
11776,COC1OC2C3CC1C23,COC1OC2C3CC1C32,1
11777,CCCC1(CC1)CO,CCCC1(CO)CC1,3
11778,OCCC(O)CCC=O,O=CCCC(O)CCO,0
11779,N#CC1CC=CCC=C1,N#CC1C=CCC=CC1,4
11780,OCC1C2C3C2C1C3O,OCC1C2C(O)C3C1C23,0
11781,COC(=O)CNC=O,COC(=O)CNC=O,1
11782,c1c[nH]c(c1CCO)O,OCCc1cc[nH]c1O,3
11783,CC1C(C=CC1=O)C#N,CC1C(=O)C=CC1C#N,0
11784,C1CC(=O)C(=O)C=C1N,NC1=CC(=O)C(=O)CC1,2
11785,C1CC1N1CC2(CN2)C1,C1CC1N1CC2(CN2)C1,2
11786,Cn1c2c(nc[nH]2)nn1,Cn1nnc2nc[nH]c21,3
11787,CC12C3CCN(C13)C2=O,CC12C(=O)N3CCC1C32,3
11788,NC(=O)C(O)CN1CC1,NC(=O)C(O)CN1CC1,0
11789,CC1CC(O)C(C)O1,CC1CC(O)C(C)O1,2
11790,COC1C(C#N)C1(C)N,COC1C(C#N)C1(C)N,4
11791,C1CN1C(=O)NCC=O,O=CCNC(=O)N1CC1,1
11792,COCCN1CC1CO,COCCN1CC1CO,1
11793,CC1OCC11CCC1=O,CC1OCC12CCC2=O,4
11794,c1c(n[nH]n1)CNC=O,O=CNCc1cn[nH]n1,3
11795,OC1CC(CC#N)C1,N#CCC1CC(O)C1,3
11796,CN1C2C3C1C2C31CO1,CN1C2C3C1C2C31CO1,3
11797,C1CC1n2nc(nn2)O,Oc1nnn(C2CC2)n1,4
11798,CN1C2C=CC(CO)C12,CN1C2C=CC(CO)C21,0
11799,Cc1cc(n(c1)C)C,Cc1cc(C)n(C)c1,2
11800,C1CC(C1)C(=O)NC=O,O=CNC(=O)C1CCC1,3
11801,CCCc1cc(c[nH]1)C,CCCc1cc(C)c[nH]1,3
11802,CC1CC=CCC=C1C,CC1=CCC=CCC1C,3
11803,OC1CCC2CCC2C1,OC1CCC2CCC2C1,0
11804,NCC1(COC1=O)C#N,N#CC1(CN)COC1=O,1
11805,O=C1NC2CC1(C2)C#C,C#CC12CC(C1)NC2=O,4
11806,COC12C3CC1C(=O)C23,COC12C3CC1C2C3=O,4
11807,C(CC1CCO1)C1CO1,C1CC(CCC2CO2)O1,0
11808,C#CC12CN1CCC=C2,C#CC12C=CCCN1C2,2
11809,N=C1OC=CC=N1,N=c1nccco1,2
11810,C#CC1C2CC3(CO3)C12,C#CC1C2CC3(CO3)C12,0
11811,CCC1(OCC=C1)C=O,CCC1(C=O)C=CCO1,2
11812,O=C1C2OCC3CC2C13,O=C1C2OCC3CC2C13,2
11813,CC1C2CC1N=C(C)O2,CC1=NC2CC(O1)C2C,3
11814,CC1CN2CC12C=O,CC1CN2CC12C=O,2
11815,CC1CC2OC3C2C13C,CC1CC2OC3C2C13C,0
11816,CCN=COC(C)C#N,CCN=COC(C)C#N,0
11817,O=C1CNC(C#C)C1=O,C#CC1NCC(=O)C1=O,0
11818,CN1CC(C1)C(O)C=O,CN1CC(C(O)C=O)C1,1
11819,COC1OCCC2CC12,COC1OCCC2CC21,3
11820,CCC1CC=CC(=O)O1,CCC1CC=CC(=O)O1,3
11821,O=CC1C2C3C4C2C1N34,O=CC1C2C3C1N1C2C31,0
11822,CC(CC(C)=O)C1CO1,CC(=O)CC(C)C1CO1,4
11823,c1c2c(n[nH]1)N=COC2,C1=Nc2n[nH]cc2CO1,4
11824,OC12CCC1(NC2)C=O,O=CC12CCC1(O)CN2,3
11825,CCC(=NO)C(O)CO,CCC(=NO)C(O)CO,2
11826,CC(O)C(O)C(C)(C)C,CC(O)C(O)C(C)(C)C,0
11827,CC1C2CC1(N2)C#N,CC1C2CC1(C#N)N2,1
11828,CN1CC2C(NC=O)C12,CN1CC2C(NC=O)C21,4
11829,Cc1[nH]c2nnnn2n1,Cc1nn2nnnc2[nH]1,3
11830,CC1CN2N=CC(N)=C12,CC1Cn2ncc(N)c21,3
11831,CCC1CC2(C)C(O)C12,CCC1CC2(C)C(O)C12,4
11832,Cn1cc(cc1C=O)N,Cn1cc(N)cc1C=O,1
11833,CC1OCC2(O)CCC12,CC1OCC2(O)CCC12,3
11834,CC1(O)CC(=O)CC1O,CC1(O)CC(=O)CC1O,4
11835,Cc1c(oc(=O)n1C)O,Cc1c(O)oc(=O)n1C,4
11836,OCCN1CC1C1CC1,OCCN1CC1C1CC1,2
11837,c1c(ncnn1)C(=N)N,N=C(N)c1cnncn1,2
11838,CCNC(C=O)C=O,CCNC(C=O)C=O,4
11839,C1NC11C=CCC2CC12,C1=CC2(CN2)C2CC2C1,4
11840,N=C1OC2CCCC2=C1,N=C1C=C2CCCC2O1,2
11841,N=CN1CCCCC1=O,N=CN1CCCCC1=O,3
11842,CC(C)(C)C(O)C(N)=O,CC(C)(C)C(O)C(N)=O,3
11843,CC1(CC1)C(O)C#C,C#CC(O)C1(C)CC1,3
11844,C[NH2+]CC1=C([O-])OC=C1,C[NH2+]Cc1ccoc1[O-],0
11845,OCC1CCCC(=O)O1,O=C1CCCC(CO)O1,4
11846,CC(=O)CCC1CCO1,CC(=O)CCC1CCO1,2
11847,C1CC(=O)NC(=O)C1,O=C1CCCC(=O)N1,3
11848,OC1=NC=C(O)C(=N)O1,N=c1oc(O)ncc1O,3
11849,CN1CC2(O)C1CC2=O,CN1CC2(O)C(=O)CC12,4
11850,Cc1c(nno1)C#C,C#Cc1nnoc1C,4
11851,CC12CCCC1CCO2,CC12CCCC1CCO2,1
11852,OC1(CC1)C1CNC1=O,O=C1NCC1C1(O)CC1,0
11853,c1cncc(c1F)CO,OCc1cnccc1F,1
11854,C1CC2(C1)CCOC2,C1CC2(C1)CCOC2,2
11855,CC1COC=NC1C,CC1COC=NC1C,3
11856,CC1C2C3CC2N13,CC1C2C3CC2N13,2
11857,CC1CNC2=COC=C12,CC1CNc2cocc21,3
11858,CC(O)C(O)C(O)C=O,CC(O)C(O)C(O)C=O,0
11859,CC1C(CC=O)C1C#N,CC1C(C#N)C1CC=O,4
11860,C1CC1N(C=N)C=O,N=CN(C=O)C1CC1,3
11861,CN=C1OC2CC12C=O,CN=C1OC2CC12C=O,2
11862,C1OC11CCC=CC=C1,C1=CCCC2(C=C1)CO2,0
11863,C1CC2CCCC(C1)O2,C1CC2CCCC(C1)O2,2
11864,CC1CC1(O)C#CC#N,CC1CC1(O)C#CC#N,1
11865,OC1C2CC1(CC2)C=O,O=CC12CCC(C1)C2O,3
11866,CC1C2OC3C1(C)C23C,CC1C2OC3C1(C)C23C,0
11867,CC1(C)NC1(CO)C=O,CC1(C)NC1(C=O)CO,2
11868,CCC1CC(O)C11CC1,CCC1CC(O)C12CC2,3
11869,CCCN=C(C)OCC,CCCN=C(C)OCC,4
11870,O=C1CC2N3CC2(C3)O1,O=C1CC2N3CC2(C3)O1,0
11871,CC12CCC1(N)C(=N)O2,CC12CCC1(N)C(=N)O2,4
11872,ON=C1CCC(O)C1,ON=C1CCC(O)C1,4
11873,OCCC1C2CCN12,OCCC1C2CCN12,4
11874,NC(=[NH2+])C([N-]C=O)C#N,N#CC([N-]C=O)C(N)=[NH2+],4
11875,O=C1CC2CC(CO2)O1,O=C1CC2CC(CO2)O1,2
11876,CC1OCCC(=O)CO1,CC1OCCC(=O)CO1,2
11877,OC1COC2CCC=C12,OC1COC2CCC=C12,0
11878,CC1C=CC2C(O)C12O,CC1C=CC2C(O)C12O,0
11879,C1Cn2c(noc2=O)N1,O=c1onc2n1CCN2,4
11880,OC1CC=C2CCC2C1,OC1CC=C2CCC2C1,0
11881,O=C(C#C)C1C2CCC12,C#CC(=O)C1C2CCC21,0
11882,CN=c1oc(no1)C#C,C#Cc1noc(=NC)o1,3
11883,OC1CCC(CC=O)C1,O=CCC1CCC(O)C1,0
11884,NC(C#N)C1CN1C=O,N#CC(N)C1CN1C=O,1
11885,CC1C(O)CC2CC12O,CC1C(O)CC2CC21O,0
11886,COC(C)CC(N)C#N,COC(C)CC(N)C#N,2
11887,C1C(=NO)C(=O)C=CN1,O=C1C=CNCC1=NO,0
11888,O=C1OCC2C3NC3C12,O=C1OCC2C3NC3C12,4
11889,COC12C3NC1C(O)C23,COC12C3NC1C2C3O,1
11890,CC12CC1(O)C(=N)N2,CC12CC1(O)C(=N)N2,3
11891,CCCc1c(nn[nH]1)O,CCCc1[nH]nnc1O,4
11892,CCc1ccoc1CC,CCc1ccoc1CC,3
11893,CNC(=O)C(CO)C=O,CNC(=O)C(C=O)CO,4
11894,CC12CC3C1C(=O)CN23,CC12CC3C1C(=O)CN32,3
11895,COCC1CCCC1C,COCC1CCCC1C,2
11896,CC1C=CC=CC2OC12,CC1C=CC=CC2OC12,2
11897,CC12CC1C1(NC21)C=O,CC12CC1C1(C=O)NC21,2
11898,COC1(C)CCC1(C)C,COC1(C)CCC1(C)C,1
11899,OC1(CC(C1)C#C)C#N,C#CC1CC(O)(C#N)C1,3
11900,CN=COC1CC(C)C1,CN=COC1CC(C)C1,3
11901,O=CC1COC2CC2N1,O=CC1COC2CC2N1,3
11902,C#CC1C2OC(C#C)C12,C#CC1OC2C(C#C)C12,0
11903,OC1(CC#C)CN2CC12,C#CCC1(O)CN2CC21,3
11904,COC=Nc1ccon1,COC=Nc1ccon1,1
11905,CC(C#C)C1C(C)N1C,C#CC(C)C1C(C)N1C,2
11906,CC(CC#CC#C)C#C,C#CC#CCC(C)C#C,2
11907,CC#CC1(CN1)C(C)C,CC#CC1(C(C)C)CN1,0
11908,N=C1N2CC2CN1C=O,N=C1N(C=O)CC2CN12,3
11909,CC1=NC2C(O1)C2(C)O,CC1=NC2C(O1)C2(C)O,4
11910,CN1CC(C1)(C=O)C#N,CN1CC(C#N)(C=O)C1,3
11911,CN1C(CC1C#C)C#C,C#CC1CC(C#C)N1C,0
11912,CN=C1OC2C(N)C12N,CN=C1OC2C(N)C12N,4
11913,N=C1CC2(CC2)C(=O)N1,N=C1CC2(CC2)C(=O)N1,0
11914,C1COCC2=C1COC2,C1CC2=C(CO1)COC2,0
11915,CC1(CCCCC=C1)C,CC1(C)C=CCCCC1,3
11916,CC12CC(=O)C1(O)CO2,CC12CC(=O)C1(O)CO2,0
11917,CC1CCC2(CC12)C#C,C#CC12CCC(C)C1C2,4
11918,CC(O)C(=O)C1OC1C,CC(O)C(=O)C1OC1C,3
11919,O=CCC1C2C3CC3N12,O=CCC1C2C3CC3N12,0
11920,CCC(C1CC1)C2CC2,CCC(C1CC1)C1CC1,0
11921,CCC(C#N)C(C)C=O,CCC(C#N)C(C)C=O,0
11922,CC(=O)Cn1cccc1,CC(=O)Cn1cccc1,4
11923,CC12CC3C1C3(O)C2O,CC12CC3C1C3(O)C2O,1
11924,CC1CCC(C)(CO)O1,CC1CCC(C)(CO)O1,0
11925,CCC1(C)CN1C(C)=O,CCC1(C)CN1C(C)=O,1
11926,Cn1ccc(c1)N2CC2,Cn1ccc(N2CC2)c1,3
11927,O=C1C2C3C=CN1C23,O=C1C2C3C=CN1C32,4
11928,C1C2C=CC3CCCC123,C1=CC2CC23CCCC13,2
11929,C1CC23OC4C2C1C34,C1CC23OC4C2C1C43,4
11930,C(CO)N(C=O)C(=O)N,NC(=O)N(C=O)CCO,0
11931,c1c(nco1)C#CC=O,O=CC#Cc1cocn1,4
11932,c1c([nH]nn1)N2CC2,c1nn[nH]c1N1CC1,4
11933,C1CN1C2CC(=O)C2,O=C1CC(N2CC2)C1,4
11934,COC=NCCC1CC1,COC=NCCC1CC1,1
11935,CC12CC3C1C2C3O,CC12CC3C(O)C1C32,1
11936,C#CC1(C#N)C2CC1C2,C#CC1(C#N)C2CC1C2,0
11937,CCC12C(O)C1C1NC21,CCC12C(O)C1C1NC12,0
11938,CC12C3CN(C13)C2(C)C,CC12C3CN(C31)C2(C)C,0
11939,O=CN1CC1C#CC#C,C#CC#CC1CN1C=O,4
11940,c1c(nn[nH]1)C#CCO,OCC#Cc1c[nH]nn1,0
11941,O=CC1CC1(C#C)C#C,C#CC1(C#C)CC1C=O,2
11942,CC#CC12CC(C1)CO2,CC#CC12CC(CO1)C2,3
11943,N=C1NC2=C(O1)N=NO2,N=c1[nH]c2onnc2o1,3
11944,CC12CC(C1)C1CC1O2,CC12CC(C1)C1CC1O2,1
11945,CN1CC1C#CC1CO1,CN1CC1C#CC1CO1,0
11946,CCCCC1OCC1=O,CCCCC1OCC1=O,1
11947,N=C1NC(=O)CC=C1,N=C1C=CCC(=O)N1,1
11948,CC1OC1CC(O)CO,CC1OC1CC(O)CO,1
11949,C1CC11COCC2NC12,C1OCC2(CC2)C2NC12,1
11950,OC12CC3C(C1)C23C#N,N#CC12C3CC1(O)CC32,4
11951,C1OC1C1CC1N1CC1,C1OC1C1CC1N1CC1,3
11952,O=C1C2OC2C=C1C#C,C#CC1=CC2OC2C1=O,2
11953,CNc1cc2n(n1)CC2,CNc1cc2n(n1)CC2,1
11954,C#CC1NC1(C#C)C#N,C#CC1NC1(C#C)C#N,3
11955,CCC(C)(CO)OC=N,CCC(C)(CO)OC=N,4
11956,CC1C2C3CN4C(C23)C14,CC1C2C3CN4C1C4C32,3
11957,CC([NH3+])(CC#C)C([O-])=O,C#CCC(C)([NH3+])C(=O)[O-],4
11958,CC1=C(CC2CC12)C#C,C#CC1=C(C)C2CC2C1,4
11959,O=CN1CC1C(=O)C#N,N#CC(=O)C1CN1C=O,3
11960,CC1(CCC1)C(N)C#N,CC1(C(N)C#N)CCC1,3
11961,CC1(C)C=CC2CC1O2,CC1(C)C=CC2CC1O2,1
11962,COC1COC2CC12C,COC1COC2CC12C,2
11963,C1C(=C(CO1)C=O)C=O,O=CC1=C(C=O)COC1,3
11964,C1C(=NO)COC=N1,ON=C1CN=COC1,1
11965,CN1CC11C2C3CC1N23,CN1CC12C1CC3C2N31,2
11966,CCC1C2CN1CCO2,CCC1C2CN1CCO2,0
11967,CN=C(C(=O)COC)N,CN=C(N)C(=O)COC,4
11968,C1C2CC1C1NC1CO2,C1C2CC1C1NC1CO2,4
11969,O=C1C2C3C2C2C3OC12,O=C1C2OC3C2C2C1C32,0
11970,CN1CC2CC2(C)C1=O,CN1CC2CC2(C)C1=O,4
11971,CCC(C=O)(C#N)C#N,CCC(C#N)(C#N)C=O,3
11972,CC12CCN1CC2C#N,CC12CCN1CC2C#N,0
11973,CC1CNC2=C1N=NN2,CC1CNc2[nH]nnc21,4
11974,Cc1c(cc(cn1)O)O,Cc1ncc(O)cc1O,4
11975,CC1CC1(O)C1(C)CO1,CC1CC1(O)C1(C)CO1,0
11976,C1C=C2C3C4C1C2N34,C1=C2C3C(C1)C1C2N31,1
11977,CN1CCn2c1ccn2,CN1CCn2nccc21,2
11978,OC1CC2(C1)C1CC2C1,OC1CC2(C1)C1CC2C1,4
11979,CCC1(C)C2CC(C)C12,CCC1(C)C2CC(C)C21,0
11980,Cc1c(c(no1)CO)N,Cc1onc(CO)c1N,4
11981,CC1OC(=O)C11CN1,CC1OC(=O)C12CN2,2
11982,CN1C(=O)NC2CC12C,CN1C(=O)NC2CC21C,4
11983,O=C1CC=CC2OC2C1,O=C1CC=CC2OC2C1,3
11984,N=C1NCCCCC1=O,N=C1NCCCCC1=O,1
11985,CCOC12CC1OC2,CCOC12COC1C2,0
11986,CC1CC(=O)NC1=N,CC1CC(=O)NC1=N,2
11987,CC12CC(C1)NCC2=O,CC12CC(C1)NCC2=O,2
11988,CCC1COC1(C)C=O,CCC1COC1(C)C=O,4
11989,OC1CC11N=CNC1=N,N=C1NC=NC12CC2O,0
11990,OC(C#N)C1=CNN=C1,N#CC(O)c1cn[nH]c1,0
11991,CC1(C)CNC1(C)C#N,CC1(C)CNC1(C)C#N,1
11992,CC(C)C1OC1C1CO1,CC(C)C1OC1C1CO1,1
11993,Cc1c(n[nH]c(=O)n1)C,Cc1n[nH]c(=O)nc1C,2
11994,CC12CC1C1(CCO1)C2,CC12CC1C1(CCO1)C2,2
11995,N=COC1=NOC=C1,N=COc1ccon1,2
11996,CCn1ccc(n1)C,CCn1ccc(C)n1,3
11997,CCC12C3C(CN13)C2C,CCC12C(C)C3CN1C32,1
11998,OCC1OCC2(O)CC12,OCC1OCC2(O)CC12,0
11999,C1C2C3N1C1CC3=CC21,C1=C2CC3C1C1CN3C21,4
12000,ON=C1C2NC2C2NC12,ON=C1C2NC2C2NC12,1
12001,CC1OC=NC1C1CO1,CC1OC=NC1C1CO1,4
12002,Cc1cc(co1)C2CC2,Cc1cc(C2CC2)co1,3
12003,CCC1=NC=NC(=N)O1,CCc1ncnc(=N)o1,3
12004,Cc1cc(ncc1F)C,Cc1cc(C)c(F)cn1,4
12005,C1OC2=NCCC3C1C23,C1CC2C3COC(=N1)C23,1
12006,CN1CC(C1)(CC=O)O,CN1CC(O)(CC=O)C1,3
12007,OC1C(C#N)C1(O)C#C,C#CC1(O)C(O)C1C#N,3
12008,NC(CCCCO)C#N,N#CC(N)CCCCO,4
12009,CCC1(CC1O)C(C)=O,CCC1(C(C)=O)CC1O,3
12010,COC(=O)n1ncnn1,COC(=O)n1ncnn1,4
12011,CN1CC1(CO)C(C)=O,CC(=O)C1(CO)CN1C,0
12012,CC(=O)C(=O)CC1CC1,CC(=O)C(=O)CC1CC1,2
12013,C1C2OC3CC=CC12O3,C1=CC23CC2OC(C1)O3,1
12014,c1cc(c(cc1O)O)O,Oc1ccc(O)c(O)c1,2
12015,CC1OC(C=C1)C#C,C#CC1C=CC(C)O1,4
12016,O=CC1C2OC1C21NC1,O=CC1C2OC1C21CN1,4
12017,CN=C(c1nnon1)N,CN=C(N)c1nnon1,1
12018,O=C1CC2OC12C#C,C#CC12OC1CC2=O,4
12019,CC1(C)CC2(CN2)C1O,CC1(C)CC2(CN2)C1O,3
12020,CNc1cc(co1)O,CNc1cc(O)co1,3
12021,CC1(C)CC2OC1C2=O,CC1(C)CC2OC1C2=O,2
12022,C1CC2OCOC12,C1OC2CCC2O1,2
12023,CCC1(CC#C)CN1C,C#CCC1(CC)CN1C,2
12024,CC1=CNN=C1OC=N,Cc1c[nH]nc1OC=N,4
12025,CC12NC1C=CC2C#C,C#CC1C=CC2NC12C,1
12026,COCC#CC#N,COCC#CC#N,1
12027,CC12C3C4OC1C2(C)C34,CC12C3C4OC1C2(C)C43,3
12028,CCC(=O)N(C)C=NC,CCC(=O)N(C)C=NC,2
12029,CC1CCC(=CC1)C#N,CC1CC=C(C#N)CC1,2
12030,Cc1ccnc(c1N)O,Cc1ccnc(O)c1N,2
12031,CCOCC1CC=CC1,CCOCC1CC=CC1,4
12032,CC1OCC=CC1C#C,C#CC1C=CCOC1C,0
12033,Cc1cc([nH]n1)C2CC2,Cc1cc(C2CC2)[nH]n1,4
12034,CC#CC1CC1C#N,CC#CC1CC1C#N,2
12035,CC1N2C3CC2C3C1=O,CC1C(=O)C2C3CC2N13,2
12036,CC1=CC2C3C1CC23O,CC1=CC2C3C1CC23O,3
12037,CC(C)(OC=N)C#N,CC(C)(C#N)OC=N,1
12038,C1C=CC2=CC3OC3C12,C1=CC2=CC3OC3C2C1,1
12039,N#CC1COCO1,N#CC1COCO1,4
12040,OC1(CCOC1)C1CC1,OC1(C2CC2)CCOC1,3
12041,CC(CO)C#CC#N,CC(C#CC#N)CO,3
12042,OC1CC2CC1OCC2,OC1CC2CCOC1C2,4
12043,C#CC(=O)C#CC(=O)N,C#CC(=O)C#CC(N)=O,1
12044,CC1OCC2CC2C1O,CC1OCC2CC2C1O,0
12045,C1C(CO1)C(=O)N,NC(=O)C1COC1,1
12046,N#CC#CC1CC2CN12,N#CC#CC1CC2CN12,4
12047,C1C2OC3CC12CCC3,C1CC2CC3(C1)CC3O2,1
12048,C1C2C3CC4OC1C4N23,C1C2OC3CC4C1N4C23,0
12049,COCC(C=O)C(C)=O,COCC(C=O)C(C)=O,0
12050,CC1=NC(=N)N=C(C)N1,Cc1nc(=N)nc(C)[nH]1,3
12051,CCC1(OC1C#N)C#N,CCC1(C#N)OC1C#N,4
12052,COCCCCC=O,COCCCCC=O,1
12053,C#CC1=CCNC1C#N,C#CC1=CCNC1C#N,0
12054,COC(C(C)O)C(C)=O,COC(C(C)=O)C(C)O,0
12055,NC1=NC2C3NC2C13O,NC1=NC2C3NC2C13O,1
12056,OCCC1COC(=O)O1,O=C1OCC(CCO)O1,0
12057,Cc1cnc2n1nc[nH]2,Cc1cnc2[nH]cnn12,1
12058,Cc1c(c(cn1C)N)N,Cc1c(N)c(N)cn1C,3
12059,COCC12CC(=O)C1O2,COCC12CC(=O)C1O2,4
12060,CCc1cc(oc1)C,CCc1coc(C)c1,4
12061,CC1CC(C)C(C)C1C,CC1CC(C)C(C)C1C,2
12062,COCC12C3CC1CN23,COCC12C3CC1N2C3,4
12063,N#CC1CC(N1)C1CO1,N#CC1CC(C2CO2)N1,3
12064,CC1C(C)C1C(C)=O,CC(=O)C1C(C)C1C,3
12065,C1C2CC3=C(C=NO3)N12,c1noc2c1N1CC1C2,2
12066,C#CC(C#C)(C(=O)N)O,C#CC(O)(C#C)C(N)=O,2
12067,ON=C1C2CC1(O2)C=O,O=CC12CC(O1)C2=NO,2
12068,CC12CCC(=O)C1CO2,CC12CCC(=O)C1CO2,3
12069,c1c2c(co1)N=COC2,C1=Nc2cocc2CO1,4
12070,COC1C(C)C(=O)C1O,COC1C(C)C(=O)C1O,3
12071,CN1CC12COC2,CN1CC12COC2,4
12072,COC1(C)C2CC1C2,COC1(C)C2CC1C2,1
12073,C1CC(=O)CC(=O)C=C1,O=C1C=CCCC(=O)C1,3
12074,CC(O)CN1C=CN=C1,CC(O)Cn1ccnc1,0
12075,CCC1(CC1)C1CC1O,CCC1(C2CC2O)CC1,2
12076,CCCCN(CC)C=O,CCCCN(C=O)CC,1
12077,Cc1c(c(oc1N)N)C,Cc1c(N)oc(N)c1C,3
12078,CCCC(C)C(C)C=O,CCCC(C)C(C)C=O,4
12079,CCC(O)(C=O)C1CN1,CCC(O)(C=O)C1CN1,2
12080,CC12NC1C1C(O)C21O,CC12NC1C1C(O)C12O,1
12081,CC1(C#C)C2CCOC12,C#CC1(C)C2CCOC21,3
12082,CCC1(NC1CO)C#C,C#CC1(CC)NC1CO,1
12083,CCC#CC(O)C(C)C,CCC#CC(O)C(C)C,1
12084,O=CC12C3CC1CN2C3,O=CC12C3CC1CN2C3,4
12085,CC12C3CC1OCOC23,CC12C3CC1C2OCO3,3
12086,O=CC12CC(CC1)C2=O,O=CC12CCC(C1)C2=O,2
12087,CN1CC=CC1C#N,CN1CC=CC1C#N,4
12088,C1COC(=N1)NCC=O,O=CCNC1=NCCO1,1
12089,OC1CCC(=O)NC1=N,N=C1NC(=O)CCC1O,3
12090,CC#CCC(C=O)C#N,CC#CCC(C#N)C=O,3
12091,CCC1C2NC1C2C#N,CCC1C2NC1C2C#N,4
12092,C1C2OC3CC=CC3C12,C1=CC2C(C1)OC1CC12,3
12093,CC1C(O)C1C#CC#C,C#CC#CC1C(C)C1O,2
12094,OC1C2C3C4C(N23)C14O,OC1C2C3C4C(N23)C14O,1
12095,CCC1C2CC1(O)C2=O,CCC1C2CC1(O)C2=O,1
12096,CCC(CC)(C=O)O,CCC(O)(C=O)CC,1
12097,CC12C3CC1(O)CN23,CC12C3CC1(O)CN32,4
12098,CC12C3NC3C3C1CN23,CC12C3CN1C3C1NC12,3
12099,NC(=O)CC12CC1CO2,NC(=O)CC12CC1CO2,1
12100,CCc1cc[nH]c1C=O,CCc1cc[nH]c1C=O,1
12101,CC12COCC1CO2,CC12COCC1CO2,3
12102,CC1(C)CC(=N)OC1=O,CC1(C)CC(=N)OC1=O,3
12103,CC1(CO)NC1C(N)=O,CC1(CO)NC1C(N)=O,0
12104,CCOC(C#N)C1CC1,CCOC(C#N)C1CC1,4
12105,CC1CN1CC1COC1,CC1CN1CC1COC1,2
12106,c1cnoc1C(=O)C=O,O=CC(=O)c1ccno1,1
12107,CCCCC(C)(C)C=O,CCCCC(C)(C)C=O,0
12108,CC1CCCC1(C)CO,CC1CCCC1(C)CO,3
12109,CC12OCC3C1OC23,CC12OCC3C1OC32,4
12110,OC1CC2C1CCC2O,OC1CC2C(O)CCC12,4
12111,O=C1NC2=C(N1)N=NO2,O=c1[nH]c2nnoc2[nH]1,1
12112,CCOc1cn[nH]n1,CCOc1cn[nH]n1,2
12113,CCC1C2CCOCC12,CCC1C2CCOCC12,2
12114,CN1CC1C1=NC=CN1,CN1CC1c1ncc[nH]1,2
12115,CC(C)C(O)CN1CC1,CC(C)C(O)CN1CC1,4
12116,Cc1ccc(cc1)CO,Cc1ccc(CO)cc1,3
12117,CC1(CN1)C1C2CN1C2,CC1(C2C3CN2C3)CN1,0
12118,CC1CCOC2(CC2)C1,CC1CCOC2(CC2)C1,3
12119,C1CC2C3OC3COC12,C1CC2C1OCC1OC12,1
12120,N=C1NC2=C(NN=C2)O1,N=c1[nH]c2cn[nH]c2o1,4
12121,OC1C2C1C1CCC2O1,OC1C2C3CCC(O3)C12,0
12122,CC1CCN1C(C)=O,CC(=O)N1CCC1C,1
12123,CC(O)C1=CCOC1=N,CC(O)C1=CCOC1=N,4
12124,N#CC1CC2COC1O2,N#CC1CC2COC1O2,1
12125,C(=O)c1nc(no1)O,O=Cc1nc(O)no1,0
12126,N=C1N(CC11CC1)C=O,N=C1N(C=O)CC12CC2,0
12127,CC1(C)OCOCC1O,CC1(C)OCOCC1O,4
12128,C#CC1CN(C1)CC#N,C#CC1CN(CC#N)C1,0
12129,O=CC12CC1CC2=O,O=CC12CC1CC2=O,2
12130,c1nc(nn1CC=O)O,O=CCn1cnc(O)n1,2
12131,OC1C2OC1C2N1CC1,OC1C2OC1C2N1CC1,2
12132,OCC1CCC(O1)C#N,N#CC1CCC(CO)O1,0
12133,CC1(O)CCC(=O)C1,CC1(O)CCC(=O)C1,1
12134,CCOC1CCC(O)C1,CCOC1CCC(O)C1,4
12135,CC12CN1C1CC2C1=O,CC12CN1C1CC2C1=O,4
12136,NC1=CC(N)=CC(=N)O1,N=c1cc(N)cc(N)o1,3
12137,C1C2CCC=CCC12,C1=CCC2CC2CC1,1
12138,CC1CCC2(C)CC12C,CC1CCC2(C)CC12C,2
12139,OC1CN=C2OC3C1C23,OC1CN=C2OC3C2C13,1
12140,O=C1C2CN3C2C13C#C,C#CC12C(=O)C3CN1C32,0
12141,O=C1C=CC2CN2C=C1,O=C1C=CC2CN2C=C1,2
12142,C#CC1C2CN2C1C#N,C#CC1C(C#N)N2CC12,2
12143,OC1C2CCC22OCC12,OC1C2CCC23OCC13,1
12144,CCC(C=O)C#CC#C,C#CC#CC(C=O)CC,1
12145,Cn1cc(c(c1)N)C#N,Cn1cc(N)c(C#N)c1,2
12146,OC1=CC(F)=CC(=N)N1,N=c1cc(F)cc(O)[nH]1,0
12147,CC1COC1=NCC#N,CC1COC1=NCC#N,2
12148,CC(=O)C1C=CC2CN12,CC(=O)C1C=CC2CN21,3
12149,[O-]C(=O)CNC1C[NH2+]C1,O=C([O-])CNC1C[NH2+]C1,3
12150,O=C1CC2C1CC21CO1,O=C1CC2C1CC21CO1,4
12151,O=C1NC2CC12C1CN1,O=C1NC2CC12C1CN1,4
12152,CCC1=CC(OC)OC1,CCC1=CC(OC)OC1,1
12153,CC1OC11C2CC1O2,CC1OC12C1CC2O1,0
12154,OC1C2OCCC=CC12,OC1C2C=CCCOC12,2
12155,CNC1CN2C=CN=C12,CNC1Cn2ccnc21,1
12156,CC1CC(C1)C(=O)C#C,C#CC(=O)C1CC(C)C1,2
12157,C1CC1(C=O)C(=O)N,NC(=O)C1(C=O)CC1,1
12158,CC1C2CC1(C)CC2=O,CC1C2CC1(C)CC2=O,2
12159,C1C2N=C3OC4C2N1C34,C1C2N=C3OC4C3N1C24,3
12160,COC1C2CC1(C2)C=O,COC1C2CC1(C=O)C2,1
12161,CN=CNc1cocn1,CN=CNc1cocn1,4
12162,CC(O)C12CCC1C2O,CC(O)C12CCC1C2O,3
12163,CN(C)C(=O)NC(=O)N,CN(C)C(=O)NC(N)=O,0
12164,C1CC1N2CCNC2=O,O=C1NCCN1C1CC1,4
12165,CC1(C)C2OC(=O)C12,CC1(C)C2OC(=O)C21,1
12166,O=COC(C=O)C1CC1,O=COC(C=O)C1CC1,2
12167,CCC1C2C3CN3C12,CCC1C2C3CN3C12,3
12168,O=C1CN2CC12C1CN1,O=C1CN2CC12C1CN1,0
12169,CCC(=O)CC1CCO1,CCC(=O)CC1CCO1,0
12170,CCN=C1COCO1,CCN=C1COCO1,0
12171,OC1CCC11CNC1=O,O=C1NCC12CCC2O,0
12172,COC1(C)CC(C)C1C,COC1(C)CC(C)C1C,4
12173,CC1CC2CC3OC3C12,CC1CC2CC3OC3C12,3
12174,CC1OC2C(O)C12,CC1OC2C(O)C12,2
12175,O=CC1C2C3OC2C13,O=CC1C2C3OC2C13,4
12176,OCC(CC=O)N1CC1,O=CCC(CO)N1CC1,1
12177,Cc1c(n[nH]n1)NC=O,Cc1n[nH]nc1NC=O,2
12178,OC12C3CC1C=CC2C3,OC12C3C=CC1CC2C3,1
12179,CC12CC1CC(=O)CC2,CC12CCC(=O)CC1C2,2
12180,CC1(CCC1=O)N1CC1,CC1(N2CC2)CCC1=O,0
12181,CN1C2C3C1C2(C)N3C,CN1C2C3C1C2(C)N3C,1
12182,COC1C(C)C1OC=O,COC1C(C)C1OC=O,0
12183,CC(=O)CC1OC1(C)C,CC(=O)CC1OC1(C)C,2
12184,CCC1C(C)C=CC1=O,CCC1C(=O)C=CC1C,1
12185,C1C2C3C4C5C(C5N24)N13,C1C2C3C4C5C(C5N24)N13,4
12186,CC(C)CC(=O)C(=N)N,CC(C)CC(=O)C(=N)N,1
12187,c1cc2cccn2nc1,c1cnn2cccc2c1,3
12188,CC12COC3CN1C23,CC12COC3CN1C32,2
12189,CC12C3C(CN13)C2(C)C,CC1(C)C2CN3C2C31C,4
12190,CNC(C=O)C(F)(F)F,CNC(C=O)C(F)(F)F,1
12191,CC1N2C(=O)C(O)C12C,CC1N2C(=O)C(O)C12C,3
12192,c1cnc(c(c1O)N)N,Nc1nccc(O)c1N,1
12193,C1C(=CC(=O)CO1)N,NC1=CC(=O)COC1,3
12194,CC12CCC1C1CC21,CC12CCC1C1CC12,2
12195,OC1(CC1C=O)C#C,C#CC1(O)CC1C=O,0
12196,N#CC1CCCC11CO1,N#CC1CCCC12CO2,2
12197,CC12OC1C1(C)COC21,CC12COC1C1(C)OC21,1
12198,CC1(CC1)C#CC#C,C#CC#CC1(C)CC1,3
12199,Cc1cc(c([nH]1)C)N,Cc1cc(N)c(C)[nH]1,2
12200,NC1CC(O)C1(N)C#N,N#CC1(N)C(N)CC1O,4
12201,N=C1COCCO1,N=C1COCCO1,1
12202,COC12CC(C1)C2O,COC12CC(C1)C2O,1
12203,CN=C1C=NNC=N1,CN=c1cn[nH]cn1,3
12204,CC1C2CC1C2,CC1C2CC1C2,4
12205,O=C1C2CN2CC11CC1,O=C1C2CN2CC12CC2,4
12206,N=C1CC(=O)CO1,N=C1CC(=O)CO1,4
12207,NC1(C#N)C2OC2C1O,N#CC1(N)C(O)C2OC21,1
12208,CC1(CO)C2C3CC1N23,CC1(CO)C2CC3C1N32,3
12209,CC1OCC2C(O)C12,CC1OCC2C(O)C12,0
12210,N#CC12CNC1CO2,N#CC12CNC1CO2,4
12211,CC12CN3C1C(O2)C3=N,CC12CN3C(=N)C(O1)C32,0
12212,O=CC12CC1CNC2=O,O=CC12CC1CNC2=O,0
12213,CC(C)(C)CC(C)(C)C,CC(C)(C)CC(C)(C)C,0
12214,OC1C2COC(=O)C1N2,O=C1OCC2NC1C2O,2
12215,CC12NC1CC2CC#N,CC12NC1CC2CC#N,4
12216,Cc1ccn(c1C#N)C,Cc1ccn(C)c1C#N,3
12217,CCC1NC1C(N)=O,CCC1NC1C(N)=O,1
12218,CC(C)OC(=O)CC=O,CC(C)OC(=O)CC=O,1
12219,C(C(=O)NC(=O)CN)N,NCC(=O)NC(=O)CN,1
12220,O=CCNC(C#C)C#N,C#CC(C#N)NCC=O,1
12221,c1c(nn[nH]1)C#CC=O,O=CC#Cc1c[nH]nn1,4
12222,CCC1C(C2CN2)N1C,CCC1C(C2CN2)N1C,2
12223,C#Cc1c(c(n[nH]1)O)N,C#Cc1[nH]nc(O)c1N,1
12224,CCC(C)OC(C)CC,CCC(C)OC(C)CC,1
12225,C#Cc1cc(oc1N)N,C#Cc1cc(N)oc1N,3
12226,CC1OC1C1COC1=O,CC1OC1C1COC1=O,1
12227,CCC1(C)C2COC12,CCC1(C)C2COC21,3
12228,CC(OC(=O)C#N)C#N,CC(C#N)OC(=O)C#N,1
12229,OC1CC2CC1COC2,OC1CC2COCC1C2,1
12230,N=C1CC23CC(N2)C3O1,N=C1CC23CC(N2)C3O1,4
12231,CC1CCC2C3CC12O3,CC1CCC2C3CC12O3,2
12232,CC1C2N3CC1C23CO,CC1C2CN3C1C23CO,4
12233,CCC1CN=C(O1)C=O,CCC1CN=C(C=O)O1,0
12234,C#CCn1cc(cn1)O,C#CCn1cc(O)cn1,4
12235,COC1OC(C)(C)C=C1,COC1C=CC(C)(C)O1,1
12236,CC1CC1C(CO)C#N,CC1CC1C(C#N)CO,0
12237,CNC(=[NH2+])C([O-])=O,CNC(=[NH2+])C(=O)[O-],0
12238,O=C(C#C)C1OCC=C1,C#CC(=O)C1C=CCO1,1
12239,CC1OCC(C#N)C1O,CC1OCC(C#N)C1O,4
12240,c1c[nH]nc1CNC=O,O=CNCc1cc[nH]n1,0
12241,OC1CC1OCC=O,O=CCOC1CC1O,3
12242,OC1CC=C2COCC12,OC1CC=C2COCC21,0
12243,CN1CCC2NC(=O)C12,CN1CCC2NC(=O)C21,0
12244,CC(C)(CCO)OC,COC(C)(C)CCO,0
12245,[NH3+]CC1=C([O-])OC(O)=C1,[NH3+]Cc1cc(O)oc1[O-],3
12246,N#CC1C2CC1(O2)C#N,N#CC1C2CC1(C#N)O2,2
12247,C1CC2C3CCCC2C13,C1CC2C3CCC2C3C1,2
12248,CCC1(C)C2C3CC1N23,CCC1(C)C2CC3C1N32,3
12249,C1C2CC3C4C(OC13)C24,C1C2CC3C1OC1C2C31,3
12250,C#CCCC1C2CC1O2,C#CCCC1C2CC1O2,0
12251,CCCC1(CO)NC1C,CCCC1(CO)NC1C,0
12252,CC(C)(O)C(C)(O)C#N,CC(C)(O)C(C)(O)C#N,3
12253,OC1C(CC11CC1)C=O,O=CC1CC2(CC2)C1O,1
12254,OCC12CC3CC1(O)C23,OCC12CC3CC1(O)C32,2
12255,CC1C2C3N(C)C1C23C,CC1C2C3N(C)C1C23C,2
12256,C1CC2(C1)CCCO2,C1COC2(C1)CCC2,1
12257,CC1CC2OCC12O,CC1CC2OCC12O,2
12258,CC1(C)CC2CN2C1=O,CC1(C)CC2CN2C1=O,4
12259,CC(C)(OC=N)C1CO1,CC(C)(OC=N)C1CO1,4
12260,O=CNC1CC1C#N,N#CC1CC1NC=O,1
12261,O=CC1C(C=O)C1C#N,N#CC1C(C=O)C1C=O,1
12262,NC(=O)C1C2C3CN2C13,NC(=O)C1C2C3CN2C31,2
12263,O=C1OC2CC1C1CC21,O=C1OC2CC1C1CC21,3
12264,COc1cc(c[nH]1)CO,COc1cc(CO)c[nH]1,1
12265,OC1COCCC=CC1,OC1CC=CCCOC1,4
12266,NC(=O)C(C=O)C1CC1,NC(=O)C(C=O)C1CC1,4
12267,CC12CN3C(CC13)C2,CC12CC3CC1N3C2,1
12268,Cc1c2c([nH]nn2)n[nH]1,Cc1[nH]nc2[nH]nnc12,0
12269,C#CC#CCOCCO,C#CC#CCOCCO,1
12270,CCC12CC=CC1(C)O2,CCC12CC=CC1(C)O2,2
12271,OC1C2CC1C(=O)O2,O=C1OC2CC1C2O,2
12272,CC12CC1(C#C)C(=O)N2,C#CC12CC1(C)NC2=O,4
12273,CN1CC(O)CNC1=O,CN1CC(O)CNC1=O,0
12274,C#CC1CN1CC#N,C#CC1CN1CC#N,3
12275,OCC1(O)CCC=C1,OCC1(O)C=CCC1,1
12276,CC1=NCC(C)(O1)C=O,CC1=NCC(C)(C=O)O1,0
12277,CC1CCC=CC(=O)C1,CC1CCC=CC(=O)C1,1
12278,OC1=C(NC=N1)C1CN1,Oc1nc[nH]c1C1CN1,3
12279,CC12C3CC1(C)CCC23,CC12CCC3C(C1)C32C,4
12280,CCC12CC3C1C2C3C,CCC12CC3C(C)C1C32,3
12281,CC1COC2(C)CN1C2,CC1COC2(C)CN1C2,4
12282,COC1C2C3OC3C12,COC1C2C3OC3C12,2
12283,COc1cccc(n1)N,COc1cccc(N)n1,4
12284,Cc1c(nccn1)CO,Cc1nccnc1CO,4
12285,NC(=O)C12C3C4C(C13)N24,NC(=O)C12C3C4C(C31)N42,2
12286,OC1C2C3CC4C1N4C23,OC1C2C3CC4C1N4C32,2
12287,OC1CC(=O)C(O)C=C1,O=C1CC(O)C=CC1O,3
12288,C#CC1C2CC3OC1C23,C#CC1C2CC3OC1C32,1
12289,OC1CC(C1)C#CC#C,C#CC#CC1CC(O)C1,2
12290,OC1CC1(C#C)C#C,C#CC1(C#C)CC1O,4
12291,COCCN1CC1,COCCN1CC1,1
12292,c1c(c(=O)c(co1)O)N,Nc1cocc(O)c1=O,2
12293,c1cncc2c1c[nH]c2,c1cc2c[nH]cc2cn1,0
12294,COCc1c(ocn1)N,COCc1ncoc1N,4
12295,C1NC1C1C2CN1C2,C1NC1C1C2CN1C2,4
12296,c1cc2n(c1)CCCC2,c1cc2n(c1)CCCC2,2
12297,O=CNCC1CC1C#N,N#CC1CC1CNC=O,4
12298,O1C2C1C1C3OC1C23,O1C2C1C1C3OC1C23,0
12299,N=C1NC(=CCO1)C#C,C#CC1=CCOC(=N)N1,0
12300,C(CC#CCC#N)C=O,N#CCC#CCCC=O,1
12301,O=C1NCC2CC=CN12,O=C1NCC2CC=CN12,1
12302,CCC1(CC1)C(C)C=O,CCC1(C(C)C=O)CC1,3
12303,CNC1=NOC(=N)N=C1,CNc1cnc(=N)on1,1
12304,CC(C)C1NC1(C)C#C,C#CC1(C)NC1C(C)C,2
12305,C(C=O)C(=O)CO,O=CCC(=O)CO,2
12306,CC(O)C(O)C(C)=O,CC(=O)C(O)C(C)O,0
12307,OC1CC11OC2CNC12,OC1CC12OC1CNC12,3
12308,ON=C1C=CC(O)C1=O,O=C1C(=NO)C=CC1O,4
12309,OCC1(COC=N)CO1,N=COCC1(CO)CO1,0
12310,OCC12CC3C4C(C14)C23,OCC12CC3C4C(C31)C42,1
12311,N=COCC1=NC=NO1,N=COCc1ncno1,1
12312,OC12CCC(CC1)C=C2,OC12C=CC(CC1)CC2,1
12313,CC1C2C(O)CC(C)N12,CC1CC(O)C2C(C)N12,3
12314,c1coc(cc1=NO)F,ON=c1ccoc(F)c1,4
12315,C(C=O)N(C=O)C(=N)N,N=C(N)N(C=O)CC=O,3
12316,NC1=C(N=CO1)C1CO1,Nc1ocnc1C1CO1,1
12317,[NH3+]CC1COC1C([O-])=O,[NH3+]CC1COC1C(=O)[O-],4
12318,C(c1nc(no1)C#N)N,N#Cc1noc(CN)n1,3
12319,CCC(C)N(CC)C=O,CCC(C)N(C=O)CC,0
12320,CC(NC(C)=O)C1CO1,CC(=O)NC(C)C1CO1,1
12321,c1c([nH]c(n1)C(=O)N)N,NC(=O)c1ncc(N)[nH]1,4
12322,O=CC1CC2C3NC3C12,O=CC1CC2C3NC3C12,2
12323,CC1(O)CC=C(C1)C=O,CC1(O)CC=C(C=O)C1,1
12324,OC(CC=O)C(=O)C#C,C#CC(=O)C(O)CC=O,0
12325,CNC1=NC(=N)N=NN1,CNc1nc(=N)nn[nH]1,0
12326,CC(C1CC1)C(=O)CO,CC(C(=O)CO)C1CC1,4
12327,c1cnc-2nn[nH]cc12,c1cc2c[nH]nnc-2n1,4
12328,CC12CC1C(O)CC2,CC12CCC(O)C1C2,0
12329,CC1C(C)C1(O)C=O,CC1C(C)C1(O)C=O,0
12330,C(N1CC1)C12CCC1O2,C1CC2(CN3CC3)OC12,4
12331,OCC12CN(C1)C21CC1,OCC12CN(C1)C21CC1,3
12332,OC1CC1C1=CC=CN1,OC1CC1c1ccc[nH]1,2
12333,C#CCN(C=N)C(=O)N,C#CCN(C=N)C(N)=O,1
12334,CCNC(=O)C=O,CCNC(=O)C=O,0
12335,c1nc2c(o1)N=COC2,C1=Nc2ocnc2CO1,0
12336,c1conc(c1=NO)N,Nc1noccc1=NO,0
12337,CC(C)NC(=N)C=O,CC(C)NC(=N)C=O,1
12338,OC1(CC#N)CC=CC1,N#CCC1(O)CC=CC1,4
12339,CC1(CC#N)CN1,CC1(CC#N)CN1,3
12340,CC(C)C1CCCC1,CC(C)C1CCCC1,0
12341,OC12CN3C(CC13)C=C2,OC12C=CC3CC1N3C2,2
12342,CCC1(C)OCC1O,CCC1(C)OCC1O,4
12343,C1CC2C3NC3C2=C1,C1=C2C(CC1)C1NC21,3
12344,OC1C2CC(O)C12O,OC1CC2C(O)C12O,0
12345,CC(C)CC(C)C(C)O,CC(C)CC(C)C(C)O,0
12346,CC1C=CC2(C)OC12,CC1C=CC2(C)OC12,0
12347,OC(C=O)C(O)C#C,C#CC(O)C(O)C=O,1
12348,CC(C)C1CC1C=O,CC(C)C1CC1C=O,3
12349,Cc1cc2c([nH]1)OCC2,Cc1cc2c([nH]1)OCC2,0
12350,COC1OCCNC1=O,COC1OCCNC1=O,1
12351,CC12CC1N1N=CC=C21,CC12CC1n1nccc12,1
12352,CC12C(O)C1C(=O)C2O,CC12C(O)C(=O)C1C2O,4
12353,OC12CC3(CC(=O)C13)C2,O=C1CC23CC(O)(C2)C13,1
12354,C1CNC(=O)OC1,O=C1NCCCO1,0
12355,CCC12CCC(O)C1N2,CCC12CCC(O)C1N2,4
12356,OCC1CC(C1)OC=N,N=COC1CC(CO)C1,0
12357,CCOc1nc(co1)C,CCOc1nc(C)co1,0
12358,N=C1OC2CCC1CC2,N=C1OC2CCC1CC2,1
12359,NC1(COC(=N)C1)C#N,N#CC1(N)COC(=N)C1,3
12360,COC(C)(CO)C1CC1,COC(C)(CO)C1CC1,2
12361,CC#Cc1coc(=O)[nH]1,CC#Cc1coc(=O)[nH]1,0
12362,COC1(CC1)CN2CC2,COC1(CN2CC2)CC1,3
12363,NC(=O)C12CC1OC2=N,N=C1OC2CC12C(N)=O,4
12364,C(CC(=O)CO)CO,O=C(CO)CCCO,4
12365,CN1C(CCC1=O)C=O,CN1C(=O)CCC1C=O,4
12366,C1C2OC1C21CCC=C1,C1=CC2(CC1)C1CC2O1,4
12367,CC1CC11NCC1C#N,CC1CC12NCC2C#N,1
12368,CC1(C(N1)(C#C)C#C)C,C#CC1(C#C)NC1(C)C,4
12369,CC(C=O)C(C)(C)C=O,CC(C=O)C(C)(C)C=O,0
12370,CC12CC1C1(C)OC21,CC12CC1C1(C)OC21,0
12371,OC12CCCC1NC2=O,O=C1NC2CCCC12O,2
12372,CCC(CC#N)C#CC,CC#CC(CC)CC#N,0
12373,OC1C2C3CC(C23)C1O,OC1C(O)C2C3CC1C32,3
12374,COCC1COC1=NC,CN=C1OCC1COC,0
12375,c1c(nc(cn1)O)N,Nc1cncc(O)n1,4
12376,OCCC12CCCC1O2,OCCC12CCCC1O2,3
12377,N=C1COC2CC2O1,N=C1COC2CC2O1,2
12378,CC(=O)N(CC#C)C=N,C#CCN(C=N)C(C)=O,2
12379,CC1C(CCO)OC1=N,CC1C(=N)OC1CCO,1
12380,CCC(C)C1(CN1)C=O,CCC(C)C1(C=O)CN1,1
12381,CC1CC2CC3CC3C12,CC1CC2CC3CC3C12,2
12382,CC1=COC=C1C1CN1,Cc1cocc1C1CN1,2
12383,O=CCC1CCCOC1,O=CCC1CCCOC1,2
12384,OC(C=O)C1=CON=N1,O=CC(O)c1conn1,1
12385,C1C2CC3(COC3)CC12,C1C2CC3(COC3)CC12,0
12386,[O-]C(=O)C1CC11CC[NH2+]1,O=C([O-])C1CC12CC[NH2+]2,1
12387,CN(C)C(=O)C(=O)C=O,CN(C)C(=O)C(=O)C=O,3
12388,OC12C3OC1C1(CO1)C23,OC12C3OC1C1(CO1)C32,0
12389,COC12CN3C1C2C3C,COC12CN3C(C)C1C32,2
12390,Cc1ccn(n1)CC=O,Cc1ccn(CC=O)n1,2
12391,CC12OC1C1CC2C1O,CC12OC1C1CC2C1O,4
12392,OCC1=CC(O)C(=O)N1,O=C1NC(CO)=CC1O,4
12393,CCn1c(ccc1O)N,CCn1c(N)ccc1O,2
12394,NC1CC(C#N)C1C#N,N#CC1CC(N)C1C#N,0
12395,CC(C#C)C1C(C)C1C,C#CC(C)C1C(C)C1C,0
12396,CCC12OC1C=CC2=O,CCC12OC1C=CC2=O,1
12397,CC1CC=CNC(=O)O1,CC1CC=CNC(=O)O1,1
12398,CCCC(O)COC,CCCC(O)COC,3
12399,COC1CCCC(=N)O1,COC1CCCC(=N)O1,0
12400,CC(C)(C1=CCOC1)O,CC(C)(O)C1=CCOC1,4
12401,CC12CC1CC1COC21,CC12CC1CC1COC12,4
12402,CCC12CC1(C)OCO2,CCC12CC1(C)OCO2,1
12403,c1c(ocn1)N2CCC2,c1ncc(N2CCC2)o1,0
12404,OC1=NC(=N)C=CN1,N=c1cc[nH]c(O)n1,2
12405,OC12CC1CC2(O)C=O,O=CC1(O)CC2CC21O,0
12406,CN1C2C1C1(CC1)C2=O,CN1C2C(=O)C3(CC3)C21,2
12407,O=C1C2NC2C11CN1,O=C1C2NC2C12CN2,4
12408,CC1(O)C2OC(=N)C12O,CC1(O)C2OC(=N)C21O,0
12409,NC(=O)C12CCC1C2O,NC(=O)C12CCC1C2O,3
12410,N#CC12C3NC1CNC23,N#CC12C3CNC1C2N3,1
12411,C1C2OCC12N1CCC1,C1CN(C23COC2C3)C1,2
12412,CC(C)C(=O)NCCO,CC(C)C(=O)NCCO,0
12413,CCC1(C)OCCC1C,CCC1(C)OCCC1C,4
12414,COC12C3C1C1C3OC21,COC12C3OC4C3C1C42,3
12415,C1Cn2c1nc(c2O)N,Nc1nc2n(c1O)CC2,3
12416,CCOCC(O)CC=O,CCOCC(O)CC=O,3
12417,CN1C=NC(=C1)C1CO1,Cn1cnc(C2CO2)c1,0
12418,CCC(=NO)C(C)C,CCC(=NO)C(C)C,3
12419,OCC1C(O)C2COC12,OCC1C(O)C2COC12,0
12420,O=C1C2C3C2C1C3C#C,C#CC1C2C(=O)C3C1C23,2
12421,CC12COC11CN(C1)C2,CC12COC13CN(C2)C3,1
12422,CC1CC23CCC12CO3,CC1CC23CCC12CO3,2
12423,C#CC1C2CCC1CC2,C#CC1C2CCC1CC2,2
12424,CC1=CC(O)CC1,CC1=CC(O)CC1,4
12425,OC12CC3C1C2C1CN31,OC12CC3C1C2C1CN13,3
12426,CC1C2OC2C2(C)CN12,CC1C2OC2C2(C)CN12,2
12427,CN=COC(C)C#N,CN=COC(C)C#N,4
12428,CC(O)CC(C)(C)C#C,C#CC(C)(C)CC(C)O,4
12429,CCC1CCC(O)C=C1,CCC1C=CC(O)CC1,0
12430,CC1(O)CC2(C)COC12,CC1(O)CC2(C)COC12,4
12431,O=CC(=O)C1C2CC1O2,O=CC(=O)C1C2CC1O2,2
12432,Cc1cc[nH]c1C,Cc1cc[nH]c1C,3
12433,CC1=CCOCC=CC1,CC1=CCOCC=CC1,3
12434,CC12CCC1(CC#N)N2,CC12CCC1(CC#N)N2,4
12435,OCC1C2NC2C1C#N,N#CC1C(CO)C2NC12,3
12436,CC1(COC1C=O)C=O,CC1(C=O)COC1C=O,2
12437,C#Cc1c(nn[nH]1)C#C,C#Cc1nn[nH]c1C#C,4
12438,CN(C=O)C1=CCOC1,CN(C=O)C1=CCOC1,0
12439,CCC1=CC2C(O)C2C1,CCC1=CC2C(O)C2C1,3
12440,O=C1OC2CCC1NC2,O=C1OC2CCC1NC2,1
12441,Cc1ncc(o1)N2CC2,Cc1ncc(N2CC2)o1,4
12442,CCc1c(nc[nH]1)C,CCc1[nH]cnc1C,0
12443,OC1(CCC1C=O)C#N,N#CC1(O)CCC1C=O,1
12444,COCC1COC2CC12,COCC1COC2CC12,1
12445,COC(C)C(C=O)C#C,C#CC(C=O)C(C)OC,4
12446,C1CC1C12CC3C(C1)N23,C1CC1C12CC3C(C1)N32,0
12447,CCCC#CC(O)C#N,CCCC#CC(O)C#N,3
12448,CC(C)CCOC,COCCC(C)C,1
12449,c1nc(on1)C2(CC2)O,OC1(c2ncno2)CC1,4
12450,CC1=CC2OC2C11CN1,CC1=CC2OC2C12CN2,3
12451,c1c(c(no1)O)CO,OCc1conc1O,1
12452,CC(CC=O)NC=O,CC(CC=O)NC=O,2
12453,N#CC1CC2CN2C1,N#CC1CC2CN2C1,2
12454,C#CC1=CCC=CCC1,C#CC1=CCC=CCC1,1
12455,CN1CC1COCC#N,CN1CC1COCC#N,4
12456,CCC1(C)CC(O)C1=O,CCC1(C)CC(O)C1=O,0
12457,OC12CCC1=CCC2=O,O=C1CC=C2CCC12O,4
12458,CN1C2C3C1C(=O)C23O,CN1C2C(=O)C3(O)C2C13,2
12459,Cc1cccnc1OC,COc1ncccc1C,1
12460,CC1(CN1)C1NC1CO,CC1(C2NC2CO)CN1,3
12461,OC(CC#CC#N)C#C,C#CC(O)CC#CC#N,2
12462,NC(=[NH2+])C1=C([O-])N=CN1,NC(=[NH2+])c1[nH]cnc1[O-],2
12463,CC1NC2(CCC12)C#N,CC1NC2(C#N)CCC12,0
12464,CC1C2CN2CC1C=O,CC1C(C=O)CN2CC12,3
12465,COc1[nH]c(c(n1)N)N,COc1nc(N)c(N)[nH]1,2
12466,CCC1(O)C2C3CC1C23,CCC1(O)C2CC3C2C31,2
12467,C1C2CCC3OC2C13,C1CC2OC3C1CC23,0
12468,CC(=O)C12CC(O)C1O2,CC(=O)C12CC(O)C1O2,1
12469,CCCCCC1CO1,CCCCCC1CO1,4
12470,C#CC12COC(O1)C=C2,C#CC12C=CC(OC1)O2,1
12471,O=CC1OCC11CCC1,O=CC1OCC12CCC2,2
12472,CC1(OC2CC12)C#C,C#CC1(C)OC2CC21,1
12473,CC1=CCC2CC1CO2,CC1=CCC2CC1CO2,3
12474,c1c(c(n[nH]1)N)NC=O,Nc1n[nH]cc1NC=O,1
12475,C1C2N3CC22CC=CC132,C1=CC23CC4N2CC43C1,2
12476,C1C2CC=C3CC=C1C23,C1=C2CC=C3CC(C1)C23,4
12477,CC(C)OC=O,CC(C)OC=O,3
12478,CN1CC(C1)(C#N)N,CN1CC(N)(C#N)C1,3
12479,OC1(COCC=C1)C=O,O=CC1(O)C=CCOC1,4
12480,CC1C2N1C1C(C)C21C,CC1C2N1C1C(C)C21C,4
12481,CCc1cnno1,CCc1cnno1,3
12482,O=C1OC2OC1C1NC21,O=C1OC2OC1C1NC21,4
12483,CC1CC(=O)C2CC12,CC1CC(=O)C2CC12,4
12484,CC#CC1=CC(O)CC1,CC#CC1=CC(O)CC1,1
12485,CC(O)C12CC3CN1C23,CC(O)C12CC3CN1C32,1
12486,CC(C)CC1COC1=N,CC(C)CC1COC1=N,3
12487,C1C2NC11COC=NC21,C1=NC2C3CC2(CO1)N3,4
12488,CCc1ccc(o1)C#N,CCc1ccc(C#N)o1,1
12489,CC1(C)OC11CC2OC12,CC1(C)OC12CC1OC12,0
12490,OC(C1CO1)C(=O)C=O,O=CC(=O)C(O)C1CO1,1
12491,CCC1OC(C)CC1C,CCC1OC(C)CC1C,0
12492,CC1=CC2(CCC2)OC1,CC1=CC2(CCC2)OC1,1
12493,CC#CC(=NO)C1CN1,CC#CC(=NO)C1CN1,2
12494,CC(=O)c1ccccn1,CC(=O)c1ccccn1,1
12495,C#Cc1cc(oc1)CO,C#Cc1coc(CO)c1,2
12496,CCC1CC23CC(C2)C13,CCC1CC23CC(C2)C13,3
12497,CC1CCC(C)=CC1O,CC1=CC(O)C(C)CC1,3
12498,N#CC1NC2C3OC3C12,N#CC1NC2C3OC3C12,3
12499,COC1OCC(=C1)C#C,C#CC1=CC(OC)OC1,1
12500,O=C1CC2OC11COC21,O=C1CC2OC13COC23,4
12501,CC1(N)C2COC12C#N,CC1(N)C2COC21C#N,1
12502,CC12CC1C1NC21,CC12CC1C1NC12,4
12503,OC1C2CC3OCC3C12,OC1C2CC3OCC3C12,4
12504,C1C2C1C1COCC21,C1OCC2C1C1CC21,0
12505,O=C1NCC2(CO2)CO1,O=C1NCC2(CO1)CO2,1
12506,N1=C2C3C4C1C4C1C3N21,N1=C2C3C4C1C4C1C3N21,1
12507,C#CC1CC2=NC=NN12,C#CC1Cc2ncnn21,1
12508,c1c(oc(n1)N)C=O,Nc1ncc(C=O)o1,1
12509,OCCC#CC1CN1,OCCC#CC1CN1,4
12510,CC(=Nc1cn[nH]n1)N,CC(N)=Nc1cn[nH]n1,3
12511,ON=C1CC=CC1O,ON=C1CC=CC1O,1
12512,CC1C(=O)COC1=O,CC1C(=O)COC1=O,1
12513,CC12CCC1C2OC=O,CC12CCC1C2OC=O,2
12514,CN=c1c(ncn[nH]1)F,CN=c1[nH]ncnc1F,3
12515,c1c(ncc(n1)O)C#N,N#Cc1cnc(O)cn1,4
12516,CC(=O)N1CCC(O)C1,CC(=O)N1CCC(O)C1,2
12517,OC1C2C1C(=O)NC2=N,N=C1NC(=O)C2C(O)C12,3
12518,CCOc1cc(co1)N,CCOc1cc(N)co1,1
12519,OC12C3C1C1C3C21C=O,O=CC12C3C4C(C31)C42O,4
12520,CCc1coc(=O)cn1,CCc1coc(=O)cn1,2
12521,CC1COC=NCC=C1,CC1C=CCN=COC1,4
12522,CC(=NO)C1C2CC1O2,CC(=NO)C1C2CC1O2,0
12523,O=CN1C2CCC12,O=CN1C2CCC21,1
12524,CCC12NC1C1CC21,CCC12NC1C1CC12,2
12525,C1CN1CCNCC#N,N#CCNCCN1CC1,4
12526,NC1=CNN=C(F)C1=N,N=c1c(N)c[nH]nc1F,2
12527,CCC1OCC1CC#N,CCC1OCC1CC#N,3
12528,CC12COC3C4C1N4C23,CC12COC3C4C1N4C32,2
12529,CN1C(=O)CC12COC2,CN1C(=O)CC12COC2,2
12530,Cc1cc2c([nH]1)CCO2,Cc1cc2c([nH]1)CCO2,0
12531,CC1CC11CC(O1)C=O,CC1CC12CC(C=O)O2,1
12532,CCC(C)NC(=O)OC,CCC(C)NC(=O)OC,2
12533,CCCC(=O)C(=O)C,CCCC(=O)C(C)=O,2
12534,O=CC12CCC1C=CC2,O=CC12CC=CC1CC2,2
12535,O=C1OCC(C#C)C1=O,C#CC1COC(=O)C1=O,3
12536,Cc1c(n(nn1)C)CO,Cc1nnn(C)c1CO,1
12537,NC(=O)OC(CO)C#N,N#CC(CO)OC(N)=O,4
12538,CC(O)C1C2C3CN3C12,CC(O)C1C2C3CN3C12,1
12539,CC1CNCC(=O)CN1,CC1CNCC(=O)CN1,3
12540,CCCC#CCC(C)C,CCCC#CCC(C)C,1
12541,N=C1OC=NN1C=O,N=c1ocnn1C=O,4
12542,CC(C)C1C(C)C1C#N,CC(C)C1C(C)C1C#N,0
12543,OC1C2CC(O)C12C=O,O=CC12C(O)CC1C2O,2
12544,N=COC1C2C3CN2C13,N=COC1C2C3CN2C31,1
12545,CCC1CC2CC(=O)C12,CCC1CC2CC(=O)C12,0
12546,CN1C2C3CC(=O)C2C13,CN1C2C3CC(=O)C2C31,3
12547,NC1CC=CC1(N)C#N,N#CC1(N)C=CCC1N,2
12548,CC(C=O)N1C2CCC12,CC(C=O)N1C2CCC21,0
12549,CC(O)CCOC=N,CC(O)CCOC=N,2
12550,N#CC1OC2C3CC1C23,N#CC1OC2C3CC1C32,3
12551,O=C(C1CN1)C1CCO1,O=C(C1CN1)C1CCO1,0
12552,OC(CC=O)C1CN1,O=CCC(O)C1CN1,4
12553,C1CC2OC3CC1C2C3,C1CC2OC3CC1C2C3,3
12554,C1CN1C(=O)C#CC#N,N#CC#CC(=O)N1CC1,4
12555,O=C1OC2C3OC1C23,O=C1OC2C3OC1C23,2
12556,N=C1C=NOC(=N1)C#N,N#Cc1nc(=N)cno1,0
12557,CC(CO)C1(C)CC1,CC(CO)C1(C)CC1,2
12558,CN=C1NC=NCC1O,CN=C1NC=NCC1O,0
12559,C1NC11C2OC2C11CO1,C1NC12C1OC1C21CO1,2
12560,Cc1c(c[nH]n1)OC=O,Cc1n[nH]cc1OC=O,2
12561,CCNC(=O)C(C)OC,CCNC(=O)C(C)OC,4
12562,CCC12OCC1CC2C,CCC12OCC1CC2C,2
12563,CCn1c(=O)[nH]c(n1)O,CCn1nc(O)[nH]c1=O,2
12564,c1(c(nnoc1=O)N)F,Nc1nnoc(=O)c1F,2
12565,COC(=O)CCC1CN1,COC(=O)CCC1CN1,3
12566,C#CC(=O)c1[nH]ccn1,C#CC(=O)c1ncc[nH]1,2
12567,CC1CC2OC12C1CO1,CC1CC2OC12C1CO1,1
12568,OC(COC=N)C1CC1,N=COCC(O)C1CC1,1
12569,CC(C)CC1CCC1,CC(C)CC1CCC1,2
12570,N#CC12OC1CC21CN1,N#CC12OC1CC21CN1,0
12571,COC(=O)c1c[nH]cn1,COC(=O)c1c[nH]cn1,2
12572,CC1CC1C(=O)NC=N,CC1CC1C(=O)NC=N,4
12573,C#CC1=CCOCC=C1,C#CC1=CCOCC=C1,1
12574,CCC1CC=CC1(C)C,CCC1CC=CC1(C)C,1
12575,OC1=C(O)C=CC(=N)O1,N=c1ccc(O)c(O)o1,3
12576,CC(=O)C1(O)C2CCC12,CC(=O)C1(O)C2CCC21,2
12577,c1c(oc(n1)CN)C#N,N#Cc1cnc(CN)o1,4
12578,CN1C=C(CC1=O)C#N,CN1C=C(C#N)CC1=O,2
12579,OC1(COC1C#C)C=O,C#CC1OCC1(O)C=O,1
12580,C(CO)c1[nH]nc(n1)O,OCCc1nc(O)n[nH]1,4
12581,C1CC(C1)C(=O)N,NC(=O)C1CCC1,0
12582,CC1C(O)C1CCO,CC1C(O)C1CCO,3
12583,OC12CC(C1)C=C2C#N,N#CC1=CC2CC1(O)C2,3
12584,FC1=NOC(=N)C(=N)O1,N=c1onc(F)oc1=N,0
12585,C1CN1c2c(n[nH]n2)O,Oc1n[nH]nc1N1CC1,0
12586,C1CN=C2C1=CCO2,C1=C2CCN=C2OC1,2
12587,CC1CC=CC(O)C1C,CC1CC=CC(O)C1C,1
12588,CNCc1ncnnn1,CNCc1ncnnn1,3
12589,N#CC12CN3C(C=C1)C23,N#CC12C=CC3C1N3C2,0
12590,CCCC(C)(CC)OC,CCCC(C)(CC)OC,2
12591,COC(C)C(C)C=O,COC(C)C(C)C=O,1
12592,Cc1c(coc1N)CO,Cc1c(CO)coc1N,1
12593,OC1CC=C2CC=CC12,OC1CC=C2CC=CC21,4
12594,O=CN1CCC1CC#C,C#CCC1CCN1C=O,4
12595,CCC1CC2CCC1O2,CCC1CC2CCC1O2,4
12596,CC(C)(C=O)C(=O)C=O,CC(C)(C=O)C(=O)C=O,1
12597,CC1(CCC=CC1=O)C,CC1(C)CCC=CC1=O,4
12598,CCC12CCC1(C)O2,CCC12CCC1(C)O2,2
12599,CC12OCC1OCC=C2,CC12C=CCOC1CO2,4
12600,CC1COCC2CC2C1,CC1COCC2CC2C1,1
12601,OCC1CC1C(O)C#C,C#CC(O)C1CC1CO,2
12602,CN=C1ON=NC(F)=C1,CN=c1cc(F)nno1,2
12603,CN=CN1CC(O)C1=N,CN=CN1CC(O)C1=N,4
12604,CCCC(C)(O)C#CC,CC#CC(C)(O)CCC,1
12605,COCC1OC(=N)C1C,COCC1OC(=N)C1C,4
12606,CC1(CC(O1)(C)C)C,CC1(C)CC(C)(C)O1,4
12607,NC(=O)NC1CC1CO,NC(=O)NC1CC1CO,4
12608,CC1COC1C#CC=O,CC1COC1C#CC=O,4
12609,Cc1c(oc(n1)N)C#C,C#Cc1oc(N)nc1C,1
12610,NC1CC1(C#C)C#N,C#CC1(C#N)CC1N,2
12611,CC12C3COC1C(=O)N23,CC12C3OCC1N2C3=O,1
12612,O=CNC1C2C3CC2C13,O=CNC1C2C3CC2C31,3
12613,CCC12CC(O1)C(C)C2,CCC12CC(C)C(C1)O2,3
12614,C1CCC(C1)(C#N)C#N,N#CC1(C#N)CCCC1,2
12615,COc1c(cn[nH]1)N,COc1[nH]ncc1N,0
12616,CC1=CC2CC3C1CN23,CC1=CC2CC3C1CN23,0
12617,OC1CCC(CC1)C#N,N#CC1CCC(O)CC1,2
12618,CC(=O)C1(CC1)C,CC(=O)C1(C)CC1,2
12619,CN1CCn2c1ncc2,CN1CCn2ccnc21,0
12620,C1CC(=NCCO)OC1,OCCN=C1CCCO1,3
12621,Cc1cc(c([nH]1)C#N)O,Cc1cc(O)c(C#N)[nH]1,4
12622,COCC1N(C)CC1=O,COCC1C(=O)CN1C,2
12623,N#CC1CN2CCC12,N#CC1CN2CCC12,4
12624,CC1OC2CC2C1CO,CC1OC2CC2C1CO,3
12625,CC12OC1C(O)C2C#C,C#CC1C(O)C2OC12C,4
12626,CC1OC2CC2C1O,CC1OC2CC2C1O,2
12627,N=C1CC(O1)C1CCO1,N=C1CC(C2CCO2)O1,4
12628,CC1COC(OC1)C#N,CC1COC(C#N)OC1,0
12629,CCCC(=O)C(=O)NC,CCCC(=O)C(=O)NC,1
12630,O=CC1(OC1C#N)C#C,C#CC1(C=O)OC1C#N,4
12631,OC1(CC1)C1CC=CC1,OC1(C2CC=CC2)CC1,1
12632,CCC1(C)C2CCC12C,CCC1(C)C2CCC21C,3
12633,OCC12C3C4C1C4(O)C23,OCC12C3C4C1C4(O)C32,2
12634,CCC1(CO)OC1C=O,CCC1(CO)OC1C=O,4
12635,COC(CN1CC1)C#C,C#CC(CN1CC1)OC,0
12636,CCCCC1CNC1=O,CCCCC1CNC1=O,1
12637,CCC12CC1C(O2)=NC,CCC12CC1C(=NC)O2,0
12638,CC(O)C1(CC#N)CC1,CC(O)C1(CC#N)CC1,4
12639,CCC1(O)C(C)C1C#N,CCC1(O)C(C)C1C#N,2
12640,c1cc2n(c1)CCN2,c1cc2n(c1)CCN2,0
12641,COC12CC3C1N3CC2,COC12CCN3C(C1)C32,0
12642,CC(O)C(C)CC#C,C#CCC(C)C(C)O,4
12643,OC12CC(C1)CC=CC2,OC12CC=CCC(C1)C2,1
12644,CC(=NC)OCC1CC1,CN=C(C)OCC1CC1,3
12645,C#CC12OC3C=CC1C23,C#CC12OC3C=CC1C32,2
12646,C1C2C3CCC4OC2C134,C1CC2C3CC24C1OC34,3
12647,O=CN1C2COC2C1=O,O=CN1C(=O)C2OCC21,1
12648,O=C1CCC(NC1)C#N,N#CC1CCC(=O)CN1,4
12649,CC1C=CC2OCC1O2,CC1C=CC2OCC1O2,4
12650,CN1CC(C1)(CC#N)N,CN1CC(N)(CC#N)C1,2
12651,CC12CC(O)(C=C1)C=C2,CC12C=CC(O)(C=C1)C2,3
12652,C(C=O)C(=N)OCC#N,N#CCOC(=N)CC=O,1
12653,COC1(C)CC=CC1C,COC1(C)CC=CC1C,3
12654,CCC(C)C1CC1C#C,C#CC1CC1C(C)CC,3
12655,c1nc(no1)NCC#N,N#CCNc1ncon1,0
12656,Cn1ccc(=O)nc1,Cn1ccc(=O)nc1,4
12657,CC1CN2N=NC=C2O1,CC1Cn2nncc2O1,0
12658,O=C1CCC1CCC#N,N#CCCC1CCC1=O,3
12659,CC1C2OC3CN(C3)C12,CC1C2OC3CN(C3)C12,4
12660,OC1(COC(=O)C1)C=O,O=CC1(O)COC(=O)C1,2
12661,OCC1C2CC1CC2,OCC1C2CCC1C2,0
12662,CC(OC=O)C1CC1,CC(OC=O)C1CC1,3
12663,CC#CC(C)OC=O,CC#CC(C)OC=O,2
12664,OC1CC2(O)CC1C2=O,O=C1C2CC1(O)CC2O,1
12665,CC#CCOC1CC1O,CC#CCOC1CC1O,1
12666,OC12CC3C1CN3C2,OC12CC3C1CN3C2,2
12667,CCC(C)CCC#CC,CC#CCCC(C)CC,2
12668,CC1CCC1C1CC1O,CC1CCC1C1CC1O,0
12669,CCNc1cnccn1,CCNc1cnccn1,4
12670,C12C3C4C5C(C1N25)N34,C12C3C4C5C(C1N54)N23,2
12671,OC1CC2OC3C(O2)C13,OC1CC2OC3C(O2)C13,4
12672,OC(C#N)C1=NCCO1,N#CC(O)C1=NCCO1,0
12673,C#CC12CC3=CCN1C23,C#CC12CC3=CCN1C32,4
12674,C1C=Cc2c1[nH]c(n2)O,Oc1nc2c([nH]1)CC=C2,4
12675,OC1CC2CC(O2)C1O,OC1CC2CC(O2)C1O,4
12676,OC1COC(OC1)C#N,N#CC1OCC(O)CO1,4
12677,OCC1CC2CC12C=O,O=CC12CC1CC2CO,2
12678,CNc1nc([nH]n1)C#N,CNc1n[nH]c(C#N)n1,4
12679,Cc1conc1N(C)C,Cc1conc1N(C)C,4
12680,OC1C2C=CCC12C#C,C#CC12CC=CC1C2O,4
12681,O=CN1C2CC(=O)CC12,O=CN1C2CC(=O)CC21,4
12682,CNc1coc(n1)C#C,C#Cc1nc(NC)co1,3
12683,OC1CC1C12CC1OC2,OC1CC1C12COC1C2,2
12684,CCC12OC1C1OC21,CCC12OC1C1OC12,0
12685,CC(C=O)C1CC1(C)O,CC(C=O)C1CC1(C)O,3
12686,C1OC11CCC2CN2C1,C1CC2(CO2)CN2CC12,4
12687,CNC1C(OC1=O)C=O,CNC1C(=O)OC1C=O,4
12688,Cc1cn(ncc1=O)C,Cc1cn(C)ncc1=O,2
12689,[O-]C(=O)CC[NH2+]CC=O,O=CC[NH2+]CCC(=O)[O-],4
12690,CC(CO)C(C)C(N)=O,CC(CO)C(C)C(N)=O,0
12691,ON=C1CC=CC(O)C1,ON=C1CC=CC(O)C1,2
12692,CC(CCO)(C=O)C=O,CC(C=O)(C=O)CCO,1
12693,CC1=C2COC2(C)CC1,CC1=C2COC2(C)CC1,4
12694,CC(C)Cc1ncco1,CC(C)Cc1ncco1,2
12695,CCCNCC(=O)C#N,CCCNCC(=O)C#N,2
12696,CC1C2CN1C2(C)C#C,C#CC1(C)C2CN1C2C,0
12697,C1C=CC(=CCO1)C=O,O=CC1=CCOCC=C1,1
12698,O=CN1CC(=O)C2CC12,O=CN1CC(=O)C2CC21,0
12699,CCC1CC2(CO)OC12,CCC1CC2(CO)OC12,4
12700,OCC1CN1CC1CO1,OCC1CN1CC1CO1,3
12701,COCC1(C)CC1OC,COCC1(C)CC1OC,3
12702,CC(CC#C)OC(C)=O,C#CCC(C)OC(C)=O,4
12703,CC(=O)NC(=O)CCO,CC(=O)NC(=O)CCO,2
12704,CC12CN1CCC2(C)C,CC1(C)CCN2CC21C,0
12705,CC#Cc1[nH]c(=O)[nH]n1,CC#Cc1n[nH]c(=O)[nH]1,1
12706,CC(O)C1CC2(C)OC12,CC(O)C1CC2(C)OC12,4
12707,CC1C2CC(C)=CC1O2,CC1=CC2OC(C1)C2C,2
12708,CC1(CC2CN2C1)C=O,CC1(C=O)CC2CN2C1,1
12709,CC1(C)N2C3CC3C12C,CC1(C)N2C3CC3C21C,1
12710,O=CC1CN2CC=CC12,O=CC1CN2CC=CC12,4
12711,CC1CC(=O)NC(=O)N1,CC1CC(=O)NC(=O)N1,4
12712,CC12OC3C1C2N=C3N,CC12OC3C(N)=NC1C32,1
12713,N#CCC1C2CC=CC12,N#CCC1C2C=CCC21,3
12714,OC12CC3COC(C1)C23,OC12CC3COC(C1)C32,0
12715,NC1=NCC2OCC12O,NC1=NCC2OCC12O,4
12716,CC1(C)C2C1C1CC2C1,CC1(C)C2C3CC(C3)C21,1
12717,CC1COCC(=O)N1C,CC1COCC(=O)N1C,3
12718,[O-]C(=O)C1CCCC[NH2+]1,O=C([O-])C1CCCC[NH2+]1,1
12719,OC1C2COC1C21CC1,OC1C2COC1C21CC1,3
12720,COCC12C3CN1CC23,COCC12C3CN1CC32,0
12721,CC12C=CC3(O)CN1C23,CC12C=CC3(O)CN1C32,1
12722,CC1C2NC(C1O)C2=O,CC1C2NC(C2=O)C1O,4
12723,CC1NC1CC(N)C#N,CC1NC1CC(N)C#N,4
12724,CC1(CCO)CC1C#C,C#CC1CC1(C)CCO,1
12725,OC1C(O)C2(CO2)C1=O,O=C1C(O)C(O)C12CO2,0
12726,OC12C3NC1C(=O)C23,O=C1C2NC3C1C23O,2
12727,FC1=CC(=N)C(F)=NO1,N=c1cc(F)onc1F,3
12728,COCC1CC1CC#N,COCC1CC1CC#N,4
12729,COC1CCCOC1C,COC1CCCOC1C,1
12730,C1C2OC3OC(C=C3)C12,C1=CC2OC1OC1CC21,0
12731,OCC1CCCO1,OCC1CCCO1,0
12732,CCC(C)N1C=CC=C1,CCC(C)n1cccc1,4
12733,NC(C#C)(C#N)C1CN1,C#CC(N)(C#N)C1CN1,2
12734,CCC1CC2CCC=C12,CCC1CC2CCC=C12,1
12735,CCCN(CC#N)C=O,CCCN(C=O)CC#N,2
12736,CC(O)C(C)(C=O)C=O,CC(O)C(C)(C=O)C=O,0
12737,CC12CC(CO)CC1N2,CC12CC(CO)CC1N2,0
12738,CC(C(N)=O)C(=O)C#C,C#CC(=O)C(C)C(N)=O,1
12739,CC1OCC11CN1,CC1OCC12CN2,1
12740,CCC(NCC#C)C#N,C#CCNC(C#N)CC,3
12741,O=C1CC(NC=C1)C#C,C#CC1CC(=O)C=CN1,4
12742,OC1CC=CC1O,OC1C=CCC1O,4
12743,CC1(NCCC1=O)C=O,CC1(C=O)NCCC1=O,4
12744,CC(C)C12CC1C1NC21,CC(C)C12CC1C1NC12,0
12745,CC1C2CC(CCO)C12,CC1C2CC(CCO)C12,1
12746,CC12CC1(C)C1(C)NC21,CC12CC1(C)C1(C)NC21,1
12747,COC(=O)C1OC2CC12,COC(=O)C1OC2CC21,3
12748,O=C1CC2(CC#C)OC12,C#CCC12CC(=O)C1O2,1
12749,CC12NC1C1NC21C#N,CC12NC1C1NC12C#N,4
12750,NC(=O)C1(N)CN2CC12,NC(=O)C1(N)CN2CC21,0
12751,OC1CN2C3COC1C23,OC1CN2C3COC1C32,4
12752,CCC(O)C(C)(O)C=O,CCC(O)C(C)(O)C=O,2
12753,OCC(C=O)C#N,N#CC(C=O)CO,1
12754,O=C1CC2CC12,O=C1CC2CC12,1
12755,CC1=CC2C(C1)N2C=O,CC1=CC2C(C1)N2C=O,4
12756,CC1=CC(=N)OC=C1N,Cc1cc(=N)occ1N,4
12757,CC1C2C3CCC2(O)C13,CC1C2C3CCC2(O)C13,0
12758,CC(CC(O)C=O)C#C,C#CC(C)CC(O)C=O,1
12759,CC12COCC1CCO2,CC12COCC1CCO2,0
12760,OC1CC23OCC2OC13,OC1CC23OCC2OC13,2
12761,CCC(NC(C)C)C#N,CCC(C#N)NC(C)C,1
12762,CCCC(C)(C#C)C#N,C#CC(C)(C#N)CCC,0
12763,CC1(CC2CC12)N1CC1,CC1(N2CC2)CC2CC21,4
12764,CC1(CC#N)C2CCC12,CC1(CC#N)C2CCC21,0
12765,CCOC(=O)C(=O)N,CCOC(=O)C(N)=O,4
12766,CCOC(CC)C(C)O,CCOC(CC)C(C)O,3
12767,C1OC1C1=CN=NO1,c1nnoc1C1CO1,3
12768,[NH3+]CC(C1CO1)C([O-])=O,[NH3+]CC(C(=O)[O-])C1CO1,2
12769,CN1CC(O)CCC1=O,CN1CC(O)CCC1=O,0
12770,CC1=CCC2(CO2)C1O,CC1=CCC2(CO2)C1O,3
12771,CC1C2C3C4N2C1C34C,CC1C2C3C4N2C1C34C,2
12772,O=CNC1COC1C=O,O=CNC1COC1C=O,2
12773,C1CC23COCC2CC13,C1CC23COCC2CC13,2
12774,CC(C([NH3+])CO)C([O-])=O,CC(C(=O)[O-])C([NH3+])CO,1
12775,CCNC(=NC)C(=O)N,CCNC(=NC)C(N)=O,0
12776,CC12COCC1(N2)C=O,CC12COCC1(C=O)N2,0
12777,CC1=CC2CCC2C1,CC1=CC2CCC2C1,3
12778,CC#CC1CCC(=O)C1,CC#CC1CCC(=O)C1,2
12779,CC12CN3C1CC(O)C23,CC12CN3C1CC(O)C32,2
12780,O=C1CNC(C1)C1CO1,O=C1CNC(C2CO2)C1,0
12781,CC1([NH2+]CC1O)C([O-])=O,CC1(C(=O)[O-])[NH2+]CC1O,4
12782,C#CCN1CC(=O)C1,C#CCN1CC(=O)C1,4
12783,C1C2(CO1)COC=N2,C1=NC2(CO1)COC2,4
12784,CCC12COC3C1CC23,CCC12COC3C1CC32,4
12785,C#Cc1ccoc1C#C,C#Cc1ccoc1C#C,1
12786,c1c2n(cn1)C=CC2=O,O=C1C=Cn2cncc21,0
12787,CC1CC2N(C)C12C=O,CC1CC2N(C)C12C=O,2
12788,OCCC1CC1(O)C#N,N#CC1(O)CC1CCO,3
12789,C1CC2C3C4OC3C24C1,C1CC2C3C4OC3C24C1,3
12790,COCCC1(C)OC1C,COCCC1(C)OC1C,4
12791,COCC(C)C(=N)OC,COCC(C)C(=N)OC,3
12792,CCC12CC1C1CC1O2,CCC12CC1C1CC1O2,0
12793,Cc1cc(cnc1)C#N,Cc1cncc(C#N)c1,0
12794,CC12CC3(C=O)C1CC23,CC12CC3(C=O)C1CC23,4
12795,C#CCCC1OCCO1,C#CCCC1OCCO1,1
12796,CNC(CO)C(=O)C#N,CNC(CO)C(=O)C#N,0
12797,OC12CC1C1OC2C1=O,O=C1C2OC1C1(O)CC21,0
12798,CCC1(C)C(C)C1CO,CCC1(C)C(C)C1CO,3
12799,CC(O)C1OCCC1C,CC(O)C1OCCC1C,0
12800,COC12CC1C1NC1C2,COC12CC3NC3C1C2,0
12801,C1NC1C1OCC11CN1,C1NC1C1OCC12CN2,1
12802,COCC1CC1C(C)C,COCC1CC1C(C)C,3
12803,OC1C2OCC3OC3C12,OC1C2OCC3OC3C12,4
12804,CN1CC11COCC1O,CN1CC12COCC2O,1
12805,CC1CC(C)OC(=O)O1,CC1CC(C)OC(=O)O1,2
12806,CC1(NC=O)C2CCC12,CC1(NC=O)C2CCC21,1
12807,CC1(O)C2CC(=O)C12O,CC1(O)C2CC(=O)C21O,1
12808,CNc1c(con1)N,CNc1nocc1N,2
12809,CC1=C(C#N)C2CN2C1,CC1=C(C#N)C2CN2C1,3
12810,O=CCC#CC1CO1,O=CCC#CC1CO1,0
12811,CC12C=CC3(C)OC1C23,CC12C=CC3(C)C(O1)C23,4
12812,CC(OC1(C)CC1)C#C,C#CC(C)OC1(C)CC1,1
12813,CC#CC1CC(=O)O1,CC#CC1CC(=O)O1,3
12814,CC1N(C)C2C(O)C12O,CC1N(C)C2C(O)C12O,0
12815,CCNc1c(nco1)O,CCNc1ocnc1O,0
12816,CCC(CC)C#CC=O,CCC(C#CC=O)CC,0
12817,C1CC12CC=CN2C=O,O=CN1C=CCC12CC2,0
12818,Cn1c(c([nH]c1=O)N)N,Cn1c(N)c(N)[nH]c1=O,1
12819,CCC1CC1(C)OC,CCC1CC1(C)OC,3
12820,CC1CC11CCCCO1,CC1CC12CCCCO2,1
12821,CC1C2N(C)C1C21CN1,CC1C2N(C)C1C21CN1,2
12822,CC12CC1C(=O)COC2,CC12COCC(=O)C1C2,3
12823,C#CC12CCC1COC2,C#CC12CCC1COC2,2
12824,CC(C)Oc1ncon1,CC(C)Oc1ncon1,4
12825,CN1C=CCC(=O)C1=N,CN1C=CCC(=O)C1=N,0
12826,CC12COC1C2C=O,CC12COC1C2C=O,4
12827,N=C1N=CN=CNC1=O,N=c1ncnc[nH]c1=O,1
12828,CCc1cc(n[nH]1)NC,CCc1cc(NC)n[nH]1,0
12829,CC1C2C(C=O)C(=O)N12,CC1C2C(C=O)C(=O)N12,4
12830,CC(CCC=O)C1CO1,CC(CCC=O)C1CO1,4
12831,CCC(C)OCCC=O,CCC(C)OCCC=O,4
12832,CCC(CC#N)OC=N,CCC(CC#N)OC=N,2
12833,CC(=NO)C1CCC1,CC(=NO)C1CCC1,1
12834,CC(=NC)OC,CN=C(C)OC,1
12835,Cc1cnnn1C=O,Cc1cnnn1C=O,0
12836,CC1=CC(=O)C(C)(O)C1,CC1=CC(=O)C(C)(O)C1,2
12837,CC1=CC2CCC1(C)C2,CC1=CC2CCC1(C)C2,0
12838,CCC(=NO)C1(C)CN1,CCC(=NO)C1(C)CN1,1
12839,C(=O)c1c(non1)C#N,N#Cc1nonc1C=O,3
12840,COc1c[nH]c(n1)OC,COc1c[nH]c(OC)n1,2
12841,O=C1OC23COC2C1C3,O=C1OC23COC2C1C3,0
12842,CC12NC=NC1CC2=O,CC12NC=NC1CC2=O,1
12843,CNC(C)(CC#N)C=O,CNC(C)(C=O)CC#N,4
12844,COC(C=O)C(F)(F)F,COC(C=O)C(F)(F)F,1
12845,NC1C2CN3C2C13C#N,N#CC12C(N)C3CN1C32,3
12846,CC(C#C)C1CCC1,C#CC(C)C1CCC1,0
12847,CC1C2CCC(C)CC12,CC1CCC2C(C)C2C1,3
12848,COCCCOC(=O)N,COCCCOC(N)=O,1
12849,c1c2n(nn1)CCNC2,c1nnn2c1CNCC2,4
12850,OC1CCNC(=O)C1=O,O=C1NCCC(O)C1=O,2
12851,O=C1CC2CCOC1O2,O=C1CC2CCOC1O2,3
12852,O=CCC12CC3CC1N23,O=CCC12CC3CC1N32,3
12853,CN=C1NC=COC1=N,CN=c1[nH]ccoc1=N,3
12854,CCC1(C)CC1C1CO1,CCC1(C)CC1C1CO1,4
12855,C1OCC23OC=NC2C13,C1=NC2C3COCC32O1,3
12856,CCN1C=C(CC1=O)C,CCN1C=C(C)CC1=O,0
12857,CC1C2C(O)C2C2CN12,CC1C2C(O)C2C2CN12,1
12858,CC1C=C(C)C2OC12C,CC1=CC(C)C2(C)OC12,4
12859,OCC1C2C3CN2C13,OCC1C2C3CN2C13,4
12860,c1c(cn[nH]1)NC(=O)N,NC(=O)Nc1cn[nH]c1,2
12861,O=CC12OC3C=CC1C23,O=CC12OC3C=CC1C32,2
12862,CCC(O)C(C)COC,CCC(O)C(C)COC,2
12863,CCCOC(=O)CO,CCCOC(=O)CO,2
12864,CC(C)Nc1n[nH]nn1,CC(C)Nc1nn[nH]n1,0
12865,OC(C#C)C1NCC1=O,C#CC(O)C1NCC1=O,3
12866,CC(C)OC=NC,CN=COC(C)C,2
12867,CC1C2C(N)C(C#N)N12,CC1C2C(N)C(C#N)N12,1
12868,CC1CC(C)CC(O)C1,CC1CC(C)CC(O)C1,3
12869,CC1CC(CCO1)C=O,CC1CC(C=O)CCO1,4
12870,OCC(O)C1=CNC=C1,OCC(O)c1cc[nH]c1,1
12871,CC1=CC2CC2OC1=N,CC1=CC2CC2OC1=N,3
12872,CC1CC2(C=O)C1N2C,CC1CC2(C=O)C1N2C,4
12873,COC1CC2(C)OC12,COC1CC2(C)OC12,2
12874,CCC1NCC(=O)C1O,CCC1NCC(=O)C1O,2
12875,CC1=CC2OC1C=C2,CC1=CC2C=CC1O2,2
12876,C1COCC(=NO)C=C1,ON=C1C=CCCOC1,0
12877,OC1(CC=O)CC2CC12,O=CCC1(O)CC2CC21,3
12878,OC1C(O)C1C(=O)C=O,O=CC(=O)C1C(O)C1O,3
12879,O=CCC1NC(=O)C=C1,O=CCC1C=CC(=O)N1,4
12880,NC(=O)C1CCC1=O,NC(=O)C1CCC1=O,1
12881,COC1C2OC(C)C12,COC1C2OC(C)C12,3
12882,CC1COCC(=O)OC1,CC1COCC(=O)OC1,0
12883,OC(CC#CC=O)C=O,O=CC#CCC(O)C=O,0
12884,C1OC11C=CC2OCC12,C1=CC2(CO2)C2COC12,2
12885,CNC1=CC(=O)OCC1,CNC1=CC(=O)OCC1,3
12886,COCCCC#CC#N,COCCCC#CC#N,3
12887,CN=C1OC=C(O)C=C1,CN=c1ccc(O)co1,0
12888,C(CC(=O)C#N)C#N,N#CCCC(=O)C#N,0
12889,CC1C2CCC1(C)C2C,CC1C2CCC1(C)C2C,3
12890,CCOCC(=O)N(C)C,CCOCC(=O)N(C)C,3
12891,NC1=CC(O)=NC(=N)O1,N=c1nc(O)cc(N)o1,2
12892,OCC1(CCCN1)C#N,N#CC1(CO)CCCN1,0
12893,CCN=C1OCC1C#N,CCN=C1OCC1C#N,2
12894,CC1CC2OCC=C12,CC1CC2OCC=C12,0
12895,CC1=CC(OC=N)=NN1,Cc1cc(OC=N)n[nH]1,0
12896,OC1CN(CC1O)C=O,O=CN1CC(O)C(O)C1,4
12897,Cc1cnoc(=O)c1F,Cc1cnoc(=O)c1F,2
12898,CC(=O)CCC(=O)C#N,CC(=O)CCC(=O)C#N,1
12899,COc1nc(co1)C#C,C#Cc1coc(OC)n1,2
12900,CC1CC2C3CC2(C1)O3,CC1CC2C3CC2(C1)O3,4
12901,CC12CC(=O)C(O)C1N2,CC12CC(=O)C(O)C1N2,3
12902,CC1CC(=O)C11CN1,CC1CC(=O)C12CN2,3
12903,CC1CC1(C)CC(N)=O,CC1CC1(C)CC(N)=O,3
12904,N#CC12CC3C1CN23,N#CC12CC3C1CN32,3
12905,C1CC(C1)N(C=N)C=O,N=CN(C=O)C1CCC1,1
12906,CCN1C2CC1C2O,CCN1C2CC1C2O,3
12907,COCC1(C)CC1(C)C,COCC1(C)CC1(C)C,3
12908,OCC1=COC(=N)C=N1,N=c1cnc(CO)co1,4
12909,C(=O)n1c(=O)[nH]nn1,O=Cn1nn[nH]c1=O,3
12910,O=C(CC1CO1)C1CO1,O=C(CC1CO1)C1CO1,4
12911,N#CC12CC3CC1C23,N#CC12CC3CC1C32,2
12912,CCOC(=N)CC1CN1,CCOC(=N)CC1CN1,3
12913,N=COC1CCOC1,N=COC1CCOC1,0
12914,OC(CC=O)C1COC1,O=CCC(O)C1COC1,3
12915,CC12CCC(=O)CC1O2,CC12CCC(=O)CC1O2,2
12916,CCC(C)C#CC(N)=O,CCC(C)C#CC(N)=O,1
12917,CC12C3C4OC(=NC14)N23,CC12C3N=C4OC3C1N42,0
12918,COC1CCC(C=O)=C1,COC1C=C(C=O)CC1,3
12919,FC1=C(F)C(=N)C=CO1,N=c1ccoc(F)c1F,1
12920,CC12C(NC1=O)C2C=O,CC12C(=O)NC1C2C=O,2
12921,CC(C)C1=CC(O)CC1,CC(C)C1=CC(O)CC1,0
12922,C#CCC#CCCCO,C#CCC#CCCCO,0
12923,CC1=CC2NC2CC=C1,CC1=CC2NC2CC=C1,0
12924,C1C2NC2C2=CON=C12,c1onc2c1C1NC1C2,4
12925,COC(C#CC)C(C)O,CC#CC(OC)C(C)O,1
12926,CC12CC3(C)N=CN1C23,CC12CC3(C)C1N3C=N2,1
12927,OC1CC2(OCC12)C#C,C#CC12CC(O)C1CO2,1
12928,CC1=CC(=CN1)C1CN1,Cc1cc(C2CN2)c[nH]1,0
12929,CC1[NH2+]C(C)C1C([O-])=O,CC1[NH2+]C(C)C1C(=O)[O-],2
12930,COC1CC2(CC12)C#N,COC1CC2(C#N)CC12,2
12931,CC1(C)OC2CC1C2=O,CC1(C)OC2CC1C2=O,4
12932,O=CNC1C2CC2C1=O,O=CNC1C(=O)C2CC21,1
12933,CC1CCC2CC3C2C13,CC1CCC2CC3C1C23,2
12934,CC(O)C1CC(=O)CO1,CC(O)C1CC(=O)CO1,3
12935,OC12C=CCC1N1CC21,OC12C=CCC1N1CC12,2
12936,c1c(ncc(n1)N)CO,Nc1cnc(CO)cn1,1
12937,NC(=O)C1CN=C(N)O1,NC(=O)C1CN=C(N)O1,3
12938,CC1NCC(=O)CC=C1,CC1C=CCC(=O)CN1,2
12939,OC12CNC1C2(O)C=O,O=CC1(O)C2NCC21O,4
12940,CCC1C(O)C2CC12O,CCC1C(O)C2CC12O,2
12941,CC1CC11COC1CO,CC1CC12COC2CO,3
12942,C1CC1C1C2C3NC3C12,C1CC1C1C2C3NC3C12,4
12943,OC1(C#C)C2C3CC1C23,C#CC1(O)C2CC3C2C31,1
12944,OCC1CC11CCC1=O,O=C1CCC12CC2CO,2
12945,C#CC1=CC2C3CN2C13,C#CC1=CC2C3CN2C13,3
12946,[O-]C1=CC(=[NH2+])NC=C1,[NH2+]=c1cc([O-])cc[nH]1,1
12947,CC1OC1C1=NON=C1,CC1OC1c1cnon1,1
12948,CC(=O)C1(CC#N)CO1,CC(=O)C1(CC#N)CO1,1
12949,CC1COC(O1)C(N)=N,CC1COC(C(=N)N)O1,2
12950,C#Cc1nc(on1)CN,C#Cc1noc(CN)n1,3
12951,CCC1CC1(CO)C#N,CCC1CC1(C#N)CO,2
12952,CC(COCCO)C#C,C#CC(C)COCCO,4
12953,OC1C=CCCC1C#C,C#CC1CCC=CC1O,0
12954,CNc1c(ocn1)C#C,C#Cc1ocnc1NC,0
12955,CC1C(C#N)C2CN12,CC1C(C#N)C2CN12,0
12956,OC1C2N3CC2(C=O)C13,O=CC12CN3C1C(O)C32,0
12957,OCC1(OCC=C1)C#C,C#CC1(CO)C=CCO1,2
12958,N=C1NC(=O)CCC1=O,N=C1NC(=O)CCC1=O,3
12959,C#CC12CN3CC(N1)C23,C#CC12CN3CC(N1)C32,2
12960,C1C2OC1C1CC2CO1,C1OC2CC1C1CC2O1,3
12961,CC1CC2CC1C(C)=C2,CC1=CC2CC(C)C1C2,0
12962,CCNc1cccnc1,CCNc1cccnc1,3
12963,OC1(CC#N)C2COC12,N#CCC1(O)C2COC21,3
12964,CC(CC1C[NH2+]1)C([O-])=O,CC(CC1C[NH2+]1)C(=O)[O-],2
12965,CC1OC11C(C)OC1=O,CC1OC(=O)C12OC2C,2
12966,O=CCC1C2N1CC2=O,O=CCC1C2C(=O)CN12,0
12967,CC(CO)OC1CCC1,CC(CO)OC1CCC1,3
12968,OC12C3OCC1COC23,OC12C3COC1C2OC3,0
12969,CC12NC1C1NC21C=O,CC12NC1C1NC12C=O,2
12970,CCOC12C3CC1CC23,CCOC12C3CC1C2C3,2
12971,NC(=N)NC(=O)C1CO1,N=C(N)NC(=O)C1CO1,1
12972,OCC12CC3C1CCC23,OCC12CC3C1CCC32,1
12973,CC1C2C3C2C2OC3C12,CC1C2C3OC2C2C1C32,1
12974,CC1CCC(=O)C(C)N1,CC1CCC(=O)C(C)N1,2
12975,CC1(O)CNC1(C)C=O,CC1(O)CNC1(C)C=O,2
12976,CC1CCCC2CC1O2,CC1CCCC2CC1O2,4
12977,CC1CC23OC(C12)C3=O,CC1CC23OC(C2=O)C13,0
12978,CC1C2NC(C#N)C12N,CC1C2NC(C#N)C12N,1
12979,C1OC23C=CC4C2OC134,C1=CC23OCC24OC3C14,1
12980,C1C2OC1C1CCCC21,C1CC2C3CC(O3)C2C1,1
12981,CC1C2CCC12C#C,C#CC12CCC1C2C,2
12982,CC(=O)C12CC1OC2=N,CC(=O)C12CC1OC2=N,4
12983,C1CNC(=O)C=C1CO,O=C1C=C(CO)CCN1,1
12984,CCCCC1C(O)C1O,CCCCC1C(O)C1O,0
12985,CCc1c(nco1)N,CCc1ocnc1N,1
12986,CC1CC2C3CC2(O)C13,CC1CC2C3CC2(O)C13,1
12987,Cc1c[nH]c(c1C=O)N,Cc1c[nH]c(N)c1C=O,4
12988,CC1CC2OC2C1=NO,CC1CC2OC2C1=NO,2
12989,COC1(C)CC=CC1=O,COC1(C)CC=CC1=O,2
12990,OC12CC3C1C2C31CN1,OC12CC3C1C2C31CN1,3
12991,Cc1coc(c1C)C=O,Cc1coc(C=O)c1C,2
12992,CN1CC11CC2OC12C,CN1CC12CC1OC12C,1
12993,CC(CO)CCCO,CC(CO)CCCO,0
12994,CC1OCC2(O)CC12,CC1OCC2(O)CC12,4
12995,CC1C2CC3C=CC1C23,CC1C2C=CC3CC1C32,2
12996,O=C1CC=CC2CC12,O=C1CC=CC2CC12,2
12997,O=C1NCCC2CC2N1,O=C1NCCC2CC2N1,3
12998,CC1OCC2=C1ON=N2,CC1OCc2nnoc21,1
12999,CC1CC2OC1C2(C)C,CC1CC2OC1C2(C)C,2
13000,CN1C2C3CC2C13C#C,C#CC12C3CC1C3N2C,2
13001,CCC1=NON=CC1=N,CCc1noncc1=N,2
13002,CC(C)C(C)C(O)C#N,CC(C)C(C)C(O)C#N,2
13003,OC1C(=O)OC11CCC1,O=C1OC2(CCC2)C1O,0
13004,CC(O)C1OC1(C)C=O,CC(O)C1OC1(C)C=O,3
13005,CCCC1(CCC1)CC,CCCC1(CC)CCC1,1
13006,N#CCC1CCC2OC12,N#CCC1CCC2OC12,4
13007,CC12C3OC(C13)C2(C)O,CC1(O)C2OC3C2C31C,3
13008,CC(C)C1OC1CO,CC(C)C1OC1CO,3
13009,c1c(cc(cc1N)F)N,Nc1cc(N)cc(F)c1,0
13010,CCNCC(O)C#N,CCNCC(O)C#N,4
13011,C1CC12CC(=O)NC=N2,O=C1CC2(CC2)N=CN1,3
13012,O=CN1C2CC3CC1C23,O=CN1C2CC3CC1C32,1
13013,O=CC1CCOC1C#C,C#CC1OCCC1C=O,2
13014,CCC1(O)C2CCOC12,CCC1(O)C2CCOC21,3
13015,O=C1C2C3CC1(C#C)C23,C#CC12CC3C(C1=O)C32,4
13016,CC1OC1(C=O)C=O,CC1OC1(C=O)C=O,2
13017,CC(C)C(=O)C1(CC1)O,CC(C)C(=O)C1(O)CC1,0
13018,OC1C(O)C1(O)C1CC1,OC1C(O)C1(O)C1CC1,2
13019,CNc1noc(=NC)o1,CN=c1onc(NC)o1,2
13020,CC1NC(=O)C1(C)C=O,CC1NC(=O)C1(C)C=O,3
13021,COCC1N=COC1C,COCC1N=COC1C,2
13022,OCC1=CC2C(O)C2C1,OCC1=CC2C(O)C2C1,4
13023,NC1=C(NC=N1)C1CN1,Nc1nc[nH]c1C1CN1,3
13024,CN=C1OC=CC=C1O,CN=c1occcc1O,3
13025,CC(O)C1=CC(C)=NN1,Cc1cc(C(C)O)[nH]n1,2
13026,C1CC(C1)NC(=O)CO,O=C(CO)NC1CCC1,3
13027,OCCC(=O)C(O)CO,O=C(CCO)C(O)CO,1
13028,CC12OC3C1NC23CO,CC12OC3C1NC32CO,4
13029,CC(C)C1C(C)C1O,CC(C)C1C(C)C1O,3
13030,c1c([nH]nc1O)NC=O,O=CNc1cc(O)n[nH]1,0
13031,CC(O)C1=NNC(N)=N1,CC(O)c1n[nH]c(N)n1,4
13032,O=CC(=O)C1NC1C#C,C#CC1NC1C(=O)C=O,2
13033,c1c(c[nH]c1N)C2CC2,Nc1cc(C2CC2)c[nH]1,2
13034,OCCC(NC=O)C#N,N#CC(CCO)NC=O,1
13035,OC12CC1CC21CO1,OC12CC1CC21CO1,2
13036,Cc1c(ncnc1N)N,Cc1c(N)ncnc1N,2
13037,CN1C2C3(C)CC1C23C,CN1C2CC3(C)C1C23C,0
13038,CC1CC11C(O)C2CN12,CC1CC12C(O)C1CN12,2
13039,OC1CC1C1=CC=NN1,OC1CC1c1ccn[nH]1,4
13040,C1OC2C3OC3C2=C1,C1=C2C(OC1)C1OC21,3
13041,C1CN(C1=O)CC(=O)N,NC(=O)CN1CCC1=O,4
13042,CCCC(=O)C(O)C#C,C#CC(O)C(=O)CCC,1
13043,CCC1(C)OCC(C)O1,CCC1(C)OCC(C)O1,1
13044,CN1CC1(CC=O)C#N,CN1CC1(C#N)CC=O,1
13045,CCC(CO)C#CC#C,C#CC#CC(CC)CO,3
13046,CC1NCCCC1=O,CC1NCCCC1=O,1
13047,c1ccncocnc1,c1ccncocnc1,0
13048,NC1=NOC(=O)NC1=N,N=c1[nH]c(=O)onc1N,2
13049,CC1OCC2C3OC3C12,CC1OCC2C3OC3C12,3
13050,COC1C2CC=CC12O,COC1C2CC=CC21O,4
13051,CC1C=CC(=O)N1C=N,CC1C=CC(=O)N1C=N,2
13052,CC1OC23CC(C)(C2)C13,CC1OC23CC(C)(C2)C13,2
13053,CNc1[nH]c(=O)[nH]n1,CNc1n[nH]c(=O)[nH]1,3
13054,CC12OC3C1C2CC3=O,CC12OC3C(=O)CC1C32,2
13055,C1CC2C3CCOC23C1,C1CC2C3CCOC23C1,3
13056,CC1=CCCC1CC#C,C#CCC1CCC=C1C,4
13057,CN=C1OC2C(C)NC12,CN=C1OC2C(C)NC12,1
13058,CC1=CCCC(=N)OC1,CC1=CCCC(=N)OC1,1
13059,C#CC1NC1C1CCO1,C#CC1NC1C1CCO1,4
13060,CC(=NO)C#CC1CO1,CC(C#CC1CO1)=NO,1
13061,NC(=O)CC1CC(=O)N1,NC(=O)CC1CC(=O)N1,1
13062,CCOC1C=CNC1=O,CCOC1C=CNC1=O,4
13063,CC12CC1CCOC2=O,CC12CC1CCOC2=O,2
13064,NC(=O)C1CC(=N)O1,N=C1CC(C(N)=O)O1,2
13065,CC(=O)C(=NC)OC=O,CN=C(OC=O)C(C)=O,1
13066,O=C1C2CN2C1C#C,C#CC1C(=O)C2CN12,0
13067,O=C1OC2C3CC(O3)C12,O=C1OC2C3CC(O3)C12,3
13068,OC1C2C3CC1C1C3N21,OC1C2CC3C1N1C2C31,1
13069,N=COC(=O)CC#C,C#CCC(=O)OC=N,4
13070,C#CCC(=O)C(=N)N,C#CCC(=O)C(=N)N,3
13071,OC(CC#C)CC1CC1,C#CCC(O)CC1CC1,2
13072,c1c2c(c([nH]1)N)C=CC2,Nc1[nH]cc2c1C=CC2,2
13073,C#CC12C3CC1CC2C3,C#CC12C3CC1CC2C3,1
13074,CCOC=NCC#C,C#CCN=COCC,2
13075,COCCc1cnon1,COCCc1cnon1,2
13076,CCC1(CO)CC(C)C1,CCC1(CO)CC(C)C1,2
13077,N=COCC12CC1CC2,N=COCC12CCC1C2,1
13078,c1c(c(ncn1)N)N,Nc1cncnc1N,4
13079,CC(=O)C1C2C3OC2C13,CC(=O)C1C2C3OC2C31,1
13080,OCC1N=COC1C=O,O=CC1OC=NC1CO,0
13081,C#CC12CCC3CC1N23,C#CC12CCC3CC1N32,3
13082,CC12CCC=C1C1CC21,CC12CCC=C1C1CC12,2
13083,CC(O)C1CC(C)CO1,CC1COC(C(C)O)C1,1
13084,COCc1ncccn1,COCc1ncccn1,4
13085,CN(CC#C)C1COC1,C#CCN(C)C1COC1,3
13086,[O-]C(=O)C[NH2+]CCC#N,N#CCC[NH2+]CC(=O)[O-],2
13087,CN1CC1CC1CC1,CN1CC1CC1CC1,1
13088,CC1CC=CCOC1=N,CC1CC=CCOC1=N,1
13089,Cc1noc2n1ncn2,Cc1noc2ncnn12,3
13090,CCN1C2C3OC3C12,CCN1C2C3OC3C21,3
13091,CC12CC1C1OCCC21,CC12CC1C1OCCC12,1
13092,CC1CCOC(=O)C1=O,CC1CCOC(=O)C1=O,3
13093,COC(C)COCC=O,COC(C)COCC=O,0
13094,OC12COC1CC2C#N,N#CC1CC2OCC12O,4
13095,CC1OC(C)(C)C1(C)O,CC1OC(C)(C)C1(C)O,4
13096,OCC(CC#N)OC=O,N#CCC(CO)OC=O,1
13097,C1C2CC3OC2OCC13,C1OC2OC3CC2CC13,0
13098,CCCc1c[nH]nc1O,CCCc1c[nH]nc1O,0
13099,COCC#CC1OC1C,COCC#CC1OC1C,4
13100,CC1NC1C1CN1C,CC1NC1C1CN1C,4
13101,C1CC11CC2CC3C1N23,C1C2CC3(CC3)C3C1N23,4
13102,O=CC1CC(C1)C1CC1,O=CC1CC(C2CC2)C1,0
13103,CCCCc1ncno1,CCCCc1ncno1,1
13104,O=CC(NCC#C)C#N,C#CCNC(C#N)C=O,3
13105,CC12CC1N=CO2,CC12CC1N=CO2,0
13106,CC1C2C3NC(=O)C2C13,CC1C2C3NC(=O)C2C13,1
13107,C#CCOC1CCOC1,C#CCOC1CCOC1,0
13108,CC#CCC1CCC1,CC#CCC1CCC1,0
13109,C1CC(O1)C1CCCO1,C1COC(C2CCO2)C1,0
13110,CC1CC(C1)C(=O)C=O,CC1CC(C(=O)C=O)C1,0
13111,OC12CCC3C1C2C3=O,O=C1C2CCC3(O)C1C23,3
13112,OCC1COCC1C=O,O=CC1COCC1CO,0
13113,CC1(O)C2C3NC3C12O,CC1(O)C2C3NC3C21O,1
13114,Cn1c2c(cno2)nn1,Cn1nnc2cnoc21,1
13115,c1cc2n(c1O)CCO2,Oc1ccc2n1CCO2,1
13116,CCCCN(C)C=O,CCCCN(C)C=O,3
13117,CC(C)CCCNC=O,CC(C)CCCNC=O,3
13118,CC(C(C)=O)C(=O)CO,CC(=O)C(C)C(=O)CO,3
13119,O=C1CNC2CCC2C1,O=C1CNC2CCC2C1,1
13120,OC1COC23CN(C2)C13,OC1COC23CN(C2)C13,4
13121,N#CC12CCC(C1)C=C2,N#CC12C=CC(CC1)C2,1
13122,C1C=CCC1=C2COC2,C1=CCC(=C2COC2)C1,4
13123,C#CC12CC3OC1C3O2,C#CC12CC3OC1C3O2,3
13124,CC1C2CC(CC1O)O2,CC1C(O)CC2CC1O2,2
13125,C1C2CC3=C(N=CO3)N12,c1nc2c(o1)CC1CN21,1
13126,CCC(CC#C)C=O,C#CCC(C=O)CC,1
13127,CCC12CN1C(C)C2=O,CCC12CN1C(C)C2=O,2
13128,CC(CC(C)=NO)C#N,CC(CC(C)C#N)=NO,1
13129,OCC1C=CC2CCC12,OCC1C=CC2CCC12,2
13130,O=C1CC2(CC3CC23)N1,O=C1CC2(CC3CC32)N1,0
13131,CC(O)C(C)C1CC1C,CC(O)C(C)C1CC1C,4
13132,CC1(CCCOC1)C,CC1(C)CCCOC1,4
13133,CC1C2OC2CN2CC12,CC1C2OC2CN2CC12,2
13134,Cn1ccc(n1)NC=O,Cn1ccc(NC=O)n1,2
13135,N=C1CN=C2C3CC3N12,N=C1CN=C2C3CC3N12,1
13136,CCOCCC1CCC1,CCOCCC1CCC1,0
13137,N=C1CC=CC2CC2O1,N=C1CC=CC2CC2O1,4
13138,CCC1CN=C(CC)O1,CCC1=NCC(CC)O1,2
13139,CC1C2C=CC(C#C)C12,C#CC1C=CC2C(C)C12,2
13140,c1c(nc2n1CC2)CO,OCc1cn2c(n1)CC2,1
13141,C1C2CC3=C(C=CN3)C12,c1cc2c([nH]1)CC1CC21,1
13142,CCN1CC2(CC12)C#N,CCN1CC2(C#N)CC12,1
13143,CC1OC1CCN1CC1,CC1OC1CCN1CC1,2
13144,CC#CCC(=O)C1CC1,CC#CCC(=O)C1CC1,1
13145,CC1=CC2OCC2(O)C1,CC1=CC2OCC2(O)C1,1
13146,O=C(CC1CC1)C1CO1,O=C(CC1CC1)C1CO1,0
13147,CC#CC1(CC=O)CN1,CC#CC1(CC=O)CN1,1
13148,O=C1OC2CC(C2)C1=O,O=C1OC2CC(C2)C1=O,3
13149,CC(O)CC(C)OC=O,CC(O)CC(C)OC=O,0
13150,CCOC1(CC1)CO,CCOC1(CO)CC1,1
13151,CC12CCC1(O)C1NC21,CC12CCC1(O)C1NC12,2
13152,CC12NC3(CO)C1OC23,CC12NC3(CO)C1OC23,1
13153,OCCCC1C2CC1C2,OCCCC1C2CC1C2,2
13154,OCCC1CCO1,OCCC1CCO1,3
13155,C1CC(C1)COC2CC2,C1CC(COC2CC2)C1,4
13156,CC12C=CC3NC1C23O,CC12C=CC3NC1C32O,1
13157,CC(=O)COCC(=O)N,CC(=O)COCC(N)=O,4
13158,CC1=CCC2COC2C1,CC1=CCC2COC2C1,1
13159,c1coc(c1N)N(=O)=O,Nc1ccoc1[N+](=O)[O-],1
13160,O=C1CCCC11CCO1,O=C1CCCC12CCO2,1
13161,CC(O)C#CC1CCO1,CC(O)C#CC1CCO1,0
13162,CN1C=CCCCC1=O,CN1C=CCCCC1=O,3
13163,CC1C2OC2(CO)C1C,CC1C(C)C2(CO)OC12,0
13164,C1CC1(CC(=O)C=O)O,O=CC(=O)CC1(O)CC1,2
13165,CN=c1cccc(o1)F,CN=c1cccc(F)o1,2
13166,CC#CCOCCCO,CC#CCOCCCO,3
13167,O=C1NC(C#C)C2OC12,C#CC1NC(=O)C2OC12,2
13168,CC12CC1(C)C(C2)=NO,CC12CC(=NO)C1(C)C2,4
13169,O=CC1COC(=O)CO1,O=CC1COC(=O)CO1,1
13170,C1NC1C1CC2CC2O1,C1NC1C1CC2CC2O1,4
13171,CCc1ncc(nn1)N,CCc1ncc(N)nn1,2
13172,C(CC(=O)NC=O)C=O,O=CCCC(=O)NC=O,2
13173,CCC1C2CN2CC1=O,CCC1C(=O)CN2CC12,0
13174,CC1OCC(O1)C(C)=O,CC(=O)C1COC(C)O1,3
13175,N=C1C=NC=CN1C=O,N=c1cnccn1C=O,0
13176,CC1(C)COC2COC12,CC1(C)COC2COC21,1
13177,OC1C2[NH2+]C(C12)C([O-])=O,O=C([O-])C1[NH2+]C2C(O)C12,1
13178,C1OCC2=C1CC1NC21,C1OCC2=C1CC1NC21,3
13179,C#CC12OC1CC1CC21,C#CC12OC1CC1CC12,4
13180,CC1(CO)COCCO1,CC1(CO)COCCO1,4
13181,COCC1(CNC1)C#N,COCC1(C#N)CNC1,4
13182,OCC12CCC1(O)CC2,OCC12CCC1(O)CC2,2
13183,OC1C2CC1(OC2)C#N,N#CC12CC(CO1)C2O,1
13184,OCCNC(CO)C#N,N#CC(CO)NCCO,4
13185,CC1(CC1(C#C)C#C)C,C#CC1(C#C)CC1(C)C,1
13186,CN=C1C(=NCCO1)N,CN=C1OCCN=C1N,2
13187,OCCN1C2CC=CC12,OCCN1C2C=CCC21,2
13188,COC1C2CCC1OC2,COC1C2CCC1OC2,2
13189,CCC(C)NCC#N,CCC(C)NCC#N,1
13190,OC(COC=O)C#N,N#CC(O)COC=O,3
13191,CN(C)c1cncnc1,CN(C)c1cncnc1,4
13192,O=C1C2CC2CC1C#C,C#CC1CC2CC2C1=O,0
13193,CCC1COC(CO)O1,CCC1COC(CO)O1,2
13194,CC(O)C1=NNC(O)=C1,CC(O)c1cc(O)[nH]n1,0
13195,CC1CC(CN2CC2)C1,CC1CC(CN2CC2)C1,2
13196,CCC1(C)CC1CC#C,C#CCC1CC1(C)CC,3
13197,C1CC1OCC=O,O=CCOC1CC1,2
13198,COC1CC=CC1=NO,COC1CC=CC1=NO,1
13199,C1C2(COCO1)CO2,C1OCC2(CO1)CO2,2
13200,CC1C2NC2(C#N)C1=O,CC1C(=O)C2(C#N)NC12,3
13201,CCC1C(CO)N1C=O,CCC1C(CO)N1C=O,1
13202,CC(=NO)C1(CC1)C#N,CC(=NO)C1(C#N)CC1,3
13203,C1Cn2c1nc(n2)O,Oc1nc2n(n1)CC2,1
13204,NC1=C(N)OC(=N)O1,N=c1oc(N)c(N)o1,1
13205,O=C1CC(O1)C1CC1,O=C1CC(C2CC2)O1,0
13206,COc1cc[nH]c1,COc1cc[nH]c1,0
13207,OC1C2CC3OC1C23O,OC1C2CC3OC1C32O,0
13208,CC12COC(O1)C=C2,CC12C=CC(OC1)O2,4
13209,OC12CNC1C(C2)C#N,N#CC1CC2(O)CNC12,2
13210,CC1C2OC3(C)C2C13C,CC1C2OC3(C)C2C13C,1
13211,OCC12C(O)C1C1CC21,OCC12C(O)C1C1CC12,1
13212,OC1C2OCC(C#N)C12,N#CC1COC2C(O)C12,3
13213,CC12CC1CCCC2=O,CC12CC1CCCC2=O,4
13214,CC1C2OCC(C=O)C12,CC1C2OCC(C=O)C12,1
13215,OC12CCC1OC2,OC12CCC1OC2,1
13216,CC1CC(C#C)C(C)=C1,C#CC1CC(C)C=C1C,3
13217,NC(C#N)C1=CNC=N1,N#CC(N)c1c[nH]cn1,2
13218,c1c2n(nn1)C=CCO2,C1=Cn2nncc2OC1,4
13219,C1C23NC=NC12C1OC31,C1=NC23CC2(N1)C1OC13,0
13220,OC1C2C1C(=O)N2C=O,O=CN1C(=O)C2C(O)C21,3
13221,CC1C2C3COC1C23O,CC1C2OCC3C1C32O,1
13222,CC1C2C1C1NC2C1=O,CC1C2C3NC(C3=O)C12,0
13223,CC12CC(CCC1)C2=O,CC12CCCC(C1)C2=O,0
13224,C1CCC(C1)C2(CC2)O,OC1(C2CCCC2)CC1,4
13225,CC1C2C3C4N2C4(C)C13,CC1C2C3C1C1(C)C3N21,2
13226,OC1CC2OC3C2C13O,OC1CC2OC3C2C13O,3
13227,COC1COC(C)(C)C1,COC1COC(C)(C)C1,1
13228,CC1C=CC2C1CC2=O,CC1C=CC2C(=O)CC12,4
13229,CC1C2OC1C2(O)C#C,C#CC1(O)C2OC1C2C,1
13230,CC1COCOC1C#N,CC1COCOC1C#N,4
13231,CC(OCC1CN1)C=O,CC(C=O)OCC1CN1,3
13232,CC1CC2CC2(C)CO1,CC1CC2CC2(C)CO1,1
13233,OC1CC2(CC3OC23)C1,OC1CC2(C1)CC1OC12,0
13234,CC#CC(C)(C)COC,CC#CC(C)(C)COC,2
13235,CCC1(C)OCOC1C,CCC1(C)OCOC1C,3
13236,CC1OC11CCCOC1,CC1OC12CCCOC2,0
13237,O=CC#CC1(CO1)C#C,C#CC1(C#CC=O)CO1,3
13238,OC1CN=COC(=O)C1,O=C1CC(O)CN=CO1,3
13239,C#CC12CC1C(N2)C#N,C#CC12CC1C(C#N)N2,2
13240,c1(c(=O)nc(on1)O)N,Nc1noc(O)nc1=O,2
13241,NC12CC1CCOC2=O,NC12CC1CCOC2=O,0
13242,OCC12CCCC1O2,OCC12CCCC1O2,4
13243,CC#CC(C)CC1CC1,CC#CC(C)CC1CC1,4
13244,COC1CC(O)C2OC12,COC1CC(O)C2OC12,1
13245,O=CC1NC11CCC1,O=CC1NC12CCC2,1
13246,O=CCOC12CN(C1)C2,O=CCOC12CN(C1)C2,0
13247,CC12CC3OC1(C#N)C23,CC12CC3OC1(C#N)C32,1
13248,CC1=CC2OC1C2O,CC1=CC2OC1C2O,1
13249,OCCC12CC(O1)C2O,OCCC12CC(O1)C2O,4
13250,CC1CC(O)C(=O)C1=O,CC1CC(O)C(=O)C1=O,2
13251,NC1=NC2C(O)C2OC1,NC1=NC2C(O)C2OC1,3
13252,CCC1CC(CO1)OC,CCC1CC(OC)CO1,3
13253,CC(C#N)C1CCN1C,CC(C#N)C1CCN1C,1
13254,OC1C(O)C11CCC=C1,OC1C(O)C12C=CCC2,2
13255,CN1CC11C2CC1OC2,CN1CC12C1COC2C1,2
13256,OC12CC1C1=CCCC21,OC12CC1C1=CCCC12,3
13257,OC1C2COC1C2C=O,O=CC1C2COC1C2O,0
13258,C1C2CC1OC2,C1OC2CC1C2,1
13259,CC(C)(O)C1OCC1=O,CC(C)(O)C1OCC1=O,0
13260,Cn1cc2c(n1)[nH]nn2,Cn1cc2nn[nH]c2n1,1
13261,CC1=CC(O)CCOC1,CC1=CC(O)CCOC1,1
13262,O=COC1CN=CO1,O=COC1CN=CO1,1
13263,OC1CC1C1CC2CC12,OC1CC1C1CC2CC21,0
13264,CC1(CO1)C(O)CO,CC1(C(O)CO)CO1,1
13265,CC1COCC2CC12O,CC1COCC2CC12O,4
13266,OC1CC2COC(=N)C12,N=C1OCC2CC(O)C12,4
13267,C#CC1CCCC2OC12,C#CC1CCCC2OC12,2
13268,CC1(COCC1(C)C)C,CC1(C)COCC1(C)C,2
13269,CC1(COCC#C)CN1,C#CCOCC1(C)CN1,3
13270,CC1(C)CC1C(O)C=O,CC1(C)CC1C(O)C=O,2
13271,COC1(CNC1=N)C=O,COC1(C=O)CNC1=N,3
13272,O=C(C#N)C1CC(=O)N1,N#CC(=O)C1CC(=O)N1,2
13273,OCC1C2CC1(N2)C#N,N#CC12CC(N1)C2CO,3
13274,CCCC#CC(=O)CO,CCCC#CC(=O)CO,0
13275,CCCC1OC=NC1C,CCCC1OC=NC1C,2
13276,O=C1OCC2OC1C=C2,O=C1OCC2C=CC1O2,2
13277,CCC1C2CC3OC3C12,CCC1C2CC3OC3C12,3
13278,CC1CCC2(OC12)C=O,CC1CCC2(C=O)OC12,2
13279,FC1=NOC(=N)NC1=O,N=c1[nH]c(=O)c(F)no1,3
13280,CC1C2C3N1C2C3=O,CC1C2C3C(=O)C2N13,4
13281,CCCCc1cn[nH]n1,CCCCc1cn[nH]n1,2
13282,c1cnc2c(n1)cn[nH]2,c1cnc2[nH]ncc2n1,0
13283,CC(O)C1NC1CC#C,C#CCC1NC1C(C)O,0
13284,CC1COC11CC2NC12,CC1COC12CC1NC12,1
13285,CC12C3CC1(C3)NC2=O,CC12C(=O)NC13CC2C3,2
13286,c1c2c(ocn2)on1,c1nc2cnoc2o1,1
13287,CCC(O)C1CC1(C)O,CCC(O)C1CC1(C)O,0
13288,OC1(CC2COC12)C#N,N#CC1(O)CC2COC21,4
13289,CCC(CN)(C#N)C#N,CCC(C#N)(C#N)CN,4
13290,CCC(CO)C#CC#N,CCC(C#CC#N)CO,4
13291,CC1CC1C1OC1C=O,CC1CC1C1OC1C=O,2
13292,O=C1OCC2N3CC12C3,O=C1OCC2N3CC12C3,3
13293,CCC12NC1C1OC21,CCC12NC1C1OC12,0
13294,OC12CC(O)(C1)C(=O)C2,O=C1CC2(O)CC1(O)C2,2
13295,CC(=O)OCC1(C)CN1,CC(=O)OCC1(C)CN1,2
13296,OCC1CC2C3C1CN23,OCC1CC2C3C1CN23,1
13297,CC1CC1OCCC#C,C#CCCOC1CC1C,3
13298,O=CC12CC(O1)C2C#N,N#CC1C2CC1(C=O)O2,1
13299,O=CN1CC11CC2CC12,O=CN1CC12CC1CC12,3
13300,CC1CN1C(=O)CC#C,C#CCC(=O)N1CC1C,3
13301,O=CNC1=NCC2NC12,O=CNC1=NCC2NC12,3
13302,O=CCC1(CN1)C=O,O=CCC1(C=O)CN1,2
13303,CC1(O)CC(CC#N)C1,CC1(O)CC(CC#N)C1,0
13304,C1C2CN1C1=C2N=NO1,C1C2CN1c1onnc12,3
13305,Cc1cc(oc1C)N,Cc1cc(N)oc1C,4
13306,C#CC1(CO1)C#N,C#CC1(C#N)CO1,3
13307,CC12CC3CCC1(O)C23,CC12CC3CCC1(O)C32,1
13308,CCCC(CCC)O,CCCC(O)CCC,4
13309,O=C1CC2CC2(C1)C#N,N#CC12CC(=O)CC1C2,2
13310,CC(C#N)C(C=O)C#N,CC(C#N)C(C#N)C=O,1
13311,CC12N=COC1C2O,CC12N=COC1C2O,4
13312,CC1C2CCC12C(C)=O,CC(=O)C12CCC1C2C,3
13313,CC1(O)C2CC2N2CC12,CC1(O)C2CC2N2CC21,3
13314,N=C1OC2=C(CCC2)O1,N=c1oc2c(o1)CCC2,1
13315,[NH3+]CC1OCC1C([O-])=O,[NH3+]CC1OCC1C(=O)[O-],4
13316,CC(=NO)C1(CO)CN1,CC(=NO)C1(CO)CN1,4
13317,CC1C2C3C(O)C3C12C,CC1C2C3C(O)C3C12C,4
13318,CC(C)(C)CC1CCC1,CC(C)(C)CC1CCC1,4
13319,CC1C(CC1=O)C1CO1,CC1C(=O)CC1C1CO1,4
13320,CC(=O)C1C2C3OC1C23,CC(=O)C1C2OC3C2C31,1
13321,CC12CC1C(C2)C1CO1,CC12CC(C3CO3)C1C2,4
13322,N#CC12CCC=CC1O2,N#CC12CCC=CC1O2,0
13323,CC(CC#C)OCC=O,C#CCC(C)OCC=O,0
13324,COC1C2C3C1CCN23,COC1C2CCN3C2C13,4
13325,CC1OC2CC(=O)C=C12,CC1OC2CC(=O)C=C12,2
13326,N#CC12CC(CO1)C=C2,N#CC12C=CC(CO1)C2,4
13327,O=C1CN2CCC12,O=C1CN2CCC12,1
13328,c1nc(no1)OC(=O)N,NC(=O)Oc1ncon1,1
13329,CC1CC=CCC11CC1,CC1CC=CCC12CC2,1
13330,OCC1CC2CCC2C1,OCC1CC2CCC2C1,3
13331,CC1COCC(=O)C=C1,CC1C=CC(=O)COC1,0
13332,O=CCC1COC=N1,O=CCC1COC=N1,1
13333,CCC(CO)C(O)C=O,CCC(CO)C(O)C=O,4
13334,C1CC12CC=C(C2)CO,OCC1=CCC2(CC2)C1,1
13335,CC1=CC(=O)C(=N)N1,CC1=CC(=O)C(=N)N1,3
13336,OCC12C3C4C3C1C24,OCC12C3C4C3C1C42,0
13337,O=CC12CC3C1CN3C2,O=CC12CC3C1CN3C2,1
13338,O=C1NCC2CC2N1,O=C1NCC2CC2N1,0
13339,Cn1cccc1CC#C,C#CCc1cccn1C,1
13340,CC1OCC(=O)C1O,CC1OCC(=O)C1O,3
13341,CCN1C(CO)C1(C)C,CCN1C(CO)C1(C)C,4
13342,COCC1(COC1)C#N,COCC1(C#N)COC1,1
13343,N#CC12NC3C1CNC23,N#CC12NC3C1CNC32,3
13344,C[NH2+]CC(OC)C([O-])=O,C[NH2+]CC(OC)C(=O)[O-],0
13345,CCCC12C3CC1OC23,CCCC12C3CC1C2O3,3
13346,COC(C#N)C#CC#N,COC(C#N)C#CC#N,0
13347,CC#CC1(O)CC1(C)O,CC#CC1(O)CC1(C)O,4
13348,N=C1OC2C(O1)C2C#C,C#CC1C2OC(=N)OC12,1
13349,CC1C=CCC2CCC12,CC1C=CCC2CCC12,3
13350,CC1C2CC2C1CCO,CC1C(CCO)C2CC12,1
13351,c1cn2c(n1)CCC=C2,C1=Cn2ccnc2CC1,1
13352,CC1OC11C2C3C1CN23,CC1OC12C1CN3C1C32,0
13353,OC1(CC[NH2+]C1)C([O-])=O,O=C([O-])C1(O)CC[NH2+]C1,3
13354,CC12C3N1CC=C3C2O,CC12C(O)C3=CCN1C32,1
13355,CC#CC1CC1(C)C#C,C#CC1(C)CC1C#CC,3
13356,CC1COCC1C(N)=O,CC1COCC1C(N)=O,2
13357,C#CC1C2CCCCN12,C#CC1C2CCCCN12,3
13358,C(CC#N)COCCO,N#CCCCOCCO,4
13359,c1c2c([nH]cn2)n[nH]1,c1nc2c[nH]nc2[nH]1,3
13360,NC1=C(C=O)C2CC2C1,NC1=C(C=O)C2CC2C1,1
13361,CCOCC1CCC1O,CCOCC1CCC1O,0
13362,CN1CC=CC(=O)C1=N,CN1CC=CC(=O)C1=N,0
13363,CC1C2C3CC2(C)N13,CC1C2C3CC2(C)N13,1
13364,CC1(OC1C(N)=O)C=O,CC1(C=O)OC1C(N)=O,2
13365,CN1CC1CC(C)=NO,CC(CC1CN1C)=NO,1
13366,CN1C2CC2OCC1=O,CN1C(=O)COC2CC21,3
13367,C1CC2N=CNC=NC12,C1=NC2CCC2N=CN1,0
13368,Cc1ccc(cc1N)F,Cc1ccc(F)cc1N,1
13369,CC1CC11COC(=O)N1,CC1CC12COC(=O)N2,0
13370,CC1(C=O)C2OC=NC12,CC1(C=O)C2N=COC21,4
13371,CC1CC2CC2(O)CO1,CC1CC2CC2(O)CO1,3
13372,OC1C2CC11CCCC21,OC1C2CC13CCCC23,1
13373,CC1=C(C)C2OC1C2O,CC1=C(C)C2OC1C2O,3
13374,CC1(C#C)C2OC1C=C2,C#CC1(C)C2C=CC1O2,0
13375,CC1C(O)C(C)C1CO,CC1C(O)C(C)C1CO,3
13376,CCC1OC(=O)C11CC1,CCC1OC(=O)C12CC2,3
13377,CC1CC(C1)OC1CC1,CC1CC(OC2CC2)C1,4
13378,C(C1CO1)C12CC(C1)O2,C1OC1CC12CC(C1)O2,2
13379,C#Cc1cnc(nn1)N,C#Cc1cnc(N)nn1,0
13380,O=CN1CC1C#N,N#CC1CN1C=O,1
13381,CC(=O)N(C)C(=O)CN,CC(=O)N(C)C(=O)CN,0
13382,CN=C1NC(=O)NN=N1,CN=c1nn[nH]c(=O)[nH]1,3
13383,CC12C3CN1C1C3C21O,CC12C3CN1C1C3C12O,4
13384,C1C=C(COC=N1)C=O,O=CC1=CCN=COC1,3
13385,O=C1OCC2C3CN1C23,O=C1OCC2C3CN1C23,3
13386,CC(O)C#CC#CC=O,CC(O)C#CC#CC=O,2
13387,COC1(C)C(O)C1(C)C,COC1(C)C(O)C1(C)C,4
13388,CC1=CON=NC1=N,Cc1connc1=N,4
13389,OCC1C2COC1C2O,OCC1C2COC1C2O,3
13390,CC1C=CC2(C)CC12O,CC1C=CC2(C)CC12O,2
13391,N#CCC12CC3C1CN23,N#CCC12CC3C1CN32,0
13392,CC1OC23CC4C2OC134,CC1OC23CC4C2OC143,3
13393,CC1NC(=O)CCC1=O,CC1NC(=O)CCC1=O,1
13394,C1C2OC3CC1CC23,C1C2CC3OC1C3C2,1
13395,N#CC1CC2(CC2)N1,N#CC1CC2(CC2)N1,2
13396,OCC1C2COC=NC12,OCC1C2COC=NC12,0
13397,NC(CC(N)C#N)C#N,N#CC(N)CC(N)C#N,0
13398,CC1OCC23CN(C2)C13,CC1OCC23CN(C2)C13,1
13399,CC1(C=O)C=CC2CN12,CC1(C=O)C=CC2CN21,1
13400,C1C2CCCC3CC2C13,C1CC2CC3C(C1)CC23,1
13401,N=COC1CN2CC12,N=COC1CN2CC12,0
13402,CCOC1COC1C#N,CCOC1COC1C#N,4
13403,O=CCC1CO1,O=CCC1CO1,1
13404,CC1(C)C2OC2C11CC1,CC1(C)C2OC2C12CC2,4
13405,CNc1n[nH]c(=O)n1C,CNc1n[nH]c(=O)n1C,0
13406,CCC(C)C(CC)C#C,C#CC(CC)C(C)CC,0
13407,NC(=[NH2+])CC#CC([O-])=O,NC(=[NH2+])CC#CC(=O)[O-],2
13408,CC(=O)C(=O)C#N,CC(=O)C(=O)C#N,2
13409,C#CC#Cc1cn[nH]n1,C#CC#Cc1cn[nH]n1,4
13410,COC1CC=C(C)C1=O,COC1CC=C(C)C1=O,4
13411,CCCC(=N)OCC=O,CCCC(=N)OCC=O,3
13412,O=C1NC2CC3CC12O3,O=C1NC2CC3CC12O3,3
13413,Cc1c(c(c(o1)C)N)N,Cc1oc(C)c(N)c1N,0
13414,CC1C2CCC2C1=NO,CC1C(=NO)C2CCC12,4
13415,CC(C)(C)C1C2CCN12,CC(C)(C)C1C2CCN21,2
13416,C#CC1=NC2C3CN1C23,C#CC1=NC2C3CN1C32,3
13417,CCC1OC1C(O)CO,CCC1OC1C(O)CO,1
13418,OCC1CCC2CN12,OCC1CCC2CN12,1
13419,CCC1(C)CC2C1N2C,CCC1(C)CC2C1N2C,3
13420,OCC1=NC(=N)NN=N1,N=c1nc(CO)nn[nH]1,0
13421,CC12CC(C1)(C2)C1CC1,CC12CC(C3CC3)(C1)C2,0
13422,COC1CC2CC(=O)C12,COC1CC2CC(=O)C21,0
13423,OCC(=O)C(=O)OC=N,N=COC(=O)C(=O)CO,2
13424,CC1C(CO)CC1C#N,CC1C(C#N)CC1CO,3
13425,C1CC12CC(=O)C2,O=C1CC2(CC2)C1,2
13426,O=C1CCC23CCC12N3,O=C1CCC23CCC12N3,4
13427,O=C1CN2CC3NC1C23,O=C1CN2CC3NC1C32,3
13428,CC1CN2CC2(C1)C#C,C#CC12CC(C)CN1C2,4
13429,C#CCC(=O)OCCO,C#CCC(=O)OCCO,2
13430,CCC1(O)CC1C(C)C,CCC1(O)CC1C(C)C,0
13431,CC(=O)CC(=O)NC,CNC(=O)CC(C)=O,0
13432,NC1=NCC23CCC12O3,NC1=NCC23CCC12O3,1
13433,C1C2C3COC(CN12)O3,C1OC2CN3CC3C1O2,2
13434,CC1CC11C(C)CC1C,CC1CC(C)C12CC2C,0
13435,CC1NC(=O)C11CCC1,CC1NC(=O)C12CCC2,4
13436,CC12NC1C1(O)CC21,CC12NC1C1(O)CC12,4
13437,CC12CCOC3C1CC23,CC12CCOC3C1CC32,2
13438,O=CC12OC1CC2=O,O=CC12OC1CC2=O,2
13439,CC12CCC3C(O1)C3O2,CC12CCC3C(O1)C3O2,2
13440,CC(O)CC1=COC=N1,CC(O)Cc1cocn1,1
13441,CC(O)C(O)(C=O)C#C,C#CC(O)(C=O)C(C)O,4
13442,CC1C2CCC11CCC21,CC1C2CCC13CCC23,3
13443,CCC(O)CN(C)C=O,CCC(O)CN(C)C=O,2
13444,O=COC1OCC2OC12,O=COC1OCC2OC21,3
13445,CC12CC1C1(C)COC21,CC12COC1C1(C)CC21,3
13446,ON=C1CCC(C1)C#N,N#CC1CCC(=NO)C1,3
13447,COC1(C)CC=CC1,COC1(C)CC=CC1,4
13448,OCC1C2CC1(O)C2=O,O=C1C2CC1(O)C2CO,3
13449,OC1C23CCC12COC3,OC1C23CCC12COC3,3
13450,CC(C)(CO)COC,COCC(C)(C)CO,0
13451,CCOC(C)(CC)CO,CCOC(C)(CC)CO,0
13452,CCC1OC1CC=O,CCC1OC1CC=O,2
13453,Cc1cc(c(n1C)O)N,Cc1cc(N)c(O)n1C,4
13454,C1CC23CCC(CC12)O3,C1CC23CCC2CC1O3,4
13455,CC12CC(O1)C(O)C2,CC12CC(O)C(C1)O2,4
13456,CCCC(O)CC(C)C,CCCC(O)CC(C)C,1
13457,OCC12CCC(O)C1N2,OCC12CCC(O)C1N2,1
13458,OC1C2C3C2C2C3C12O,OC1C2C3C2C2C3C12O,2
13459,c1cnc2c(n1)con2,c1cnc2nocc2n1,2
13460,N=C1OCCCN1C=O,N=C1OCCCN1C=O,0
13461,CC12CCC1C2CC=O,CC12CCC1C2CC=O,2
13462,CN1CC=CNC(=O)C1,CN1CC=CNC(=O)C1,1
13463,O=C1NCC2(OC12)C#C,C#CC12CNC(=O)C1O2,0
13464,c1c([nH]c(=O)o1)N2CC2,O=c1[nH]c(N2CC2)co1,0
13465,CCC(O)C=O,CCC(O)C=O,3
13466,CC12CC(=O)C1N1CC21,CC12CC(=O)C1N1CC12,4
13467,CC1CC1(O)C#CC#C,C#CC#CC1(O)CC1C,4
13468,CCC1CCC(CC)=C1,CCC1=CC(CC)CC1,2
13469,[O-]C(=O)C1COC(=[NH2+])N1,[NH2+]=C1NC(C(=O)[O-])CO1,2
13470,OC1CNC11C2CC1O2,OC1CNC12C1CC2O1,4
13471,OCCC1C2CN1C2,OCCC1C2CN1C2,0
13472,CCC1=NCCCO1,CCC1=NCCCO1,1
13473,CC1(O)C2C3COC1C23,CC1(O)C2OCC3C2C31,3
13474,CC12CC3C4C(OC13)C24,CC12CC3C4C(OC31)C42,3
13475,CC1NC1CN1CC1C,CC1NC1CN1CC1C,0
13476,C1C2COC3CCC2C13,C1OC2CCC3C1CC23,0
13477,CC(C)N1CC(C)C1=O,CC1CN(C(C)C)C1=O,2
13478,N=C1OCCC1C#N,N#CC1CCOC1=N,0
13479,Cc1cc(c[nH]c1=O)O,Cc1cc(O)c[nH]c1=O,0
13480,CC(=O)NC(=O)C,CC(=O)NC(C)=O,2
13481,O=C1OC2CC1C2C#C,C#CC1C2CC1C(=O)O2,2
13482,N=COCC#CCC#N,N#CCC#CCOC=N,3
13483,CC(C)(CO)OC(=O)N,CC(C)(CO)OC(N)=O,2
13484,O=CC(CCC#C)C#C,C#CCCC(C#C)C=O,0
13485,N#CC12CC(C1)CC=C2,N#CC12C=CCC(C1)C2,3
13486,O=CCC1CCC1C#N,N#CC1CCC1CC=O,3
13487,CCc1cc(c([nH]1)O)N,CCc1cc(N)c(O)[nH]1,4
13488,O=C1C2CCC1(O2)C#N,N#CC12CCC(O1)C2=O,1
13489,CC12CCC34CN(C13)C24,CC12CCC34CN(C13)C24,3
13490,CNC1=NC=CC(=N)O1,CNc1nccc(=N)o1,0
13491,FC1=C(F)N=CC(=N)N1,N=c1cnc(F)c(F)[nH]1,1
13492,Cc1ccc(=O)oc1F,Cc1ccc(=O)oc1F,1
13493,CC1CC(=N)OC1=O,CC1CC(=N)OC1=O,2
13494,CC1CC2OC3(CC3)C12,CC1CC2OC3(CC3)C12,3
13495,CC1NC1(C)COC=O,CC1NC1(C)COC=O,1
13496,CN=C1C(=O)C=CN1,CN=C1NC=CC1=O,0
13497,CCC(C)C(NC)C#N,CCC(C)C(C#N)NC,1
13498,CCN(C)C(=O)OCC,CCOC(=O)N(C)CC,2
13499,CCC1OC(=N)C2OC12,CCC1OC(=N)C2OC12,2
13500,CC#CCCC(=O)C#N,CC#CCCC(=O)C#N,1
13501,CC12CC1CC1(CC1)C2,CC12CC1CC1(CC1)C2,3
13502,C1CC11COC2CC12,C1C2OCC3(CC3)C12,1
13503,CC1=NC2CC2O1,CC1=NC2CC2O1,3
13504,OC12CC1C1CC1C=C2,OC12C=CC3CC3C1C2,2
13505,CN=COC1COC1=N,CN=COC1COC1=N,4
13506,C1NC11C=CC2OCC12,C1=CC2(CN2)C2COC12,4
13507,CC1C(C)N1CCC#N,CC1C(C)N1CCC#N,4
13508,CC1OC(C2CO2)C1O,CC1OC(C2CO2)C1O,2
13509,CC1C2NC1(C=O)C2=O,CC1C2NC1(C=O)C2=O,1
13510,OC1CC11CNC(=O)C1,O=C1CC2(CN1)CC2O,0
13511,CCC(C)CC(=O)NC,CCC(C)CC(=O)NC,4
13512,COC1(C)COCCO1,COC1(C)COCCO1,0
13513,C1C(CO1)C(=O)C=O,O=CC(=O)C1COC1,0
13514,CC1CC(C)(O)C=C1C,CC1=CC(C)(O)CC1C,2
13515,CC1C(N)=CC(=O)C1=O,CC1C(=O)C(=O)C=C1N,1
13516,CC1(C)CCC1(C)C=O,CC1(C)CCC1(C)C=O,3
13517,NC1(CC2(CO2)C1)C#N,N#CC1(N)CC2(CO2)C1,0
13518,N=COCC1CC2OC12,N=COCC1CC2OC12,0
13519,CNc1cc[nH]c(=O)c1,CNc1cc[nH]c(=O)c1,4
13520,CC1OC23COC2CC13,CC1OC23COC2CC13,4
13521,CCC12CC3(O)C1CC23,CCC12CC3(O)C1CC32,4
13522,CN1C(=N)C=C(C)C1=O,CC1=CC(=N)N(C)C1=O,0
13523,OC12CC1(COC2)C=O,O=CC12COCC1(O)C2,3
13524,Cc1cc2n(n1)CC=C2,Cc1cc2n(n1)CC=C2,1
13525,CN1CC2OCC(=O)C12,CN1CC2OCC(=O)C21,0
13526,C1OC23CCC(C2)OC13,C1CC23CC1OC2CO3,3
13527,CC12CC1OCC1OC21,CC12CC1OCC1OC12,1
13528,O=C1CNC=NC1C#C,C#CC1N=CNCC1=O,2
13529,C1C(CN1CC#N)O,N#CCN1CC(O)C1,2
13530,CC12C3N=CN1CC23N,CC12C3N=CN1CC32N,4
13531,CC1C2C3C4N3C1C24O,CC1C2C3C4N3C1C24O,0
13532,Cc1cnn2c1OCC2,Cc1cnn2c1OCC2,3
13533,O=CNC12CC1CCC2,O=CNC12CCCC1C2,2
13534,N=C1OCC2=C1NC=N2,N=C1OCc2nc[nH]c21,0
13535,OC(CCCC#N)C=O,N#CCCCC(O)C=O,3
13536,OC1=NC(=N)NN=N1,N=c1nc(O)nn[nH]1,0
13537,OC1C2C3OC2(C#C)C13,C#CC12OC3C1C(O)C32,2
13538,c1c(c([nH]n1)N)C#N,N#Cc1cn[nH]c1N,3
13539,CC1[NH2+]CC1(O)C([O-])=O,CC1[NH2+]CC1(O)C(=O)[O-],0
13540,c1c(c(c[nH]1)C#N)C=O,N#Cc1c[nH]cc1C=O,1
13541,c1cncc2c1ocn2,c1cc2ocnc2cn1,1
13542,CNC1CC1(O)C#N,CNC1CC1(O)C#N,4
13543,OC1CC(C=C1)N1CC1,OC1C=CC(N2CC2)C1,2
13544,CNC(=NCC#C)C#N,C#CCN=C(C#N)NC,4
13545,OC1C(CC1C#C)C#C,C#CC1CC(C#C)C1O,4
13546,CN1CC2(CC1C2)C#N,CN1CC2(C#N)CC1C2,2
13547,CC(O)(CC#N)C1CO1,CC(O)(CC#N)C1CO1,2
13548,CC1COC1C#CC#C,C#CC#CC1OCC1C,0
13549,O=C1CCN2CCN=C12,O=C1CCN2CCN=C12,4
13550,C1NC1C1CN=CO1,C1=NCC(C2CN2)O1,4
13551,OC1CC(C#N)C1O,N#CC1CC(O)C1O,1
13552,CC12CC(C)(C=C1)C2=O,CC12C=CC(C)(C1)C2=O,0
13553,OC1CCC1C(F)(F)F,OC1CCC1C(F)(F)F,4
13554,CC(O)C12COCC1N2,CC(O)C12COCC1N2,4
13555,CC1CC2C3CC3C12,CC1CC2C3CC3C12,2
13556,CC(=O)N(C)C(=O)C#C,C#CC(=O)N(C)C(C)=O,4
13557,C1NC1C12CC=CC1N2,C1=CC2NC2(C2CN2)C1,3
13558,CC(C=O)C(C)C=O,CC(C=O)C(C)C=O,0
13559,CC1(O)C2CC1C2O,CC1(O)C2CC1C2O,1
13560,OC1CC1C1=CCCC1,OC1CC1C1=CCCC1,3
13561,CC1C2NC2(C)C11CC1,CC1C2NC2(C)C12CC2,2
13562,CCC(=O)CC1CC1O,CCC(=O)CC1CC1O,2
13563,NC1=NCC2OC2C1=O,NC1=NCC2OC2C1=O,4
13564,NC1=CC(OC=N)=NN1,N=COc1cc(N)[nH]n1,1
13565,CC#CC(=O)NCC#C,C#CCNC(=O)C#CC,2
13566,CC#CCCCOC=N,CC#CCCCOC=N,0
13567,CCCCOC(=O)CO,CCCCOC(=O)CO,1
13568,Cc1c(occ1C#N)C,Cc1occ(C#N)c1C,3
13569,CCCC1CCOC1=N,CCCC1CCOC1=N,0
13570,CC12OC3(CCC13)C=C2,CC12C=CC3(CCC13)O2,1
13571,C1C2N1CC1=C2ON=N1,C1c2nnoc2C2CN12,0
13572,CC1C=CC(O)CC1O,CC1C=CC(O)CC1O,2
13573,CCC(C)C(O)C#N,CCC(C)C(O)C#N,1
13574,OC1CCC2(CCO2)C1,OC1CCC2(CCO2)C1,0
13575,N=C1ON=NC(=O)N=C1,N=c1cnc(=O)nno1,3
13576,OC1CC23CC(O2)C13,OC1CC23CC(O2)C13,1
13577,NC(=O)CC(C=O)C#N,N#CC(C=O)CC(N)=O,1
13578,CCC12C3CC1N(C)C23,CCC12C3CC1N(C)C32,0
13579,C1CC12C=CCOC=N2,C1=CC2(CC2)N=COC1,4
13580,C1C2COC3COC12C3,C1OC23CC1OCC2C3,3
13581,OCCC#CC1CC1O,OCCC#CC1CC1O,4
13582,OC12C3CN3C3C1CC23,OC12C3CC1C3N1CC12,4
13583,COCC1(CO1)C1CC1,COCC1(C2CC2)CO1,3
13584,COCc1[nH]ccn1,COCc1ncc[nH]1,1
13585,C#CC1CC2OCC12,C#CC1CC2OCC12,0
13586,OCC1C2C3OC2C13O,OCC1C2C3OC2C13O,4
13587,CC1(CC(=O)OC=N1)C,CC1(C)CC(=O)OC=N1,0
13588,CN(C)c1nc(co1)O,CN(C)c1nc(O)co1,1
13589,C#CC(=N)NC(=N)C#N,C#CC(=N)NC(=N)C#N,2
13590,CC1CN1CC#N,CC1CN1CC#N,1
13591,CCOc1cnc([nH]1)O,CCOc1cnc(O)[nH]1,3
13592,CCc1cccc(c1)O,CCc1cccc(O)c1,1
13593,CC(=O)CC(=O)C1CO1,CC(=O)CC(=O)C1CO1,4
13594,CC1C(CO)C1C=O,CC1C(C=O)C1CO,1
13595,CCC1OC11CCC=C1,CCC1OC12C=CCC2,4
13596,C1C2CC=CC=CC12,C1=CCC2CC2C=C1,4
13597,CN(CC#N)C(=N)OC,COC(=N)N(C)CC#N,2
13598,O=CN1C2CC2C1=O,O=CN1C(=O)C2CC21,4
13599,NC(=O)C1CC2COC12,NC(=O)C1CC2COC21,3
13600,OC1(C#N)C2C3CC1C23,N#CC1(O)C2CC3C2C31,4
13601,N=C1OC(=O)CC1C#N,N#CC1CC(=O)OC1=N,4
13602,CC1NC1C1CC(=O)O1,CC1NC1C1CC(=O)O1,1
13603,OCC(=O)C(=O)C1CO1,O=C(CO)C(=O)C1CO1,0
13604,OC1C2C3CC2C13C#N,N#CC12C(O)C3C1CC32,0
13605,OC1C2NC3C2C13C#N,N#CC12C(O)C3NC1C32,4
13606,C#CC1(CC1)OCC=O,C#CC1(OCC=O)CC1,3
13607,CC12CC(C1)CC2=O,CC12CC(CC1=O)C2,4
13608,CC(C)(CN1CC1)CO,CC(C)(CO)CN1CC1,2
13609,N=C1OC2CC1CCO2,N=C1OC2CC1CCO2,4
13610,CC(O)C12CC(C1)CC2,CC(O)C12CCC(C1)C2,4
13611,CCOC(=O)NC=NC,CCOC(=O)NC=NC,3
13612,C(C(CO)(CO)C#N)N,N#CC(CN)(CO)CO,1
13613,N#CC12NCC1C1CC21,N#CC12NCC1C1CC12,4
13614,CC1CC2=CCCC2O1,CC1CC2=CCCC2O1,3
13615,CCC1=CC=CC(=N)O1,CCc1cccc(=N)o1,3
13616,N=COC1(CCC1)C=O,N=COC1(C=O)CCC1,0
13617,O=CC1=CC2CN2C1,O=CC1=CC2CN2C1,2
13618,O=CC(C1CO1)C1CO1,O=CC(C1CO1)C1CO1,4
13619,CCOCCCC(=O)N,CCOCCCC(N)=O,4
13620,C#Cc1cocc1N,C#Cc1cocc1N,2
13621,OC(C#C)C(O)C1CN1,C#CC(O)C(O)C1CN1,2
13622,CC(O)CC(CO)C=O,CC(O)CC(C=O)CO,3
13623,c1cnn2c1OCCC2,c1cc2n(n1)CCCO2,3
13624,O=C1CNCC2COC12,O=C1CNCC2COC12,4
13625,CCC1C(C)NC1C#N,CCC1C(C)NC1C#N,1
13626,CC(C)OC(C)CC#N,CC(C)OC(C)CC#N,4
13627,CC1CC2C3CC12C=C3,CC1CC2C3C=CC12C3,2
13628,N=C1NC=NC=NC1=N,N=c1ncnc[nH]c1=N,4
13629,C#CCC(CO)CO,C#CCC(CO)CO,3
13630,CC1(CC2CCC12)C#N,CC1(C#N)CC2CCC21,1
13631,CC1COC(=N)C(=O)N1,CC1COC(=N)C(=O)N1,1
13632,CCCC1CC2(CC2)O1,CCCC1CC2(CC2)O1,3
13633,OC1CC(=O)C(=O)C=C1,O=C1C=CC(O)CC1=O,3
13634,CC1(C)C(O)C1N1CC1,CC1(C)C(O)C1N1CC1,2
13635,c12c(onc1onn2)N,Nc1onc2onnc12,3
13636,O=CC12C3C4C1CC2N34,O=CC12C3CC1N1C3C12,0
13637,O=C1C2NC2CC2NC12,O=C1C2NC2CC2NC12,0
13638,CC12CC3C1C1OC1C23,CC12CC3C1C1OC1C32,2
13639,OCCC1C2NC2C1O,OCCC1C(O)C2NC12,3
13640,CCCC1COC(=N)C1,CCCC1COC(=N)C1,2
13641,CN=C1OC(C)C1N,CN=C1OC(C)C1N,3
13642,OC1CC1COC=O,O=COCC1CC1O,3
13643,CC(=O)C1C2C3CC3C12,CC(=O)C1C2C3CC3C12,4
13644,CN=C1NN=NC(N)=N1,CN=c1nc(N)nn[nH]1,4
13645,O=CC1OC2C3CC1C23,O=CC1OC2C3CC1C32,2
13646,CCC12COC3CN1C23,CCC12COC3CN1C32,1
13647,CC12C3CCC11OC2C31,CC12C3CCC14OC2C34,2
13648,C#CCCC1OC1C#N,C#CCCC1OC1C#N,3
13649,CC1(C)OC(=O)C2CC12,CC1(C)OC(=O)C2CC21,2
13650,c1c[nH]nc1CCC#N,N#CCCc1cc[nH]n1,0
13651,C1OC1C1COCO1,C1OCC(C2CO2)O1,1
13652,CC(C)C1COCOC1,CC(C)C1COCOC1,4
13653,N#CC1NC2C3NC1C23,N#CC1NC2C3NC1C23,4
13654,Cn1c2c(nco2)nn1,Cn1nnc2ncoc21,1
13655,CC1CN1C1=NNC=N1,CC1CN1c1nc[nH]n1,3
13656,OC1CCC2(OC12)C#C,C#CC12CCC(O)C1O2,4
13657,N#CC1CC2CC(C2)O1,N#CC1CC2CC(C2)O1,3
13658,c1cc2cncn2nc1,c1cnn2cncc2c1,1
13659,NC=[NH+]C1=C([O-])C=NN1,NC=[NH+]c1[nH]ncc1[O-],1
13660,O=C1OC2C1NCC2=O,O=C1OC2C(=O)CNC12,2
13661,C1C2NC1C1=C2NN=N1,C1C2NC1c1[nH]nnc12,3
13662,C1NC11C=C2CN3C2C13,C1=C2CN3C2C3C12CN2,3
13663,CNc1c(nn[nH]1)C#C,C#Cc1nn[nH]c1NC,0
13664,CCC(C)(O)COC=O,CCC(C)(O)COC=O,2
13665,C1CC1(C#N)OCC=O,N#CC1(OCC=O)CC1,0
13666,c1c2c(cncn2)n[nH]1,c1ncc2n[nH]cc2n1,0
13667,CC1(C)CC2OC12CO,CC1(C)CC2OC21CO,4
13668,CC#CC(O)C(N)C#N,CC#CC(O)C(N)C#N,1
13669,C1CC23CC(COC12)O3,C1OC2CCC23CC1O3,3
13670,OCC1C(O)CC1O,OCC1C(O)CC1O,4
13671,COC12CC1C1OC21,COC12CC1C1OC12,1
13672,CCC12COCC1N2C,CCC12COCC1N2C,0
13673,CCC1(C)C2CC1C=C2,CCC1(C)C2C=CC1C2,4
13674,CC1CC(C)(O)C11CO1,CC1CC(C)(O)C12CO2,0
13675,CC(CC(=O)C#C)C=O,C#CC(=O)CC(C)C=O,3
13676,FC1=CC(=N)NC(=O)O1,N=c1cc(F)oc(=O)[nH]1,3
13677,N#CC#CC12CCC1N2,N#CC#CC12CCC1N2,2
13678,CC1CC2CCC2=C1,CC1C=C2CCC2C1,1
13679,c1c2c(on1)OCCO2,c1noc2c1OCCO2,1
13680,CC12C3CN1CC2C3=O,CC12C3CN1CC2C3=O,1
13681,C1Cn2c1c(c(n2)N)N,Nc1nn2c(c1N)CC2,0
13682,OCCC1CC1C#C,C#CC1CC1CCO,0
13683,CC(=O)NCCC#N,CC(=O)NCCC#N,2
13684,CNc1ccc(o1)C#C,C#Cc1ccc(NC)o1,2
13685,COC1CC2C(C)C12O,COC1CC2C(C)C12O,4
13686,CC1CCC2(CO2)C1,CC1CCC2(CO2)C1,0
13687,CC12CC(C1)C2(O)C=O,CC12CC(C1)C2(O)C=O,4
13688,CCC1C(C)C1(C)CC,CCC1C(C)C1(C)CC,2
13689,OC12CC(C1)(C2)OC=N,N=COC12CC(O)(C1)C2,0
13690,N#CC1C2C3C=CC2N13,N#CC1C2C3C=CC2N13,2
13691,c1c[nH]nc1OCC#N,N#CCOc1cc[nH]n1,3
13692,CC1CC(C)(C#N)C1C,CC1CC(C)(C#N)C1C,3
13693,CC(C)C1OC(=O)C1N,CC(C)C1OC(=O)C1N,0
13694,N#CC12COC(O1)C=C2,N#CC12C=CC(OC1)O2,2
13695,OC1CC2CC1C(=O)N2,O=C1NC2CC(O)C1C2,2
13696,C1C2N1CC21CCCC1,C1CCC2(C1)CN1CC12,3
13697,OC(C#N)C1=CN=NN1,N#CC(O)c1cnn[nH]1,4
13698,CC1C2CC2C11COC1,CC1C2CC2C12COC2,1
13699,CC1=CC2C3C4C2C1N34,CC1=CC2C3C1N1C2C31,0
13700,O=CC1CC2=CC=NN12,O=CC1Cc2ccnn21,3
13701,CC1(O)C2COC(=O)C12,CC1(O)C2COC(=O)C21,2
13702,C1CC23OC12CC1NC31,C1CC23OC12CC1NC13,4
13703,COC1C2OCOC12,COC1C2OCOC12,2
13704,C1CNC=CC1=NO,ON=C1C=CNCC1,4
13705,O=C(C#N)N1CC1C#C,C#CC1CN1C(=O)C#N,4
13706,CC1(O)CC2OC2C1,CC1(O)CC2OC2C1,0
13707,CC1(CC(=O)CNC1)C,CC1(C)CNCC(=O)C1,0
13708,CCC1OC1(CC)C=O,CCC1OC1(C=O)CC,4
13709,CN(C)CC1OC1C#N,CN(C)CC1OC1C#N,1
13710,CC(=O)OC1CC1CO,CC(=O)OC1CC1CO,3
13711,Cc1c(nc[nH]1)C=O,Cc1[nH]cnc1C=O,3
13712,CCC(C)COC(N)=O,CCC(C)COC(N)=O,3
13713,C#CC(=O)CCO,C#CC(=O)CCO,0
13714,c1cn2c(n1)cncn2,c1cn2ncncc2n1,3
13715,COC1C2C3C2C1C3O,COC1C2C(O)C3C1C23,2
13716,CC1CC2(C)CC1(C)C2,CC1CC2(C)CC1(C)C2,4
13717,c1cnc(cn1)CC=O,O=CCc1cnccn1,2
13718,C1OC2C=CCC22OC12,C1=CC2OCC3OC23C1,3
13719,OCC12C3NC(C13)C2=O,O=C1C2NC3C2C13CO,0
13720,C1C2OC11COCCC21,C1CC2C3CC2(CO1)O3,0
13721,COC(C=O)C(=O)C#C,C#CC(=O)C(C=O)OC,1
13722,c1cc(oc1C#N)C#N,N#Cc1ccc(C#N)o1,4
13723,OC(CC#N)C#CC#N,N#CC#CC(O)CC#N,2
13724,c1cn(nc1CO)C=O,O=Cn1ccc(CO)n1,0
13725,CCCC(O)C(C)=NO,CCCC(O)C(C)=NO,1
13726,CC(O)(C#C)C(F)(F)F,C#CC(C)(O)C(F)(F)F,0
13727,NC(=O)NC(C=O)C#N,N#CC(C=O)NC(N)=O,0
13728,COC1CC(CC#N)C1,COC1CC(CC#N)C1,4
13729,OC1C2CCN3CC3C12,OC1C2CCN3CC3C12,1
13730,NC(=O)C1C(O)C1C#N,N#CC1C(O)C1C(N)=O,0
13731,OC1CCC1(C=O)C#C,C#CC1(C=O)CCC1O,3
13732,CCC(C)N(C)C(C)=O,CCC(C)N(C)C(C)=O,1
13733,OC1C=CC(=O)C1C#N,N#CC1C(=O)C=CC1O,1
13734,O=C1NC2(CC#N)CC12,N#CCC12CC1C(=O)N2,3
13735,CC1(COCC1=O)C=O,CC1(C=O)COCC1=O,4
13736,Cc1c2c(no1)CCC2,Cc1onc2c1CCC2,3
13737,C1C=CCC=CC=C1,C1=CCC=CCC=C1,0
13738,COC(=O)C1CC(O)C1,COC(=O)C1CC(O)C1,2
13739,CC1(OCC1O)C1CN1,CC1(C2CN2)OCC1O,3
13740,COC1C2CC(=O)NC12,COC1C2CC(=O)NC21,2
13741,CCC1(O)C2C3CC2C13,CCC1(O)C2C3CC2C31,4
13742,c1cnc(c(c1N)N)O,Nc1ccnc(O)c1N,3
13743,CC1CCCC1C1CC1,CC1CCCC1C1CC1,4
13744,NC1=CC(=O)CC2OC12,NC1=CC(=O)CC2OC12,0
13745,CC1CC2C=CC(=O)C12,CC1CC2C=CC(=O)C12,3
13746,Cc1cn[nH]c1CCO,Cc1cn[nH]c1CCO,4
13747,CC(C)C12CC(C1)CC2,CC(C)C12CCC(C1)C2,2
13748,COCCOC1CC1C,COCCOC1CC1C,1
13749,CC(C)Cc1ccc[nH]1,CC(C)Cc1ccc[nH]1,0
13750,CC12C3CC4OC1C4N23,CC12C3OC4CC1N2C43,0
13751,OC1CC11CC(O)CO1,OC1COC2(C1)CC2O,4
13752,CC1(C#C)C2CN1C2,C#CC1(C)C2CN1C2,3
13753,CC(C#C)C1CCC1O,C#CC(C)C1CCC1O,4
13754,CC1NC1C1OCCO1,CC1NC1C1OCCO1,1
13755,OC1CCC1C1(O)CC1,OC1CCC1C1(O)CC1,4
13756,CC1C2(C)CC1(O)C2=O,CC1C2(C)CC1(O)C2=O,1
13757,CN(CCO)CC#N,CN(CC#N)CCO,3
13758,[O-]C(=O)C[NH+]1CCCC1,O=C([O-])C[NH+]1CCCC1,0
13759,C1CCOCCOC1,C1CCOCCOC1,3
13760,OC1C2C3COC1OC23,OC1C2OCC3C(O2)C13,1
13761,CC(CO)C1OCC=C1,CC(CO)C1C=CCO1,1
13762,c1c(c(n[nH]1)O)N,Nc1c[nH]nc1O,4
13763,CN=C(C(=O)C1CC1)N,CN=C(N)C(=O)C1CC1,0
13764,c1c(nc([nH]1)C2CC2)N,Nc1c[nH]c(C2CC2)n1,3
13765,FC1=CC(=N)N=C(F)N1,N=c1cc(F)[nH]c(F)n1,0
13766,CC1OCC(O1)C#C,C#CC1COC(C)O1,2
13767,CN=COC(=O)C1CO1,CN=COC(=O)C1CO1,3
13768,COC1C2CC(O)C12C,COC1C2CC(O)C21C,4
13769,OC1CC=CCC11CN1,OC1CC=CCC12CN2,4
13770,OC1C2CC=CC(=O)C12,O=C1C=CCC2C(O)C12,1
13771,CCCOCC1(CC1)O,CCCOCC1(O)CC1,0
13772,CC1C(O)C11C2CN1C2,CC1C(O)C12C1CN2C1,1
13773,NC(C=O)=NC1CC1O,NC(C=O)=NC1CC1O,4
13774,c1c(nc(=O)on1)N,Nc1cnoc(=O)n1,2
13775,CC1=CCNC(=O)N1,CC1=CCNC(=O)N1,4
13776,COC1CC(C1)C#N,COC1CC(C#N)C1,3
13777,COCCC12CC(C1)C2,COCCC12CC(C1)C2,3
13778,CC1=C(CC(=O)C1)C,CC1=C(C)CC(=O)C1,3
13779,CCOC1=COC(=N)O1,CCOc1coc(=N)o1,0
13780,CCC(C)(C)OC=O,CCC(C)(C)OC=O,1
13781,C1CC1CC2(COC2)O,OC1(CC2CC2)COC1,1
13782,CC1CC2C1COC2=O,CC1CC2C(=O)OCC12,4
13783,CC12OC1C1OCC21,CC12OC1C1OCC12,1
13784,C(C1CN1)C1=CC=CO1,c1coc(CC2CN2)c1,4
13785,O=C1CC2C=CC(=O)N12,O=C1C=CC2CC(=O)N12,4
13786,CCCC(C)(CO)OC,CCCC(C)(CO)OC,3
13787,OC1CCCCN2CC12,OC1CCCCN2CC12,1
13788,OCC(O)C1COC1=O,O=C1OCC1C(O)CO,2
13789,CC(=O)Cn1cnnc1,CC(=O)Cn1cnnc1,4
13790,C1C2OC3C4C3C2C14,C1C2OC3C4C1C2C34,4
13791,O=CC1CC2(CN2)CO1,O=CC1CC2(CN2)CO1,0
13792,CC1C2C1C1=NC=CN21,CC1C2c3nccn3C12,1
13793,CC1C(O)C2OC(=N)C12,CC1C(O)C2OC(=N)C12,4
13794,CC1CN(C=O)C(=N)N1,CC1CN(C=O)C(=N)N1,2
13795,CNC1=CC(=O)C(=O)C1,CNC1=CC(=O)C(=O)C1,0
13796,CCC1OC2CC=CC12,CCC1OC2CC=CC12,3
13797,O=COCC1(CO1)C=O,O=COCC1(C=O)CO1,3
13798,CC1CC2CC3COC123,CC1CC2CC3COC132,1
13799,C(=O)c1c(non1)C=O,O=Cc1nonc1C=O,1
13800,OC1CCN2C(C=O)C12,O=CC1C2C(O)CCN12,1
13801,CC1C2COC(CO)C12,CC1C2COC(CO)C12,0
13802,OCCC1CC2OC2C1,OCCC1CC2OC2C1,4
13803,CCC12NC1CCC=C2,CCC12C=CCCC1N2,2
13804,CCCC1(OC1C)C=O,CCCC1(C=O)OC1C,3
13805,CC1=NOC(=O)OC1=N,Cc1noc(=O)oc1=N,2
13806,C1C(CO1)(C#CCO)N,NC1(C#CCO)COC1,2
13807,CC1CC11CC(C)C1=O,CC1CC2(CC2C)C1=O,4
13808,NC(=O)C1(CC#C)CO1,C#CCC1(C(N)=O)CO1,4
13809,O=C1OCOC1C#N,N#CC1OCOC1=O,3
13810,CN1CCC(=O)C(O)C1,CN1CCC(=O)C(O)C1,4
13811,O=C1OC2C3CN(C3)C12,O=C1OC2C3CN(C3)C12,4
13812,ON=C1CC=CC11CO1,ON=C1CC=CC12CO2,0
13813,OC1C2C3CN3C1C2=O,O=C1C2C(O)C1N1CC21,2
13814,CC(O)C1C(C)C1C=O,CC(O)C1C(C)C1C=O,3
13815,CC#CC12CC(C1)C2O,CC#CC12CC(C1)C2O,3
13816,CC1C(CC(C)=O)N1C,CC(=O)CC1C(C)N1C,1
13817,FC1=C(F)C(=N)C=NO1,N=c1cnoc(F)c1F,2
13818,CCC(=O)C1COC=N1,CCC(=O)C1COC=N1,2
13819,Cc1c[nH]c(c1CO)C,Cc1c[nH]c(C)c1CO,4
13820,CC1OC2C1CC21CC1,CC1OC2C1CC21CC1,2
13821,CC1C2C1C1(CO1)C2=O,CC1C2C(=O)C3(CO3)C12,2
13822,C1COC(=O)N1C(=O)N,NC(=O)N1CCOC1=O,4
13823,Cc1c(nn[nH]1)N=CN,Cc1[nH]nnc1N=CN,4
13824,CCC1(CN1)C#CC,CC#CC1(CC)CN1,4
13825,OC1CCC2=C1OC=N2,OC1CCc2ncoc21,1
13826,CC12COC1C(N2)C#C,C#CC1NC2(C)COC12,3
13827,C1C2C=CC3C=CCC123,C1=CC2C=CC3CC23C1,0
13828,N=C1NC(C#C)C11CO1,C#CC1NC(=N)C12CO2,2
13829,O=C1C2COC1OCC2,O=C1C2CCOC1OC2,3
13830,Cc1ncnc(n1)O,Cc1ncnc(O)n1,3
13831,C1CC1(C(=O)NC=O)O,O=CNC(=O)C1(O)CC1,1
13832,C1COCC(=O)OC=N1,O=C1COCCN=CO1,4
13833,OC1C2CC1N1CC21,OC1C2CC1N1CC21,3
13834,CC12CN3C1CC=CC23,CC12CN3C1C=CCC32,1
13835,O1C2C1C1C3C4C(C23)N14,O1C2C1C1C3C2C2C3N12,2
13836,CC(O)C1(CC=O)CN1,CC(O)C1(CC=O)CN1,2
13837,O=CC(CC1CC1)C#C,C#CC(C=O)CC1CC1,0
13838,CC1C(C#C)N1C(N)=O,C#CC1C(C)N1C(N)=O,4
13839,c1c2c(c(no2)N)on1,Nc1noc2cnoc12,1
13840,CN(C)CC(C#C)C#N,C#CC(C#N)CN(C)C,2
13841,CC(C)(C(=O)NC)O,CNC(=O)C(C)(C)O,3
13842,CCOc1cnn(c1)C,CCOc1cnn(C)c1,0
13843,OCCC12CC1C1CC21,OCCC12CC1C1CC12,4
13844,C1CCC(=O)C(=O)CC1,O=C1CCCCCC1=O,1
13845,OC1C2CC=CCC12,OC1C2CC=CCC12,0
13846,CNC(CC#N)C#N,CNC(C#N)CC#N,2
13847,CC([NH3+])C1=N[N-]C(=N)O1,CC([NH3+])c1n[n-]c(=N)o1,0
13848,N=C1C2CC3N1C23C#C,C#CC12C3CC1N2C3=N,3
13849,CC(C)C12CC1OC2C,CC(C)C12CC1OC2C,1
13850,CCOCC12CC(C1)C2,CCOCC12CC(C1)C2,3
13851,CC(C#N)C1(C)NC1C,CC(C#N)C1(C)NC1C,4
13852,CCC1(O)CNC1C=O,CCC1(O)CNC1C=O,4
13853,CC1OC2(C)C1OC2=N,CC1OC2(C)C(=N)OC12,2
13854,CC1C2CC1C(O)C=C2,CC1C2C=CC(O)C1C2,0
13855,CC1C=CC2OC2C=C1,CC1C=CC2OC2C=C1,1
13856,CC1C2C3NC1C(=O)C23,CC1C2NC3C(C2=O)C13,1
13857,COCC1C2N1CC2=O,COCC1C2C(=O)CN12,0
13858,C1COCCOCC1=O,O=C1CCOCCOC1,3
13859,CC12CCC1N2C=O,CC12CCC1N2C=O,1
13860,c1c(c(oc1N)N)N,Nc1cc(N)c(N)o1,0
13861,OC1CC1(OC=O)C#N,N#CC1(OC=O)CC1O,1
13862,C#CC1(C#C)C2CC1O2,C#CC1(C#C)C2CC1O2,3
13863,OC1=C(F)C(=N)N=CO1,N=c1ncoc(O)c1F,4
13864,CC1C2OC2C11CC1,CC1C2OC2C12CC2,4
13865,OC1CCC1(O)C#C,C#CC1(O)CCC1O,3
13866,CCc1cc(n(n1)C)O,CCc1cc(O)n(C)n1,4
13867,C#CCC12CC1CC=C2,C#CCC12C=CCC1C2,0
13868,CCOC1(CC1)C(=O)C,CCOC1(C(C)=O)CC1,0
13869,O=C(C#C)C12CC1CO2,C#CC(=O)C12CC1CO2,3
13870,Cn1cc(cn1)CC#N,Cn1cc(CC#N)cn1,2
13871,COc1cc(co1)N,COc1cc(N)co1,1
13872,CN1C=NC(=N1)C1CN1,Cn1cnc(C2CN2)n1,4
13873,CC12CCC11OCC1O2,CC12CCC13OCC3O2,4
13874,N=COC1C2CC1C2,N=COC1C2CC1C2,1
13875,CC1OC2CNC12C=O,CC1OC2CNC12C=O,1
13876,CC(C=O)C1C2CC1O2,CC(C=O)C1C2CC1O2,0
13877,CCC1CC11COC=N1,CCC1CC12COC=N2,1
13878,CC12COC3CC1OC23,CC12COC3CC1OC32,1
13879,N=C1CN=CNC(=O)N1,N=C1CN=CNC(=O)N1,4
13880,C1OC2(CC=CC2)C=C1,C1=CC2(CC=CC2)OC1,2
13881,C1C2C3OC=NCC3N12,C1=NCC2C(O1)C1CN21,0
13882,C#CCCNC(=N)C=O,C#CCCNC(=N)C=O,4
13883,CC1C2CC1(C#C)C2C,C#CC12CC(C1C)C2C,1
13884,CCC(C)C(C=O)C#C,C#CC(C=O)C(C)CC,4
13885,CC1CC2(CO2)C=C1C,CC1=CC2(CO2)CC1C,0
13886,CCC(O)C#CC,CC#CC(O)CC,4
13887,CN1C2C3C4C2C1C34O,CN1C2C3C4C2C4(O)C31,2
13888,CCC(C#N)C(O)C=O,CCC(C#N)C(O)C=O,4
13889,CNC=[NH+]C1=NC=N[N-]1,CNC=[NH+]c1ncn[n-]1,4
13890,O=CC12OCC3C1NC23,O=CC12OCC3C1NC32,1
13891,CC(C)C(C)(C#N)C#N,CC(C)C(C)(C#N)C#N,3
13892,CC(CC#C)C#N,C#CCC(C)C#N,1
13893,OCC12C3C1N1CC2C31,OCC12C3CN4C3C1C42,2
13894,CCCCC(CC)CC,CCCCC(CC)CC,2
13895,CC#CC(=O)C(C)O,CC#CC(=O)C(C)O,1
13896,CC1(CC1)CC#CC#C,C#CC#CCC1(C)CC1,3
13897,CCCC(=O)CC1CO1,CCCC(=O)CC1CO1,3
13898,NC12CC(C1)C2(O)C#N,N#CC1(O)C2CC1(N)C2,1
13899,N=COC(=O)C#CC#C,C#CC#CC(=O)OC=N,2
13900,CC12CC(C)(O1)C1CC21,CC12CC(C)(O1)C1CC12,1
13901,O=C1CC2CC3CC1N23,O=C1CC2CC3CC1N23,4
13902,COCCC1OCC1C,COCCC1OCC1C,2
13903,CCC12CC1C(=O)NC2,CCC12CNC(=O)C1C2,3
13904,CC1OC(=N)C1(C)O,CC1OC(=N)C1(C)O,4
13905,OCC1(CCOC1)C#C,C#CC1(CO)CCOC1,4
13906,CC(O)C1(CC1)C1CN1,CC(O)C1(C2CN2)CC1,2
13907,CC(=O)C1NC1C(N)=O,CC(=O)C1NC1C(N)=O,1
13908,c1c2c(c([nH]1)O)CCO2,Oc1[nH]cc2c1CCO2,4
13909,c1nc(n(n1)C2CC2)N,Nc1ncnn1C1CC1,4
13910,CCNC(C=O)C#N,CCNC(C#N)C=O,0
13911,CC1=CC(=O)C2OC2C1,CC1=CC(=O)C2OC2C1,3
13912,C[NH2+]CC1=NOC(=N)[N-]1,C[NH2+]Cc1noc(=N)[n-]1,2
13913,CC1CCC11CCC1O,CC1CCC12CCC2O,3
13914,CC1(O)CCC1=NO,CC1(O)CCC1=NO,1
13915,Cn1c(c(cn1)N)C=O,Cn1ncc(N)c1C=O,4
13916,N#CC1OCC2NC12,N#CC1OCC2NC21,3
13917,Cc1c(nco1)O,Cc1ocnc1O,1
13918,CC(C)C1C(CO)N1C,CC(C)C1C(CO)N1C,3
13919,CC12CC1CC(=O)CN2,CC12CC1CC(=O)CN2,1
13920,Cc1c(non1)C(C)C,Cc1nonc1C(C)C,1
13921,O=C1CC2C3CN3C2=C1,O=C1C=C2C(C1)C1CN21,3
13922,CC(=O)C(O)C1(O)CC1,CC(=O)C(O)C1(O)CC1,0
13923,C1C2OCC3COCC123,C1OCC23CC2OCC13,0
13924,CC1OC(=N)C11COC1,CC1OC(=N)C12COC2,4
13925,CCC(O)C#CC(C)O,CCC(O)C#CC(C)O,3
13926,NC(=O)C1CCC(O)C1,NC(=O)C1CCC(O)C1,2
13927,Cc1nc(on1)C(C)C,Cc1noc(C(C)C)n1,1
13928,O=C1C2CN2C1C1CN1,O=C1C2CN2C1C1CN1,0
13929,CC1OC2C=CCC12O,CC1OC2C=CCC12O,0
13930,CN1C=NC(=N)OC1=O,Cn1cnc(=N)oc1=O,1
13931,CC1CC1C1COC=N1,CC1CC1C1COC=N1,2
13932,C1COCC12OCCO2,C1CC2(CO1)OCCO2,4
13933,COC(=O)C1CCC=C1,COC(=O)C1C=CCC1,1
13934,OC1CNC2CC2C1=O,O=C1C(O)CNC2CC12,3
13935,CCCC1OC1C#CC,CC#CC1OC1CCC,2
13936,CC12CN1C1CC21O,CC12CN1C1CC12O,0
13937,c1c(nno1)C(=O)C=O,O=CC(=O)c1conn1,1
13938,CN1N=CC(=N)NC1=O,Cn1ncc(=N)[nH]c1=O,2
13939,C1C2CC=CC1O2,C1=CC2CC(C1)O2,4
13940,N#CC12CCOC1CO2,N#CC12CCOC1CO2,3
13941,CC12CC1CC2(C)C#N,CC1(C#N)CC2CC21C,0
13942,C1NC1C1OC2CC2O1,C1NC1C1OC2CC2O1,0
13943,CC12CC(C1)(CO2)C#N,CC12CC(C#N)(CO1)C2,4
13944,NC(=O)C1(CO1)C=O,NC(=O)C1(C=O)CO1,2
13945,NC(C#C)C(=O)OC=N,C#CC(N)C(=O)OC=N,1
13946,COC(C#C)C(C)(C)O,C#CC(OC)C(C)(C)O,3
13947,OC12CC1(CC=O)OC2,O=CCC12CC1(O)CO2,3
13948,CCC1NC1C1OC1C,CCC1NC1C1OC1C,3
13949,CC1(CC#N)CNC1=O,CC1(CC#N)CNC1=O,1
13950,CC1OC1C1CC1CO,CC1OC1C1CC1CO,2
13951,Cc1cc[nH]c1C#C,C#Cc1[nH]ccc1C,3
13952,C1CC12CC=CC(=O)O2,O=C1C=CCC2(CC2)O1,4
13953,OCC1NC1C1CN1,OCC1NC1C1CN1,3
13954,Cc1ccnc(c1N)C,Cc1ccnc(C)c1N,0
13955,c1c(noc1N=CN)N,NC=Nc1cc(N)no1,3
13956,COC(C#C)C1(C)CO1,C#CC(OC)C1(C)CO1,3
13957,c1conc1C(=O)N,NC(=O)c1ccon1,4
13958,Cn1c(c(cn1)N)C#N,Cn1ncc(N)c1C#N,1
13959,OC(CC#C)(C#C)C#N,C#CCC(O)(C#C)C#N,1
13960,O=CC1(CC#C)CCO1,C#CCC1(C=O)CCO1,4
13961,C#CC1C2C3CCN1C23,C#CC1C2C3CCN1C32,2
13962,OC1CC2OC(C#N)C12,N#CC1OC2CC(O)C12,2
13963,CCC1OC1C(=O)CO,CCC1OC1C(=O)CO,3
13964,CCC1CC11OC2CC12,CCC1CC12OC1CC12,2
13965,OC1C2[NH2+]CC12C([O-])=O,O=C([O-])C12C[NH2+]C1C2O,1
13966,CC12OC1CC2CO,CC12OC1CC2CO,3
13967,NC(=O)OC1CCC1O,NC(=O)OC1CCC1O,1
13968,C#CC1C2NC2C11CN1,C#CC1C2NC2C12CN2,2
13969,OC1CCC2C3CC1C23,OC1CCC2C3CC1C23,2
13970,NC(=O)CC1NCC1=O,NC(=O)CC1NCC1=O,1
13971,CN1C=CC(C=O)C1=O,CN1C=CC(C=O)C1=O,2
13972,CN1CCC(=O)C=C1,CN1C=CC(=O)CC1,1
13973,NC(=O)CC1CC1C=O,NC(=O)CC1CC1C=O,2
13974,COCC1C2NC(=O)C12,COCC1C2NC(=O)C12,2
13975,OC1C2OC3C=CC2C13,OC1C2OC3C=CC2C31,0
13976,O=C1OCCC(O1)C#N,N#CC1CCOC(=O)O1,4
13977,CCNc1coc(=O)o1,CCNc1coc(=O)o1,3
13978,CC1C=CC(=O)C1(C)O,CC1C=CC(=O)C1(C)O,1
13979,OCC1(O)CC11COC1,OCC1(O)CC12COC2,2
13980,CC(O)C1NC1(C)C,CC(O)C1NC1(C)C,0
13981,OC1CC2CC1C1OC21,OC1CC2CC1C1OC21,2
13982,OCCC1OC(=N)C=C1,N=C1C=CC(CCO)O1,4
13983,Cc1cn(cc1C=O)C,Cc1cn(C)cc1C=O,3
13984,c1c(c2c([nH]1)[nH]cn2)N,Nc1c[nH]c2[nH]cnc12,1
13985,CC1OC(=N)C1CO,CC1OC(=N)C1CO,2
13986,CC1(O)CC=CC1(C)O,CC1(O)C=CCC1(C)O,1
13987,CC1(NC11COC1)C=O,CC1(C=O)NC12COC2,4
13988,ON=C1C2NC1C=C2,ON=C1C2C=CC1N2,0
13989,C1CC1OC(=N)NC=O,N=C(NC=O)OC1CC1,3
13990,CC1=CC2CCC1CO2,CC1=CC2CCC1CO2,4
13991,CCC(C)C1C(C)N1C,CCC(C)C1C(C)N1C,3
13992,OC1C2CC2C1OC=O,O=COC1C(O)C2CC21,1
13993,c1c2c(cno2)[nH]c1O,Oc1cc2oncc2[nH]1,1
13994,c1conc1CNC=O,O=CNCc1ccon1,1
13995,COC=NCC(O)C=O,COC=NCC(O)C=O,1
13996,NC(=O)CC1CC(O)C1,NC(=O)CC1CC(O)C1,3
13997,COCC(=NCC#N)N,COCC(N)=NCC#N,0
13998,CC(C)C1CC(=O)C1O,CC(C)C1CC(=O)C1O,4
13999,C#CC#CC12CC(C1)O2,C#CC#CC12CC(C1)O2,2
14000,OCC1OC11CCCC1,OCC1OC12CCCC2,4
14001,Cc1c(cncc1F)N,Cc1c(N)cncc1F,4
14002,C1OCC23OC2C=CC13,C1=CC2OC23COCC13,4
14003,CNC(=NCC#C)OC,C#CCN=C(NC)OC,4
14004,COC1C(O)CNC1=O,COC1C(=O)NCC1O,2
14005,C1C(CN1C=O)(C=O)O,O=CN1CC(O)(C=O)C1,4
14006,OC12C3CCC(C13)C2=O,O=C1C2CCC3C2C13O,1
14007,C1CC23N=CN4C(C24)C13,C1=NC23CCC2C2C3N12,1
14008,CC1CC11CC2OC12,CC1CC12CC1OC12,3
14009,CCC(C)C1=NOC=N1,CCC(C)c1ncon1,3
14010,CC(=O)CC1=CCOC1,CC(=O)CC1=CCOC1,3
14011,CC12CC(C1)C(C=O)=C2,CC12C=C(C=O)C(C1)C2,1
14012,CNC1CC1(CO)C#N,CNC1CC1(C#N)CO,2
14013,CC1C2OC1(C)C2(C)O,CC1C2OC1(C)C2(C)O,0
14014,Cc1cc(oc1)C(=O)N,Cc1coc(C(N)=O)c1,0
14015,CC1C2C(O)C2NC1=O,CC1C(=O)NC2C(O)C12,3
14016,O=CN1CC2(CC12)C=O,O=CN1CC2(C=O)CC12,2
14017,CC1=NC(=N)OC(O)=N1,Cc1nc(O)oc(=N)n1,0
14018,N=C1NC(C#N)C1C=O,N#CC1NC(=N)C1C=O,1
14019,C(C=O)OC(=O)CC#N,N#CCC(=O)OCC=O,0
14020,c1cnoc1NC2CC2,c1cc(NC2CC2)on1,4
14021,C1CCC2(C1)CCCO2,C1CCC2(C1)CCCO2,3
14022,N=C1NCC2=C1N=CO2,N=C1NCc2ocnc21,2
14023,CC12CC3(C)C1CN23,CC12CC3(C)C1CN23,0
14024,CCC1OCC=CC=C1,CCC1C=CC=CCO1,2
14025,CC1(C)C2CC2C1C#C,C#CC1C2CC2C1(C)C,1
14026,CC(CCOC=N)C#N,CC(C#N)CCOC=N,0
14027,c1c(ocn1)NCCO,OCCNc1cnco1,2
14028,N#CCCC1CC1C#N,N#CCCC1CC1C#N,1
14029,NC1COCC1(O)C#N,N#CC1(O)COCC1N,3
14030,O=CCC1C2COC12,O=CCC1C2COC12,1
14031,OC1CC2CC2C(=O)C1,O=C1CC(O)CC2CC12,0
14032,C1C2NCC3=C2N1N=C3,c1nn2c3c1CNC3C2,2
14033,OC1C2C3CC2(C=O)C13,O=CC12CC3C1C(O)C32,1
14034,OCC1CN1CCC#C,C#CCCN1CC1CO,0
14035,OC1CC2(O)C3CN3C12,OC1CC2(O)C3CN3C12,4
14036,C1C=CC2C=CC3NC123,C1=CC2C=CC3NC23C1,2
14037,CC1(C)CC2(NC12)C#N,CC1(C)CC2(C#N)NC12,1
14038,c1cc(=O)cnc(c1)N,Nc1cccc(=O)cn1,0
14039,CC1CN2CC2C(=O)O1,CC1CN2CC2C(=O)O1,0
14040,CC(C#C)C1CC2OC12,C#CC(C)C1CC2OC21,1
14041,O=C1C2CN2C2CCC12,O=C1C2CCC2N2CC12,3
14042,C1CN(C1)C2(CC2)C=O,O=CC1(N2CCC2)CC1,0
14043,C1CC(=CC(=O)NC1)N,NC1=CC(=O)NCCC1,3
14044,CC1OC2C(O)CC12,CC1OC2C(O)CC12,0
14045,CC(C)(C)CN1CC1,CC(C)(C)CN1CC1,1
14046,CC12CC3CCOC1C23,CC12CC3CCOC1C32,2
14047,OC1C2C3NC(=O)C1C23,O=C1NC2C3C(O)C1C23,4
14048,C1OCC2C3NC3C2O1,C1OCC2C3NC3C2O1,3
14049,C1C2CC34CC(O3)C4N12,C1C2CC34CC(O3)C4N12,4
14050,OC1(C#C)C2CC1N2,C#CC1(O)C2CC1N2,2
14051,NC12CN=C3NC1C23O,NC12CN=C3NC1C32O,0
14052,OC1=NC=NC(=N)O1,N=c1ncnc(O)o1,1
14053,NC1=CC(=N)N=C(O)N1,N=c1cc(N)[nH]c(O)n1,0
14054,OCC12CC3OC1CC23,OCC12CC3OC1CC32,0
14055,CC12CC(C)(O)CC1N2,CC1(O)CC2NC2(C)C1,1
14056,CC1C2OC3C2CCC13,CC1C2CCC3C1OC23,1
14057,CC12CN(C1)C(C2)C=O,CC12CC(C=O)N(C1)C2,2
14058,C1CC2CC=CCC1O2,C1=CCC2CCC(C1)O2,0
14059,NC(C#N)C(O)CC#N,N#CCC(O)C(N)C#N,2
14060,CC1=C2NCC2CC1=O,CC1=C2NCC2CC1=O,1
14061,COC(=O)C1CC1C#N,COC(=O)C1CC1C#N,2
14062,NC1=NNC=CC1=N,N=c1cc[nH]nc1N,0
14063,Cn1ccc(=O)c(n1)F,Cn1ccc(=O)c(F)n1,0
14064,CCC#CCCC1CC1,CCC#CCCC1CC1,0
14065,O=CN1CC2C3CC2C13,O=CN1CC2C3CC2C31,1
14066,CC(C)C(O)C(F)(F)F,CC(C)C(O)C(F)(F)F,4
14067,Cc1c(occ1NC)C,CNc1coc(C)c1C,4
14068,CC12CC3NC3C1(C)N2,CC12CC3NC3C1(C)N2,3
14069,CC1CC1C12CC(C1)O2,CC1CC1C12CC(C1)O2,0
14070,CCCCC(C#C)C#C,C#CC(C#C)CCCC,1
14071,CCn1ccnc1C=O,CCn1ccnc1C=O,3
14072,OCC1=NOC=CC1=N,N=c1cconc1CO,2
14073,CCC(CC(N)=O)C#N,CCC(C#N)CC(N)=O,2
14074,Cc1c(onc1O)C,Cc1onc(O)c1C,3
14075,N=C(OC(=O)C=O)C=O,N=C(C=O)OC(=O)C=O,2
14076,C(CN=CNC=O)CO,O=CNC=NCCCO,1
14077,CCC1(C)C(C)C1C#C,C#CC1C(C)C1(C)CC,0
14078,OCC(=O)C1CC(=O)O1,O=C1CC(C(=O)CO)O1,1
14079,CC(C#C)C1=NNC=C1,C#CC(C)c1cc[nH]n1,1
14080,CC(C)CC1(CO)CO1,CC(C)CC1(CO)CO1,1
14081,ON=C1CN2CC(O)C12,ON=C1CN2CC(O)C12,2
14082,CC1C2OC(C)(C)OC12,CC1C2OC(C)(C)OC12,2
14083,OC1CC23NC12CC=C3,OC1CC23C=CCC12N3,0
14084,Cc1cc(co1)C#C,C#Cc1coc(C)c1,3
14085,CCOC(C)C1COC1,CCOC(C)C1COC1,0
14086,OC1(C#C)C2CC1CC2,C#CC1(O)C2CCC1C2,2
14087,CC12CC3C(C13)N2C=O,CC12CC3C(C31)N2C=O,4
14088,C1C2N=CN3C=NCC123,C1=NCC23CC2N=CN13,3
14089,O=C1CCOC(C1)C#C,C#CC1CC(=O)CCO1,2
14090,CC12NC1(CO)C1OC21,CC12NC1(CO)C1OC12,2
14091,CC1=CC(NCC1)C#N,CC1=CC(C#N)NCC1,4
14092,OCCC(O)C1CCC1,OCCC(O)C1CCC1,1
14093,OCC1CN=C(CO)O1,OCC1=NCC(CO)O1,4
14094,CCCc1nc(co1)O,CCCc1nc(O)co1,0
14095,CC1(O)C(C)(O)C1(C)O,CC1(O)C(C)(O)C1(C)O,2
14096,N#CCC1NC2COC12,N#CCC1NC2COC12,2
14097,OCC1(O)CC(O)C=C1,OCC1(O)C=CC(O)C1,3
14098,C1CNC(=NC1)C=O,O=CC1=NCCCN1,2
14099,CC1(O)C(O)C(O)C1O,CC1(O)C(O)C(O)C1O,0
14100,CC1OC2C=CCOC12,CC1OC2C=CCOC12,0
14101,COC(=O)C1CC(=O)O1,COC(=O)C1CC(=O)O1,2
14102,CC(CO)OCC(C)=O,CC(=O)COC(C)CO,4
14103,CC1C2NC1C(=O)C2=O,CC1C2NC1C(=O)C2=O,1
14104,CCN1C2C1C(O)C2C,CCN1C2C(C)C(O)C21,2
14105,CCC1CC(O)C2NC12,CCC1CC(O)C2NC12,3
14106,CC12CC1CC2(O)CO,CC12CC1CC2(O)CO,0
14107,CC1C2CC3CC(O3)C12,CC1C2CC3CC(O3)C12,4
14108,C1CC=CCCC#CC1,C1#CCCCC=CCC1,4
14109,C1CC2COC1CC=C2,C1=CC2CCC(C1)OC2,1
14110,CC1C=CCC2(C)OC12,CC1C=CCC2(C)OC12,4
14111,CC1CC(=O)C2(C)NC12,CC1CC(=O)C2(C)NC12,4
14112,C1CC1c2c(nn[nH]2)O,Oc1nn[nH]c1C1CC1,3
14113,N#CC1OC1C1CCO1,N#CC1OC1C1CCO1,3
14114,COC1=CC=NNC1=N,COc1ccn[nH]c1=N,0
14115,O=COCC1NC1C=O,O=COCC1NC1C=O,0
14116,C(CO)C(=NO)CC=O,O=CCC(CCO)=NO,3
14117,c1c(non1)N=CN,NC=Nc1cnon1,1
14118,C1C2CC3C=CCC1C23,C1=CC2CC3CC(C1)C23,1
14119,CC1(CCOC=N1)C,CC1(C)CCOC=N1,3
14120,CC1=C(CCCC1)C#C,C#CC1=C(C)CCCC1,2
14121,N#CC1CC11OC2CC12,N#CC1CC12OC1CC12,4
14122,CCC(CO)OC(N)=O,CCC(CO)OC(N)=O,0
14123,OCC12CC1OCOC2,OCC12COCOC1C2,4
14124,C1OC11C2C3CCC2C13,C1CC2C3C1C2C31CO1,1
14125,CC1C(O)C1(C)CC#C,C#CCC1(C)C(C)C1O,1
14126,CC12OC3C1C2C3=O,CC12OC3C(=O)C1C32,3
14127,NC(=O)C1(O)CCC=C1,NC(=O)C1(O)C=CCC1,4
14128,CCC12CC(O)C1N2C,CCC12CC(O)C1N2C,0
14129,CC1COC(C)C2OC12,CC1COC(C)C2OC12,4
14130,CC1(CN1C2CCC2)C,CC1(C)CN1C1CCC1,4
14131,CCC1(C)COC(=O)O1,CCC1(C)COC(=O)O1,2
14132,O=CC1C2CC1COC2,O=CC1C2COCC1C2,1
14133,c1c2c(no1)C=CC2,C1=Cc2nocc2C1,1
14134,Cc1cc([nH]c1C)C=O,Cc1cc(C=O)[nH]c1C,2
14135,CCOC1CCOC1,CCOC1CCOC1,4
14136,CC1CC(=O)C11CO1,CC1CC(=O)C12CO2,4
14137,CCCC1OCC1C#C,C#CC1COC1CCC,1
14138,CC1C2OC1C(C)C=C2,CC1C=CC2OC1C2C,0
14139,c1c([nH]nc1OC=O)N,Nc1cc(OC=O)n[nH]1,0
14140,Cc1cnncc1C,Cc1cnncc1C,0
14141,CCC1OCC1CC#C,C#CCC1COC1CC,2
14142,CC(C)Cn1cnnn1,CC(C)Cn1cnnn1,2
14143,OCC1(CO1)C1CO1,OCC1(C2CO2)CO1,2
14144,O=CC1CC1CCC#N,N#CCCC1CC1C=O,4
14145,NC1=NC2C3OC1C23O,NC1=NC2C3OC1C23O,4
14146,O=C1CC2NC2C11CC1,O=C1CC2NC2C12CC2,3
14147,C(CC#CCO)C=O,O=CCCC#CCO,3
14148,CC12CC(N3CC13)C2=O,CC12CC(C1=O)N1CC12,4
14149,CC(CO)C(=O)C=O,CC(CO)C(=O)C=O,4
14150,CC12CC3(C)OC1C23,CC12CC3(C)C(O1)C23,0
14151,OC1CC2(NC12)C=O,O=CC12CC(O)C1N2,2
14152,OCCC1OCC1O,OCCC1OCC1O,1
14153,N=C1OC2OCC3C2C13,N=C1OC2OCC3C1C23,2
14154,CC(O)C1CC2OC12,CC(O)C1CC2OC21,0
14155,CN=CN(CC#C)C=O,C#CCN(C=O)C=NC,3
14156,CC1(CO)C2CC3C2N13,CC1(CO)C2CC3C2N31,2
14157,Cn1cccc1C#C,C#Cc1cccn1C,0
14158,CC#Cc1[nH]cc(n1)C,CC#Cc1nc(C)c[nH]1,0
14159,OC1CC2NC(=O)OC12,O=C1NC2CC(O)C2O1,3
14160,OC1C(O)C2(CN2)C1=O,O=C1C(O)C(O)C12CN2,0
14161,c1cnc(=O)c(=O)oc1,O=c1ncccoc1=O,0
14162,C1CCOCCOCC1,C1CCOCCOCC1,4
14163,c1c(ncoc1=O)C#N,N#Cc1cc(=O)ocn1,0
14164,CC1C2CC3CC3C1O2,CC1C2CC3CC3C1O2,1
14165,O=CCOC1CNC1=O,O=CCOC1CNC1=O,0
14166,OCC(OC1CC1)C#N,N#CC(CO)OC1CC1,2
14167,CC12CC3N1CC23C#N,CC12CC3N1CC32C#N,0
14168,O=C1CNC1C1CCC1,O=C1CNC1C1CCC1,2
14169,COC1CCC1C1CO1,COC1CCC1C1CO1,4
14170,CC(C)c1cc([nH]c1)O,CC(C)c1c[nH]c(O)c1,0
14171,C1OC23CN4CC12CC34,C1OC23CN4CC12CC43,1
14172,CN1CC1(C)CC#C,C#CCC1(C)CN1C,2
14173,CC1N(C)C(=O)C=C1C,CC1=CC(=O)N(C)C1C,2
14174,Cc1c(=O)oc(cn1)O,Cc1ncc(O)oc1=O,2
14175,OCC12CC(C1)C2,OCC12CC(C1)C2,2
14176,CC12CC3CC(CC13)C2,CC12CC3CC(C1)C2C3,4
14177,CC1(COC(O1)(C)C)C,CC1(C)COC(C)(C)O1,2
14178,CN=C1OC2CC2C1C,CN=C1OC2CC2C1C,4
14179,CC1(C=O)C(O)C1CO,CC1(C=O)C(O)C1CO,3
14180,N#CC1CCCCCN1,N#CC1CCCCCN1,2
14181,OC12C=CC3(O)C1CC23,OC12C=CC3(O)C1CC23,1
14182,OC12CC=CC1NC2=N,N=C1NC2C=CCC12O,4
14183,CN1C2C3OC(=N)C2C13,CN1C2C3OC(=N)C2C31,2
14184,OC1CC1N1CC1C=O,O=CC1CN1C1CC1O,2
14185,CC1N=COC2CC12O,CC1N=COC2CC12O,3
14186,CC1(CC2CC12)OC=N,CC1(OC=N)CC2CC21,0
14187,OC12CC3C1C(C#C)C23,C#CC1C2C3CC2(O)C13,2
14188,COC(C)CC(N)=O,COC(C)CC(N)=O,4
14189,CCC(C)C1CCC=C1,CCC(C)C1C=CCC1,1
14190,CC1=CCCCC11CO1,CC1=CCCCC12CO2,3
14191,OCC1COC(=N)C=C1,N=C1C=CC(CO)CO1,2
14192,C1CN1CC(=O)N,NC(=O)CN1CC1,4
14193,c1cc(n[nH]c1=O)F,O=c1ccc(F)n[nH]1,3
14194,CC1C2OC1C2C1CO1,CC1C2OC1C2C1CO1,2
14195,CC(=O)NC(C)(C)CO,CC(=O)NC(C)(C)CO,4
14196,OCC1NC(C=O)C1O,O=CC1NC(CO)C1O,1
14197,COc1c[nH]c(n1)N,COc1c[nH]c(N)n1,1
14198,COC(=O)C1(C)CCO1,COC(=O)C1(C)CCO1,1
14199,COC1(CCC1)C(=O)N,COC1(C(N)=O)CCC1,3
14200,CC1OC1C(C)(N)C#N,CC1OC1C(C)(N)C#N,0
14201,C#CC(=NO)CCCO,C#CC(CCCO)=NO,1
14202,Cc1c(cn(c1O)C)N,Cc1c(N)cn(C)c1O,2
14203,CC(O)C1C2NC(=O)C12,CC(O)C1C2NC(=O)C21,4
14204,CC1CC(O)(CO)C=C1,CC1C=CC(O)(CO)C1,4
14205,COc1ccncn1,COc1ccncn1,2
14206,CNC(C)C(=O)OC,CNC(C)C(=O)OC,4
14207,CC1CNC=CC(=N)O1,CC1CNC=CC(=N)O1,1
14208,CCCNC(=N)C(=O)C,CCCNC(=N)C(C)=O,3
14209,CC1N=C(CO)NC1=N,CC1N=C(CO)NC1=N,2
14210,CC1C2C3CC2C13C,CC1C2C3CC2C13C,0
14211,OC1C2CCC3CN3C12,OC1C2CCC3CN3C12,1
14212,CCc1[nH]nc(n1)N,CCc1nc(N)n[nH]1,4
14213,O=CC1C2NC2C1C#C,C#CC1C(C=O)C2NC12,4
14214,CC(=O)C1COC=NC1,CC(=O)C1CN=COC1,1
14215,C(C(=O)N)OC(=O)C=O,NC(=O)COC(=O)C=O,1
14216,CN=C(CO)NC=O,CN=C(CO)NC=O,0
14217,CNC(=O)C1(CO1)C#C,C#CC1(C(=O)NC)CO1,0
14218,CCC(CC(C)O)OC,CCC(CC(C)O)OC,3
14219,C1CC2=C(C1)COCC2,C1CC2=C(C1)COCC2,2
14220,C1N2C3C4C=CC13C24,C1=CC23CN4C2C1C43,0
14221,NC(=O)NC1CNC1=O,NC(=O)NC1CNC1=O,4
14222,CCC1(CN1)C1CO1,CCC1(C2CO2)CN1,1
14223,CC1=CC2CC1(O)C2O,CC1=CC2CC1(O)C2O,1
14224,OC1CCOCC11CO1,OC1CCOCC12CO2,0
14225,CC12CN3C1C=CC23C,CC12CN3C1C=CC32C,3
14226,OC1CCNC(=N)C1=O,N=C1NCCC(O)C1=O,1
14227,CC1OC=NC1C#N,CC1OC=NC1C#N,0
14228,CC(=O)C12CC(C)(C1)C2,CC(=O)C12CC(C)(C1)C2,1
14229,CC1NC1C1=NC=CO1,CC1NC1c1ncco1,2
14230,O=C1OCC2C=CCC12,O=C1OCC2C=CCC12,2
14231,CCCCC12CN(C1)C2,CCCCC12CN(C1)C2,0
14232,CCc1ccoc1C,CCc1ccoc1C,3
14233,CC1NC2CC2CC1=O,CC1NC2CC2CC1=O,3
14234,CCc1ccccn1,CCc1ccccn1,2
14235,COC1CC1CC(C)=O,COC1CC1CC(C)=O,0
14236,COC(C)CCC1CO1,COC(C)CCC1CO1,3
14237,O=C1NC2=NCCC2O1,O=C1NC2=NCCC2O1,4
14238,CC1CC(C)(C=C1)C#N,CC1C=CC(C)(C#N)C1,2
14239,OCC1OC1(C=O)C#C,C#CC1(C=O)OC1CO,4
14240,N#CC1NC11C2CC1C2,N#CC1NC12C1CC2C1,2
14241,OCC1C2C(O)C2C1O,OCC1C(O)C2C(O)C12,3
14242,OCC12CC3CC3C1O2,OCC12CC3CC3C1O2,3
14243,CC1(CC(=O)C1)C1CO1,CC1(C2CO2)CC(=O)C1,0
14244,C1CC2(CC2)C(=C1)C=O,O=CC1=CCCC12CC2,2
14245,O=C1NC23CN(CC2)C13,O=C1NC23CCN(C2)C13,1
14246,CCC12OC3(C)C1OC23,CCC12OC3(C)C1OC32,3
14247,CC12CN1C(=O)C1NC21,CC12CN1C(=O)C1NC12,4
14248,OC1CN(C=O)C1=O,O=CN1CC(O)C1=O,3
14249,CC1=CC2C3CC1(C)C23,CC1=CC2C3CC1(C)C23,3
14250,CC1CC=CC(C)(C)C1,CC1CC=CC(C)(C)C1,0
14251,CN1C2C1C1(C)NC21C,CN1C2C1C1(C)NC21C,0
14252,O=CC1=NCC(O1)C#N,N#CC1CN=C(C=O)O1,3
14253,OC1CCC11CCO1,OC1CCC12CCO2,3
14254,CC12CC1C(O)C21CO1,CC12CC1C(O)C21CO1,2
14255,Cc1cncc(n1)C#N,Cc1cncc(C#N)n1,2
14256,CC1C2CC3(O)CC3N12,CC1C2CC3(O)CC3N12,3
14257,OCC1CCC1=NO,OCC1CCC1=NO,1
14258,CC12CC(O1)C(=O)C2=O,CC12CC(O1)C(=O)C2=O,3
14259,c1cnc(cn1)N,Nc1cnccn1,3
14260,CC12C=CC3CC1C2O3,CC12C=CC3CC1C2O3,3
14261,CC(C)(CCC=O)C=O,CC(C)(C=O)CCC=O,1
14262,CC12CC=CC(=O)C1O2,CC12CC=CC(=O)C1O2,4
14263,C1C2C3C4C3N3C2C3C14,C1C2C3C4C1C1C2N1C34,1
14264,N#CC12CC1C1CCC21,N#CC12CC1C1CCC12,2
14265,O=CN1C2CCC1C=C2,O=CN1C2C=CC1CC2,2
14266,C1CC2(C1)C(=NO)CO2,ON=C1COC12CCC2,4
14267,OC1C=CC2OCOC12,OC1C=CC2OCOC12,0
14268,O=CC1CC2CCC2O1,O=CC1CC2CCC2O1,0
14269,OC1C2CC(C=C2)C1O,OC1C2C=CC(C2)C1O,3
14270,CC1C2NC2C2C1N2C,CC1C2NC2C2C1N2C,1
14271,CNC(=O)NCC=O,CNC(=O)NCC=O,0
14272,C(CO)C#CCOC=O,O=COCC#CCCO,1
14273,COC1C2OC(=N)OC12,COC1C2OC(=N)OC12,1
14274,N#CC1COC11CC1,N#CC1COC12CC2,4
14275,Cc1c(c([nH]n1)N)CO,Cc1n[nH]c(N)c1CO,0
14276,CNC(=O)C(O)C(N)=O,CNC(=O)C(O)C(N)=O,0
14277,COC1OC(=O)N2CC12,COC1OC(=O)N2CC12,4
14278,N=C1OC2CC3CC12C3,N=C1OC2CC3CC12C3,4
14279,C1C2NC2C2OC12,C1C2NC2C2OC12,1
14280,c1cnn2ccnc2n1,c1cnn2ccnc2n1,4
14281,COC(=O)CC(O)C=O,COC(=O)CC(O)C=O,3
14282,C#CCC1C2C3CC3C12,C#CCC1C2C3CC3C12,3
14283,CCC(C)(O)C(C)C,CCC(C)(O)C(C)C,4
14284,COC1C2OC=NC12C,COC1C2OC=NC12C,3
14285,COC1CC1C1CC1,COC1CC1C1CC1,2
14286,CCC1(OC1CO)C#N,CCC1(C#N)OC1CO,3
14287,O=C1CCC2C(C#C)C12,C#CC1C2CCC(=O)C12,3
14288,O=C1CC2CC12CC#N,N#CCC12CC1CC2=O,2
14289,C#Cc1cc(c[nH]1)C#N,C#Cc1cc(C#N)c[nH]1,1
14290,Cc1cnc(nn1)C=O,Cc1cnc(C=O)nn1,3
14291,CCNC(C#N)C(C)N,CCNC(C#N)C(C)N,0
14292,CCC1N2CC1(C2)C=O,CCC1N2CC1(C=O)C2,1
14293,CC1(CO1)C(=O)OC=N,CC1(C(=O)OC=N)CO1,4
14294,C1C(CO1)COCC#N,N#CCOCC1COC1,0
14295,CC1=CCCC2NC12C,CC1=CCCC2NC12C,1
14296,OC1C2CC2C1CC#N,N#CCC1C(O)C2CC12,1
14297,COc1cc[nH]c1O,COc1cc[nH]c1O,2
14298,CC1OC(=O)C2CC1N2,CC1OC(=O)C2CC1N2,2
14299,N#CC1CC1C1CCC1,N#CC1CC1C1CCC1,2
14300,CC1(CC=CCC1=O)C,CC1(C)CC=CCC1=O,3
14301,CC1C2C(O)C1C2C#C,C#CC1C2C(C)C1C2O,3
14302,CC1CNC(=N1)C#N,CC1CNC(C#N)=N1,2
14303,OC12C3C4C3C(=O)C1C24,O=C1C2C3C2C2(O)C1C32,3
14304,OC12CC1OC21CC1,OC12CC1OC21CC1,0
14305,c1cn(cc1O)C2CC2,Oc1ccn(C2CC2)c1,1
14306,CC1=CCC2(CN2)C1O,CC1=CCC2(CN2)C1O,4
14307,C1NC2CN=COC12,C1=NCC2NCC2O1,2
14308,c1c(c(=O)c(n[nH]1)N)O,Nc1n[nH]cc(O)c1=O,0
14309,CC12OC1C(N)=CC2=O,CC12OC1C(N)=CC2=O,3
14310,CC12C3C(CN13)C2(C)O,CC1(O)C2CN3C2C31C,1
14311,CC(OC=N)C1CN1,CC(OC=N)C1CN1,2
14312,CCC12CCC1C(O)C2,CCC12CCC1C(O)C2,0
14313,CC1CC2CC1OCC2,CC1CC2CCOC1C2,4
14314,CC(=O)Nc1cc[nH]c1,CC(=O)Nc1cc[nH]c1,0
14315,COC(C)C#CC1CO1,COC(C)C#CC1CO1,3
14316,CC1CC=CCCO1,CC1CC=CCCO1,1
14317,OC12CC(O)(C1)C2C#N,N#CC1C2(O)CC1(O)C2,4
14318,C1CC12CC=CC23CC3,C1=CC2(CC2)C2(C1)CC2,2
14319,COC(CO)(CO)C#C,C#CC(CO)(CO)OC,3
14320,CC1=CC2CC2C11CO1,CC1=CC2CC2C12CO2,4
14321,CCCc1ncc(o1)N,CCCc1ncc(N)o1,2
14322,CC1COC1C(O)C#C,C#CC(O)C1OCC1C,2
14323,CC1CC2(CCC2)C1C,CC1CC2(CCC2)C1C,4
14324,COCCC(C)CC#C,C#CCC(C)CCOC,4
14325,C(=N)Nc1c(n[nH]n1)N,N=CNc1n[nH]nc1N,2
14326,CCC1(C)CC11CCC1,CCC1(C)CC12CCC2,3
14327,COCC1(C)CC1C#N,COCC1(C)CC1C#N,0
14328,CN1CC1C(O)CC=O,CN1CC1C(O)CC=O,2
14329,CCN1CC1CC(C)C,CCN1CC1CC(C)C,2
14330,CCC1CC(CC=O)C1,CCC1CC(CC=O)C1,0
14331,CCC#CCOC(C)=N,CCC#CCOC(C)=N,3
14332,OC1CC(O)C1C1CN1,OC1CC(O)C1C1CN1,1
14333,CC1(C)OC2COC12,CC1(C)OC2COC21,0
14334,CC1(CCO)CCC=C1,CC1(CCO)C=CCC1,2
14335,CN=COC1C2CC1C2,CN=COC1C2CC1C2,0
14336,C1C23CCC12C=CC3,C1=CC23CCC2(C1)C3,4
14337,CCC12OC1C(O)C2=O,CCC12OC1C(O)C2=O,2
14338,C#CC12CN1CC1NC21,C#CC12CN1CC1NC12,1
14339,CC12OC1CC21CCC1,CC12OC1CC21CCC1,0
14340,CCC1N=COC1C#N,CCC1N=COC1C#N,1
14341,OC1(CCC1C#N)C=O,N#CC1CCC1(O)C=O,1
14342,CC1(CC1)C2=NCCO2,CC1(C2=NCCO2)CC1,3
14343,O=CNC12CC3C1CC23,O=CNC12CC3C1CC32,2
14344,CC1=CCC2(C)OC12,CC1=CCC2(C)OC12,0
14345,OCC1C=CC2CC1O2,OCC1C=CC2CC1O2,4
14346,C#CC1(C#C)C2CCC12,C#CC1(C#C)C2CCC21,0
14347,CCCN1CC(=O)C1C,CCCN1CC(=O)C1C,1
14348,O=C1NCC(CO1)C#N,N#CC1CNC(=O)OC1,2
14349,N=C1OCOC1C#N,N#CC1OCOC1=N,3
14350,CC#CC1OCC=C1C,CC#CC1OCC=C1C,4
14351,OCCC(CO)OC=N,N=COC(CO)CCO,0
14352,C1C(=CC(=O)N1)NC=O,O=CNC1=CC(=O)NC1,3
14353,CCC#CC1NC1C#N,CCC#CC1NC1C#N,1
14354,CNc1ccnn1C,CNc1ccnn1C,1
14355,C1CC23NC2COC3=N1,C1CC23NC2COC3=N1,2
14356,O=CC12CN3C1C2C3=O,O=CC12CN3C(=O)C1C32,1
14357,CC1C2OC2C2CN12,CC1C2OC2C2CN12,4
14358,CC12COC(OC1)C2O,CC12COC(OC1)C2O,0
14359,O=C1OC2C1OC21CC1,O=C1OC2C1OC21CC1,2
14360,OC1CCC(C1)N1CC1,OC1CCC(N2CC2)C1,2
14361,c1cn2c(n1)CC2,c1cn2c(n1)CC2,4
14362,CC(C)(O)CCC1CO1,CC(C)(O)CCC1CO1,1
14363,CCC12CN1CC(O)C2,CCC12CC(O)CN1C2,2
14364,CC1OC2C3CC(C3)C12,CC1OC2C3CC(C3)C12,2
14365,CCC1CC(=O)C=C1C,CCC1CC(=O)C=C1C,2
14366,CC12OC1C1OC21,CC12OC1C1OC12,4
14367,OC1CCC2=C1C=CO2,OC1CCc2occc21,0
14368,OCCC12NC1C1NC21,OCCC12NC1C1NC12,1
14369,CC1OC1CCCC#N,CC1OC1CCCC#N,3
14370,O=C1C=CC2C3CC3N12,O=C1C=CC2C3CC3N12,1
14371,O=C1C2CC2C2OC12,O=C1C2CC2C2OC12,1
14372,CCOc1ccc(o1)C,CCOc1ccc(C)o1,0
14373,CC1CC(O)CC(C)=C1,CC1=CC(C)CC(O)C1,2
14374,OCCCOCC1CO1,OCCCOCC1CO1,4
14375,O=C1OCCCC11CO1,O=C1OCCCC12CO2,3
14376,C#CCC(=O)NCC#N,C#CCC(=O)NCC#N,4
14377,CCCC1CC1OC=O,CCCC1CC1OC=O,0
14378,CN1C2CC=C(C=O)C12,CN1C2CC=C(C=O)C21,3
14379,c1nnc2n1c(n[nH]2)N,Nc1n[nH]c2nncn12,2
14380,C#CC1OC2C(C#N)C12,C#CC1OC2C(C#N)C12,4
14381,CC(O)C12CN3CC1C23,CC(O)C12CN3CC1C32,4
14382,CC1C2CC2C1CC#C,C#CCC1C(C)C2CC12,3
14383,CC12CC(C1)(CO2)C#C,C#CC12COC(C)(C1)C2,4
14384,CC(=NO)C1CNC1=O,CC(=NO)C1CNC1=O,0
14385,NC(=O)C1CC1(N)C#N,N#CC1(N)CC1C(N)=O,1
14386,CC1(O)CC2COC12C,CC1(O)CC2COC21C,0
14387,O=CC1OCC1C#C,C#CC1COC1C=O,1
14388,CC12C3COC1OCC23,CC12C3OCC1C2CO3,1
14389,CC(O)CC1=CNC=N1,CC(O)Cc1c[nH]cn1,0
14390,OC1C2C1C1C2NC1=O,O=C1NC2C1C1C(O)C21,4
14391,C#CCC(C#N)C#N,C#CCC(C#N)C#N,0
14392,CCC1OCC2NC12C,CCC1OCC2NC21C,1
14393,COC1CNC=C1C=O,COC1CNC=C1C=O,3
14394,CC1(O)CC1CNC=O,CC1(O)CC1CNC=O,0
14395,CC1C(OC1=N)C1CN1,CC1C(=N)OC1C1CN1,3
14396,N=C1OCOC(=N)C=C1,N=C1C=CC(=N)OCO1,2
14397,CCC1(CC1)OCCO,CCC1(OCCO)CC1,0
14398,CCC1CCCC1O,CCC1CCCC1O,3
14399,c1c2c([nH]c1N)CC=C2,Nc1cc2c([nH]1)CC=C2,2
14400,CC1OC2(CO)CCC12,CC1OC2(CO)CCC12,3
14401,OC12CC1C1C(C#N)C21,N#CC1C2C3CC3(O)C12,3
14402,CC1=CC(O)(CC1)C#N,CC1=CC(O)(C#N)CC1,0
14403,c1c2c(n[nH]1)CCO2,c1[nH]nc2c1OCC2,4
14404,CC#Cc1cnon1,CC#Cc1cnon1,1
14405,CC1(C#N)C(O)CC1O,CC1(C#N)C(O)CC1O,1
14406,OC12CC1CC=CC=C2,OC12C=CC=CCC1C2,0
14407,COc1c(con1)CO,COc1nocc1CO,0
14408,N=C1OCCCCO1,N=C1OCCCCO1,4
14409,CC#CC(C)CC#C,C#CCC(C)C#CC,3
14410,CC(C)c1cnc[nH]1,CC(C)c1cnc[nH]1,1
14411,c1c(coc1N=CN)N,NC=Nc1cc(N)co1,3
14412,CC1(C)CCC11CC1O,CC1(C)CCC12CC2O,2
14413,CC(=O)OCCC=O,CC(=O)OCCC=O,4
14414,C#CC1CC2CNC2=N1,C#CC1CC2CNC2=N1,0
14415,CC#Cc1cc(oc1)C,CC#Cc1coc(C)c1,4
14416,C1OC1C1NC1C1CO1,C1OC1C1NC1C1CO1,2
14417,OC1CC2OC1C1CC21,OC1CC2OC1C1CC21,0
14418,CC1C2COCCCN12,CC1C2COCCCN12,4
14419,CCn1c(c(nn1)C)N,CCn1nnc(C)c1N,0
14420,Cc1ccn(c1N)C=O,Cc1ccn(C=O)c1N,3
14421,c1coc(cc1=O)C=O,O=Cc1cc(=O)cco1,0
14422,c1c[nH]cc-2ccnc12,c1cc2c[nH]ccc-2n1,4
14423,CC(C#C)N(C=N)C=N,C#CC(C)N(C=N)C=N,4
14424,OC1(CC=O)CC1C#N,N#CC1CC1(O)CC=O,3
14425,CC1COCC(C1)=NO,CC1COCC(=NO)C1,1
14426,OC1CCC=CC1C#N,N#CC1C=CCCC1O,3
14427,CC1C2COC12,CC1C2COC12,4
14428,OCC1C2NC2C1CO,OCC1C(CO)C2NC12,4
14429,CC1=NCCN1C(=O)N,CC1=NCCN1C(N)=O,3
14430,C1CC2=C(C1)C1OC1C2,C1CC2=C(C1)C1OC1C2,3
14431,OC1C(CC1C#N)C#C,C#CC1CC(C#N)C1O,0
14432,CC(OC1CC1C)C#C,C#CC(C)OC1CC1C,0
14433,c1c[nH]c(c1CO)C#N,N#Cc1[nH]ccc1CO,0
14434,O=CC1CCC(N1)C#N,N#CC1CCC(C=O)N1,3
14435,C1OC1C12CC(C1)CO2,C1OC2(C3CO3)CC1C2,3
14436,c1c(cn[nH]1)O,Oc1cn[nH]c1,0
14437,CC1CC1C1=CON=N1,CC1CC1c1conn1,4
14438,CC(C)C1(CC1)COC,COCC1(C(C)C)CC1,3
14439,COC1C2CC1(C)C2=O,COC1C2CC1(C)C2=O,2
14440,OC1COC2CCCC12,OC1COC2CCCC12,0
14441,CC#CCC1(CC1)CO,CC#CCC1(CO)CC1,2
14442,CC1CC(C=O)=CN1,CC1CC(C=O)=CN1,4
14443,CCC1CCCCC1O,CCC1CCCCC1O,2
14444,C#CC12CC1N=CO2,C#CC12CC1N=CO2,1
14445,C1C2CCC3OC3C12,C1CC2OC2C2CC12,0
14446,CN(C=O)c1cnc[nH]1,CN(C=O)c1cnc[nH]1,2
14447,CC1CC=CC1N1CC1,CC1CC=CC1N1CC1,4
14448,CCCC(C)C#CC,CC#CC(C)CCC,0
14449,CC1C(CC#C)OC1=N,C#CCC1OC(=N)C1C,1
14450,CCN(CC(C)O)C=O,CCN(C=O)CC(C)O,4
14451,CN(C)c1[nH]nc(n1)N,CN(C)c1nc(N)n[nH]1,4
14452,CC(CO)C1C2CCC12,CC(CO)C1C2CCC21,1
14453,OC1C=CC2CC2C1O,OC1C=CC2CC2C1O,4
14454,CC12CC1(O)C1NC1C2,CC12CC3NC3C1(O)C2,1
14455,CCNC(=O)C(=N)OC,CCNC(=O)C(=N)OC,4
14456,C(C#N)OCC(=O)C=O,N#CCOCC(=O)C=O,3
14457,COc1c(onn1)CO,COc1nnoc1CO,1
14458,CN1C2C3OCOC2C13,CN1C2C3OCOC2C31,3
14459,CCc1cc(cn1C)O,CCc1cc(O)cn1C,2
14460,CC(O)C(=N)OC(C)=O,CC(=O)OC(=N)C(C)O,1
14461,C1C2C3OCCN=C3N12,C1COC2C(=N1)N1CC21,2
14462,CC(C=O)C12CN(C1)C2,CC(C=O)C12CN(C1)C2,1
14463,CC(O)CC#C,C#CCC(C)O,0
14464,OCCC1(O)CC2CC12,OCCC1(O)CC2CC21,0
14465,C#Cc1c(oc(=O)[nH]1)O,C#Cc1[nH]c(=O)oc1O,3
14466,OCC(O)C(O)C1CC1,OCC(O)C(O)C1CC1,0
14467,COC12COC1(C)C2O,COC12COC1(C)C2O,3
14468,CC12COC3CC1C3O2,CC12COC3CC1C3O2,4
14469,COC1C(OC1=N)C#C,C#CC1OC(=N)C1OC,2
14470,N=C1CC2=C(OC=N2)O1,N=C1Cc2ncoc2O1,0
14471,CC(C=O)N=CNC=O,CC(C=O)N=CNC=O,3
14472,C(CC1CCC1)C1CO1,C1CC(CCC2CO2)C1,0
14473,c1c(cn(n1)C=O)N,Nc1cnn(C=O)c1,1
14474,C#CC1OCC1CC#N,C#CC1OCC1CC#N,1
14475,NC1C2CC1(C#N)C2O,N#CC12CC(C1N)C2O,3
14476,CC12CCC3OC3C1N2,CC12CCC3OC3C1N2,4
14477,CC1CCCN1C=O,CC1CCCN1C=O,4
14478,OC1C(O)C2=CCOC12,OC1C2=CCOC2C1O,1
14479,Cc1c[nH]c(n1)C(=O)N,Cc1c[nH]c(C(N)=O)n1,1
14480,CC1C(C)C11CC(=N)O1,CC1C(C)C12CC(=N)O2,4
14481,CC1C=C(C)C2CC12O,CC1=CC(C)C2(O)CC12,2
14482,c1c([nH]c(=O)[nH]1)C=O,O=Cc1c[nH]c(=O)[nH]1,1
14483,CCCCOC(=O)NC,CCCCOC(=O)NC,2
14484,c1c(c(c([nH]1)O)C=O)O,O=Cc1c(O)c[nH]c1O,0
14485,CCC1CCOC1(C)C,CCC1CCOC1(C)C,4
14486,N=C1OCC2=C1ON=N2,N=C1OCc2nnoc21,1
14487,CCC(C)C1CC(=O)C1,CCC(C)C1CC(=O)C1,3
14488,OC1C2CC1C2(O)C#C,C#CC1(O)C2CC1C2O,3
14489,C1C(=O)NC=CN1C=O,O=CN1C=CNC(=O)C1,3
14490,OC1CC2NC(C#N)C12,N#CC1NC2CC(O)C12,4
14491,C1C2OCOC3COC123,C1OC2COC23CC3O1,2
14492,CC1C2C3CC2(C#C)C13,C#CC12CC3C1C(C)C32,2
14493,CCCCCC(C)(C)C,CCCCCC(C)(C)C,2
14494,c1c(c(on1)C=O)C=O,O=Cc1cnoc1C=O,0
14495,O=C1NC2C3CCC2C13,O=C1NC2C3CCC2C13,3
14496,CCC1(O)C2CCC12C,CCC1(O)C2CCC21C,4
14497,C#Cc1c(cn[nH]1)C#N,C#Cc1[nH]ncc1C#N,3
14498,CC1(CC2(C1)CC2)C,CC1(C)CC2(CC2)C1,4
14499,CC1CCOCC2NC12,CC1CCOCC2NC12,0
14500,Cc1c(cc(cn1)F)O,Cc1ncc(F)cc1O,2
14501,CCN(CC)C(=N)C#N,CCN(CC)C(=N)C#N,0
14502,N=C1OC2CC2C1C#N,N#CC1C(=N)OC2CC21,1
14503,CCc1c(nc[nH]1)C=O,CCc1[nH]cnc1C=O,1
14504,CC1OCCC11CCC1,CC1OCCC12CCC2,2
14505,CCCC#CC(C)C#N,CCCC#CC(C)C#N,4
14506,CC(O)COC(=O)C=O,CC(O)COC(=O)C=O,2
14507,CC1=C(C(=O)OC1)C,CC1=C(C)C(=O)OC1,3
14508,CC1=CC2CC1N=CO2,CC1=CC2CC1N=CO2,1
14509,CC1C2CC1(O)C(O)C2,CC1C2CC(O)C1(O)C2,4
14510,O=COC12CC3C(C1)C23,O=COC12CC3C(C1)C32,3
14511,CCc1cc([nH]c1)O,CCc1c[nH]c(O)c1,1
14512,CN1C(=O)C(O)C1(C)C,CN1C(=O)C(O)C1(C)C,3
14513,O=C1CCC2OC2CO1,O=C1CCC2OC2CO1,0
14514,CC1COC(=N)NC=N1,CC1COC(=N)NC=N1,1
14515,OCC1OCC1(O)C#N,N#CC1(O)COC1CO,1
14516,CC12CC3C4C(C13)C24O,CC12CC3C1C1C3C12O,0
14517,CN1C2CC3C(O)C2C13,CN1C2CC3C(O)C2C31,3
14518,OCC1NC=NC1C#N,N#CC1N=CNC1CO,0
14519,CNC1(CN(C1)C)C=O,CNC1(C=O)CN(C)C1,4
14520,C1NC1C1C=CC2CN12,C1=CC(C2CN2)N2CC12,4
14521,C(C(=O)N)NC(=O)C=O,NC(=O)CNC(=O)C=O,1
14522,NC(=O)C1OC1CC#N,N#CCC1OC1C(N)=O,3
14523,C1C2C3C1OCCN23,C1CN2C3CC(O1)C32,1
14524,CN1CCC(O)C1=O,CN1CCC(O)C1=O,3
14525,C1C2NCCOC=NC12,C1=NC2CC2NCCO1,0
14526,CN1C2C3C(CO)C2C13,CN1C2C3C(CO)C2C31,3
14527,CC(CO)COCC=O,CC(CO)COCC=O,1
14528,CC(CO)OC(C)(C)C,CC(CO)OC(C)(C)C,4
14529,C1Cc2c(noc2N)C1,Nc1onc2c1CCC2,0
14530,O=CC(=O)C1CC2CN12,O=CC(=O)C1CC2CN21,4
14531,COC1OC=NC2CC12,COC1OC=NC2CC21,3
14532,c1c(noc1C#N)C=O,N#Cc1cc(C=O)no1,4
14533,Cc1ccc(nc1N)F,Cc1ccc(F)nc1N,0
14534,CC(C)(C#CCO)C#N,CC(C)(C#N)C#CCO,3
14535,CC(C)c1c(cco1)O,CC(C)c1occc1O,3
14536,CC(O)CC1=CON=N1,CC(O)Cc1conn1,3
14537,CN=C1C(=O)OCO1,CN=C1OCOC1=O,1
14538,CC1COC(=N)C(=O)C1,CC1COC(=N)C(=O)C1,0
14539,OC12CC3(O)C4C(C14)C23,OC12CC3(O)C4C(C41)C23,0
14540,CC1OCC1(O)C=O,CC1OCC1(O)C=O,1
14541,OCC1CCC(=O)C1O,O=C1CCC(CO)C1O,1
14542,CC1CC(=NO)C11CN1,CC1CC(=NO)C12CN2,3
14543,CC1(O)CC2CCC2C1,CC1(O)CC2CCC2C1,0
14544,COC(=O)C#CC1CO1,COC(=O)C#CC1CO1,1
14545,CCN1C2CN3CC1C23,CCN1C2CN3CC1C23,3
14546,CC1(CN1)C1CN1C=O,CC1(C2CN2C=O)CN1,1
14547,C#CCCn1ccnc1,C#CCCn1ccnc1,3
14548,CC1CN1C(C#C)C#C,C#CC(C#C)N1CC1C,4
14549,CC(C)C12CC(C1)C2=O,CC(C)C12CC(C1)C2=O,4
14550,C1C2CC3OC1C2C=C3,C1=CC2C3CC1OC2C3,1
14551,O=CN1C2CCC12C#N,N#CC12CCC1N2C=O,1
14552,CCC(C)C1CC1OC,CCC(C)C1CC1OC,4
14553,CC1CC(=N)N1C(N)=O,CC1CC(=N)N1C(N)=O,3
14554,CN=COCC(=O)OC,CN=COCC(=O)OC,1
14555,CC1CN2C3CC2C13O,CC1CN2C3CC2C13O,1
14556,Cc1c2c([nH]n1)C=CC2,Cc1n[nH]c2c1CC=C2,4
14557,N#CC12NC1CC1NC21,N#CC12NC1CC1NC12,3
14558,CC(O)C12CN3C1CC23,CC(O)C12CN3C1CC32,1
14559,CC1=CC2C3CN2C13C,CC1=CC2C3CN2C13C,1
14560,N=C1NC(=O)OC=C1,N=c1ccoc(=O)[nH]1,1
14561,N=C1OC(=O)CCC1=O,N=C1OC(=O)CCC1=O,1
14562,C1CC1C1OC2COC12,C1CC1C1OC2COC21,1
14563,C1CC(=O)C=C1CO,O=C1C=C(CO)CC1,1
14564,O=C1CC(CC#C)N1,C#CCC1CC(=O)N1,3
14565,NC1=[NH+]C(=N)C(F)=N[N-]1,N=c1[nH+]c(N)[n-]nc1F,2
14566,O=C1C=C(ON=N1)C#C,C#Cc1cc(=O)nno1,4
14567,CC1C2C3C4OC4C2C13,CC1C2C3C4OC4C2C13,1
14568,OC1CC(C#N)C2NC12,N#CC1CC(O)C2NC12,4
14569,CC1CN2N=NC=C2N1,CC1Cn2nncc2N1,0
14570,C1CC2(C1)CCC2,C1CC2(C1)CCC2,4
14571,CC1OC1(C[NH3+])C([O-])=O,CC1OC1(C[NH3+])C(=O)[O-],4
14572,CC(C#C)C1CC1C#N,C#CC(C)C1CC1C#N,0
14573,C1OC23C1CC1C2OC31,C1OC23C1CC1C2OC13,2
14574,NC(=O)C1(CC#N)CN1,N#CCC1(C(N)=O)CN1,4
14575,C1OC1C12CC3CN1C23,C1OC1C12CC3CN1C32,2
14576,N#CC12CC(O1)C1OC21,N#CC12CC(O1)C1OC12,0
14577,CC(O)C(C=O)C(N)=O,CC(O)C(C=O)C(N)=O,4
14578,CC#CC(O)CC#N,CC#CC(O)CC#N,4
14579,CC12CC(CC1)C21CO1,CC12CCC(C1)C21CO1,2
14580,CC1C=CC2C3CC12O3,CC1C=CC2C3CC12O3,4
14581,CC(O)(CCO)CC#C,C#CCC(C)(O)CCO,4
14582,C#CCC1(CN1)CC#C,C#CCC1(CC#C)CN1,3
14583,CC1C2CC3(CC3)C12,CC1C2CC3(CC3)C12,2
14584,O=CC1NC2CC12C=O,O=CC1NC2CC12C=O,1
14585,CC(O)C(=O)NCC#C,C#CCNC(=O)C(C)O,0
14586,c1cnc([nH]c1=O)C=O,O=Cc1nccc(=O)[nH]1,3
14587,OCC1CC(=O)C(=O)O1,O=C1CC(CO)OC1=O,4
14588,CC1OC2C(C)(O)C12O,CC1OC2C(C)(O)C12O,4
14589,OC1(CC=O)C2COC12,O=CCC1(O)C2COC21,3
14590,OC12CCC1C(=O)CC2,O=C1CCC2(O)CCC12,1
14591,OC1C2CC2OCC1=O,O=C1COC2CC2C1O,4
14592,CC1C2OC3CCC2C13,CC1C2OC3CCC2C31,3
14593,C1CC(C1)C(=O)C#N,N#CC(=O)C1CCC1,0
14594,CN1C(CC#N)C1C#C,C#CC1C(CC#N)N1C,2
14595,CCC1(O)C2C3NC3C12,CCC1(O)C2C3NC3C21,3
14596,C#CC12COC3C1NC23,C#CC12COC3C1NC32,4
14597,Cc1c(nnn1C=O)N,Cc1c(N)nnn1C=O,0
14598,[NH3+]C1CC1(O)CC([O-])=O,[NH3+]C1CC1(O)CC(=O)[O-],2
14599,CC1OC(=O)C1(O)CO,CC1OC(=O)C1(O)CO,2
14600,CC1=CC(COC1)C#N,CC1=CC(C#N)COC1,1
14601,OC1CC2CC1CC2O,OC1CC2CC1CC2O,0
14602,N=C1OC2CC1NC2=O,N=C1OC2CC1NC2=O,2
14603,CC1C2C3CC(O)C3N12,CC1C2C3CC(O)C3N12,4
14604,CCOCCC=O,CCOCCC=O,0
14605,OCC1CC2NC12C#N,N#CC12NC1CC2CO,0
14606,CC1CC(O)C2OCC12,CC1CC(O)C2OCC12,1
14607,CC#CC1COC11CC1,CC#CC1COC12CC2,0
14608,OC12CC1(C#C)C1OC21,C#CC12CC1(O)C1OC12,1
14609,CN1CC1C1CO1,CN1CC1C1CO1,0
14610,N#CC(C1CN1)N1CC1,N#CC(C1CN1)N1CC1,4
14611,O=CNC12CC1C(=O)C2,O=CNC12CC(=O)C1C2,3
14612,CC1COCCC11CC1,CC1COCCC12CC2,2
14613,O=CN1CC2OC2C1=O,O=CN1CC2OC2C1=O,1
14614,CCCC#CC#C,C#CC#CCCC,2
14615,N=C1COCC(N1)C=O,N=C1COCC(C=O)N1,0
14616,c1cn[nH]c1OCC#N,N#CCOc1ccn[nH]1,2
14617,CC(N)(C#N)C1CCO1,CC(N)(C#N)C1CCO1,0
14618,CCC(O)(CO)C1CO1,CCC(O)(CO)C1CO1,3
14619,CC12CC3OC1C3(C)O2,CC12CC3OC1C3(C)O2,0
14620,CC(C)OC(=NC)C=O,CN=C(C=O)OC(C)C,4
14621,c1ccnc(c1)CC#N,N#CCc1ccccn1,4
14622,CC12C3CC4C(N14)C23O,CC12C3CC4C(N41)C32O,3
14623,CC#CC1CC2CC1O2,CC#CC1CC2CC1O2,0
14624,CC1CC11CC(CO)C1,CC1CC12CC(CO)C2,0
14625,OC1CC=CC=CC1=O,O=C1C=CC=CCC1O,3
14626,C#CC1=CCCC2OC12,C#CC1=CCCC2OC12,4
14627,CC#CCC1(CN1)C#C,C#CC1(CC#CC)CN1,2
14628,CC(C=O)C(C)=NO,CC(=NO)C(C)C=O,4
14629,O=C1CC2(CO2)CO1,O=C1CC2(CO1)CO2,0
14630,CCC(CC)(C(=O)N)O,CCC(O)(CC)C(N)=O,4
14631,CC1(CCO)CCC1=O,CC1(CCO)CCC1=O,1
14632,CC12OC3CNC1C2O3,CC12OC3CNC1C2O3,3
14633,c1c(nc(=O)on1)CO,O=c1nc(CO)cno1,3
14634,COCC#CC1CO1,COCC#CC1CO1,1
14635,CC(=O)C1NC1(C)CO,CC(=O)C1NC1(C)CO,1
14636,N=C1C=COC=C1C=O,N=c1ccocc1C=O,1
14637,O=C1NCC=C1C1CN1,O=C1NCC=C1C1CN1,4
14638,C1C2CC1N=COCC2,C1=NC2CC(CCO1)C2,0
14639,CCC1(C)OC2CC1C2,CCC1(C)OC2CC1C2,4
14640,CC1CC2CN1C2C=O,CC1CC2CN1C2C=O,1
14641,Cc1nc(nc(n1)N)C,Cc1nc(C)nc(N)n1,0
14642,NC1=C(O)OC(=N)C=C1,N=c1ccc(N)c(O)o1,4
14643,NC(=[NH2+])C1=CN[CH-]C1=O,NC(=[NH2+])c1c[nH][cH-]c1=O,3
14644,c1coc2c1[nH]c(n2)N,Nc1nc2occc2[nH]1,0
14645,C1COCC#CC=CC1,C1#CCOCCCC=C1,3
14646,CC12C=CC(C1O)C2=O,CC12C=CC(C1=O)C2O,3
14647,C1C=CC2OC1CC=C2,C1=CC2C=CCC(C1)O2,0
14648,CCCCC1OC1C#N,CCCCC1OC1C#N,4
14649,COC1CCCC11CO1,COC1CCCC12CO2,0
14650,NC(=O)C1(O)CC1CO,NC(=O)C1(O)CC1CO,3
14651,C1CC1(C#N)C(=O)CO,N#CC1(C(=O)CO)CC1,0
14652,C1C(=O)C(=O)C(=O)CN1,O=C1CNCC(=O)C1=O,0
14653,c1c(c(cnc1O)O)F,Oc1cc(F)c(O)cn1,2
14654,O=C1C2CC1C1CC1O2,O=C1C2CC1C1CC1O2,0
14655,OCC12CC(O1)C21CC1,OCC12CC(O1)C21CC1,3
14656,CCC(CN1CC1)C#C,C#CC(CC)CN1CC1,0
14657,CC1CCC(C1)=NO,CC1CCC(=NO)C1,0
14658,NC1=C(O)N=NOC1=N,N=c1onnc(O)c1N,4
14659,CC1CNC(C#N)C1C,CC1CNC(C#N)C1C,0
14660,c1c2c(no1)COCO2,c1onc2c1OCOC2,4
14661,CNC(CCCO)C#N,CNC(C#N)CCCO,1
14662,CC(=O)C(O)CNC=O,CC(=O)C(O)CNC=O,0
14663,O=C1C=CC2CCOC12,O=C1C=CC2CCOC12,0
14664,N#CC1NCC1N1CC1,N#CC1NCC1N1CC1,1
14665,CC1C=CCC1C#N,CC1C=CCC1C#N,0
14666,CC(O)C1(CN1)C(C)O,CC(O)C1(C(C)O)CN1,3
14667,O=C1CC2C3CC3C2C1,O=C1CC2C(C1)C1CC21,1
14668,COCC(C)C(=O)C#N,COCC(C)C(=O)C#N,0
14669,CCc1c(c([nH]n1)O)C,CCc1n[nH]c(O)c1C,1
14670,OCC1CCC2(O)CC12,OCC1CCC2(O)CC12,2
14671,CCCNC(=N)C(=O)N,CCCNC(=N)C(N)=O,3
14672,CC(C)CC1(CC1)OC,COC1(CC(C)C)CC1,4
14673,CCCC(C)(OC)C#C,C#CC(C)(CCC)OC,3
14674,CC1=CCC(O)C1=O,CC1=CCC(O)C1=O,0
14675,CC1(C)C2NC2C2CN12,CC1(C)C2NC2C2CN21,1
14676,CC1CC(O1)C#N,CC1CC(C#N)O1,4
14677,C1OC2C3CC12OCO3,C1OC2CC3(COC23)O1,3
14678,Cn1c(c(nn1)N)O,Cn1nnc(N)c1O,3
14679,c1[nH]c2c(n1)ocn2,c1nc2ocnc2[nH]1,3
14680,CCCC1OC(C)C1=O,CCCC1OC(C)C1=O,1
14681,COC1OC2COC1C2,COC1OC2COC1C2,4
14682,OCCOC(CO)C#C,C#CC(CO)OCCO,0
14683,N#CC1CC1CC1CO1,N#CC1CC1CC1CO1,0
14684,COC1CC2CCC2C1,COC1CC2CCC2C1,1
14685,Cc1c(cnc(n1)O)O,Cc1nc(O)ncc1O,0
14686,c1cnn2cncc2n1,c1cnn2cncc2n1,1
14687,CC1N2C3CC2C1(C)C3,CC1N2C3CC2C1(C)C3,2
14688,CC1(CCC1)C(O)C#C,C#CC(O)C1(C)CCC1,4
14689,Cc1cc2c([nH]1)NCC2,Cc1cc2c([nH]1)NCC2,2
14690,NC(=O)C1CNC(=O)O1,NC(=O)C1CNC(=O)O1,3
14691,NC(=O)C(=O)CC1CN1,NC(=O)C(=O)CC1CN1,2
14692,CC(C)Cc1ccno1,CC(C)Cc1ccno1,0
14693,OC1C2CC3CC2OC13,OC1C2CC3CC2OC31,4
14694,CCC(CC(N)=O)C#C,C#CC(CC)CC(N)=O,0
14695,OCC1C2C(CO)CN12,OCC1CN2C(CO)C12,2
14696,N=C1OC(C#C)C2CN12,C#CC1OC(=N)N2CC12,2
14697,C1C2CC11CCC3C2C13,C1CC23CC(C2)C2C1C23,1
14698,c1c2c(c(o1)N)nno2,Nc1occ2onnc12,3
14699,CC1OCC(C)=C1,CC1=CC(C)OC1,2
14700,CC12COCC1CC2=O,CC12COCC1CC2=O,0
14701,O=C1C2OC1(C=C2)C#C,C#CC12C=CC(O1)C2=O,2
14702,CN1C2CC1(C)CC2=O,CN1C2CC1(C)CC2=O,0
14703,CC1NC(=O)CC1O,CC1NC(=O)CC1O,1
14704,C1C(CO1)C(=O)NC=O,O=CNC(=O)C1COC1,3
14705,CCC1NC1C1CCO1,CCC1NC1C1CCO1,3
14706,C#CC1C2CCOCC12,C#CC1C2CCOCC12,0
14707,O=C1OCC23CC(O2)C13,O=C1OCC23CC(O2)C13,3
14708,O=C1C2C3CC1C23C#C,C#CC12C3CC1C2C3=O,2
14709,CC(=O)CNC(=O)C#C,C#CC(=O)NCC(C)=O,0
14710,N=C1OCC2=C1C=CO2,N=C1OCc2occc21,1
14711,CC(O)CC(=N)NC=O,CC(O)CC(=N)NC=O,4
14712,OC1C(O)C1NCC#N,N#CCNC1C(O)C1O,1
14713,C#CC1CCCC=CC1,C#CC1CC=CCCC1,4
14714,C1C2CC3(CC4CC34)C12,C1C2CC3(CC4CC43)C12,2
14715,C1C(OCO1)(CO)CO,OCC1(CO)COCO1,1
14716,CC12CC1C1CCC21O,CC12CC1C1CCC12O,2
14717,c1c([nH]cn1)CC=O,O=CCc1cnc[nH]1,3
14718,CC(C=O)C(O)CO,CC(C=O)C(O)CO,0
14719,CC(O)CC(C)(O)C#C,C#CC(C)(O)CC(C)O,1
14720,OCC1CC([NH2+]1)C([O-])=O,O=C([O-])C1CC(CO)[NH2+]1,3
14721,CC1OCCCC1(C)O,CC1OCCCC1(C)O,2
14722,CC(=O)NC(=N)C(=O)N,CC(=O)NC(=N)C(N)=O,0
14723,OCC1CC1C(=O)C#N,N#CC(=O)C1CC1CO,1
14724,OC1CN2C3C4C(C14)C23,OC1CN2C3C4C1C4C32,3
14725,OCC1OC(=N)CC1O,N=C1CC(O)C(CO)O1,2
14726,CN1C=NC=NC1=N,Cn1cncnc1=N,2
14727,CCC1(COC=N1)C=O,CCC1(C=O)COC=N1,4
14728,CC1CCCC=CC1C,CC1C=CCCCC1C,3
14729,O=C1C2CC2C2COC12,O=C1C2CC2C2COC12,3
14730,CC12C3C4C3C1CCC24,CC12C3CCC1C1C3C12,0
14731,CCCC1C2CC1CC2,CCCC1C2CCC1C2,2
14732,C1OC2CC3OCC3C12,C1C2OCC2C2COC12,3
14733,CC1NCC2(OC12)C#N,CC1NCC2(C#N)OC12,1
14734,c1c(c[nH]c1CO)C=O,O=Cc1c[nH]c(CO)c1,1
14735,CC1(O)CCOC1,CC1(O)CCOC1,1
14736,CC1(C=CCCC=C1)C,CC1(C)C=CCCC=C1,0
14737,CC12OCC3C1C2C3=O,CC12OCC3C(=O)C1C32,0
14738,Cc1c(c(c[nH]1)C#N)O,Cc1[nH]cc(C#N)c1O,2
14739,C#CC1OCC11CCO1,C#CC1OCC12CCO2,3
14740,C(=N)NC(=O)C(=O)N,N=CNC(=O)C(N)=O,2
14741,CCC1NC=CC1=NO,CCC1NC=CC1=NO,2
14742,CNC(=N)C(=O)COC,CNC(=N)C(=O)COC,4
14743,CNc1cc(no1)C#N,CNc1cc(C#N)no1,2
14744,N=C1NC2=C(N1)N=NN2,N=c1[nH]c2nn[nH]c2[nH]1,0
14745,CC1C(=O)OCC=C1C,CC1=CCOC(=O)C1C,2
14746,Cc1ccc(=O)ccn1,Cc1ccc(=O)ccn1,4
14747,OC1COCC(=O)C1O,O=C1COCC(O)C1O,3
14748,C(C1CO1)C1COCO1,C1OCC(CC2CO2)O1,2
14749,CC(O)COC(C)C#C,C#CC(C)OCC(C)O,2
14750,CC(C)(C)NC=O,CC(C)(C)NC=O,4
14751,CC1CC1CC#CC=O,CC1CC1CC#CC=O,0
14752,CC1(CC1)C(O)CC#N,CC1(C(O)CC#N)CC1,1
14753,OCC1CC(C1)NC=O,O=CNC1CC(CO)C1,4
14754,C(C1C2CC1O2)N1CC1,C1C2OC1C2CN1CC1,3
14755,CC(=O)n1cccc1,CC(=O)n1cccc1,1
14756,CC12CN3C1CC3(C)C2,CC12CN3C1CC3(C)C2,3
14757,c1c[nH]c(c1O)C=O,O=Cc1[nH]ccc1O,0
14758,OC1CCC2C1OC2=N,N=C1OC2C(O)CCC12,3
14759,CCC1CC1OC(N)=O,CCC1CC1OC(N)=O,2
14760,CCC1(OC1C)C1CN1,CCC1(C2CN2)OC1C,1
14761,C1CN=COCCOC1,C1=NCCCOCCO1,2
14762,CN1CC(C2CC2)C1=O,CN1CC(C2CC2)C1=O,4
14763,COC12C3OC1CC23O,COC12C3CC1(O)C2O3,3
14764,N#CC1CC1N1CCC1,N#CC1CC1N1CCC1,3
14765,C(C=O)NC(=O)CO,O=CCNC(=O)CO,0
14766,OCC(OCC#C)C=O,C#CCOC(C=O)CO,4
14767,O=C1C2NC2C2CC1C2,O=C1C2CC(C2)C2NC12,2
14768,OC(C#CC#N)C1CO1,N#CC#CC(O)C1CO1,1
14769,CNC(C=O)C(N)=O,CNC(C=O)C(N)=O,1
14770,CC1C2CC2C1C,CC1C(C)C2CC12,2
14771,CN(C)C1(CC1)C=O,CN(C)C1(C=O)CC1,1
14772,CC1OC1C1CCC1C,CC1CCC1C1OC1C,4
14773,OC1CCN2C=NC=C12,OC1CCn2cncc21,2
14774,C1C2N1C=NC21COC1,C1=NC2(COC2)C2CN12,2
14775,CCC1(C)CC1(C)OC,CCC1(C)CC1(C)OC,0
14776,C1C(CO1)(CO)C#N,N#CC1(CO)COC1,0
14777,CC1=CC2OC1CC2O,CC1=CC2OC1CC2O,1
14778,OCC1C2C3C=CC2N13,OCC1C2C3C=CC2N31,0
14779,C1OC2CCC3OC3C12,C1CC2OC2C2COC12,0
14780,N=C1CCC(OC=O)O1,N=C1CCC(OC=O)O1,1
14781,CN1CC1C1=NON=N1,CN1CC1c1nnon1,3
14782,CN1C2C=C3COC3C12,CN1C2C=C3COC3C21,3
14783,C#CCC12C3CC1CN23,C#CCC12C3CC1N2C3,3
14784,N#CCC1NCC11CO1,N#CCC1NCC12CO2,0
14785,NC1=CC(=O)CC1C#N,N#CC1CC(=O)C=C1N,4
14786,CCN1CC11C2CC1O2,CCN1CC12C1CC2O1,2
14787,c1c(c(c(nn1)N)O)O,Nc1nncc(O)c1O,1
14788,COC1CC2OC2C1=O,COC1CC2OC2C1=O,4
14789,CC1(OCC2NC12)C=O,CC1(C=O)OCC2NC21,0
14790,C1C(=CC(=O)C1=O)N,NC1=CC(=O)C(=O)C1,2
14791,CC12C3OC1C1C3CN21,CC12C3OC1C1C3CN12,4
14792,CCC(=O)C(C)(C)CO,CCC(=O)C(C)(C)CO,3
14793,C(CC#N)CC(=O)N,N#CCCCC(N)=O,2
14794,CC1CC2NC2C2NC12,CC1CC2NC2C2NC12,3
14795,N#CCCCCC1CO1,N#CCCCCC1CO1,3
14796,C1C2C3C=CCCC1C23,C1=CC2C3CC(CC1)C23,0
14797,CC12CCC11CCC2O1,CC12CCC13CCC2O3,1
14798,O=C1C=CNC2COC12,O=C1C=CNC2COC12,4
14799,CN1CC2OC(C1)C2O,CN1CC2OC(C1)C2O,1
14800,c1c2n(c(=O)[nH]1)CCC2,O=c1[nH]cc2n1CCC2,3
14801,NC1CN(C=O)C1=O,NC1CN(C=O)C1=O,0
14802,NC1=COC=NC1=N,N=c1ncocc1N,1
14803,CC1CC2(CC2)C11CO1,CC1CC2(CC2)C12CO2,1
14804,c1c(c(c(cn1)F)F)N,Nc1cncc(F)c1F,4
14805,O=C1C=CC(=O)C11CN1,O=C1C=CC(=O)C12CN2,0
14806,Cc1ccc(=O)n(c1)C,Cc1ccc(=O)n(C)c1,0
14807,CC1(C)C2CC1C2O,CC1(C)C2CC1C2O,4
14808,OC12C3CC3C3C1OC23,OC12C3CC3C3C1OC32,1
14809,C1CC(C1)(C=O)C2CC2,O=CC1(C2CC2)CCC1,3
14810,NC1=C(N)C(=N)N=NN1,N=c1nn[nH]c(N)c1N,1
14811,NC1=NCC2NC12C#N,N#CC12NC1CN=C2N,1
14812,N=C1CC(CC2CC2)O1,N=C1CC(CC2CC2)O1,1
14813,CCC#CCCOC=O,CCC#CCCOC=O,1
14814,CCC1C2CN2C1CO,CCC1C(CO)N2CC12,1
14815,N#CC1C2CC1C=CC2,N#CC1C2C=CCC1C2,4
14816,CC1(NC1C#N)C#N,CC1(C#N)NC1C#N,3
14817,N=C1CCCOC(=O)N1,N=C1CCCOC(=O)N1,4
14818,c1c(onc1C#N)C=O,N#Cc1cc(C=O)on1,2
14819,C1NC1C1=CNN=C1,c1n[nH]cc1C1CN1,2
14820,O=C1CCCCN2CC12,O=C1CCCCN2CC12,1
14821,COCc1c[nH]nc1N,COCc1c[nH]nc1N,1
14822,C#CC12CN1CC1CC21,C#CC12CN1CC1CC12,2
14823,C#CC1OC11CCC1,C#CC1OC12CCC2,1
14824,CC1OC2(C)CC12C#N,CC1OC2(C)CC12C#N,0
14825,CC12CN1CC21CO1,CC12CN1CC21CO1,4
14826,O=C1OC(C#C)C11CN1,C#CC1OC(=O)C12CN2,4
14827,COC1(CC1)C2COC2,COC1(C2COC2)CC1,2
14828,CCC(CC)C(=O)C=O,CCC(CC)C(=O)C=O,3
14829,OC1COC1CC#N,N#CCC1OCC1O,4
14830,O=C1C=CC2C1C1CN21,O=C1C=CC2C1C1CN21,4
14831,Cn1c(nc(n1)N)C#C,C#Cc1nc(N)nn1C,2
14832,CCC1C2CC(OC)C12,CCC1C2CC(OC)C12,1
14833,Cc1cc(=O)[nH]nc1,Cc1cn[nH]c(=O)c1,0
14834,C1NC1C1=CCC2NC12,C1=C(C2CN2)C2NC2C1,1
14835,CCc1cnc(o1)O,CCc1cnc(O)o1,3
14836,c1nc(no1)C(=O)C=O,O=CC(=O)c1ncon1,3
14837,CC(O)C1=NC=CN=C1,CC(O)c1cnccn1,1
14838,N=C1C=C(ON=N1)C=O,N=c1cc(C=O)onn1,3
14839,COC1(C#C)C2COC12,C#CC1(OC)C2COC21,2
14840,O=C1OC2C1OCC2=O,O=C1COC2C(=O)OC12,2
14841,CC1(O)C2CCC=CC12,CC1(O)C2C=CCCC21,2
14842,N=C1CC(O1)C1CC1,N=C1CC(C2CC2)O1,0
14843,COC1C(C)OC1C#C,C#CC1OC(C)C1OC,0
14844,CN=COC1CC=CC1,CN=COC1CC=CC1,1
14845,CC(C#N)C#CC#C,C#CC#CC(C)C#N,3
14846,OCC12CC(C1)(N2)C#N,N#CC12CC(CO)(C1)N2,0
14847,N=C1NC(=O)CC2CN12,N=C1NC(=O)CC2CN12,1
14848,CNc1[nH]c(c(n1)O)O,CNc1nc(O)c(O)[nH]1,3
14849,CN1C(CC1=O)C1CO1,CN1C(=O)CC1C1CO1,1
14850,CCN(CC)C(=O)C=O,CCN(CC)C(=O)C=O,0
14851,OC(C#N)(C#N)C1CO1,N#CC(O)(C#N)C1CO1,1
14852,OCC1OCC1OC=O,O=COC1COC1CO,1
14853,N1C2C3OC3C1C1OC21,N1C2C3OC3C1C1OC21,0
14854,CC1C=C(C#N)C2CN12,CC1C=C(C#N)C2CN12,2
14855,CCC(COC)CC=O,CCC(CC=O)COC,0
14856,N#CC12CC1C1CC1N2,N#CC12CC1C1CC1N2,4
14857,CCC12OCC1NC2=N,CCC12OCC1NC2=N,1
14858,CCNc1cnoc1C,CCNc1cnoc1C,1
14859,CC1C=CCC(=O)C=C1,CC1C=CCC(=O)C=C1,1
14860,CC12COC(C1)C1CC21,CC12COC(C1)C1CC12,3
14861,CC1N=CNC1C#N,CC1N=CNC1C#N,4
14862,CC1C(O)C2CC12O,CC1C(O)C2CC12O,1
14863,CC1(NC1CC#C)C=O,C#CCC1NC1(C)C=O,4
14864,O=C1CC(CN1)C1CO1,O=C1CC(C2CO2)CN1,3
14865,CCCC1CC11COC1,CCCC1CC12COC2,4
14866,COC=Nc1cnc[nH]1,COC=Nc1cnc[nH]1,3
14867,C1CC23C4C5C4N2C5C13,C1CC23C1C1C4C(C42)N13,3
14868,C#CC12CCN1C2C#N,C#CC12CCN1C2C#N,1
14869,O=C1NCC2NC=NC12,O=C1NCC2NC=NC12,2
14870,N#CC12CC1N1CC21,N#CC12CC1N1CC12,0
14871,CC12CN1C=CC(=O)C2,CC12CC(=O)C=CN1C2,3
14872,NC(=O)C1COC=N1,NC(=O)C1COC=N1,1
14873,CN1C=NC=C(F)C1=N,Cn1cncc(F)c1=N,1
14874,CC1CC2C3OC3C12,CC1CC2C3OC3C12,3
14875,CC1CC=C(CO)C1,CC1CC=C(CO)C1,1
14876,CC1CC2CC12CC=O,CC1CC2CC12CC=O,1
14877,CCCCCC(=O)C,CCCCCC(C)=O,0
14878,CC12CN(C1)C21COC1,CC12CN(C1)C21COC1,3
14879,Cc1c(cno1)N(=O)=O,Cc1oncc1[N+](=O)[O-],3
14880,c1c(coc1N2CC2)N,Nc1coc(N2CC2)c1,0
14881,CC1CCC11CN=CO1,CC1CCC12CN=CO2,3
14882,CNc1cn[nH]c1N,CNc1cn[nH]c1N,2
14883,CC1CC11CCCO1,CC1CC12CCCO2,4
14884,CC1=CCCC1(N)C#N,CC1=CCCC1(N)C#N,2
14885,CC1C2CCC3C2C13C,CC1C2CCC3C2C13C,2
14886,CC1CN(C)C1(C)C=O,CC1CN(C)C1(C)C=O,3
14887,OC12C3OC1C1NC3C21,OC12C3OC1C1NC3C12,3
14888,OC1C2CC2NC1=O,O=C1NC2CC2C1O,0
14889,OC1CC2=CC3NC3C12,OC1CC2=CC3NC3C21,2
14890,COC1C2CC(C2)C1C,COC1C2CC(C2)C1C,3
14891,Cc1ccc([nH]1)C(=O)N,Cc1ccc(C(N)=O)[nH]1,1
14892,C1CC=C(C1)C2COC2,C1=C(C2COC2)CCC1,4
14893,c1cn[nH]c1O,Oc1ccn[nH]1,1
14894,O=CC(=O)CC1CN1,O=CC(=O)CC1CN1,1
14895,CC1(OC(=N)C1N)C#N,CC1(C#N)OC(=N)C1N,2
14896,N=C1OC2OC1CC2=O,N=C1OC2OC1CC2=O,4
14897,CNC(=O)N(C)CC#N,CNC(=O)N(C)CC#N,1
14898,c1coc(c1N)O,Nc1ccoc1O,1
14899,OC1CC2(O)CCC=C12,OC1CC2(O)CCC=C12,4
14900,O=C1CC2COCC2C1,O=C1CC2COCC2C1,0
14901,CC1OC(C#C)C1=NO,C#CC1OC(C)C1=NO,0
14902,OCC12CC1CN2C=O,O=CN1CC2CC21CO,1
14903,OC12COC(C1)C1CC21,OC12COC(C1)C1CC12,0
14904,CC1(O)C2OC=NC12,CC1(O)C2N=COC21,3
14905,CC1=CC2OCC2(C)C1,CC1=CC2OCC2(C)C1,4
14906,CC1(CC=CC1O)C#C,C#CC1(C)CC=CC1O,4
14907,N#CCC1CC1C1CC1,N#CCC1CC1C1CC1,2
14908,Cn1c(ccc1N)CO,Cn1c(N)ccc1CO,1
14909,CC1CC2C1CC2(C)C,CC1CC2C1CC2(C)C,4
14910,CN1C=COC(=N)C1=N,Cn1ccoc(=N)c1=N,0
14911,Cn1cc(nn1)COC,COCc1cn(C)nn1,3
14912,CCC1(COCOC1)C,CCC1(C)COCOC1,3
14913,CC1C(O)C1CCC=O,CC1C(O)C1CCC=O,1
14914,CC#CCc1ccc[nH]1,CC#CCc1ccc[nH]1,4
14915,CC1CC2C(CO)OC12,CC1CC2C(CO)OC12,2
14916,OCC1CCC11CCC1,OCC1CCC12CCC2,2
14917,NC(=O)C1C2OCOC12,NC(=O)C1C2OCOC21,1
14918,OC12CC1N1CC21,OC12CC1N1CC12,4
14919,NC12C(O)C1NC2C#N,N#CC1NC2C(O)C12N,2
14920,CCCC12COCC1N2,CCCC12COCC1N2,2
14921,CC1OC=NC(C)C1O,CC1N=COC(C)C1O,4
14922,CC1=CC2CC3CC1C23,CC1=CC2CC3CC1C23,4
14923,C1CC23C1CC21CC3C1,C1CC23C1CC21CC3C1,1
14924,NCC(N)(CC#N)C#N,N#CCC(N)(C#N)CN,0
14925,Cc1cnn(c1NC)C,CNc1c(C)cnn1C,2
14926,c1cnc([nH]c1=O)F,O=c1ccnc(F)[nH]1,3
14927,CC12NCCC1OC2=O,CC12NCCC1OC2=O,3
14928,CC1OC(=O)C(=C1)C#N,CC1C=C(C#N)C(=O)O1,1
14929,CC1=CC2C3CC(C1)C23,CC1=CC2C3CC(C1)C23,3
14930,CC1OC2C1CC21CN1,CC1OC2C1CC21CN1,2
14931,COC1(CC1)C1(C)CN1,COC1(C2(C)CN2)CC1,1
14932,CCOC(=N)OC(C)C,CCOC(=N)OC(C)C,1
14933,COC1(C)COC1C#C,C#CC1OCC1(C)OC,0
14934,O=C1C2C3C(CN23)C1=O,O=C1C(=O)C2C3C1CN23,2
14935,CC1(CC1)CC#CCO,CC1(CC#CCO)CC1,2
14936,CC12COCC1(O)CO2,CC12COCC1(O)CO2,3
14937,CCN(C=O)C(=O)CN,CCN(C=O)C(=O)CN,3
14938,O=C1NC2CC2C11CN1,O=C1NC2CC2C12CN2,3
14939,CC12CCC1C2CCO,CC12CCC1C2CCO,2
14940,O=C1COC1CC1CC1,O=C1COC1CC1CC1,3
14941,ON=C1C2OC2C2OC12,ON=C1C2OC2C2OC12,4
14942,OC12CC1CCC21CC1,OC12CC1CCC21CC1,0
14943,C1C2NC3=NCCOC123,C1COC23CC2NC3=N1,4
14944,Cc1c(n(cn1)C)OC,COc1c(C)ncn1C,1
14945,CC1(C)C2CCOC12,CC1(C)C2CCOC21,1
14946,c1nc(c(o1)N)NC=O,Nc1ocnc1NC=O,1
14947,CC(CCO)OCC#C,C#CCOC(C)CCO,1
14948,CC1CC2C(=O)CC12C,CC1CC2C(=O)CC12C,0
14949,N#CC12CN3CC1CC23,N#CC12CN3CC1CC32,4
14950,NC(=O)CC1CN2CC12,NC(=O)CC1CN2CC12,3
14951,CCc1c(onn1)N,CCc1nnoc1N,4
14952,C1C2C3C4OC4C1CN23,C1C2CN3C1C3C1OC21,3
14953,ON=C1CCC2C(O)C12,ON=C1CCC2C(O)C12,2
14954,c1c(n(c(=O)[nH]1)C=O)N,Nc1c[nH]c(=O)n1C=O,0
14955,COC1C2NC2C1C,COC1C(C)C2NC21,1
14956,CC1CC(=O)N(C)C=C1,CC1C=CN(C)C(=O)C1,4
14957,CC1C=CC(C)(C)C1=O,CC1C=CC(C)(C)C1=O,0
14958,Cc1c(=O)oncn1,Cc1ncnoc1=O,3
14959,CC1C2C3N2C1C3=O,CC1C2C(=O)C3C1N23,0
14960,O=CC12CC(O1)C1NC21,O=CC12CC(O1)C1NC12,4
14961,CC1CC2(C1)COCO2,CC1CC2(COCO2)C1,0
14962,C1CN(C(=N1)C=O)C=O,O=CC1=NCCN1C=O,3
14963,CC(=O)C(C)(C)NC=O,CC(=O)C(C)(C)NC=O,3
14964,CC1(NCC1=NO)C#N,CC1(C#N)NCC1=NO,4
14965,C12C3C1C1C3C3C2N13,C12C3C1C1C4C2C3N14,4
14966,CCC(C)C1=NCCO1,CCC(C)C1=NCCO1,3
14967,CCC1OC2CCC12C,CCC1OC2CCC12C,1
14968,C1CC2(CC2)C=CC1=O,O=C1C=CC2(CC1)CC2,2
14969,CCC(O)C1(C)OC1C,CCC(O)C1(C)OC1C,3
14970,C1CN(C1=O)C2COC2,O=C1CCN1C1COC1,2
14971,CCC1N(CC)CC1=O,CCC1C(=O)CN1CC,4
14972,CC1CC1CNC=O,CC1CC1CNC=O,1
14973,CC1OC2(C)C3OC2C13,CC1OC2(C)C3OC2C13,1
14974,O=CC1NC(C=C1)C#N,N#CC1C=CC(C=O)N1,0
14975,CC1CCCC11CC1O,CC1CCCC12CC2O,2
14976,CC1=Cc2c([nH]cn2)C1,CC1=Cc2nc[nH]c2C1,3
14977,CC1CNC(C#N)C1=O,CC1CNC(C#N)C1=O,0
14978,CCCC(C#C)N1CC1,C#CC(CCC)N1CC1,2
14979,N#CC12CC3C1OC23,N#CC12CC3C1OC32,1
14980,CC12C3CC1C(C3)C2=O,CC12C(=O)C3CC1CC32,2
14981,CC1=CC2CC1(N2)C#N,CC1=CC2CC1(C#N)N2,3
14982,c1c(coc1N)NC=N,N=CNc1coc(N)c1,4
14983,CCC(=O)N(CC)CC,CCC(=O)N(CC)CC,3
14984,CC1(OC2CC12)C1CC1,CC1(C2CC2)OC2CC21,2
14985,CC12CC=C3COC1C23,CC12CC=C3COC1C32,4
14986,CCC12NC1C1COC21,CCC12NC1C1COC12,1
14987,CNc1cnn(c1)C,CNc1cnn(C)c1,1
14988,CC(CO)(C=O)C#C,C#CC(C)(C=O)CO,2
14989,CC(=O)C12CN1C(=O)C2,CC(=O)C12CC(=O)N1C2,2
14990,COCC(=O)NC1CC1,COCC(=O)NC1CC1,3
14991,CC1(CC1N1CC1)C#C,C#CC1(C)CC1N1CC1,3
14992,CC1(C)C2OCC2C1=O,CC1(C)C(=O)C2COC21,4
14993,OC1CC=C(C=O)C1=O,O=CC1=CCC(O)C1=O,4
14994,CC1=CCC(=O)C1(C)C,CC1=CCC(=O)C1(C)C,3
14995,CC(O)C12CN1C1CC21,CC(O)C12CN1C1CC12,1
14996,OCCN1CC1C#C,C#CC1CN1CCO,0
14997,OCC(NC=O)C=O,O=CNC(C=O)CO,2
14998,CC1C(O)C2C3CC12O3,CC1C(O)C2C3CC12O3,1
14999,CCCC12CC(C1)OC2,CCCC12COC(C1)C2,1
