smiles,gap_eV
CC1(CN1)C(C#C)C#N,7.345270158439773
C1CC11C2OC2C11CO1,8.360780093738295
OC1CC1C1CC(O)C1,8.684568379699062
OC1C=CC2COC12,6.602547022173562
CC1OC1CNC(N)=O,8.115722870760422
O=C1CC2OC2(C1)C#C,5.787139273912263
C1C2CC3(COC3)C12,8.696479631349176
CC(C)(O)C(C#C)C#N,8.049133680030991
CC1COCOC1=N,7.602764075088668
CC#CC1(O)C(C)C1C,7.153981488628009
OC12CC1CC2CC#N,8.001326802415175
CC1C2C(=O)OCC12C,7.397507995562291
CC12OCC3OC1C23O,7.531316403561907
CC1C2C=CC3(CO3)C12,6.516837100326124
OCC12NC1CNC2=O,6.880286760332818
OC12C=CC3C(C=C1)C23,5.719485599386333
c1cnc(cn1)CCO,5.724219772144831
CN=C1OCOC2CC12,7.001809932729055
CC12CC(N1)(C=O)C=C2,5.434872057417499
CC1CN1C(=O)CCO,6.899436475057836
Cc1c[nH]c(c1O)OC,6.338910493765317
CN=C1OC2C3CC3C12,7.129727545438805
CCCC1CCOC1C,8.749357260430502
CC1(OC1C1CN1)C#N,7.209476612635017
CC1C=CC2OC12CO,6.764045780252324
CC12C3N=C4NC1C4C23,4.8173215977051305
C1C2C3NC3C3(CO3)C12,8.17827754348688
CC1=CC(O)C2(CN2)C1,6.765249245774028
N=C1C=COC(=O)N=C1,4.780075768003947
NC1=NC2COC2C1=O,4.884535559982956
C1OC11CC2OC3C2C13,8.244285207464035
N#CC1NC23CC(C2)C13,6.998282135597586
N#CC1OC23CC(C2)C13,7.259915653856806
CC1CC2CNC12C#N,7.014844125000561
NC(=O)C1(CCO1)C=O,5.652986499607408
CC1(CN1)C1(CC1)C#N,7.550461192264106
C1C2COCCCN12,8.411862345062556
CC12CC3(O)C1NC23,7.969076207669725
CC#Cc1ncn(n1)C,5.929502312633386
OCC12CN1CC=C2,6.270364235722656
CC1(O)C2COC1CO2,8.255879818907344
CCC1OC(=O)C=C1N,5.753210268207991
CC1(CO1)C(=O)NC=O,5.915387142495993
CC1=CC(=NO)CN1,4.81512544020647
CC1C(N1C)C(=O)C#N,4.5354918639582005
OC1CC=CC(C1)C#N,7.100221644643639
C1OC1C1OCC11CO1,8.592216724854913
O=CC(=O)NCC1CN1,5.088638874098382
C1C2=C(COC2)C(=O)N1,5.566312904834765
CCC1COCC=CC1,6.884974456870186
Cc1c(oc(=O)cn1)C,5.033510520277766
CC1C2CN1C(C)CO2,7.759953119973417
CCCC1CNC(=O)N1,7.9234132063206175
O=C1C2CNC1CN2,5.155469646649386
NC1(C#N)C2CCCC12,7.574330079504497
NC(=O)N1CC1CC#C,7.402215567168186
CC1CC=CC2OCC12,6.987361524745896
CC(C#N)N1CCCC1,7.170709609200406
CN1C2C3NC3C12C=O,5.2441018860767095
CC(C#N)C1=CN=CO1,6.511810310581652
CC1=NCC(O1)C#C,7.0508911766818985
CC1OC(C)(C#N)C1=O,5.786054116757345
NC(=O)C12OC3C1CC23,7.1523241519648
CCC1=CCOC(C)C1,7.095599682370011
c1c(onn1)CC(=O)N,6.247484761386675
OCCC1CCCOC1,8.675289606916776
CN1C2CC=CC1C2O,6.186446834497474
C1OC2C1CC1OCC21,8.348686717731736
CC12NC1COC2C=O,5.77081026575232
CC1CCC=C1C(N)=O,6.405488196954892
C1C2CC3OC2C1C=C3,6.568083035463532
OCC#CC(CO)C#N,7.25235561775887
CCCC1OCC11CN1,8.325531265612135
O=CC1OC(C=O)C=C1,5.395393174696994
CC1(O)C2CCC12C,8.487590655940373
CCC(C#N)(C#N)OC,7.606475498574281
CC1(CO1)C1(CO)CN1,8.52959145419043
O=C1NN=C(N1)C1CO1,6.496562668955678
COC12CC3C1C2N3C,8.029115468089733
COC1=CC(=O)NN=N1,4.689940609999472
OC1C2C3CC3C12C=O,5.384957827706492
COC1(C)CC1(O)C#N,7.603536856100531
CC#CC(CO)CC#N,7.816298454280614
CCC1=CC2C3CC1C23,5.982526112487211
CC#CC1C2C3CN1C23,7.0505583752304535
c1c2c([nH]n1)COC=N2,5.828670005311622
CC12OC3C(C13)C21CN1,8.067082096898059
OC1CC=CC(=O)C1,5.309149335946705
C1C(CO1)C(CO)CO,8.294182413732385
Cc1c([nH]nn1)C(=O)C,5.174156115036928
COC1(CCCO1)C=O,5.749792408141291
C#Cc1conc1CO,5.7890339982617345
C1OC2C=CC3C1OC23,6.392789699742007
COCCCN=COC,7.262907550397367
CC1(CN1C=O)C1CC1,6.936618183467684
CC(=O)CC1(CO1)C#N,6.1915348174701785
CC1CC1CCCCO,9.162067301425974
CC1OC2CC(=O)C12,5.8883415405014645
N#CC1CN2C3CC3C12,6.951798477356893
C1N=C2OC3C=CC1C23,5.699818953487082
CC1(C=O)C2N1CC2=O,5.526900607514472
C1CC12CN=COCO2,6.99817591135542
OC1(CCC1C=O)C=O,5.394291472399397
CC#CC1(CN1)C1CC1,7.351066542615488
CC1CC2(C)CC2(C)O1,8.39669185192925
CC1CN2CC1C2C=O,5.568699446173008
CCCCN=COC=O,6.453008628352107
CCOc1coc(n1)C,6.22876972045823
CCC1CCC=CC1=O,5.195665432509694
CN=C1C=C(O)NN=N1,4.769063325369995
N#CC12CC(C1)C21CN1,7.674005432491356
OC1C=CCNCC1=O,5.557633977752959
CC1C(CC#N)C1C=O,6.104201733699661
CCC1OCC(C)=C1C,6.714272631833713
CCC1CC(C1)C#CC,8.095564368966794
CCC(C)C1=CN=NO1,6.523596714981379
OC1C2OC3C2C13C#C,7.01422298828008
CC1OC2C1OCC2O,8.246653451241967
CC12CC1C(O)C1CC21,8.105613466673033
CC(C)C(C)C(O)C#C,8.222236430228552
CC1=NOC(=N1)C1CN1,6.049991982579579
CC(=O)C1CC1(O)C#N,6.153223858122788
Cc1cc(n[nH]1)N2CC2,6.574031830239103
CC#CC1C2CC1CC2,8.2061191614858
C1OC2C1C1C3OC3C21,7.831346023948383
OC12CC3C(CC1=O)C23,6.083444415117658
NC1=CN=C(N1)C1CO1,5.6798587251865955
C(CCOC=O)CC#N,7.200106712412871
CC1(CCOC(=O)C1)C,7.595369512543558
OC1CC1C1(CC1)C=O,6.050705475781296
ON=C1CC2(O)COC12,6.610948224023686
CC(C=O)N(C)CC#C,5.596954139955363
c1c(c(n[nH]1)N)CC=O,4.913300385017632
CCC(C#C)C1CC1C,8.422219434448817
OC12CN(C1)C(C2)C#N,7.054242607290246
[NH3+]C1(CO)CC1C([O-])=O,7.193419030936235
C1NC1C1=CC=NC=C1,5.83560098179001
CCOC(=N)C(=N)OC,6.7042505857556804
COc1ccc(=O)[nH]n1,4.967799542280509
C1CC12COC23CC3,8.070153921081197
c1coc2c1CCCO2,6.146876867849524
c1nc(c(c(n1)O)N)N,5.5430644170721965
N=C1NCC2(CN2)C1=O,5.08625525028843
CC1CC(=O)CC1C,6.027599595164312
COc1ccncc1N,5.515983588391899
CCC1CCC1(C)C=O,6.118441936783417
CCCC(=O)NC1CC1,7.493954547548218
CC1CCOC(=O)C=C1,6.0273739387262495
CC12CC3(C#N)C1NC23,7.15009821429651
Cc1c(ocn1)N2CC2,6.211645205283661
OCCC1C2C3CN1C23,8.158902343959761
CC1OC2C3CC1C23C,8.457998808910714
O=COCC1OCC=C1,6.666315492323609
C1C2CC1C1OC1C=C2,6.85140211154447
CC1CC2(COC2=O)O1,7.023284282771245
OCC1C2C3CN1C23,8.24626440435772
CCC12OC1(C)C1CC21,8.402074379173259
CCC1C2CC1C(C)O2,8.695277065351542
OC1COCC(=C1)C#C,5.571448431425807
CC(C)C1(C)OCC1O,8.381898345229269
CC([NH3+])C1=COC([O-])=C1,4.726554083119984
CC12CC(OCO1)C2=O,5.638058589091056
N=C1COC2CC2CO1,7.35924336571408
CC12OC1C1OC2C=C1,6.626761787741391
CC1CC2OC2C1CO,8.75874869118183
CC1C2CC3OC3(C)C12,8.756723865698719
O=C1CC2OCCOC12,5.432822688250615
N#CC12CC1NCC=C2,6.473832017520081
OCC1(CO)CC1C#C,8.107196232129047
O=CN1CC2OCCC12,7.177831175266229
CC1=C(OC=N1)C1CO1,6.216350989889225
CC1=CCC2OC12CO,6.611700631840215
COC(C#N)C1CC1C,7.8803914775513695
CC1CCC=CC11CN1,6.790372580709022
CC1CCC(C)(O)C1C,8.830732526750833
C1CCC=CC=CCC1,6.052640744661802
NC12CC1N1CC21C#N,6.576352058294033
CC(=O)C1(CN1)C(=O)C,5.451339740796477
CC1CC2(C)OCC=C12,6.483528924026376
CC1CN2N=C(C)N=C12,7.278409445181229
C#Cc1c(nc([nH]1)O)N,5.239499260330344
NC1=CC=C2C3CC3N12,6.045515605938419
COCC1C2CC(O)C12,8.57917156851288
OCC1C(C#C)C1C#C,7.2502903453392555
CC1(C)COCC2CC12,8.602682291824696
C1CC2CCCC=C2C1,6.94854806850232
C1C2OC11CCC=CC21,6.7308945626521535
CCC12CC1C(C)(O)C2,8.518728323752697
CCC(N)(CC#N)C#N,7.6711513825857365
CC1OC(CC#C)C=C1,7.156724712032859
CC(=O)C(CO)C1CN1,6.147169841466902
c1c2c(cnn1)CCC2,5.5461374305824815
CC1C(C#N)C1C(C)=O,6.3378523599617855
OC1C2CC2(C#C)C1O,7.220650757223231
CC(O)CCOC(C)=N,7.95614754963543
CC(O)C1(C)OC2CC12,8.284677238881953
CCC(=O)N1CC1C=O,5.7466969010302575
CC12CC3CC1(C=O)N23,5.9499233841139985
CC12CC3C(O)C(O1)C23,8.298999306995118
CC1(CO)CC2OC12,8.783332383136473
CC12C3CC4CC1C4C23,8.701125419059483
CC1CC(=O)C(C)=C1N,5.651743721533775
CC12CCOC1=NCC2,7.241334771148193
C1C2C=CC3CCC12O3,6.415855935813901
O=CNCC1CCCO1,7.575407750692946
CC1COC1(C)CC#N,7.890930752369913
CC(=O)CC1(O)CC1O,6.122760828368274
CC1C2CC(C)C1O2,8.926316795306128
OC1(C=O)C=CNC1=O,4.87452013521874
C1OC2CC34CC(C3)C124,7.858632140506668
CC1C(CC=O)OC1=N,6.24891154886342
CCc1c(nc[nH]1)O,6.471040124432166
C1C2OC2C2=C1N=CO2,6.180561582784112
CCC1OC(CO)C1O,8.274441731608823
OC12CC(=O)N3CC1C23,6.488199483073184
CN1CC(O)(C#N)C1=O,6.805273084213539
CCC#CCC(=O)OC,7.218699401766755
O=C1C2OC3OCC2C13,6.087447068024374
CC12C3N1C1C3(O)C21O,7.2297360205931085
CN1CC1CCC1CO1,8.262415627399125
CCOC1CC(=O)C1O,5.84386690475667
N#CC12CC3C(C1)N3C2,7.608534488394978
CCC1(CCCO1)OC,9.130337732076628
CCC1(O)CC2(CO2)C1,8.531901042112086
OCC1CC2CC1CO2,8.576145096517068
O=C1CC2C3CN3C2C1,5.820695375107387
CNC1COC(=N)C1=O,4.596927971867323
CC12COC1CC21CC1,8.366270911934434
N=C1OCC2OC2CO1,8.103229221332985
CC1CN1C(C)(C)C#C,7.587224542702665
CCC(C=O)C(C)=NO,5.782534831124978
C(C1CO1)C1=NC=CO1,6.710470297112875
C#CCC#CC1(CC1)O,6.8150668129870215
O=CC1(CN=CN1)C#N,5.692333279890802
CCC1C2CC(O2)C1C,8.762217526240203
CC1C23CCC12OCC3,8.171158115891837
CCCC1(CO1)C1CO1,9.151518236970823
CC1C2OC(C=O)C12,5.6677589769859305
C#CC12CC3CC3C1N2,7.137528690608729
CC1CC(=CN1)C(C)=O,4.996401816449915
CCOC1CNC1C#N,6.947298961234734
CC1C(N1C)C(C)=O,5.786996244986254
CC(C)(CC1CC1)C#C,8.544864566395708
CNC1=NC2CC2C1=O,4.438145274948767
CC1C2COC(=O)N12,7.782188346324425
Cc1[nH]c(cn1)CC#N,6.645338492191868
CC1OC2CCC12CO,8.399474093001578
OC1C2C3C4C1C2N34,7.684730582190905
O=C1C2CCC2C2CN12,6.721076436099562
OC1CCC2C1OC2=O,7.446079322953577
CC(C#N)C1CCC1O,8.288763421662416
CC(C#C)C1=NNN=C1,6.934162740692293
OC1CN2C3CC(=C1)C23,5.758061706763252
OC1C2CC3OC3CC12,8.668850673172132
CC1CC2(CO)CC1O2,8.65023035018944
CCC12OCC1C2C=O,5.890336775132519
CC12CC(C)(C)C1(C)O2,8.580608788586554
CC12CC(O)(CO1)C=C2,6.73777504302514
CC1=CC(O)C(C)(C)C1,6.963761289033041
CCC1COC1(C)C#N,7.7853900868209935
C1CN=C(CN1)OC=O,5.966904418103812
CN(C)C1C=CCC1=O,5.198050351723676
CC1C2CC2(O)C1(C)O,8.107327538453923
CC1OC(=O)CCC1=O,6.0810020363584885
CC1=CC23OC4C2C1C34,5.707659685514942
c1cnccc1CC=O,5.254183645266522
CCC1(O)CC2OC12C,8.523060389171516
CC1C(CO)C11CCO1,8.046207416920936
CC1CCC2OCC2=C1,6.8707954515802205
C(CCC(=O)N)CC=O,6.244485225456095
CC12OC1C1(OC21)C=O,5.879350088875251
OC1CC2NC(=O)C12O,7.09879381576685
COC1=CC(=N)OC=N1,4.603468972500092
CCC(C=O)N=COC,5.712675527053383
CCC1COC1CC=O,6.033879589822079
COC1C=CCCC1O,6.98288459316298
N=C1OCCC2NC12,7.176953438833486
O=C1CN2CC2C2CC12,5.633043442632747
CCC1N=COC1(C)C,7.386247767513301
CC#CCC1COC1=O,7.374351581823196
CC1C(CC1(C)O)C=O,5.9770451303730825
CN1C2C3OC3C12C=O,5.604313116405159
C1C2CCOCOCC12,8.362173480269165
CNC(=O)CC(O)C#N,7.18017183073294
OC12CC3CC1C3C2=O,6.150493127677137
CNC12C(N)C1OC2=N,6.5216935587110445
CC1COC(=O)C(C)C1,7.463736493678722
NC12C(CO)C1NC2=O,6.616219854973828
CCC12CCC1C(=O)O2,7.444996500307239
CN1C2CCC1C(=O)C2,5.474206999034502
CC12OCC1=CC1CC21,6.149227453792708
CN=COCC#CCO,7.202481661242198
C1OC2C3CC=CC12O3,6.515452609202933
CN1CC(C1)(C=O)C#C,5.03594981798199
C1OC11CCC11COC1,8.182242222300463
CC1(COC=N1)C1CN1,7.37778389570941
OC(CC#N)C1COC1,7.7792456813947535
CC12OCC1OC2CO,8.051674242239805
C1C23CCC12N=COC3,7.050480014649232
Cc1ccc(nc1O)C,5.744728438497425
CC1=C([O-])C(C[NH3+])=NN1,4.637346124115838
CC1NC11CC(=O)C1,5.919260998732007
CC12CC3CC4C3C1N24,8.13341612510144
COC1CCC1CC=O,5.9789791209884005
O=C1CC2C3COC2C13,6.005168837318456
CC1CCC1C(O)C=O,6.006257821131767
CC(C)C(=O)OC=N,6.959949396058084
N#CC12CC3NC1C3O2,6.645153145067394
c1c(nc([nH]c1=O)N)N,5.4681495735527985
OC12C3CN4C(C13)C24,7.939033012169667
CC1(C)C2OC1C21CO1,8.62963831538659
COCCC(=O)CC#C,6.453842826944619
OC1C2C3CC4C3C1N24,8.124364033789549
CC1(O)C2C3OC1OC23,8.40331859499114
O=CC12OCC1C1OC21,5.763513651114721
C1CC=C(C1)CC2CC2,6.748889030348442
CC1OC1CN(C)C=O,7.207970226699924
O=CCCC1CN2CC12,5.816259495208193
C#CCC12CC3C(O1)C23,7.611317805198132
NC(=O)C12CC(O)(C1)C2,7.496713694331637
CCCC1CNC1=O,7.593363840385777
C1CCC(CC1)C(=O)N,7.467147771724479
O=CN1CC11C2CC1O2,6.6410730965172755
CN1C=NCCOC1=O,6.544660936806823
CC1CC2(C)OC=NC12,7.387220411352707
CC1OC(=N)CC1CO,7.7269240870871085
CC12COC1(C)CCC2,8.405594792209147
CCC1C(C)C(O)C1=O,5.851195195570591
CC1=CC(C[NH3+])=C([O-])O1,4.503266146334091
OC1CC2C3CC1C23O,8.50202863726321
C1CN1C1C2C3OC2C13,8.321653365294107
CCC1CC(C)=CCO1,7.110880205491924
CC1N2CC2C11COC1,8.19708118781724
Cc1c2c(cno2)on1,5.612130966763973
O=CC1CCCOC1,6.113510711485125
c1cnc([nH]1)C(=O)C=O,3.9276209221366916
CC#CC#CCC1CO1,6.062120168855369
CC#CC1OCC1C#N,7.081375035905602
Cc1c(ncnc1O)O,5.193437926413955
O=C1OCCC2NC12,7.101682390607381
O=CCC1CC1CC#N,6.225564074415925
CN1C2CC1C(=O)C=C2,4.871372747268899
CC(C#C)C1COC1=O,7.404892561664264
CC(O)(CO)C#CC#N,6.712174920007952
CC1CC1C(O)C(C)=O,6.360649887597479
CC1(CC(O1)C#C)C#N,7.09905030496026
CC(=O)c1c(cno1)N,4.523569522075068
CC1CC(CO)C2CC12,8.933918032222799
OCC12OCC1C1CC21,8.276575275332785
NC1=COC(=N)C(N)=N1,4.58445500309628
c1cncc2c1CCO2,6.207076428277064
CC1CC1C1(O)CC1C,8.481457090823861
OC12CC3C(NC13)C2=O,5.908331562172517
CN=C1OC2COCC12,7.211630644312511
CC1CC2CC(=O)C2O1,5.7058980766222644
CCC12CC(C1)OC2C,8.6456403165091
Cc1ccc(oc1=O)O,4.682593422198755
c1c([nH]c(n1)NC=O)N,5.899875750269514
CC1C2C3C2C2(CC2)C13,8.55259610182309
CCC1(COC1)C#CC,7.558117477392496
C1C(=O)C=CC12COC2,5.18237735570006
CC12COC3CC1CC23,8.759906384323198
N=C1OCC23CC(N2)C13,7.0872239480013
CC(=N)OC1CCOC1,7.731777579877685
CC1(O)C(=N)NCC1=O,5.302295792746007
CC1=NC2COCC2O1,7.223410304934272
OCC1(O)C2CC1C=C2,6.6416989678941505
CC(=O)C1CC1(C)C=O,5.872934492774306
C#CC12OC1CC1OC21,7.196822124785829
CNC1CCC1(O)C#N,6.82508210230856
NC1=CNC(O)=NC1=N,4.9843049715018894
NC1CC(CO)OC1=O,7.014781881316765
C1C(=CC(=O)C1=O)CO,3.8079380129807383
ON=C1CC2(O)CNC12,6.401769135171645
O=C1OC2C3CNC1C23,6.526104833046073
CCC(=O)C(O)C#C,6.042696195045741
CC(CCO)C1COC1,8.490581656195266
CCC1(N)CC1(O)C#N,7.281411303425281
CC(OC(=N)C#C)C#C,6.450402558955014
Cc1cc(c(o1)OC)O,5.97390795900284
CC(C)(CC#CC#N)O,6.82562660177741
CC(NC=O)C(C)=O,5.893921390275409
CC1=CC2N3CC2(O)C13,5.469698831357209
Cc1c(con1)C(C)C,6.695063986827233
CC12CC1C1(CC1)C2O,8.362769071004143
CC(C=O)C1NC1(C)C,5.929916905399582
CC12CCCC1C=CC2,7.24587200460964
O=C1C2COCC1N2,5.536747608805683
CC1NC=[NH+]C1C([O-])=O,6.213320636673444
ON=C1CC=C2COC12,5.9934509152999595
CC#CC(O)CC(C)C,8.046878754376321
CCC1CC2COC1C2,8.583875888539747
OC12CC1N1CC21C=O,5.6389017600350435
CCC(N)(COC)C#N,7.735227937734395
CC#CC1OCC1C=O,5.93956895760491
CCN1CC(C#C)C1=O,7.128681903050845
c1cnc([nH]1)C2(CC2)O,6.633139119279354
C1N2C3C4OC3C2C1=C4,5.066354080404318
CC1=C(COC(=O)C1)C,7.079801361482591
CC12OC3C4OC4C1C23,7.997310358780595
CN1C2CCOC2C1=O,6.756902104206577
O=CNC1C2C=CC1O2,6.326282534135364
CC1=CC2(CC2)OC1=N,5.639829110676548
CCC(C)C1OC1C=O,5.997923374923869
CC12CC(=O)C(O1)C=C2,5.831932416491028
C1C2OCCC3OC2C13,8.103412862273258
OC1C2CNC(=O)OC12,7.815328340706891
CC(C)CC(C)C(C)=O,6.274542686027959
CC(C=O)C(=O)C1CO1,5.489896588888991
Cc1c(c(ncn1)O)O,5.325440404084667
OCC1C2C=CCCN12,6.31510955775537
O=C1C2C3CC4C3C2C14,5.797337230582416
CC1C2OC1C1CC2C1,8.146918318174674
COC1CCOCC1C,8.853192328456007
N=C1CC2OC(O1)C=C2,6.538104903405143
C1OC1C1CCCOC1,8.793009155663754
CN(C1CC1)C(=O)CO,7.004818856075836
N=C1NC(C=O)C1C#N,6.169173623379843
CC12OCC1CC2C#C,7.7579393749637235
Cc1c(ccc(n1)O)N,5.161171251969837
CC12NC1CC(O)C2O,8.315193805292015
CC1(O)CC(O)C(=O)C1,6.066278511975862
OC12C3CC1C1(CC1)C23,8.16594151060267
CC(C#C)C1OCC1C,8.020878933566364
CC1(CC(CO)O1)C#C,7.575798195865039
CN1CC2CCC12C=O,5.139717076540826
CCC1C(NC1=O)C#C,7.259817966905096
CC1=CC(O)C2CN2C1,6.274806654905026
C1OC11CCC2OCC12,8.531696217620723
C#CC1(CCO1)C1CN1,7.288469851892446
CCC12CCOCC1N2,8.372611394350047
CNc1ncc(o1)C#C,4.94984525353738
CC12CCCC1CO2,8.64791754215814
CN=C1OC2(C)CNC12,7.064269881608849
CC12CC1C1(C)CC21O,7.828915168454142
CC(C)CC(=O)OC=N,7.131918252937339
CCC1=CC(=O)CCN1,5.275749940886276
CC(=O)CCC(=O)N,6.000093908609077
COCC1C2CC(=O)C12,6.301029299602978
CN1C2C3NC2C3C1=O,6.433539289346462
CC1(C)CC(CCO)O1,8.575646782447306
OC1(C=O)C=CC2OC12,5.6385668037985415
N=C1CC(OCO1)C#N,7.577685577298761
OC1C=CC(=N)OC1=O,5.583865666953505
CC(O)C#CC(C)O,7.657640454405012
CN1CCCC(=O)C=C1,4.891236498156182
CC1=COC=C([O-])C1=[NH2+],4.149960318237221
C1C2OC2C11COCO1,8.554357321823328
OCC1OC1C#CC=O,5.418552333229906
CC1NC(=O)C1N(C)C,6.846972420564464
CC1OC(=O)NC1C=O,6.091253232323352
CC1(CC1)C1C(O)C1O,7.915399009781242
CC1(CN1)C1CC(=O)O1,7.3261070236883485
C1COCC=C1CC=O,6.0737728577369055
CNC(=O)CCC1CO1,7.568806021939569
CC(O)C1OC2CC12O,8.060965478104693
O=C1COC2C3OC3C12,5.483564430389244
CC1=CCC(=O)C12CC2,5.968771159076075
CC1C2CC1C(=O)N2,7.113410098959981
CC1CCN2N=CN=C12,7.360494276670902
Cc1c([nH]c(=O)o1)CO,6.465603793166428
N=C1OCC1(C=O)C#C,6.224296966863177
CC1(CCOCC1)C#N,8.18379509866784
CC12CN1C(=N)C2O,6.987205783583659
CC1OC1(C)CC1CC1,9.189782539401762
O=C1N2CC2CC11CN1,6.557339030236753
OC1CCC2CC3C2C13,8.78367373832142
CC(C#N)C(=N)NC=O,6.3497920459566615
OC12COC1COC2=N,7.1516010150743785
C#CCCc1cnc[nH]1,6.7229063717037505
OC12CC1(O)C(C2)C#C,7.551176705590388
O=C1C2CC2C1CC#N,6.325332997426196
CC1OC2(CCC2)C=C1,6.680011688697331
CC(O)C#CCCC#N,7.538194190468777
COCC1(CC1C)C#C,7.837887248691073
CC1=COC(=N)N=C1N,4.792702736822689
CCCC(=O)CC(=O)N,5.829466181611084
C1C2CC3=C(NC=C3)N12,6.048001445354417
CCC1C2C3CCC1C23,8.920793992516177
C#Cc1c(cc(o1)N)N,5.325802313412696
CC1C2NC(=O)C(O)C12,7.109640217775658
OC12CC3CC1(O)C23,8.128668388178282
CC1CCC(O)C11CC1,8.882432972114968
c1cnoc(=O)c1CO,4.909471454887108
OC1COCCC11CO1,8.456365396414334
c1[nH]c(c(n1)NC=O)O,5.825740787991419
CC1(C)C(O)C11CCO1,7.835235648763476
C1CC23C=CC4C(C24)N13,5.644247718242382
ON=C1CC(C1)OC=O,6.289315942052024
OCC(=O)C#CC1CO1,5.327077952759511
[O-]C(=O)C1CN(C1)C=[NH2+],6.1661621322966145
CC1C2C3C2C2(CC2)N13,8.341033926982641
CC12OC(N)=NC1C2O,6.887440258077942
CC12CC(C)(C1)C1CC21,9.470299988960607
CC1C2(C)CC1(O)C=C2,6.478680492646925
C1C2OCC11OCCC21,8.525916986427893
O=C1NCC2CC1C=C2,6.606525053649285
Cc1c(oc(n1)C)OC,6.481575506539324
CC(CC#C)C(O)CO,8.12378701720829
O=CCC12CC1OC2=O,6.214319963440762
CC1COC2CC1C2=O,5.603374437286327
CC12C=CC(O)C1C2O,6.170977933246178
CC#CC1C2CC1(O)C2,7.577759587959687
OC1C2C3C4CCC13N24,8.020046267475731
CN=C1OC(C)C1CO,7.390067864435207
CN=CNc1ccco1,5.569826468173698
OCC1C2COC12C#N,7.119628104999341
CC12OC3C1CCOC23,8.449799806040152
C1OC23CC(COC2)C13,8.383009340828732
COC1CC1(C)C1CC1,8.740392823262342
CC1C2N1C(C)(C)C2=O,5.928989050958769
CCC1(C)OC11CCC1,8.80818667870321
CCC#CC(O)C#N,7.850874432878917
C1CC11OC2CCC12,8.320944279384022
CC12CCCC(O)C1O2,8.82733405287265
[O-]C(=O)C12CC([NH2+]1)C=C2,6.562112046295228
CC1(CCC1)C2(CC2)C,9.088262717874754
OCC12OC1C1(O)CC21,8.026723238564541
CC(CC(C)=NO)C=O,5.919688887164499
NCC1(CC(=O)O1)C#N,6.9020393019943675
O=CC1C2CCCCN12,5.6837760948586205
OCC1C(C#C)N1C=O,6.8438849792205
CC1C2N1C1C(C)C21O,7.4427296443732525
CC1(C)CN1C1CC1O,8.017862907793507
CN1CC11CC2C(O)C12,8.221208449307879
OCC1C2OC1C21CN1,8.473181133375432
C1CC(C1)C1CCC=C1,7.1798692674253175
C#CCCc1cocn1,6.6383295130805156
OC12COCC1C2C#C,7.29387942480918
O=CC12CN=C3NC1C23,4.967566048821982
CC1CC(C)C=CC=C1,5.879204707772239
CC(NC1CC1O)C#N,7.165306768082187
CCC12C3C4N1C2C34O,7.148004621915836
Cc1cc(c([nH]1)C#C)O,5.236099853739003
C#CCc1[nH]c(=O)on1,6.410864143413054
CC(C)C12CC1(C)CO2,8.271541109931254
OC12CC3C4C(C14)N3C2,7.991032678364418
OC1C2CCC1C=CC2,6.9806651866781895
Cn1c2c(cn1)OCO2,6.075985411715746
CC1(CC2(C1)CCO2)C,8.493410847309615
CC1CN(C1)C(=O)C#C,6.084880897875413
C#CC1COCC=CC1,6.9147917494139906
C#CC1C2CC1C2(C)C,8.286036844058353
CCc1c(cno1)C#N,6.243353713245361
CN1CCOCC(=O)C1,5.292701876681118
COC(C)CC#CCO,7.73141408794009
C1C2CC34CC3(OC4)C12,7.920636442938258
CC1CCCC1(C)C#C,8.409096611660328
COC1C2C3OC3(C)C12,8.430801410397681
CC1=CC(=O)CC2CC12,5.101683696314703
[NH2+]=C1NC[C-](C=O)C1=O,4.257653370587894
CC1(O)COC2CC12O,8.019474929478655
CC1N=COC(=O)C1C,6.765550139545087
CN=CNc1cnoc1,5.480198761710546
OC1C2CCCCC12,8.526024795507757
CC(C)CCC1(CC1)O,8.784348330471104
CC1C2C3CC=C1C23O,5.817950289630028
CC(=O)CCC(O)C=O,5.902667487007587
CC(=N)OC(C#C)C#C,6.967830410480314
CC1(CC(N)=O)CC1O,7.36373102954715
C1C23CC=CC12C1OC31,6.086594635455503
C1C2C1C1CCC2CC1,8.772187698460247
COC(C)CC(=O)OC,7.159790773404159
OC(C=O)C1C2CC1O2,5.887594770541985
CC12C3CN1C3C21CN1,8.161545161021373
CN(C)C(=O)CCOC,7.380628887969095
CC1(N)C(CO)OC1=O,6.708557566619245
CC1(COC=N)COC1,7.391544709629751
CC(CCC#N)C(C)=O,6.34450298991991
CC(C#N)C1=NOC=C1,6.914434721986847
COC1=NC2CC2(C)N1,7.328600554293577
O=CC1C2OC2C1C=O,5.513953498726393
CC1OC(CO)OC1=N,7.789551431353141
CC12CN3C4C1C2C34C,8.076895873243886
CC1(O)CC2C=CCC12,6.903339599475226
Cn1cnc(c1N)CO,6.239543354274303
C1CC(C1)NC(=N)C=O,4.675996256238195
O=CCC1CN1CC#C,5.855773576575158
CC(=O)c1c(cc[nH]1)N,4.67710340971742
O=CNCC1CCC1=O,6.0895059165902845
NC1C(COC1=O)C#N,6.617406141203693
CC1CC=CC2CC12O,6.881488288383925
O=C1NC=CCC1C#C,5.622839960126226
CC1OC2(CC12)C1CO1,8.41206679584806
OC12CC(NC1=O)C=C2,6.450829254787785
O1C2C3C4C5C4C(C23)C15,8.113248592172054
CC1CC(C1)NCC#N,7.485117132309387
Cc1c[nH]c2c1ocn2,5.8602485332027126
CCC12CC=CC1C2C,6.721155046618112
CCCN1CCC1C#N,7.040038960317732
CCC12OC(=O)C1C2C,7.445562575077096
CC1=C(C)C(=N)N=NO1,4.689836882810966
C1CC11C2C3OC1OC23,8.858763676228753
OCC1(CC=CC1)C#C,7.113727748335166
C1C2N1CC1=C2C=CO1,6.058970504673085
CCC1(CC1C#C)OC,7.958199041813727
OC12CC(C1)CC21CN1,8.376468740610648
OC1CC1(O)COC=N,7.217774416109743
O=C1CNC11CCOC1,5.376612791068556
CC(CO)C1CN2CC12,8.154288843239618
CC(=O)NCCC#C,7.472868170590981
CC(O)CCC1(O)CC1,8.71058262105176
CC(=O)OCC1(CC1)O,7.518931437334081
CC(=O)CC(C)(C)OC,6.192084959109861
CC1CC(C)(C=O)C=C1,5.708401254270562
CN1CC1C1CC(=O)N1,7.126709470975881
C#Cc1cc([nH]c1)CO,5.777294075647821
C#CC1CC11OCC=C1,6.118565288751397
Cc1cc(=O)cc([nH]1)N,5.334465555031953
CC(C)NC(=O)CCO,7.372301019819956
CC1NCC(=O)C2OC12,5.357080667721684
C1CC(=NO)C=C1C=O,4.588539718249401
CC12CC1C(O)CC2=O,6.062636555981853
OCC(C#C)C#CC=O,5.513175715382735
Cc1cc(no1)C(=O)C,5.5535674919876
c1c(c(c([nH]1)O)C#N)O,5.531011329869766
Cc1cc(oc1C)NC,5.980761094969278
CC1OC2(C)CCC12O,8.300318887281842
OCC1C2CC1(O2)C#N,7.284910144666396
OC12CN3CC1C23C#N,6.787863155620557
CC(C)C1(O)CC2NC12,7.9892847147493224
C#CC12CC3CC1OC23,7.235780828494316
CC(C)Oc1ccco1,6.327445986975754
OCCC1OCC2CC12,8.687146724210796
CN=C1OC2C(C#C)C12,6.540191411651158
NC1C2NC2COC1=O,6.421041514052911
CC1=CNCC(O)C1=O,4.890381081441469
CC1=NCCNC(=O)N1,6.877424188889071
CC1C=C2COC2C1O,6.5655759308890556
CC(=O)N1C2CC1C2O,6.631983842744246
CCN(C=N)C(=O)OC,6.739404220136549
CC1CC2OCC(C)=C12,6.3461813483289315
N#CCC1CC2OCC12,7.79064071200074
CC#CC1N2CC1(C)C2,6.982556788873836
C1OC1C1CC2COC12,8.40020796924724
OC1C(=O)C2NC2C1=O,5.382250851666257
NC(=O)C1C2NC2C1O,6.933984783504906
CC1C(OC1=N)C1CC1,7.801177667034285
OC1CCCC2CCC12,8.850889196302829
CC(CCC(N)=O)C#N,7.422147288470794
C1C23COC12CCOC3,7.987597993638827
O=C1CN2C3COC3C12,5.084829786325522
C#CC1(CC1)NCC=O,5.826325061520228
CC1CC1(CC#C)C=O,6.013705568733805
OC1CC2OC12C1CO1,8.615079853109084
CC1C2C3NC3C12C=O,5.360965658801481
CC(=O)C(C#C)N1CC1,5.919581835378294
C1C2OCC3COC1C23,8.333159607280843
CC1C2N(C=O)C1C2=O,5.603523535508312
CC1OC2C1=CCC2=O,5.878835043463572
CCC(CC1CO1)C#C,8.528213384743076
N#CC1OC2C=CCC12,6.654581326534188
Cn1cnc(nc1=O)N,5.010267204446854
CCC(C)NC(=N)C=O,4.510958507265884
CC1=C(OC=N)ON=N1,6.447111359652975
O=C1CC2(CC1N2)C#C,6.10526761334095
CC1(C(=O)C2(O1)CC2)C,5.964393565401007
CC(O)(C#C)C(=O)C#N,5.036131926559197
O=C1CC2C3COC1C23,5.74680724079819
O=CC12C3COC1CN23,5.584327272550827
CC1CCC11CC1C=O,6.066616212064409
CCC(CC(N)=O)OC,7.4885290348900835
CCC1(C)C(O)C1C#C,7.7818411858221435
CC12CC3CC(=O)N1C23,6.552516512466414
CC1(C)CCCC(=N)O1,7.781873290243599
CC(=O)C12NC1CC=C2,5.766702384250609
NC(C#N)C1OCC1O,7.4121440184053995
O=C1CC2NC11CNC21,5.388765976886625
CC(=N)Nc1ccon1,5.7064562663610925
C1C2C=CC11CCCC21,6.337344472339363
CC12CC1(C#C)C(O)C2,7.467353691589
C#CCC1=CCC(=O)C1,6.054026750286511
CN1CC2(C)C3C1CN23,7.249471046407381
O=CC1COC(C=O)=N1,4.8303844347970735
OCC1CC(O)(C1)C#N,7.968967274193588
CC1COC(=O)CC1C,7.462405452130675
CC1(COC(=O)CN1)C,6.717952475101797
OC1C(C=O)C1(O)C#C,5.411774306353739
CC1CC2(OC12)C1CN1,8.517988787407598
CC1CC2(C)C(C)OC12,8.412593611789552
CC(=O)CNC(=O)CO,5.91252822075168
CC(CO)(C#C)C1CC1,8.322871486786736
OCC12CC1C1NC1C2,8.207454194013861
CC1(C)CC(O)C(=O)C1,6.01537990116347
CC(NC=O)C1NC1C,7.444884440165627
NC(=O)C1CC2OC2C1,7.434172814781715
CCC12CC1(CO2)OC,8.277734553759382
CC1C(OC=N)C2CN12,7.361055718709706
O=C1CNC2CC12C#C,5.64581953435928
CC#CCCC(C)C=O,5.97418284427401
CC(=N)Nc1cnno1,5.5764670924770865
OC1C2NC2C11CN1,8.357252797312684
C1C2OCOC3CC12C3,8.520694161699039
CCC(C#C)C(O)C#N,7.959739343413933
CC1C2CC2CC11CC1,9.235525455951535
OC1C2CCCC1C=C2,6.915996289759112
N=C1NC(=O)CN1C=O,5.930667294036216
CC1(C)NC(=O)OC1=N,6.967385024584159
CC1C(=O)C(C)C11CC1,5.942856998037421
CC1(C)CCCC1(C)O,8.676008723629096
CC1CCCCCCO1,8.706027365558498
COC(C)C1(CO1)C=O,5.932456546993395
CCC1C(C)CN1C=O,7.094076427143433
N=C(OC=O)C1CC1,6.4420238690450216
C1OCC2C3C4C3C2C14,8.446962125529112
CC1(O)CCOC1C#N,7.663367270143528
C1C=CC2OCCOC12,7.04632035282344
[NH3+]CC1(CC1)C([O-])=O,7.18087531010445
CN=C1OC2CC1C2O,7.343876509674661
CN1CC(=O)C(C)(O)C1,5.376953705527498
CC1CC(=O)CN=CO1,5.880356944865463
OCC12OC1CC=C2,6.750956654473791
CC#CC12CC3C(C1)N23,7.105649231569509
CC1OCC(=O)OC1C,7.137321285357934
C1C2C3OC4CN(C13)C24,7.873171332872274
CC12NC1(C)C1(C)OC21,7.897776102635662
COC(C)C1OC1C#C,7.452688039008286
c1cc(cc(c1)O)CO,6.1904105783449985
CC12C3N4CC1C4C23O,7.462082835894852
OCC(O)C12CC(C1)C2,8.73585951088382
CC#CCc1cc[nH]c1,6.708018271396318
CC1CCNC(=O)CC1,7.290363177609512
CC1C(O)C(C)C1(C)C,8.569599117305215
CC1C(C)C11CC(C)O1,8.240284674329486
CCC1(NC1CO)C#N,7.5486815275019294
CC12COC1(C)CO2,8.148157862302481
c1c(con1)C2CC2,6.601243028109173
CC1CCCOC(C)=N1,6.9629839181379225
OC1CCC1COC=N,7.424182192815805
CNC(=O)CC#CC#N,6.04455299053112
NC(=O)C12OC1CC2=O,5.453224267115114
CC1C(C)(C)C11CCO1,8.179059100116543
CC1OC(C(C)=O)C1=O,5.2824692479659365
CC1CN(C1)CC(=O)C,5.668477490210162
CC12C(O)C1C1CC2C1,8.689698250680665
CC1(OCC=C1)C1CN1,6.710396758025923
O=C1CCN2CC2C1,5.7076367789113105
NC1=NC(O)=CC(=N)O1,5.271717213937144
CCC1CC(C)C(=N)O1,7.774594471299433
CC1CC(C=O)C=C1C,5.770996885755442
CC(C#C)C1=CNC=C1,6.671064735958269
C1CC2C1C1CCOC21,8.342447837291056
CCC(=O)n1nccn1,5.843218064926219
OC1C2CC(O)C12C#N,7.544826023289559
C1CN2CCCN=C2O1,6.949908703263062
CCCC(O)C(=O)CO,6.415707923967515
CC1C(=O)OC1(C)C=O,6.00148885652653
NC1=C(OC=N1)C1CN1,5.5826928574125185
O=C1C=CC2CN2C1=O,4.359985682896037
C1C2C3OC4CC3C2C14,8.461263856990355
N#CC1CCCC11CC1,8.523465059880781
CCC#CC(C=O)C=O,5.304352497333223
CC(C)(C)C1(CC1)C#C,8.117430421423194
O=C1OCC2OC2C=C1,6.008367610680784
OC1(CC1)CC1OC1,8.959421409814269
Cc1cc(cnc1)OC,5.798831079399658
CCC1(COC=O)CN1,7.28777079156579
OC1(C#N)C2C3NC1C23,7.213086384176606
COC1(CO)CCC1C,8.68070837623994
N#CC12CC1OC1CC21,7.529171774704073
C1CN1c2[nH]nc(n2)O,6.90770404198805
NC1(CC1N1CC1)C#N,7.331494963739058
COC(C=O)C(C)(C)O,5.896042637282825
CC(CC=O)C1COC1,6.101618110207301
CC12CC(O1)C(=C2)C#N,5.631413297667869
CC1C2N3CC1C23C=O,5.741137023287526
CC12CC3C1N3CCC2,8.353880216588195
COC1C2CC1OC2,8.84535354762338
CC1CC2(CCO2)CO1,8.629606458910795
[O-]C(=O)C12CC1NC2=[NH2+],7.086587186653238
CN1CCC(=CC1=O)N,5.961246131517107
OC12CC1C1OC1CC2,8.647393620469602
COC12CC1N1CC21C,7.981999047289184
CC1C(OC1=O)C1CC1,7.51054510384134
CCC1OC2C(O)C2O1,8.361006319813756
O=C1CC2CCC3C2N13,6.789227466203075
N=C1CC(CC#C)O1,7.758186669688116
C#Cc1c(oc(n1)N)N,4.912490083756672
CC1OCC2C(C=O)C12,6.0403380427101965
O=C1NCC2COC1O2,7.097440002754505
CNc1cnnoc1=O,4.448891946375203
CN1C=C[C-](C#N)C1=[NH2+],4.755792721184064
CCC1(C)OCC2CC12,8.64698107877636
CC1(CC=O)NC1C#N,6.080114488576118
CN1C2C1C1(O)CC21C,7.763339612526544
COc1c(cc([nH]1)N)O,6.256481929062769
CC(C#N)C1(O)CC1O,7.947543467315847
Cc1nc(no1)CC#N,6.956085405194252
CC1COC2CC2OC1,8.500550065195519
CC12OC3CC1C2(C)O3,8.978053115815719
C1NC11CC2OCC12,8.359534200292693
CNC12CNC1C2C#N,6.711472745849992
OC(C=O)C12CC1OC2,5.681640200620034
COCC1CC(=O)C1,6.227990757194332
C1OC2C=CCC3NC123,6.595752121679622
CC(CCC=O)C1CC1,6.313072436386965
CCC1NC11COC1C,8.302268906511262
CC1(CCC11CC1)C#C,7.985820213456515
CCCc1cnon1,6.925188478586099
CCC12C3C4C(CC14)N23,8.134508502650952
C1C2CN1C1=C2C=CO1,5.756428326169151
COCC(C)C(O)C=O,6.040096346047173
CC1NC1C#CC1CN1,6.9899092285856455
OC12C3C1C1CC3C2=C1,5.283132997105225
CC(=O)c1conc1N,4.770669737541352
C1C2CC=CC3NC3C12,6.713855381225038
CC1(CN1C(=O)OC)C,7.843293648875806
CN(C=O)C1CCOC1,7.211171707656479
CC12CC1CCC2(C)C,8.979785142951098
c1c(nc(o1)CC=O)N,4.706922230842727
CC1CC(C)C11COC1,8.389792541364688
CN=C1OC2CCC1C2,7.239120586328513
CC(CC=O)CN1CC1,5.799858298940741
N#CC1CC2CCN2C1,7.148190619219287
CC1C2C=CC(O)C12C,6.479467641020442
CCCC(O)CCC=O,6.237205382038066
CCCc1nc(no1)N,6.296596986676036
CC1CC=C(C1)NC=O,6.157579375049242
COc1cncnc1N,5.299372289304669
OC1CC11COC2CC12,8.296988793858143
OC1CC(OC=N)C1=O,5.806830311575031
CC1(CO)CC(O1)C=O,5.916285908416404
CN=C1OCC2CC1C2,7.3223224193111625
OCC12CN1CCC2O,7.843064815192237
CC1(OC1C=O)C1CO1,5.999881180501426
CC(C)c1nccn1C,6.720576838546261
CC#CC1N=CNC1=N,5.865657673263038
COC(C=O)C#CC=O,5.338485166560605
CC#CC1(CN1)C=O,5.717480842241198
CN1CC2(O)C1C2(C)C,7.274377388640972
OC12COC1CCCC2,8.567441203239422
OC1CNC1(C=O)C#C,5.416646747461849
COC1(C)CC(=O)C1O,5.852011641657621
O=C1OC2C3N4CC13C24,6.134134214336253
C1C2COC=NC1C=C2,6.449715377345226
CC1N2CC3(CC3)C12C,8.498711952907748
O=COC1CC2NC12,7.1073001314686515
c1cc(c(nc1)C=O)N,4.637440237020356
CC1CNC2C1OC2=N,7.012014792274327
ON=C1CC2C(C=O)C12,5.627161228041776
C1C2N1CC21COC1,8.196676125500568
CC1C(O)C2C(O)CN12,7.538305247938782
CC1C(C)C(C)(C)C1=O,6.06922071604432
CNC(=O)C(C)C(N)=O,6.345404395941392
CC1=CC2(CN2)CC1=O,4.873626172625152
OC1C(C#C)C1(O)C#C,6.704405354493719
CC(C)c1ncc(o1)N,6.092511566923395
CC#CC(C)(O)CCO,7.791088223468427
CC1(C)CC2CCC2C1,9.430084247442736
COCCC1(CC1)C#N,8.129331793835984
CC1CNC2=C1C=NN2,5.9411525170803134
CCCCc1cc[nH]n1,7.1099345534592535
OCC1C2NC1C2C#N,7.323748880598912
CN(CCCO)CC=O,5.803300363779943
CCC1COCCC1=O,6.101234837340938
Cc1conc1C(=O)N,5.909590921210886
CC(=NO)C1(CC1)CO,6.638260064084902
CC1(CN1)C1=COC=N1,6.39618247971427
CC1CC1(CCO)C#N,8.249722602381494
O=C1OCCCC2NC12,6.831792957879553
CCC1C(C)C1C1CC1,8.957839984190466
C1CCC(=CC1)CC=O,5.958570750245484
C#CC1COCCOC1,7.636751387271606
CC1OC2=NCCCC12,7.263813676992431
C1CC1C#CCCC#N,7.474298106321943
CCC(=O)OCC(C)O,7.568854285740133
Cc1[nH]c2c(n1)con2,5.25943593714379
CC#CC1(C)NCC1=O,5.679281075125619
OC12CC(=O)C1C2C=O,5.825813689532227
CC(C)C1(CC(=O)C1)C,6.081446951803883
O=C1NC=C(O1)C1CO1,6.6349147705841816
CC1C2CC1C(=O)CO2,5.752153270965554
CC1C2C(CN12)C(C)=O,5.845363676009313
CN1CC11CCCC1O,8.105584050292611
CC(O)(C#C)C(O)C#C,7.355191059838003
CCC1(O)CC2NC2C1,8.197715452985916
CC(O)C12CC1OCC2,8.296635909697047
CCOC(C#N)C(C)C,8.16145810755987
CCC(=O)NC(C)CO,7.4695270659008415
CC12CC3CC1(C)C23C,8.273477336514931
O=COC1CC=CC1=O,5.207615622702918
O=CC1C2C3CCN1C23,5.438440513728128
CC1CN(C)C1(C)C#N,7.100834876238566
CC(=O)C1CCN=CO1,5.873799805378937
CCC12CC1OCO2,8.712295069939746
C1=C(C(=O)NC1=O)CO,5.271965901482118
O=C1CC23COC2C1N3,5.548899162340508
N=COC1(CNC1)C#C,6.948243313084406
C1CCCC(CC1)C#N,9.137656180431579
CCC(=O)C#CC1CO1,5.530164495246549
OC12CCC1CC1OC21,8.687813307951226
CC1(C)CN2C3CC1C23,8.217966331489771
CC1(CO)CNC(=O)C1,7.53224156834805
OC1CNC2=C1OC=C2,5.895617143717251
CC1(CC1)OC2CCC2,8.704603856964056
O=CC1CCCC2CC12,6.2818601146107795
CNC(=O)C1CC(=O)O1,6.918737274525785
CCC1C2CCCOC12,8.599847948230744
CC(=O)C1=CC2CC2C1,5.222448728686706
CC12C3C1C1OC3C21C,8.18893937906734
c1c(c2c(o1)NCC2)N,5.919108019361655
OC1CCC2COC12,8.541069536388946
N=C1C2C3NC(=O)N1C23,6.773364182880377
Cc1c(=O)ncncn1,4.280507268837876
CCN=C1OC(C)C=C1,5.893687064379357
C1OC1C1CCC2CN12,8.5174874351785
N#CC1OC2OC1C=C2,6.581276618540247
N=C1NC2C(OC12)C#N,7.0581509171160715
CC1(C)CC11CC2NC12,8.393989940319683
CC1(CC1)N=C2CCO2,7.0780972562949875
CCC12OC1(C)CC=C2,6.737765418658601
CC1OC11C2CN2C1=N,6.667674987375774
COC12C(C)C3C1OC23,8.325684525444272
CC1C2CC3N2C13C=O,5.906355793783251
CC1CC2OC1C=C2,6.5737243255377855
CC12NC(=O)OC1C2O,7.773965421382208
NC1=C2CCN2C(=O)O1,5.991132951508119
C1CCOC(=O)COC1,6.854087563951747
OC1(CNC1C=O)C#C,5.427394989477542
O=C1CC2NC3C2NC13,5.874670521960615
CC12C=CC3CC1C23C,5.988394476389942
CC12COCC=CC1N2,6.6011391123936285
OC12CC3C1N3C21CC1,8.003262353715327
CC1CC11CC(=N)O1,7.399492352858944
CC1CCC1(CO)C#N,8.326275854815528
CC(O)C1CC(=O)C1C,5.950173950917264
CC(C)CC(O)CC=O,6.177041175844915
CC1(C)CC2N=COC12,7.28163544024556
CC1OCC(C)C(C)=C1,6.964265263449047
C1OC23CC4OC2CC134,7.892368664043195
O=COC1C2C3CN3C12,6.535890454791424
C1C2OCC3=CCN1C23,5.824485616507106
CCC1=CCN(C1)C=O,6.563204584973359
CC(=O)N1CCC2CC12,7.252517580960115
COC(C)C(C)(C)C#N,8.32368288078944
OCC12CC1CC(=O)C2,6.123348713285499
CC(=O)CCCC1CC1,6.422221688218123
C1CC2NC2C=CC=C1,5.337421979457684
CC1C23CCC12OCO3,7.9766091135262585
CCC1(CCO)CC1C,9.052344151303336
CC1C2OC1(C#N)C2N,6.878100927709472
CC12NC1C(O)C1NC21,8.010445404725953
CCC12COC1C2C#N,7.464318666495296
CN1CC1C1(CC1)C#N,7.316535110399495
CC12CC(O)C1OCO2,8.557100627046731
CC12CC=CC3OC1C23,6.218932921909385
C1C2N1CC21CCCO1,8.243593804856507
COCC(O)(CO)C#N,7.739968711580433
CC1(C)CC(C=C1)C#N,6.998085307870735
OCC#CC(C=O)C#C,6.154672479172895
CC1(CO1)C1COC1=O,7.452735571579199
CC12CCC1N2C(N)=O,7.5265781949970885
C1C2OCOC3CC2C13,8.350662239803466
O=CC1C2CC(C#C)N12,5.740269681686206
CN1CC2(O)CC=CC12,6.26786242192008
CNC1CC1(C#C)C#N,6.695621485399974
OC1C2N3CC3CC12O,7.730574203122453
CC1N(C)C11C2CC1O2,8.513122230903413
CC1(O)C2OC3CC2C13,8.232296914947494
OC12C3C=CN(C13)C2=N,5.419821647900852
C1CC2(CC2)CCOC1,8.54394753512423
CC1(COCO1)C1CO1,9.169393281958913
C#CCc1c[nH]nc1N,6.162864264649659
CN1CC1CC(C)=O,5.819438711117565
CCN=C1OC(C)C1N,7.208695330984321
CC12CC3C1CCC23O,8.755448660725396
OCC12CCC1OC2=N,7.642430753850023
CC1C2CC(=NO)C12C,6.676255795509073
C1OC2C3NC3C2=C1,6.094650080447296
COC1C2NC2(C)C1C,8.373957763003492
C1CC(O1)C1OCC=C1,6.772319688216606
N=COC1CC2(CO2)C1,7.489500838133521
OC1CC23COC2C1O3,7.971849025151556
CC(CC#C)(CO)CO,8.199559183257966
C1C2COC3CN1C23,7.996363227554599
OC1CC11NC(=O)C1O,6.831257185054847
CC1C=CC2C3OC3C12,6.889581978105063
COC12C3CC1CC23O,8.290028709553752
CC1(C)NC11CCC=C1,6.648783012951472
O=CNC1CC=CC1,7.003537257129757
CC1=CC(=N)OC1(C)C,6.191752075900626
CC1COCC=C1C#N,6.040274270497612
OC1CC2OC1CCO2,8.77255498749868
OC1C2OC1C2CC#C,7.856392924445755
C1OC2C1C21CC2OC12,8.176719781647712
C#CC1=C2COC2CC1,5.316702188813714
COC(=O)C(C)C(N)=O,6.340210131169492
N#CC12CC(C1)CO2,7.562149800624647
C1CC11N2C3CC=C1C23,5.4828688060792246
COCc1c(nco1)O,6.095577362208698
CCc1c(c(co1)N)C,6.1948399537092795
COCC(O)CC#C,8.186876760432103
Cc1cccc(=O)cc1,4.605902818090866
CC(O)C(C)C(C)=NO,6.684575046101841
CC1(O)CN2CCC12,7.757737572543407
C1C2NC3=CC=NN3C12,6.699040094945479
CCC(OC=N)C#C,7.595742490562282
CC(C)Nc1conn1,5.531178177946192
c1cc2c(nc1)CCO2,6.014581324407636
OCC1OC11CC2CC12,8.797777575135527
CC1CC2(CN2)C(=O)N1,7.131809965737708
Cc1c(c(no1)N)CO,6.169648239113579
OCC1CC23CC(C2)C13,8.978090186502321
CC1C=C2COC3C1C23,5.933687187519105
CCOCC(C)(C)C#C,8.304871955581334
CC1=CC(=O)[CH-]OC1=[NH2+],4.329910765011551
CC1=CCOCCOC1,6.8402095019032645
Cc1cc(no1)CO,6.904947522199009
Cc1cc(=O)c(co1)C,5.5460422702273116
CC1C2CC=CC(=O)N12,5.4038154820020265
CC1CN(C=O)C=C1C,5.728141184334172
OC1CN(C=N)C(=O)C1,6.396392709846731
CN1C(=N)NN=C1C=O,4.638887034947484
CC1=CNC(=O)OCC1,6.464322489654206
[O-]C(=O)C1[NH+]=CN2CC12,6.152989031839356
O=C1CC2OC12CC#C,5.7740994317506456
CC1NC=C(C=O)C1C,4.826123164830921
c1c2c(on1)CC(=O)C2,5.675183237647311
Cn1cnc2c1COC2,6.605252281882061
CCCC1COCC=C1,7.155334089863471
CC(CO)C#CC(N)=O,6.693863490540071
CN(C)CC(CO)C#N,6.824502024545033
C#CCOc1cnoc1,6.4167606008703295
COC(C)C1(C)CCO1,8.695071697240271
N=C1C=CON=C1C=O,4.660350594038187
COC1OC(=O)C2NC12,7.023547228994218
CCC1(C#C)C2CCC12,7.617168366325762
c1c(c([nH]c1N)O)C=O,4.362901321317921
CCOC(COC)C#N,7.887612097324615
CC1CC2(CC12O)C=O,5.9053501233085
C1CC2COCC2C1,8.873595370474398
OCC(C1CN1)N1CC1,8.263394752708919
OC12C=CCC3C1OC23,6.452691128479316
OCC1NCCCC1=O,5.449051191846131
N#CCC1OCC11CN1,7.688357594000544
CCC12CC1(CC2)C=O,5.8963681568242965
CC1COCC2CN2C1,8.308112908300666
CC12C(O)C1COC2=O,7.340584341358978
CCC1(CC#N)CC1C,8.68859786190329
CCC12CC1(CC)OC2,8.25770355736522
CC(CCOC=N)C=O,6.106097778520562
CC(OC1CC1)C#N,8.17527920028635
CCCc1conc1O,6.526038072827544
Cc1cc(c([nH]1)N)C#C,5.316344757787807
CC(CC#N)OC(N)=O,8.366908442672168
O=C1CCC2CC3C1N23,5.8568411020429405
CC1C2OC2C2OCC12,8.394692975729972
NC12C3NC3C1C2C#N,6.696791503625809
O=C1OC2CC=CC2=C1,5.515839050422599
OC12CC1(O)C1(CC1)C2,8.054940258882201
COCCN=COC=O,6.410082214651205
CC12CN1C(=O)C2O,6.261248905334751
C1CC12CNC(=O)CO2,7.040114334023199
CC1CNC1(C#N)C#N,6.754944576458501
CNC1(C)C(O)C1C#N,7.21260163907555
CC12CC3(C)C=CC1N23,5.966758528459916
OC1=CC=CN=CC1=N,3.9514560433983625
CC1(C)OC1(C)C=O,6.192986371034949
OCC1CC1(O)CC#N,8.042589461671156
O=CC1C2CC2C2CC12,5.999212368970443
CC#CCC1CCC1C,8.24168925021563
Cc1nc2c(o1)nc[nH]2,5.627751810352659
CC12CC3C1C1(CC1)N23,8.824623362731693
CC#CC12CC1CC2O,7.391364558657683
CC1CC2N=CNC2=N1,6.067804969048524
CC1C2C3C(O)C3CN12,7.53295948581649
C#Cc1cocc1CO,5.864598700771702
CC1=C(COC1)CCO,6.7056945692506105
C1C(CO1)CNCC#N,7.107462717872211
OC12CC3=CCOC1C23,5.904898027458293
CC12NC1CCC2=NO,6.4227029117844285
[NH3+]C1(CCC=C1)C([O-])=O,6.622505882389868
O=C1CCNC(C1)C#N,5.382278295149582
CC(C)C12CC(C1)OC2,8.616481666822757
O=CNC1C2COCC12,7.459569460412943
OCC1COC2COC12,8.5271194844605
CC1C2C(O)C1C21CC1,8.974956093644575
CN=C1C=CC(=O)N1C,5.089440955827962
COCC1=COC(=N)O1,6.816977177918176
Cc1cc(oc1)N2CC2,6.042840403888854
CCC1(C)C(O)C1CO,8.406467904586206
CC1(CO)OC11CCC1,8.761493128236761
O=C1NC2CC2CCO1,7.613494981258292
CN1CC2OC3C2CC13,7.3665101583597306
CC1=CC(O)(CC1)C=O,5.629200998819406
CC12CC1C1CC(C1)O2,8.607013166549397
CCC(OC1CC1)C=O,5.907222226420688
CCOC1(CC)CC1O,8.419255214683186
O=CC1NC1(C=O)C=O,5.898668888821591
CC1(C)CCC1(C)CO,8.92918115166226
CC12CC1CC1CCC21,9.131231375700677
CC#Cc1cn(nn1)C,5.702607736150643
[NH3+]CC(O)C#CC([O-])=O,6.296452056764447
CCC1(C)C2OC2C1=O,5.826114566241312
CC#CC1CC2C(C)C12,7.91153609051265
CC12NCC1(C#N)C2N,6.830734429464149
CC1(CC1O)C1CCO1,8.208280647968778
OC1C(=O)C2C3CC12O3,5.805835218102021
O=C1CC2C3CC3C2N1,7.290679423404484
CC1OC2(COC12)C#N,7.035627923588224
OCCC1CC2(O)CC12,8.675577575371094
COC(=O)C#CC1CC1,6.4017239510107995
CC1C(C#C)N(C)C1=O,7.110903115662037
CCC1OC(=O)OC1=N,7.745009452110985
CC1=CCOC1(C)CO,6.817141221529965
OC1CC1(OC=N)C#N,7.216353118868108
CNc1cc(oc1)NC,6.1129855240424025
CN1CCCCC1=O,7.215174589482407
CC1C2CN1C2C(N)=O,6.8852199332917
C1C2NC1C1=C2OC=N1,6.3121553589780515
OC12CC1C1NC2C1=O,6.17797065981723
NC1=NC(C#C)C(=O)C1,5.543488820854129
O=CC1CCC11CC1,6.0179507407206785
CCC(C)C1CC1CO,9.114510853205731
CC1C2OCC3CN1C23,7.861295814362223
OC12CN=C3OCC1C23,6.250417031701979
N=C1CCNCC(=O)O1,6.406283910474851
CC1CC2C(CCO)N12,7.956117171782037
CN1CCC2CC2C1=O,7.190998599724221
CC(OC=N)C#CC#N,6.338465944896112
CC1OCC(CO1)C#C,8.031676041786085
CC1(CO1)C1OCCO1,9.20263540123213
N=C1OC2CC12OC=O,6.775219606786395
CC(O)C12CC1CC2,8.789111543552098
Cc1c(ncoc1=O)O,5.003905893190035
CC1=CC(=[NH2+])C([O-])=CO1,4.265992312871916
OC1C(CC11CO1)C#N,8.024622054390091
OC1CC2CN2C1C#C,7.269900996897786
COC1CC2C3OC1C23,8.323721622330057
O=C1CC2CC1C=CC2,5.903305592644357
CC12OC1C1(C)CC2O1,8.791015505410932
CC1NC11CCC(=O)C1,5.90902216579339
CCc1cnccc1O,5.990901489692877
CC12OC1C(=O)CC2=O,5.135152723722104
CC12CC1(C)CC(=O)C2,6.0711665806738475
C1CC(C1)OC2CCC2,8.872237299124462
O=C1C2NC2C1CC#N,6.006293519183649
CC1C(C#CC=O)N1C,4.920203738519993
NC(=O)C12OC1CC=C2,6.252187440443591
Cc1c(c[nH]c1O)C#C,5.680576274359885
CCc1c(cc(o1)C)C,6.1190526121312665
Cc1c(onn1)C2CC2,6.208485202001107
NC(=O)C1CCOC1=O,6.5926630841923615
C#CCC1C2CCCC12,8.296558180048367
CC(=O)CCC1COC1,6.1606035749699934
C1NC1C12CC(C1)O2,8.514443581297535
CC1=CC(=O)C2CC1O2,5.040174391672709
O=CCC1(CC#N)CN1,6.13560868213845
c1c[nH]cc1OC2CC2,6.407023594887343
CCC1C2OCOC12C,8.548838457486525
CC12C3NC11CCN2C31,7.785344499177167
OCC12C3C(O)C1CN23,8.058492155304876
CNc1coc(c1N)O,5.927853730133547
CCC#CCC#CCC,7.407450511568875
CCC(=NC)OC=O,6.391422799796599
CC#CC(C)(C=O)C#C,5.812210232746203
C1C2CC3N=COC2C13,7.084523771268375
C(CN=COC=O)C#N,6.9685716962164275
CC12CC1(C)OC(=O)N2,8.228883344743053
CC12CCOC1CC2O,8.28130472218836
CCC1OC2C(C#C)C12,7.694586806107794
C1C=CC(=O)CC1=NO,5.126423236315198
CCC12OC1C1NC21,7.647975821469828
CC12COC(CC1=O)C2,5.96947109229953
CC1(C)C2CC(CO)N12,8.003910716257678
CC1(CNC(=O)N1)C#C,7.600696786884795
OCC(=O)C12CC1OC2,5.913684588268593
CC(=O)C(=O)N1CC1,4.71373368032971
CCC1(CC(=O)C1)C#C,5.93768080099271
OCC1CC2OC(=O)C12,7.400864035906064
O=C1COC(=O)C11CN1,5.163146173588585
OCC12CC1N=COC2,7.086773720077716
C1C2CC3CCC=CC123,7.032126394572327
[O-]C(=O)C1C2C3[NH2+]C1C23,6.957589488795095
CCC#CC1CC1(C)O,7.461043410022398
CCC1COCC1(C)C,8.425017196877963
OC12CC1(CC2)C1CO1,8.547146799911161
CC1(O)CCCC=CC1,7.309803308366265
OC(C#C)C1NC1C#N,7.4431469774899055
C1C2CC1OCCCC2,8.034570907834425
CC1(COC1=NC)C,7.462827447394416
COCC1(C)CC2OC12,8.998930110202666
CC12OCC1C2C1CO1,8.328476282006049
C#CC12CCC1CCC2,8.11419193451035
CC1CCCC(C1)=NO,6.934123695344471
OC1C2OC1C2C1CN1,8.517429317515822
CC1N2CC2(C)C1=O,6.101729376264159
O=CNCC(C#C)C#N,7.379771868198238
OC12C3CC3C1CC2=O,5.720704607323763
C#CC12CCC1OC=N2,6.9232996413226715
CC1C2C3(O)CC3C12O,7.624635360435942
CC12CC1CC2CC#C,8.301571896056108
CC12CCC(C1)C(=O)O2,7.378933334934961
CCC1NC(=O)C11CN1,7.256653768550611
CC1CC1C1CCO1,8.806263246252508
CC(=O)COCCC#N,6.267521883207678
CC1(OC2C(O)C12)C#C,7.088924330444934
C#CC1CC11COC=N1,6.615071678197616
CC(CNC(C)=O)C#N,7.467529251364306
OC1CC(C1)C1CO1,9.058685423502794
CC1OCCC2C1N2C,7.830678302180202
COC1CC1CC1CO1,8.978231071517413
C#CCCNC(=O)N,7.594379645113428
CCc1ccc(cn1)N,5.292466273855038
OC12CN(C1)CC2C=O,5.697879366495403
CC12CC(=O)C1(N2)C#N,5.936549241477394
CC(=O)OC1CC2OC12,7.495360599976289
CCC1=CCN=COC1,6.519216016240083
N#CC1C2CC2C2CC12,7.648712898314143
NC12C3OC1CC23C#N,6.747449415299629
CC1OCC11CCC1O,8.277999227829829
CCC1OC(C)(C)C1=O,5.930679979415899
C1CC2OC1CC1NC21,8.462289054210146
C#CCC1=NCC(=O)O1,6.472056082402271
O=CC12CC3C(CN13)C2,5.752621493281694
CC1=CCCC(O)C=C1,5.087751488376013
CCC1CCC(C)=CC1,7.017743460995972
NC(=O)CC1CCCO1,7.501064172278016
CCC1OCC(C)C=C1,7.0626721693653325
N=C1OC2C3NC=C1C23,4.999525414705163
O=C1CNC(=O)C2CC12,5.918673327217031
CC(C)C1OCCC1O,8.43231303008343
CCc1c(=O)[nH]ncn1,4.725503978971044
CN1CC2OC(=O)CC12,6.375385435670543
CC1NC1(CCO)C#C,7.654375617077418
COC1CC2C(O)C12O,8.172805476967502
CC#CC1(C)CCC1=O,5.8553801260576535
c1c(nco1)C(=O)CO,5.50690085386407
O=C1NCCC11CN1,7.186681414836928
[O-]C(=O)C1CC2C[NH+]1C2,6.614772822257521
CC1(CO)CCC1C#C,8.270741698076433
CC1OC(=O)C2CC1C2,7.236447427968946
OC(C=O)(C#N)C1CN1,5.713161649544116
CC1CC1(C=O)C(C)=O,5.636446608555634
CC1=CC(C)(O)CC1,7.009183365982029
CC1(CCO)COC1=O,7.466271262446279
O=C1C2COC2C1C#C,5.6587984114479735
OCC12CC1OC2C#N,7.314008032721884
CCC1CC2(NC12)C#C,7.201408312573548
C1C2CC1C21CCC=C1,6.870063783140988
CC#Cc1c[nH]c(n1)C,5.488488075859792
CC1(CC1)N1CC1C=O,5.718566516243378
CC1C=C(NC1=O)C=O,4.266952663208833
OC1CC11OCC2OC12,8.2755325989804
O=CC1CC2C3CN1C23,5.496065570814675
CC1=CC(C)(CO)OC1,6.861389903136101
O=C1N2CC2C11CCO1,6.090831443816297
Cc1c(c[nH]n1)OC,6.549547244688583
CC12CC3CC1C3C=C2,6.200987078456639
COC(C#N)C#CC,7.453044159916657
NC1=CC(=O)CC1C#C,5.46868312071412
CN1C2COC(C#N)C12,7.252557822074085
OC12C3COC(C13)C2=O,5.835036473500326
CC1CCOC(C)OC1,8.915171952595278
c1c(c(c[nH]c1=O)O)N,4.920706155927263
CC1OCC(CO)=C1,6.726089775348254
COCC12CC(O1)C2=O,5.999148944028741
CC1C(O)C2(C)COC12,8.136810304277367
CC(C)NC(=[NH2+])C([O-])=O,6.392600525632606
CC([NH3+])C#CC([O-])=O,6.228297850693599
C1C=C(CC(=O)O1)CO,6.808748721583868
C1COC=NC12COC2,7.274694685742954
c1c(c(c[nH]1)O)N2CC2,6.201576662879598
C1OC2C3CC1CC2O3,8.212021315960975
CC1CC2=CNC(=O)N12,6.195367164779304
N#CCC1NC1CC#N,7.644188231918475
OC12CC3C(N3C1)C2=O,5.881772088420146
COC12CC1(NC2)C=O,5.627921202512303
C#CC(=O)N1CC=CC1,5.545185687324418
CC1CCC(O)COC1,8.650197791103547
OC12COC1C1COC21,7.748854020503522
CC12CNC(=O)C1(C)N2,7.013980785507368
N=CN1C2CCC2C1=O,6.409433670818953
CN1CCOC(=O)C=C1,5.512723031741849
COCC#CC(C)C=O,6.186767271646756
OC1C2C1C1(CN1)C2O,8.11852380205147
C#CCC1CC=CCO1,7.2492620121373665
OCC1C2CN1CC2=O,5.746910347769596
CC1OCCC2(C)CC12,8.551916915666595
CCC(C#C)C1(C)CO1,8.428180419116348
CCC1CC2(C)CC1C2,9.80919022747823
CC1CC(=N)OC1(C)C,7.914197090278353
O=C1C2CNC1C=CC2,5.4823705883472655
CN1C2CC3(CC3O)C12,8.193117089881635
c1c([nH]c(=O)[nH]1)CC=O,5.044185517848
CC1(C#C)C(O)CC1=O,5.821244298088645
CCn1ccnc1C#N,5.882872150869557
Cn1cnc2c1noc2,5.649252765555987
C1CC=CC2(CC2)C=C1,6.247115227523484
CC1CC1(C)CCC=O,6.190240308445739
CC1NC(=O)C=CC1C,5.636937274977665
CNc1c[nH]nc1C=O,4.469106445839873
COc1ccc(o1)N,6.036657101502149
CC(=O)C(=NCC#C)N,5.229873867521913
OC1CC2(O)CCC12,8.525255422337006
ON=C1C=CC2CC1C2,5.881130243866584
NC(=O)C1CC2CC2C1,7.671341786974309
CC1(CO)CC1C1CO1,8.93453116572335
CC1C2COC1C21CC1,8.83025274941258
CC1C2NC2C11COC1,8.15331239952427
CC1(CO)C2COC12C,8.10675749817784
CC1NC(=O)C(O)C=C1,6.194750195587607
N=COC(C#C)C1CO1,7.158518474914491
OCC1CCCC=C1,7.362705613244881
O=CC1CC2(CC12)C#C,5.8572795831230895
OC12CN(C1)CC21CO1,8.491271569860757
CC1CN(CC1O)C=O,7.170935658130306
CC1CC2CC1C2O,8.978058388917932
CCCN=C1OCC1O,7.569530753521838
CCC12C(O)C1OC2=N,7.426170950480666
CN1C2C=CC(O)C12,6.071604720806553
CC1C2C3OC1C(O)C23,8.441105867872391
CC12CN1C(C)(C2)C=O,5.768697866562201
CN=C1OC2(C)CC12N,7.0616796821985
C(CC1COC1)C1CO1,8.90469601313265
OC1(COC1=O)C1CN1,6.660277797313041
CCC(O)C#CC1CO1,7.294768854194652
COC(C)C(=O)CC=O,5.591739856127736
OC1(CC1C1CO1)C#C,7.5753055375207605
CCC1(CC1C)NC=O,7.502665500600448
C#CCNc1ccoc1,5.809690381551562
OC1(CCC(=O)C1)C#N,5.940171654343204
OCC12CC(O1)C1OC21,8.557541734547282
CC1CC2CCCC1O2,8.561348739278559
CNc1c([nH]cn1)CO,6.158997619490197
OC1CC11N=CNC1=O,6.086889447909087
C#CCC1COC=NC1,7.209913021028678
COCC(OC)C1CO1,8.690401904874177
CC(C)C1(C)CC(=N)O1,7.908249596541243
CCC1C(O)C1OC=N,7.3229181781075
C1CC(C1)C(C=O)C=O,5.481585986736531
COC1C(C)CC1(C)O,8.659849340409687
c1coc2c1[nH]c(c2)N,5.782195798694103
CCOC1(C)CC1C#C,7.964665901429565
COC(CO)C#CC,7.784354288870602
CC12CC3(C)C1OC23C,8.332035638455396
Cc1cn2cnoc2n1,5.400344937755193
C1C(=O)CC1(CO)C=O,5.913059560629924
CC1=C(C)C(O)C2CC12,6.382274669744476
CC1NC(C=O)C1C#N,5.574695445557156
O=C1CC2CC2N=CO1,6.273593555008102
OC1CC2(CCO2)C=C1,6.7729198764826934
[O-]C(=O)C12CC(C1)[NH2+]C2,7.0735107945575235
CC1C2CC(=O)C(C)C12,6.113184080335636
CC(=O)N1CC=CC1=O,5.478255239957367
CCC#CCCC1CO1,8.228895505784799
Cn1c(=O)ccnc1N,4.998393819099315
CC1OCC=C1CO,6.737246718553509
C#CC1CCC(O1)C#C,7.529335112211335
CC1C(O)C2OCC=C12,6.461277224625512
CCC1CC1(C)C1CO1,9.220680142395883
CC1C=CC2C3CC3C12,6.844043750759303
COC1CC(C1)C(N)=O,7.414057183173367
CC1CC2C3CC3C2O1,8.534004228292874
CC1(NC2CC12O)C#C,6.82454279691351
CC1OCC2(C)CC12C,8.411055349267576
CC1C2C3C4N1C2C34C,7.975207820375412
CCNC(=O)C1NC1C,6.984467253640108
CC(O)C1(COC1)C#N,7.644745953176668
C#CCC1(CO1)C1CN1,7.665169299029074
C1C(=NO)C2(O1)COC2,6.382605786984859
Cc1cnc(=O)oc1O,5.31354796034625
O=C1CC2(CN2)C2CC12,6.113426271438494
OCC1CN2C(C#C)C12,7.193188988006681
O=C1CC2(CN2)C1C#N,5.805840074572021
CC1(C)CC2CC=CC12,6.9438495381281795
O=C1CC2NC(=O)CC12,5.943825920391044
CC1(CNC(=O)CN1)C,7.031855944751542
CC1(N)C(O)C1C#N,7.341633612816542
OCC12CC(CC=C1)O2,6.588818138024353
CC(=O)C1C2CC2C1O,6.093581385424253
CC1(CC11CCO1)C#N,7.584494383270797
OCC1=NC(=N)NC=N1,4.916217625049246
CC1C2CC3C4C(C23)N14,8.34763847203002
CC1OCC2CC=CC12,7.013594664793106
CCC1C2OCC3C2N13,8.652617562117447
CC12C3CN3C1(C)C2O,7.677184546040531
c1nc2c(o1)C(=NC2)N,5.449904787387624
OC1CC2CC1OCO2,8.601356034263024
CC12CC1C1COC1C2,8.608512809022946
CC(C#N)C1(C)CC1O,8.338335336077703
CC1(O)C(O)COC1=N,7.496757720010645
[O-]C(=O)C1OC2C[NH2+]C12,6.70226144094188
OC1C2OC(C=C2)C1O,6.576448249319784
NC1(C#N)C2C3CC3C12,6.625327920079816
CC1(COC1)CC#C,8.023330662472794
CC12CC3OCCC1C23,8.511994640477546
O=C1NC=C2CC=CC12,5.870966634226605
CC1CNC=CC(=O)N1,5.653389247977875
C1C2OC1C21CCCC1,8.440014517434522
Cc1ccnc(c1)O,5.634225804672017
CCOC(C)(C=O)C#C,5.89363783022591
CC1C(=O)CC=CC1=O,4.810981919450965
OCC1CC=C(CO)C1,7.090195796166696
O=CC(C#C)C1COC1,5.92448327536215
CCC1CCC(C)C=C1,7.171167510738417
CC1CC(C)(C)N1C=O,7.1459084089814775
OC1C=CC2=C1N=CO2,5.096754203849221
CC#CCOCC#CC,7.345546857979734
CC1C(C#C)N1CC#C,6.8310528985149945
COCC1=NCC(=N)N1,6.256341545786386
CN1CC(C1)(COC)O,7.283631241391301
CN=C1N(C)CC11CO1,6.2804998638379175
N=C1OCC2=C1COC2,5.680790169123029
CN1CCCCCC1=O,7.301510542435146
CC(O)C#CC(O)C#N,7.491277425703883
CC1COC2=C1C=CO2,6.10810731451821
OC1CC11C2CC2C1O,8.279662108973424
O=C1CN2C1C21CCC1,5.5766899670326655
CC1C2CCC1(O2)C=O,5.827937027443616
CC1C2C3OC2C13C,8.653359002780537
CC1NC(C)C1(O)C#N,7.269230690390708
CC1CCN=COC1,7.229536262599581
CN1CC1(C)C(=O)C#N,4.52073052543899
CC(=O)NC(=N)CC#C,6.377877755564446
CC#CC1C2C3CC1N23,7.506375375018443
C#CCOC12CC(C1)C2,7.7072800286837
OC1CC(C#C)C1C=O,6.022734093027651
CC(CO)(C=O)C(N)=O,5.969520236895313
CC1CC2(CO)CC12C,8.606188750553368
COC(=O)C1(CCC1)O,6.8378356760334595
COC1=NC=CC(=N)O1,5.187114549359763
CN1CCN2C3CC2C13,7.258983466836016
CN=COC1CC(O)C1,7.540868591694165
c1c2c(c(co2)N)[nH]n1,5.493203081318132
CC(C#N)C1OC1C#N,7.949223164155929
O=C1OC23CC12C=CC3,6.556840752175148
CC1C(O)CC1C(N)=O,7.2908299730345245
N#CCCN1CC1C#N,7.472366644027195
OC1(CC=O)CC2NC12,5.998112393899148
CCC1=CC=CCC=C1,5.019684809288895
C1CN(C1=O)CC=O,5.987749101098052
CC1C2OCC(C)C12,8.557182263701621
O=CC1=CCCC11CO1,5.069011553510824
CN1CCC1C(=O)C=O,3.320482082125145
COc1c(cco1)CO,6.5618154822150885
c1c(cn[nH]1)NC2CC2,6.025771568022254
CN1CC11C2NC2C1O,8.12775585365459
CC1(CN(C1)C(=O)N)O,7.487821512627321
CC1C2CC2CC2CC12,8.770136556078514
NC(=O)C1CCC2OC12,7.3399609495648654
CC(C)C(O)C1(O)CC1,8.260451772670406
CC1(C)CC1CC=O,6.1998354977893015
C1OC23C4C2C2C4C32O1,6.979494999310885
CC1(CN1)C#CCC#N,7.190805272055827
CC1C(C)C2C3CC3C12,8.501230042350352
C1C2CC=CC3CC12C3,6.6697654050203194
CC1(CC1)C(C)(C)C#C,8.251909205987602
Cc1c(noc1OC)C,6.316737285898929
CC1OCCC11CO1,8.904134798328089
C1C2C=CC11C=CCN21,5.380582808898094
OC1C(=N)N2CC12C=O,5.671297076185958
CC1COC(=N)C1(C)O,7.532778559889797
CC1CC2CC(=O)NC12,7.359381406898036
OC1C2CC=CC1C2O,6.558029117543265
CC(O)C1CC=CC1=O,5.268541903882907
CC1(N)C2CC1(O2)C#N,6.824866890401372
O=CC1CC2CC2C1,6.155116705540283
C1C2NC2C2=NNC=C12,6.417999631270911
C1C=CC(=O)N1C(=O)N,5.862938921044961
N=C1C=CN=CN1C=O,4.50733354317506
OC1CN=CN(C1)C=O,6.205117970538065
CCC1(CC1)NC(=O)C,7.50996589843559
CC1OC2CCN=C2O1,7.367195567943145
CCC1(O)CC1C(N)=O,7.1343441454861924
c1c(oc(c1N)N)C=O,4.865977594895195
CCCCOCCC#C,8.371375764799525
O=C1CC2OC12C1CN1,5.583804219576049
CC1(CO)C2CC1OC2,8.408065611538012
CC1C=CC2=CON=C12,5.158220057470224
CC1C2C3CC2C13O,9.01407556867124
COC12CC3C(C1)C23,8.535058020750142
Cc1cc([nH]n1)CC#C,6.861703626126044
CNc1[nH]c(=O)ncn1,4.993410339093604
CC(C)(C)C(C)(C)C#C,8.868681317557401
CC12CNCC1(O2)C#N,6.670049915880572
OC1C2OC11CCOC21,7.86106056141951
CC(C)C(CC=O)C#C,6.163007948022778
CC1OC11C2OC2C1C,8.584107976902354
c1c(c(c([nH]1)CO)N)O,5.911468562294246
OCC1CC(=O)C11CO1,5.689028711807419
CC1COC(C#N)C1O,7.512058734219243
OCC#CC#CC1CN1,5.55236112366341
CC(O)CC1(CO1)C=O,5.9661784432262275
CN1C2CC1(C=C2)C#C,5.854244454819078
CNC1=NC(C)C2OC12,6.2129588973819825
CC#CCC1COC1,8.0292774281721
O=C1CCC11NC1C#C,5.799232700348783
CC(C)(C)C(=O)C1CC1,5.999626948945704
O=CCN1CC1C=O,5.685592492388751
OC1CC23CC(O2)C13O,8.000689894388977
Cn1c(ncn1)C2CC2,6.700212347067177
CC(C)Oc1cn[nH]n1,6.388333128014809
CC1OC(=N)OC1C#N,7.683224568449007
N#CC12CCOCC1N2,7.516378248134778
OC12CC1CNC2C#N,7.1150755648038935
CC(C)(O)C1OC2CC12,8.216491315151305
CC(O)C1=COC=C1N,6.024177963388722
CC12COC1CCC2=O,5.823410740908458
N=COC1(CCC1)C#C,7.559491547371066
Cc1[nH]cc(n1)CC=O,5.298657801260417
CCC#CC1COCO1,7.847418588166085
O=C1CN2CCOCC12,5.21447922158244
CCCC1C(C)C1C#C,8.05345054059479
CC1C(=N)N2CC12C#N,7.191193353589559
O=C1OC2C3NC(=C1)C23,5.277590696119579
CC12CC(CC1O2)C#C,8.332370796749782
C1CC1C1C2C3OC1C23,8.416670581403002
CCC12CC1(C)CO2,8.302921130398207
CC1C(C)C(CO)C1C,8.907284122356085
OCC1NC1(C=O)C#N,5.948238815427834
CC1(NC1C1CN1)C=O,6.015614342694887
C(CO)C(C#N)(C#N)O,7.433629657840329
N=COC1CCC2NC12,7.2529234889061245
O=CC1CN1CCC#C,6.000579640403129
CC1=C(NN=C1)C1CO1,6.776657235653268
C1CC1(CO)OC(=O)N,8.447461553930951
COC(C)C#CC1CC1,7.3810231016418335
CC1OC(C)C(C)=C1C,6.810302132531879
O=CCC1OC2CC2O1,6.1227122560604474
CC1(C)CC(O1)C1CN1,8.544591716589698
COCC1CC=CC1C,7.084471302752233
COCC(=N)OC(C)=O,6.69384055108776
N=C1N=COC=CC1=O,4.790870014132303
O=CCCC1C2CC1C2,6.292060348495488
CCC12CC1OC(=O)O2,8.296854792484936
OC1C2CC11CC(=O)C21,6.1166384363864355
CC1C(C)=CC(=O)C1=O,3.7462778871962947
CC1OC(C)C1(O)CO,8.249489332002428
[NH3+]CC1NC1CC([O-])=O,7.522611120286962
CC1C2C3C4CCC13C24,8.861236951542596
COc1ncc(nn1)N,4.729393169039118
CC1CC1C1=NNN=C1,6.656491725477888
CCCN1C2C3OC3C12,7.394929452536427
OC1CC(O)(C#C)C1O,7.397722531040111
OC1C2OCC(C#C)C12,7.842766546104774
OC1(CC1)C1CCC=C1,7.0637217491717035
CC12OC(=N)C1C1NC21,7.317084864940604
CC12CCCC=CC1N2,6.888723353522877
CC1(C)OC1(C)C1CN1,8.739697359561148
NC(=O)N1C2CC1C2=O,6.169754564442696
CC1C=CCC=CC1C,6.757853060622364
CC(C=O)C1COC1=N,6.289991977368258
CC1(CO)C2C3CC2N13,8.226592091861344
O=C1CC2CCCCN12,6.958160016161404
CC1(CC1)OCCC#N,8.01700059794824
CCC1C2NC2CC1=O,5.8634503486394465
CC12COC(CC1O)C2,8.474031816118803
CC1C2CC2C2OC12,8.855088278754726
C1COC(=N1)CC(=O)N,6.7422604258939085
C1C=CC(N1)(C=O)C=O,5.311855933681336
COC1OC2CC1C2,9.181266368886666
CC12CC(C1)CCC=C2,6.887946121664448
OC1CC2NC(=O)C12,7.3038753829777985
O=CC(C1CN1)C1CO1,5.84389223426281
c1cc(nc(c1O)O)O,6.041456487470528
OCC1=NC(=N)C=NO1,5.218368813074175
OC12CCCC1C1NC21,8.444090162942151
OC1CC2OCC2C1O,8.230827543887214
CN1C2CC=CC1C2=O,5.69017731378031
CC1CC2(C1)NCC2=O,5.708658103162874
C1CN1C1C2C3CN2C13,8.01192095110451
OC1C2C(=O)NC12C#C,6.544853824541859
CC1CC(C)C(CO)=C1,7.029716569386377
CC(O)CC1CC(O)C1,8.809869956654138
CC(C1CCC1)C(C)=O,6.227506970353524
O=CC(=O)C1CC2OC12,4.253190241207056
CC1CC2C(O)C(=O)C12,5.840393185351028
CC1(CC1)CNC=O,7.6885632526127194
O=CC12CC(C1)N1CC21,5.795740340655667
CCC1OC2C1C2(C)C,8.256222778749127
C1OC2C1C1CC2C=C1,6.900136840284154
CCC#CC1(CC1)OC,7.387778395600449
O=CC12C3CC1CCC23,5.885842447398316
Cc1nc(n(n1)C=O)C,5.849218575928349
[NH3+][C-]1C=CC2=C1ON=N2,6.312169436492236
COC(=O)NCC1CO1,8.479654817174469
CCC1(CO)NC1C#N,7.544382714232989
CCCC1CC1(C)C#N,8.548270343617082
CC1(C)N2CC(O)C12C,7.845297831104206
c1cc(=O)nc[nH]c1=O,4.5258561261248405
CC12CC1C(=O)C(N)=N2,4.829971585978242
CC1OC2CC3C2C13,8.692756295902797
CC(=NO)C1CC1C=O,5.668567484100196
OC1C2C3CC4C(C23)C14,8.427102640666677
N=C1OC2C3NC3CC12,7.320118680181004
CC(C)(CC1CC1)C=O,6.1791485669401505
CC1CN1C1=NON=C1,5.731891315961842
COC=NCC(=O)C=O,4.163301238285474
CC(=O)c1c(ocn1)N,4.818350766849722
CN=C1OC2CC2C1=O,4.998297399787848
CCC1(C)CC2OCC12,8.452263073876033
CC1C2OC3CC2C13,8.93750136569882
c1cn(c(n1)O)CC#N,6.297252308770313
CC1C2(C)C3OC1(C)C23,8.363250368590073
CC12CC(C1)C(=O)C2O,6.244608525240189
O=C1C2CC3C4C(C23)N14,6.2946191633872
N=C1CC2CC(CO2)O1,7.668319369146915
CCC12CN(C1)CCO2,7.775019190407089
Cn1c(=O)[nH]cnc1=O,5.521644709866427
CC(=O)N1CCC(=O)C1,5.922865052148452
Cc1cc(n(c1)C)C=O,4.90710139877142
N=C1N=CNC=C1C=O,4.296410560814136
CN1CC11CCC11CN1,8.215485225222684
CCC1CN1CCC#N,7.475077474949623
CCC(C#N)C(=O)NC,7.216591668420782
CC1(COC(=N)C1)C#C,7.686994343095785
CC1=CC2CC2(O)CC1,6.806360304143266
C1CC11CC2NC2C=C1,6.898192263212571
NC1=NCCC1(O)C=O,5.470275798166393
O=CC1=C2CC3C2N3C1,4.110073453950728
C1OC23CN(CC2)C13,7.776334081722107
C1OCC2(CC=CC2)O1,7.255425839473388
CC1(CC1)C1CN=CO1,7.31749074141632
CC1=CCC2COCC12,6.85502222780349
OC1C=CC2(CC2)C1O,6.637463001276552
CC1(C)CC1(O)CC=O,6.067413791563835
C1OC2C3CC12CCC3,8.434783651851518
CC12NC1CC2(O)C=O,5.797388016485602
C1CC(C1)CNC=O,7.644035937379648
CCCc1nccnn1,5.3606848067890365
OC1CC2C(O)CC=C12,6.544534699718114
CC1(CC1)NC(=N)C#N,5.718351232309814
CC1C2CCC(=O)C12,6.064691328625631
CN1CC11CC(=O)C1O,5.746010131069575
COC1(C)CN2CCC12,8.052295432685598
CC1(CO1)C(=N)OC=O,6.689905675840778
CC1C(=O)CC11CCO1,5.642170976799518
CC12CC1C1CC2(C)O1,8.72546758363278
C1C2OC1C=CCC=C2,6.037796960577321
C1COCCC1CC#N,8.13287110350797
CC1(O)C2CC1N1CC21,8.186848105833988
O=C1NCC2(CC12)C#C,7.170400619869291
CC(C)(O)C1(CO)CN1,8.18150158826609
CNC(=O)C1(CC1)O,6.998494042389967
CN1CC(C#N)C1CO,7.211782950363302
CC1OCCC2COC12,8.716372455127928
CCC(O)CC(=O)C#N,5.375522491423634
OC12C3CC4CC1C4C23,8.449258131557086
O=C1CC2C(O1)C1CN21,7.267534586058327
OC1=COC(=N1)C1CO1,5.882386683587621
CCC12CC(C1)(C2)C#N,8.804301108076176
CC1C2CC1(C)C21CN1,8.617096818363088
CCC12CN1CCC2=O,5.672158661589197
COC(N)=NC(C)C#C,7.304618866429019
CC(=O)C1(C)CCCO1,5.949422660860551
COC(=O)C(N)C1CN1,6.396976883989272
CC(CC(C)=O)N1CC1,5.974100231511928
CC1C2CC(=O)C12CO,6.16750934794505
CCCC#CC1NC1C,7.165235226911117
CC12C=CC34CN(C13)C24,5.808409464304114
O=C1NCCCC11CO1,6.816332570857745
CC(CC(C)=O)C(N)=O,5.985457458362001
CC(=O)C1OCCC1O,5.969163138283081
CC1CC=CC=CC1=O,4.62893190632111
CC(C)c1c(cco1)N,5.9633447175324745
OC12COC(C1)OCC2,8.8307916963221
Cn1cc(nn1)CCO,6.606914094773591
CC1C2CC1COC2,8.834168435617423
CCC1=CCCC12CC2,6.722179919626252
CCC12CCC1C(C)C2,9.20080071631176
C1C2OCC3OCOC123,8.197475144688603
O=CC12CC3C1N3C=N2,5.372290449838815
C1CC1C1CCC11CO1,9.260001345157423
C1N2CC3CC12CCO3,8.259374350423139
O=C1OC2CC3CC1C23,7.446547221666026
CC12CC3C(C13)C(=O)O2,7.4379512012404945
CC1(C)C2OC2C1=NO,6.7188451639991325
CNC(=O)C1CCC=C1,6.677186404882669
CC(CCC1CO1)C#N,8.470250999336576
OCC1C2CCC1C=C2,6.8711303513349336
CC1N2C3C1=CCC23C,5.4806151355118935
OC1(CC2OC2C1)C#N,8.02827036797513
C1CC23CC=CC2C1O3,6.560083496743493
CC12COC1C(=O)CC2,5.560223277966459
COC1(C)C=CC2NC12,6.560463586301103
CC1CC(CO)=CC1O,6.897822016138745
CC12CC1(O)C1C(O)C21,7.666168926956985
CC12CC3CC3(O)C1O2,8.537616898625926
CCC(CC)C(O)C#C,8.288872352085805
CC(O)C1OCC(C)O1,8.86041303428279
CCC(=O)C1CCC=C1,5.881854908313006
CCC(COC)C(C)=O,6.277185755321753
CC(=O)Oc1ccco1,5.846594196753534
CC1C2C3OCC1C23O,8.150931301948765
CCC12CC1(C)C(C)C2,8.805951177066932
OCCC1(CN1)C#C,7.706916354037075
CN1C2C3NC2(C#N)C13,6.7884821261515835
N=C1NC=CCNC1=O,4.932317072794534
c1c(onc1N)C(=N)N,5.402828831507923
CC1(CC1OC=O)C=O,6.1365537834368435
O=C1CC2COCC2O1,7.530490279005443
CC1OCC2C(O)C2O1,8.367112333465744
N=COC1C2CC2C1=O,5.590000545307447
O=CC1C2C3CC2N1C3,5.659069535801222
OCC1C2C3N2C1C3=O,6.205390058072093
CC1CCOCCC1O,8.500857932887477
OC1COC2C3CC12C3,8.372509626670182
COC1=NNC=CC1=N,5.0241305201597
C1OC1C1=CCC2NC12,6.22026769931304
CC12CC3CC4C1C2N34,8.058034431691944
CCc1cnc(o1)N,6.451885473373643
Cc1c(n(nn1)C=O)N,4.661792072751598
COC1C2C(O)C2C1O,7.922179955203259
CC12C3CN1C(C=O)C23,5.58614720059866
CC12CCC(O)C1N2,8.495412020145833
CC1=CC23CCC2C1O3,5.953850161737519
N#CCOC1CCCO1,8.130725113621898
CC1(O)CNC1CC#N,7.376198436104501
CC12CC=CC1(N2)C#C,6.205682312178199
CNc1cc(on1)C#N,5.24325845233367
OC1CC(=N)OC11CC1,7.474184582192823
C1C2OC3COC(C3)C12,8.46222092791715
CC12CN1C(=O)NC2=N,6.806612561183441
CC1(O)CC11CCOC1,8.313994247850278
NC(=O)CC1NC1C#C,7.009298461163072
C1C(=C(CO1)N)C=O,4.759871896913819
CC#CCN=C(CO)N,6.9827395530743726
O=CC1CC(=O)C11CC1,5.5951820893571735
OC1COCCC1C#N,7.846243546805787
c1c[nH]c(c1O)CC=O,4.910517942194009
OC1C(O)C11NCC1O,7.477358597905161
CN1C2CCC1(C)C2=O,5.8358529377624
C1OC2CCN=COC12,7.07366272817549
CN1C(CCO)C1C#N,6.947975802912852
COCC#CC(C)OC,7.6347627055065415
OC1C2CC(C2)C1C#C,8.228958629606709
OCC(CCC#C)C=O,6.132135762847671
OCC12CC=CCC1N2,6.782396497234684
OCC(O)C1C2CCN12,7.812071675415329
CCC1CC(CO1)=NO,6.758988259058884
CN1C2CCC2OC1=O,7.886483802617095
CC1(CO)CN1CC#N,7.51550736853441
C1CC2CCCOC2C1,8.625636772308638
O=C1CNC2CC(C2)O1,6.719042629882295
C#CCOC1CN2CC12,7.106802975824567
c1c([nH]c(c1O)N)CO,6.070180476595468
CC1C2C(C)C(C#C)N12,7.192511958227961
C1CNc2c1c(no2)N,5.918037049740427
CC1(CC(C1)C#C)C=O,6.091895519413234
c1c(cnc(n1)N)C=O,3.8519418289422154
C1C2CC3C4OCC12C34,8.251654442827018
Cc1c(cnn1C)O,6.424590912377289
CC1C2CC(C3CO3)N12,8.482480023982681
CCOC(=NC)C(C)O,7.313580534119714
CC1CCC2NC12CO,8.433588197229952
Cc1c(ocn1)OC,6.4217851421736025
OCC12CC1(O)CCO2,8.001686550076982
OC1C(CC=O)C1C#C,6.076826015565485
CC(=N)OCC1CO1,7.683619869809979
C#CC(CC1CO1)C#C,7.8211256345695475
C1C=Cc2c1onc2N,5.097966724461357
COC1C=CC2C1N2C,6.157598662665996
CC1(O)CN=C(N)C1=O,4.741879584134523
CC1(C)CC2OCCC12,8.519547394588127
CC1CC1C(O)CC#C,8.308966409976655
CCOC1CCC1CC,8.914878813681689
OCC1=CCN2CC12,6.284432766859549
C1OCC2OC2CC=C1,6.70791103034868
c1c([nH]c(n1)O)CC=O,5.130072567170878
[O-]C(=O)C1CC2(CC2)[NH2+]1,6.821711455924893
CC1(O)C(NC1=N)C=O,5.607772362197499
O=CC1C2OC1C2C#C,5.81349743967293
CC12CCC(OC1)O2,9.080288783942123
CC12CC(=O)N1C2C#N,6.244577807913588
N=C1CN=C2C=CCN12,5.505782290407394
C1C(CO1)(C(=O)C#N)O,4.690609168642156
C(CC(=N)NC=O)C=O,5.623485210595863
C#Cc1cc[nH]c1CO,5.835179404290219
CCc1cn[nH]c1C#C,6.218923952895993
CC#CC1N=COC1=O,6.42106776720576
C#CC1CC2OCC1O2,8.28540648196579
COC1C2C3C1C2N3C,7.871221126789024
CN1CC1(C)COC=O,6.660809737623366
CC1CN1CCOC=O,7.06581390467971
C1Cc2nc(nn2C1)O,6.837447416569276
CC(C#N)C(CO)C#N,8.149610410286407
CC(=O)C1CN(C1)C=O,5.949845979215843
CC12OC1(C#C)C1CC21,6.93666314130064
CC12CC3C1(O)CC23O,8.058760745122633
CCCC(=O)OCC#N,7.625655634613296
COCC1C2CC(=O)N12,6.602559613407133
OC1CN2CCOCC12,7.928722992696263
O=CC12CC1CN1CC21,5.8466228708840156
ON=C1C=CC2CC12O,5.319884322129974
C#CC1OC2CCOC12,7.402000842995401
CN=C1OCC=C1CO,5.748668887318315
CC([NH3+])C1CC1C([O-])=O,7.349486512664511
CC(OC=O)C1NC1C,7.134227670120751
CC1C=CCC1NC=O,6.9717181455171
OCC12CC(O1)C2=NO,6.751687010603046
CC1(C)C2CN2CC1=O,5.747359966966933
CC1CN1C1=CN=CO1,6.008267538736375
OC12CC1C=CC21CN1,6.482576298661624
CC12C(O)C1OC21CC1,7.888417937346788
CCC#CCC(C)C#C,7.871049231134444
CC1NC11COC2CC12,8.377768754987862
NC(=[NH2+])C1=CC(=O)O[CH-]1,4.502799508032859
CC1(O)CC2CC2(O)C1,8.526081319345145
CCCC1CC1NC=O,7.568263401446749
CC12CN3CC1(O)C23,7.77187804772411
CC1COC2COC2=N1,7.096195050935347
CCC1C2N1C(C)C2=O,5.931144702657297
CC1N2CC1(C2)OC=O,6.8617223721640865
N#CCC12CC3C1N3C2,7.5135093540499485
O=CNC1C=CC2NC12,6.595077805027092
OC1(CC2CC1C2)C#N,8.216601125757906
O=C1NC2C3C2N2C3C12,6.45814607776733
O=C1CCCC2CC12,6.212521164276382
CC1CC2OC(C#C)C12,7.2369388201939255
OC1C2CC3OCC13O2,8.061283568644326
CC1OCC(O1)C#N,7.954716291250189
C1C=C(CO1)NC(=O)N,6.751163563202333
c1coc(=O)n1CC#N,6.020507087447324
CC1(CCC=CC=C1)C,5.6314579815697
c1nc(c(o1)N=CN)O,5.030849121676526
CCC1(CC(C1)O)CC,8.843615730100217
CC1OCCC(=O)C1C,6.010513961919839
OC(C1CN1)C1CCO1,8.088353304536692
N#CC1CCC1N1CC1,7.5712826472365515
CC1OC2CC(C2)O1,8.690461849877423
CC1CC(O)C1(O)CO,8.204124898857211
CC1NC1C(O)C(C)=O,5.998285607346434
CC1CC2(CC2O)C1O,8.470623889753583
N=C1NN=C2OCCN12,6.998842122548238
C1OC11C2OC2C11CO1,8.032364837147782
CCC1CC(C1)C(C)O,8.992051076196555
CC#CCC1CC1(C)O,7.9823380815201475
CC1=C2CC3CC(C1)C23,5.870609032883375
O=CNC1C2C3C1CN23,7.135235081696262
CCC12CCCC1(C)O2,8.85730139180751
CC12CC3C1C3(C2)C=O,5.858878605795543
NC(=O)C(O)CCC#C,7.060369667572352
OC1CCC2=C1NN=C2,6.8362993745525875
CCC1OC2C3OC2C13,8.49843539456786
C1CC2(C1)CC(=O)OC2,7.5879914473881716
OC12CCCC11CC2O1,7.816379906301527
CC1OCOCCC=C1,6.833941561509734
CCC1(C)C2OC=NC12,6.996629315829237
O=CCC(CC#C)C=O,5.6857501409512725
O=C1OC2CC3C2CC13,7.046050169405371
c1c2c(co1)CCCC2,6.435128843984653
CC12OC3CC1C3C2O,8.308649673240023
CCC1=CC(C)C(=O)N1,5.727178341289679
CCC(C#N)C(=O)OC,7.4838919276202
CC12OC1C(=O)NC=C2,5.500057762442582
CC(C)(C)C1CCOC1,8.469738574443431
COC=NC1C2CC1N2,7.23635580154858
O=C(NCC1CN1)C#C,6.024722591040344
NC1=C(N=CN1)C1CO1,5.644676545354214
OC1CC2(CN2)C1C=O,5.822861376114318
CN=C1C(O)CN1C=N,5.951560078465821
CN1C2C3OC2C13C#C,6.534693292468376
CC1C2(O)CC1(O)C2=O,6.56834725951458
OC12CCC1CC=CC2,7.292234837655327
CC(CC1CCO1)=NO,6.683046406782389
CC12CC1CCC1CC21,8.909271091549392
N1C2C=CC3OC2C13,5.8688743868019255
OCC1=CC(O)C(O)C1,6.849563363054264
C1C2CC11OCCCC21,8.801324180139648
C#CC1CC2CCC2C1,8.440810644054874
N#CC1CCC=CCC1,7.517628570096189
OC1C2CC3C2C1C3=O,6.131806651649329
CC12CC3(O)C(O1)C23O,7.556274289147581
OC1(CC2CCC12)C=O,5.891427914514031
OCC1OC=NC11CC1,6.896908918909238
CC12OC3C(C13)C2CO,8.287336311582896
CN1C2CCC3(CO3)C12,8.179373029232108
CCCN=COCC#N,7.1017019763847
OCC1C(C#N)C2CN12,7.528452459414035
CC1NC(C)C(=O)C=C1,4.676260502278417
CC(O)C1=CNC(=O)O1,6.56065282168681
COC1(CO)CC1C#N,7.857416398174563
CNC(=O)OCCC#C,7.966873117468542
CC12OC(C=C1)C2C#N,6.474393023396004
C1OCC2OC3C1OC23,7.56977701821043
CC12CC(N1)(C#N)C2N,7.1335815872233415
OC12CC(C1)(C2)N1CC1,8.44648262785983
CN1Cc2c(nc[nH]2)C1,6.404408758186518
CN=C1CC(CC#C)O1,7.466014807912704
C1OC1C1OC2CCC12,8.493198727417603
CC(O)C#CC(N)=O,6.779769536677605
CC1=C(O)OC(=N)C=C1,4.738277006310218
OCC1CC(=O)C1C#N,6.018439352877333
CC1(COC(=N)C1)C#N,7.884493529451679
CC12C3CC1CCC2C3,9.186091091786752
OC1C=CC2(OC12)C#N,6.037693225556815
CN1CC11C2C3CC1C23,8.086585017803273
C1CC1CCCOC=O,7.861977610787731
C1C23COCC12C1NC31,7.993598318502251
CC(C#N)(C#N)C1CC1,8.537056215626205
COC(C#C)C(N)=O,7.07856594173828
CCC1(CCC1)CCO,9.197138006727183
O=C1NC(=O)C2CC2O1,6.454589762584831
CC1(COC1=N)NC=O,7.121938768111235
CC1OC(C#C)C11CC1,7.2144678138632745
OCCCC1(CO1)C#N,8.072074448474412
ON=C1CC2CCC12,6.775537610032043
C1NC1C12CCC1CO2,8.173694474474685
COCC1(O)CCOC1,8.657350348164403
OCC1COCC(=O)C1,6.028782965071261
COC1C2C1C1CCC21,8.479381296256607
OCC(O)(C#N)C1CO1,7.484653780138027
CCC1OC2CCOC12,8.612965943610302
OCC1C(O)C11CCO1,7.948868307043098
COC12CC1(C)CC2=O,5.917766882793696
CN(C)C1=NCC(=O)N1,6.2988775767237035
CC1CCC(CC1)C#N,9.347516588063385
O=C1C2C3C2C2C3CC12,5.817616388591789
CCC(C)C12CC1CC2,9.008206124116997
CC1=CC(O)C(CO)C1,6.828657126490706
OC1CC2NC2C(O)C1,8.213454763189041
O=C1COC(=O)N2CC12,5.748112928097449
CC1OC(=N)C1CCO,7.806283973449979
O=C1NC(C#C)C11CN1,6.8543745916982
CCC1C2C(=O)OC12C,7.438965332065676
C1C2OC3C=CC2OC13,6.3899765621021345
CCC1CN(C1)CC=O,5.528945971341938
N=C1OCCNC11CC1,6.777599628469315
Cc1cc(c([nH]1)O)O,5.869687765317699
C(CC=O)CNCC#N,5.9198033935554175
CCC1C[NH2+]C1C([O-])=O,7.103457325374629
CNC(C=O)C#CC#N,4.75281089321806
N=C1OCC11CN=CO1,6.702102093725294
C1CC2C3C=CC(O1)C23,6.5444648419219575
CC12C3OC(C13)C2CO,8.106490813965475
O=CCC(CC#C)C#N,6.013784905174731
CC(O)C1OC(=N)C1C,7.839157765379552
CCC(=O)C1CN1C,5.7066409407267145
O=CC1(OCC=C1)C#N,5.6303866949125565
OC1C2CC3CN=C1N23,5.951037282746856
C1CC23CC(C2)CCC13,9.185955894540335
OC(C#C)C1(CO1)C#C,6.9612888590438455
N=C1NC(=O)CC1C=O,5.6052551897646925
C#CC1=CNC(=O)NC1,5.860876496508508
CC12CC3N=COC1C23,6.782764902354302
CC12CC3CN4C1C2C34,7.957497802682852
CC(C#C)C1=NON=N1,6.426214521645625
[O-]C(=O)C(NC=[NH2+])C#C,6.723282770783614
CC1=CC2COC2(C)C1,6.824825988499206
CC12CNC1C(O2)C#N,6.784923352054482
CC1OCC2(OC12)C#N,7.5846832493902845
CC1CC2=NON=C2O1,5.493436106378063
CCC12NC1C1(C)OC21,7.743497049379869
CC1C2C3C=CC1(O)C23,6.277033315973078
CC1(CNC1=[NH2+])C([O-])=O,6.519518326597795
CC1=CC2(CO)CC1O2,6.40280177300937
C1OC23CC4C(C2)OC134,7.637717259969662
Cc1coc(n1)C2CC2,6.283852906610803
CCCOCC(=O)C#N,5.2809427143517595
Cc1ccc(=O)oc1C,4.7877795217717685
OC1C2[NH2+]C1C2C([O-])=O,7.232121461606658
CC1(C)CC2NC12C=O,5.823354836031753
CCCC(=O)C1CCC1,6.237907638057122
CCC1C(C)COC1=O,7.569555484993687
OCC1C2CC2CC1O,8.613259616194327
c1ccc2c(c1)CCO2,6.134501769690912
N=C1OC=CN=C1C=O,4.35630965630984
CC1COC(=N1)N1CC1,7.067840708674837
N=C1OC=CC=NC1=N,4.467465068920986
CC(O)(C#N)C1COC1,7.591728368096229
CCC(=O)NCC1CC1,7.613489901067936
CC1CC=C2CC=CC12,6.648853433364345
N#CC1CCCC1C#N,8.64224756439163
O=C[C-]1[NH2+]CC=CC1=O,4.532502844542219
CC12CC1(NC=N2)C#N,6.598301574520167
CC(=O)C1C2CC1CC2,6.228461910186414
CC1CC(=O)C(=N)N1C,4.491346789064847
Cc1cc(c([nH]1)OC)N,6.088804003401956
CCC1OC11CNC1=O,6.927526935586978
CC(=O)CC1OCC1O,6.140328722174498
CC1CC2(O)CC12C#C,7.440568770982006
NC(=[NH2+])C1=COC(=N)[N-]1,4.5023806627055825
CCC(=O)C(=O)C(=O)C,3.6239151325780075
Cc1cn(cc1N)C=O,4.844214707392996
CC(O)C12CC(O1)C=C2,6.4452088872290325
OC1CN2CC3(CO3)C12,8.051958153947972
CC1(O)C2OC2C1CO,8.615414615612629
NC(=O)C1CC(C1)=NO,6.317174372739243
CC1OCC(C=O)=C1C,5.028333368251822
CN(CC(=O)OC)C=O,6.3380963367253
CC1CC(=O)C(O)C1O,5.988596050531494
COc1cc(c([nH]1)O)O,6.171315759572865
O=C1COC2CC1C2,5.786449138581927
C1CN(C(=O)N1)CC=O,5.7474709048707435
O=C1CCC2OCC=C12,4.848395079122582
COC1(CC=O)CC1O,5.860320073735504
CC1(C)C2C(CN12)C=O,5.737131017345206
CCCC(CC)CC#C,8.538656816585368
CC12OC3CC1CC3O2,9.148904940342787
CC#CCN=C(C=O)N,5.07190896610454
COC=NCC1CC1,7.2468498634513026
C1CCC(=CC1)CC#N,6.928210916714254
O=CC12CC3N=CN1C23,5.33377803390872
OC1CC[NH2+]C1C([O-])=O,7.368754316742875
O=C1C2CC3CN1C23,6.3013099387800935
CC1CC2CC(=O)C12,5.981448800153686
CCC1C(C)C2CC12C,8.9021867285299
O=C1CC23COC2CC13,5.833673841535105
O=CC1OC2(CC12)C#C,5.6538093654291925
OC1C2CC3(O)C2CC13,8.452413098551485
C1OC11COC11CCC1,8.035550232440208
CC1C2CC2N1C=O,6.940271360598285
CCC1C=CC2(C)NC12,6.603987158918263
C1CC1CCC(=O)C#N,5.364039392890834
C1C2OC3=NOC=C3C12,6.051277500846576
N=C1CCC(O1)C1CC1,7.796737821600878
C1CCOC(OC1)C=O,6.150371710556115
CC(C)(C(=O)C1CC1)O,6.207659560957936
O=CC12C3CC1COC23,5.9271374171639515
CCC1CC(OC)C1O,8.415998692296963
OCC12CC3OCC1C23,8.246687446676663
CC1CC2(CCC2C)O1,8.425894583611967
CC1C(=O)C2OC2C1=O,5.257717322354382
CCC(C1CO1)N1CC1,8.800733791742807
COC1CCC11CC1,8.604406108801026
CN1CC1C1=NOC=N1,5.4886441846117835
N=COC1C2CCC12,7.48041483723981
C1CC2OC2C=CCO1,6.536424079856197
CC1OC1C1CN=CO1,7.380352890142389
CC1C(CO)CC2CN12,7.968820201263792
CCc1cc(oc1)C#N,5.637968591330571
CCN(C)C(=O)C#C,6.187829031892701
CC1C(C)C2=CC=CN12,6.612526403187854
CC12CCC3C1OC23,8.81634141502905
C1CC12COC(=O)C2=O,5.02703089813528
CC1COC2CC=CC12,7.078877795258297
C1C2C3OC4C3N2CC14,7.931020575836874
OC1C=CC(O)C11CN1,6.926729271896357
N#CC1CC(O1)C1CC1,7.77019977447191
CC1(CO)C2COCC12,8.369033728827345
CC1(N=CN2CC12)C#N,6.683469547650484
NC(=O)CN1CC1C#N,6.834245854761812
OC1C2OC1(C=C2)C#C,6.195877390027225
O=CC1OCC(O1)C#N,6.07405562566591
CC1OC2C(CC12)C#N,7.710869409598537
CC1COC(=O)CCO1,7.181217156530464
CC(O)C(C)(C#N)C#N,8.247116930981054
CC1=C(C)C(CC1)C=O,5.689525375250984
C1CC11C2OC1C21CC1,8.476781893417483
CCC1(CO)COC1C,8.393947625744184
O=C1NC2C1CCC2=O,5.9648977270498875
CC1C2NC1(C#N)C2C,7.339799840925244
CC1CC2NC2C1O,8.405780448572452
c1cc([nH]c1N2CC2)O,6.379498862402841
[NH3+]CC(O)[C-](C#N)C#N,6.531233150799256
C1C2CC3CCC(O3)C12,8.535297918086108
[O-]C(=O)C1[NH2+]C2CC1C2,7.19359816349316
CCc1cc(c[nH]1)C#N,5.917283176572742
N=C1OCC2OC12C#C,7.126492589672901
c1c2c([nH]n1)N=COC2,5.895886179072623
CCCC1(O)CCC1O,8.264032616513724
COC12CN3CC1C23,7.978114715994383
CCN=c1cnonc1,4.2091942775541105
CC1(C)NC1C(=O)C#C,5.267602753971901
ON=C1C2CCC1CC2,6.767385342117062
C#CC1CCC2CC2O1,7.680456698900427
OC1C(O)C(C#C)C1O,7.182935782191976
CC12CC1OC(=O)N2,8.159540570202775
OCC12CC(CC1)O2,8.766270513659894
CN1C2CC1C(=O)C2,5.736390080595251
OC1CNC11COC1=O,6.4853974678611035
CC1CN2C=CC=C2C1,6.417028557860094
N#CC12CCNC1CO2,6.977664257636567
Cc1cc(cnc1O)N,5.165466692856702
COC(C)(C=O)C1CN1,5.951891275887028
OC(C#C)C1CCOC1,7.684616530673235
CC(C#N)(C#N)C1CO1,8.141276186324506
CC(OCC#N)C1CC1,8.168049811524824
CCC12CC1C(C)C2O,8.430756164727821
CC1(OCC11CO1)C#N,7.561762113145078
CC1OC2C(O)C2(C)O1,8.071262141688308
O=CCCC1CN1C=O,5.788068851729413
[NH3+]CCC1=NOC=C1[O-],4.820666338786827
CCC12COC(CO1)C2,8.606227017843308
CC1=CCNC(=N)C1=O,4.361172694232002
CC1(COC1)C(=O)NC,7.221783760613038
CC1CC2OCC1C2=O,5.721613554095043
c1c2c(n[nH]1)CCCC2,6.542557161160079
N#CC1CC2(CO2)CO1,8.034130787013076
N=C1OC2C(C3CO3)C12,7.172265440292406
[NH3+]C12CC(C1)(C2)C([O-])=O,7.05343549236103
NC1(C#C)C2OC(=N)C12,6.792307925042815
CC1C2C3CN2C13C#C,6.913607329631576
CC(O)(C#N)C(O)C#C,7.672630016640225
O=C1CC2NC1C2C#C,5.891550240594055
CC#CC1CC2OC12C,7.627987306918852
COC1C(=O)C2CC12C,5.952390014231406
CC1C2(CO2)CC1(C)O,8.666025804203795
OC12CC(OC1)C2C#C,7.586076392562535
CC1OC1C1=CON=C1,6.397810756470564
OC1(CC1)C#CC1CN1,6.783162235717496
CC(=O)C1(CC1)OC=N,5.868480753262281
CC1C2C(O)C=CC12O,6.312197997420084
CC1C2C3C2C2(C)C3N12,8.149939912448874
CC1OC=NC2CC1C2,6.937696817910629
N#CCC(C#N)C1CN1,7.769366614665925
OC1CN2C=CC(O)=C12,6.255901603415142
CC(C#C)C1=NON=C1,6.7589318338400695
O=CCC1CCN2CC12,5.665535519642372
CC1(CCOCO1)C#C,7.884831748054353
COCC(C#N)(C#N)N,7.4577008749568945
CN1C2C3OC2C(=O)C13,5.7246183979994125
O=C1CCC2CC12C#N,5.974729201646909
CCC1(OC)C(C)C1C,8.539320809237777
Cn1cc(cn1)NC=O,5.698711912196613
CC1CC11OC(=N)C1O,7.2666288170396545
NC(=O)C1OC1C1CC1,7.188369926528267
CC1(CC1)C1CC1CO,8.788054208720377
O=C1OCC2C=CCN12,6.817080022192812
CC1=CC2(C)CC3C1C23,5.969123484228593
OC1CC2C3CC3C12O,8.096428328012557
CC1=C(CCC1)NC=O,6.182737735362112
CCCC(C#N)C1CN1,7.645942007118137
c1c2c(co1)NC=NC2,5.60579202321531
CC(=O)C12NC1CC2O,5.947668127375204
CC1CCC1(O)CC#N,8.236987367686528
CC12CC1(CO)C(=N)O2,7.534678792830105
OC1CC(C2CO2)C1=O,5.978888201622675
ON=C1CC2(CCO2)C1,6.49386653522005
CC1C(O)C1OC1CC1,8.07285984286139
C#CC12COC1C=CC2,6.73018893345168
Cc1cnc(cn1)NC,4.744893250364264
CC(O)C12NC1C1NC21,6.9555713081242665
CC12CC3C(C1)C3O2,9.17261465948941
CC1OCCOC(=N)O1,8.122507999032665
C1C2CN1C1=CNC=C21,5.666455172188419
N=COC(=O)NCC#N,7.046332428835425
CCCC12CC3C1CC23,9.891933145654253
CC1CC2C3C(CN23)O1,8.208003820550863
C1COCOCC1=NO,6.671998101191657
CC12CC(O1)C(C)(O)C2,8.551212071855167
OCC12CC1C(C2)C#N,7.9884395435685
CC1C(=O)OC1(C)C,7.571225458255543
C1COC(OC1)CC=O,6.28693991708476
CC1COC2=C1C=NO2,6.188241247707745
N=COC1OCCC=C1,6.901049831312561
C1OC1C12CC1CO2,8.40586193748301
OC(C#C)C(O)C1CC1,7.742707599154738
Cc1ncnn1C(=O)N,6.096162237749516
C(C=O)OC(C#N)C#N,5.926564668073965
C#CC(=O)C1CCCC1,5.38452220835552
OCC#CC1CCOC1,7.413630947658502
N=C1COC(CO1)C#C,7.302176182180706
COC12C3CC1(O)CC23,8.433810494716628
CC1C2C1C1C(O)CC21,8.266983158387124
CC(C)C1CCOC=N1,7.430629018599344
N#CC1C2NCCNC12,6.780784463937518
N#CC12COC1CCO2,7.421801728081231
C1CC1C1C2COCC12,8.737517920281686
OCC12COC1CN2,8.014090920271427
OC1C2NC(=O)C(=O)C12,4.806736607206647
CC1CC1(C)OC(N)=O,8.4385537642998
COCCNC(=N)C=O,4.802467910814957
CC1=C2CC3C(C1)C23C,5.294207057963444
CC1CC(=O)OC11CC1,7.683877240468393
CC1(CC#CC#N)CN1,6.059730426176625
CC1NC(C#N)C11CO1,7.617242784758375
c1c[nH]cc(c1=NO)O,4.77049274451221
CC1CC1([NH3+])CC([O-])=O,7.136692268547078
C(C1CN1)C1=CNC=N1,6.978966367799938
CC1(O)C(O)CCC1=O,5.85446815821617
CCC(O)CN=COC,6.914277264399769
CC1CC2=C(N1)OC=N2,5.792286164258865
CC(C)C12CC3C1CN23,8.352932152813588
CC12CC=CC1CC2O,6.757887191413327
O=C1OC=NCC2CC12,6.1523286157845725
OC1C2(O)C3CC1(O)C23,8.157756598958784
O=C1C2C3C4OC1C4N23,5.469249164507053
CC1C2C1C(O)C2O,7.91064857424886
CC12CNC1(C)C(=O)O2,6.595974121944686
C1C2C3CCCOC1C23,8.496007553080476
CC1CC(C)C2(CC2)C1,9.408884369227572
CN=C1OC(C)OC1=N,6.565431037920838
CC12OC=NC1C2CO,6.974913992710138
CC1(CC2CC1C2)C=O,6.059216769971604
CC1(O)CC11OCC1=O,5.6311619640015245
CCNC1(COC1)C=O,5.401179485373508
C1C2CCOC3CC3C12,8.449760473221097
CC1C2C3C=C(C)C1N23,5.638302719457911
CC1CC2(CN2)C(C)=C1,6.609815166153747
CCN=C(C#N)OCC,6.516223940122633
O=C1NC2CC1C1NC21,6.965561850998039
CCC12CC(C1)C(C)C2,9.791325810157277
c1nc(c2n1CCO2)N,5.804229139590564
O=COC1CC(C1)C=O,6.161781266091232
CC1=C(C)C(=N)OC1,6.133478796565866
O=CCC1C2CC1O2,5.936694512058947
CC1CC23CC4C2C1C34,8.974376986494432
c1c(nc([nH]1)CO)C=O,5.095489167739576
CC12OC3C4C(OC13)C24,8.306623744770544
COC1(CO)C(C)C1O,8.059209365085797
O=C1CCOC2COC12,5.637918121020972
C1COCC2(CO1)CO2,8.489364008743484
CC1C=CC(O)C1=NO,6.210062751212753
CC1(CO)OC1(C)C#C,7.761387130125113
CC12CCC(C1)OC=N2,7.273309137473376
OC1CCC(C=O)=CC1,5.183864772018683
CC1(C)CC2OC2C1,9.374831754681209
CC1C2CC3(COC3)C12,8.649793782831448
CC1C2CC(C2O)C1=O,6.181021239186355
CCCCC1CC2CC12,9.097374025212758
CC1CC1OCCC=O,6.046020941355759
COC1C2CC2C1C=O,5.979439886311649
OC12CC3(NC1C23)C=O,5.75410053206044
C1CC(C1)C(=O)CC#N,5.975231276653712
COCC(C)(CO)C#N,8.23348608413136
CC#CC1C2CC1(C)C2,7.981792266936446
CCNC(C=O)C#CC,5.69178496749233
CCC1(C#C)C(O)C1O,7.312424882118918
COC12CN(C)C1C2C,7.646844419282939
N#CCN1C2CCCC12,7.288269715345942
CN1C(=N)CN=C1C#C,5.105517468264054
COC=NC(C)C#CC,7.327292230882776
c1c2c(no1)C=CCO2,5.149531467758085
C1COCC12CC(=O)C2,5.822003677443083
OC1C(=O)C2CN2C1=O,5.399763778141005
CN(C)C(=O)NCC#N,7.409004108044932
CC#CC(=NO)C(C)O,5.712689374538325
COCc1cc(oc1)N,5.999137543174312
O=C1CC23CC(C2)C3O1,7.505803667820311
CC1OC2COC=NC12,7.241239108716766
CCCN1C2C3NC2C13,7.863781414254812
C1CC1CCOC=O,7.7206769433160085
CN1N=NC(C)=CC1=O,4.686846351240837
CCC#CCC(O)C=O,5.844356481306332
CC1CC(C1)C(=O)CO,6.2515852909011365
NC1C(OC1=N)C1CN1,6.9927828565906704
CC1=CC2(O)CC1C2=O,6.331678702314184
ON=C1C2CC(O)C1N2,6.520169139595383
O=CC1=CC2COC1C2,5.131149286007762
CC1C(C)N1CC(C)=O,5.940583470590054
OC12CC1(O)C(C2)C=O,5.959088098209574
NC(C#C)C(CO)C#N,7.5492748723278496
OC12CN3C4CC(C14)C23,8.064781901151658
OCC1CCOC1C#N,7.6075236146417815
CC1CC1CC(O)C#C,8.013421914181011
OC1C=CCC11CCC1,7.03779510498882
CC1CCC=C1C1CO1,6.721371058339207
OC1CNC2=C1N=CN2,6.20644910208136
c1[nH]c(c(n1)O)N2CC2,6.140345215626256
CC1NC1(C)C1CO1,8.834552109479217
Cc1[nH]c(cn1)OC=O,6.164776120473465
CC1(C)C(O)C=CC1O,7.02419004904805
COC1C2NC2CC1=O,5.53811843192773
C1C2C1C13COC1C2C3,8.658451065106533
CC12C3CC1N3C2C=O,5.647691959819685
OC12CC1C1NC21C#N,6.430839768513051
CC1N2CC1(C)OCC2,7.819355520932982
CCC1=NC(C)C(=O)N1,6.4256935049817026
CCCCC1OCC=C1,7.216927699027162
CC(=O)C1CC2CCC12,5.946284682776633
CCC(=O)C1COC1C,6.121867023895165
O=CC(CC1CN1)C#N,5.811606683008401
OC1C2CC1C2CC#N,8.261148127878847
C#CC12CN1C1CCC21,6.919201016262662
Cc1cnoc1C2CC2,6.531506087934174
CC1CC2OC12CCO,8.83715214645643
CCC12C(C)C3C1CN23,8.342365249019341
CCC1=C(C)CCC1C,6.943558593852978
OC12CC1N(C=N)C2=O,5.940199912698537
OCC1(O)C2C3CC1N23,8.186117235153125
N#CC12C3NCC1OC23,6.944650767237869
CC1CC(C)(O)C(=O)N1,7.174261326951899
CC12NC1C(O)C1OC21,8.174048014114593
CC12COC1C2(C)C=O,5.810417691822542
C1C(CO1)OCC(=O)N,7.2064857820206925
OC12CC1C1C2N1C=O,6.666094559893124
CC1(O)C2N3CC3C12O,7.413818193372579
C1CC1C2CC(=O)C2,6.096263938449437
O=C1OCC2(CN2)C1=O,4.585290610036097
NC(C#N)C1C2CC1C2,8.03995225941535
CN1C2CC(O)C12C#N,7.012627910333505
CCC1(C)OC2C(C)C12,8.345085868313173
C1COC(=N1)CN2CC2,7.195275789544223
CCC(C)(C)C1(CC1)O,8.622291143679677
CCCC12OC1C1CC21,8.64664078960906
CC1C(O)C(C#C)C1O,7.561567902039915
OC12CC1C1(CO1)CC2,8.67405701128739
CC1C2N1C(=O)OC2=N,6.760673733158255
CC1OC2C1CCC2=O,5.707327080001994
CC1C2COC2C1C=O,5.819973110800731
CC12C3CCC1CCC23,9.193809022997165
CC(=O)C1CC(O)C1,6.149097484442027
CC12CC(=O)C1C1CC21,5.7057574242397155
CC12OC3(C)CC1C23C,8.273347325324263
CN1C2C3CC(C3)C12C,7.9577918325984225
Cc1c(non1)N(C)C,5.795389034671159
CC1OC2C1CC2=NO,6.51967685694223
CCC#Cc1c[nH]cn1,5.755114408590796
CC1N2CC1(C2)C1CO1,8.647559110763174
CC(=N)OCCC=O,6.218640080019998
C#CC1OCC2COC12,7.555626413518935
O=C1CCC2CC(C2)O1,7.0007756778804895
CN=C1NCC1(O)C=O,5.175761577530581
OC1C=CC2CC=CC12,6.630152364220004
CN1C2CC(C)(CO)C12,8.140238990136114
Cc1c(c[nH]c1CO)O,6.136339946060718
C1CC23CC(CC=C2)C13,6.938227355127287
C1CC1C(C=O)C=O,5.580482015032475
OCC1=CNC(=N)C=N1,4.863239034500433
CC1CC2CC12C=O,5.934201460317555
CC1C(C#C)C1C1CO1,7.967167837890127
CC1=C2CCC2OC1=O,5.966893895843677
NC(=O)C1CC(C1)C=O,6.147985311284032
O=C1OCC2C1C1CN21,6.741191527327706
CC1(COC1)N(C)C=O,7.278171399861212
CC(O)C1CN=C(C)O1,7.383870177135011
O=CN1C2CC3(CC3)C12,6.6507363163270306
CN1CCOC(CO)C1,7.851787533071885
ON=C1C2OC2C11CO1,6.680382206388661
NC(=[NH2+])[C-]1N=COC1=O,4.529036728541332
CC(O)C1=COC=N1,6.733234256782662
C1C23CCOC12COC3,8.171892980129442
CC12CN3C(C13)C21CO1,8.650041482795398
CC1CC2CC3C2OC13,8.267044941567987
Cc1[nH]cc(c(=O)n1)N,5.458172859894597
CC(CC1CCO1)C=O,5.962973886976304
C(C1CO1)N1C=CC=C1,6.500493523306524
OC1(CCC=C1)C1CN1,6.862552090800344
N=COCC(C#C)C#N,7.404087319456378
CCC(C1CC1)C(N)=O,7.53963537292789
CC1=C([O-])OC(C[NH3+])=C1,4.527398207556336
C(C1CO1)C12CCC1N2,8.673148630890427
CN=CN1C2CC1C2=O,5.701919142296079
CC1CC2CC1(C2)C=O,6.020467190164863
Cc1nc(no1)C(C)C,7.260621566647487
CCOC1(COC1)CO,8.406655567295765
Cc1c(c(n[nH]1)O)C=O,4.926395280887868
O=C1CCC2NC2CN1,7.285622165731462
CC(CC#C)C1(C)CO1,8.562357222853588
CC1CC2CC2C1(C)O,8.724888742720172
ON=C1C2CC2OC1=O,5.877815667631238
CC#CC1=NCC(C)O1,6.082255281905272
CC(=O)C(=O)OC1CC1,5.095030299279125
N=C1NC2C3OC12C=C3,5.709785631542748
CC1(O)C(O)C1CCO,8.337787845327343
N=C1OCC2CC2C=C1,5.517288540440784
CCC12CC3CC1(O)C23,8.257409222873877
C(N=C1CCO1)C1CN1,7.297905539257669
CC12OC3=NCC1C23O,6.146587662409084
CN(C)C(=O)COC=O,6.838407659193297
CC1CN1C(=O)C1CN1,6.729497787615006
CC(O)C1=CC=NO1,6.987054965488016
CC12CC1(C)C(C2)C=O,6.047156471187497
OC(CCCC#N)C#C,7.89073218147582
CC12CCC(O)C1C2O,8.379036918238548
CCC1CC=CC=CC1,5.450324336065909
OC1(C=O)C2C3CN3C12,5.619171139860544
CC1C2C1C1(C)CC2C1,9.339746246668678
CCC1OC(=NC)C1O,7.459867513593343
CC1OC2CC2(O)C1C,8.289821422972953
COC12CC3(C)C1OC23,8.374871367845861
CC(=O)CCCNC=O,6.21977313131763
CC12OC1C1CC2C1=O,6.333110978271673
CC12CC(C1)C1(CC1)O2,8.74461883792518
CCOC1CC2C(C)C12,8.66514009646229
CC1C=CC(=O)C1C#C,5.013464391031675
CCC1CC(C=C1)C#C,7.003266137380113
O=CC1C2CC1C1OC21,6.123510339831039
C[NH+]1CCC1C([O-])=O,6.6443785580688655
O=CC(=O)NCC1CO1,5.0538849625904385
CC1=C2CC3OC(C1)C23,5.727414450046881
CC(=O)CC(=O)CC#N,5.500242006454077
CC1=C(O)N=COC1=N,4.778248164672105
CC1CCC(O)C1C=O,6.054258420784339
CCC(O)CC1CCC1,8.898710614320684
N=C1CC2(CCO2)CO1,7.544276276491199
CC1C2CC=CCC1O2,6.984897851403421
OCC12CC1C1COC21,8.212472885566642
CCCc1cc(n[nH]1)C,6.878459662659005
NC1=NCC2COC1O2,6.964430120442375
C#CC(=NO)CC1CC1,5.783701463585873
CN=C1CC2(CC2C)O1,7.303549582721366
CCc1c(onn1)C,6.436321761999073
CC(C)(C#C)C(O)C#N,7.912985544841467
O=CCC(C#C)C1CN1,6.081851068810918
N=C1OC2CC1C2C#C,7.421221486109656
CC1OC1(C#N)C1CO1,7.64938045189928
CCOC1(C)C2CC1C2,9.165486183230154
CC1C(NC1=O)C(N)=O,6.752413874661375
C1CC(=O)CCOC1,6.17603174043036
C1COC(=N1)C#CCO,6.166688492866596
CCC1N2CC3C2C13C,8.088888555409016
OCC#CC12CN1CC2,6.926445965236218
CC1=CC=CCC(=O)C1,5.2815030791956
CCC(O)C1CC1C=O,6.053588427534138
COC=NC12CN(C1)C2,7.518400166542654
OCC12CC1CCC2,8.888516199643805
CC12OC1C1OCOC21,8.103609512107148
CC1=CN(C=O)C(=N)O1,5.225319495032311
CC(=O)C(C#C)C(N)=O,5.388513491032127
Cc1cnn2c1CC=C2,5.589046873133768
CC1COC1C1(C)CN1,8.344430539626687
C1CC1CN=CNC=O,6.113235741412657
CC1C2CCC12C(N)=O,7.317203646425353
CC1COC(=O)C1(C)C,7.491945937705578
C1CC23CC4C(C12)N4C3,8.066813847143461
CCC(=NO)CC#CC,6.733724152364126
C#CC(=O)CCCCO,5.630234671323718
CC1CC11CC(O)C1=O,5.900949979853772
CNC1=C(N=NO1)C#C,4.563644944229098
COC(C)(C)C1CCO1,8.68164723613913
NC(C#N)C1(O)CC1O,7.528258439582635
OCC12CCC1C2C#C,7.827350786130285
COCC12CN1C(=O)C2,6.55010381059913
C1OCC2OC1C1OC21,8.292987264886904
O=CNC(CC#C)C#N,7.205687787716562
CC1C2CCOC(=O)N12,7.786326001164139
O=CC1COC(C1)C=O,5.6496647970043465
CN1CC11C=CNC1=O,5.332231316955773
C1CC2CC1COCO2,8.853082201317461
O=C1CC2NC2CN1,7.263327802071737
COC(=O)C(C)(N)C#C,6.712114034202356
CC1C=CC2OCC12C,6.7691786324031025
OC1(CCOC1)C1CN1,8.278398732967847
COC(=O)c1[nH]ccn1,5.954535295379227
CCOC1CC2OC2C1,8.9806152825627
OC1COC2CCC12O,8.263846877528824
CC1CC(CO)OC1C,8.645883442919223
OC12CC3C(C1)C3CC2,9.046419903327013
CCCC1(CO)OC1C,9.065256362571448
CC1(C#N)C(O)C1O,7.673607707384592
CC1=CCC2(C)OCC12,6.803198974471829
OC1COC2=CON=C12,6.063355670094553
CC1C2CC(O)CCN12,7.585788143317521
CC#CCC12CCC1N2,7.823133994428215
OCC1CC2CC(O)C12,8.574477041075504
CN=C1OC2(CC12)C#N,6.8683208258796835
N=C1OCC1C1CCO1,7.491849667554517
OC1C2OC3COC3C12,8.077327568812485
OC1CN2CC3NC3C12,7.526005276728674
CC(C1CO1)C1(O)CC1,8.84028737677724
O=CCC12CC3C1OC23,5.886364893610141
C1CC2CC3OC(C2)C13,8.010809219669063
O=C1CC(NC=C1)C#N,4.834321069136258
CC1(O)CCOCC1=O,5.612519719375735
COCc1c(c[nH]n1)N,6.1492939719285244
C1CC1OCCCC=O,5.949495930367848
CC1(C)C2CC1C2(C)O,8.77656623307428
CC1(CC#N)CCOC1,7.950126279256551
CC(=O)C1CC(CO)C1,6.29063524813043
N=C1OCCCC2OC12,7.38865995842901
N#CC1CC2CC2CO1,8.162804477159039
CCC(C)(C#N)C(C)=O,6.407021205721877
CC1CC2(C)CC3C1C23,8.895022134363408
CCC1C=CC(C)C1O,7.086232812043218
CC1N=COCC1(C)O,7.249171484075407
NC1(C=CCC1O)C#N,6.643951563012359
CCOCC(CC)C#N,8.15724178078469
CN=C1OCC1C(C)C,7.593740698536241
COC(C)(C#N)C#CC,7.556069432682696
CC1C2CCC2NC1=O,7.286405027070967
COc1c(cco1)N,5.8579027403370985
C1C2OC2C2=C1NC=N2,6.3072823708639
CC1OC11C2C3CC1C23,8.749924846776052
CN(CC#N)C1COC1,6.762095701617492
NC12CC(OC1)C2C#N,7.393148124000755
CC12CC(C1)C=C2CO,6.5125692201365855
CN=C(NCC#N)OC,6.812970672952187
COC1C(O)CC11CC1,8.231916570761546
CC12CN1C1CC2(C)C1,8.535850708517327
O=CC1C2C3N=CN1C23,5.18826167569488
OC12C3CN(C13)C21CC1,7.835455704755778
CC1CC11CC2CN2C1,8.621527665971419
CC1(CC1)N(C=N)C=O,6.061607692506235
OC12C3CC1OC23C=O,5.769717295951405
CC1C=CCCC1(C)C,7.225253759611366
C1C2C3COC1CN23,8.222068594165913
CCC1OC1C1CC1O,8.633104849499107
CC(CO)(CO)C1CC1,8.717273673729409
CC(O)COC(=N)C#C,6.858992044069769
CCC1OC1(C=O)C#N,5.845570907163122
CC1(O)CC2(O)CC12,8.428039517110477
OCC1(CN1)C(=O)C#N,4.844404776001121
COC(C)(C#N)C(N)=N,6.829243182502226
CN1CCc2c1[nH]cc2,6.001551707644487
CC(CC(C)=NO)C#C,6.940894125415273
CC1CC2CC2C(C)=C1,6.871484044631859
COC1CC11CC2CC12,8.677032386168417
CCCCC1=CCCC1,6.929818566107096
c1c(c(c([nH]1)O)N)CO,6.084895805494956
COC(=O)C(C)C#N,7.542090962715102
OC1C2OC3C(O)C1C23,7.926234976453939
CC(C)(C)C1(CCC1)O,8.549274789684404
O=C1CC2CC3OCC123,5.76062212274247
O=C1CC2(O1)C1CC2O1,6.924621433052057
CC12CCC1COC2=N,7.71259982987854
CC(O)C12COCC1O2,8.804438991186963
CC12CC(C1)(CC2)C=O,6.057301997579099
C1C2C1N1CC3OC2C13,7.840740852136955
CC(C1CN1)C(C)=O,6.13712792635954
CCc1cocnc1=O,5.424497561987311
CC1(CO)CCC=C1,7.19275863698077
O=CC12NC1CC21CO1,5.801506678697766
COC(CO)C#CC=O,5.311304515023072
O=C1OC2CC1CC=C2,6.665967526009155
CC1C2OC1(C=O)C2C,5.673314455691944
OCC12CCC1(CO)N2,8.21151731780096
O=CCC1OC1C1CN1,5.9662592254032605
Cc1c(c(no1)N)C=O,4.755910320165881
CCC(O)COCC#N,8.018673374260722
CC12CC3C1C2(O)C3=O,6.463064617726568
CC1(C)NCC(O)C1=O,5.872126984604805
CCC(=N)NC(=O)C=O,4.543167085733141
C1CC11C2C3CC1CC23,9.139179544984422
CC1(C#C)C2OC(=N)C12,7.091548640246061
CC1CC=CC(C1)C#C,6.919901599929542
CCCC12CC=CC1O2,6.753692953581178
CN1CC11CC(C)(O)C1,8.01579582400458
CCC(CO)N(C)C=O,7.2303463970409
CCc1c(ocn1)N,6.12623717614944
Cc1c[nH]nc1C2CC2,6.73631517130182
N=COCC1COC1=N,7.410001899951316
CC1OCC23CC(O2)C13,8.317733780565845
CCc1ccoc1CO,6.336856097215293
CN=C1ON=CC(N)=N1,4.426702715833611
C1NC11C2C3N2CC=C13,4.9012862797696615
COC(=O)C1CC(C)C1,7.426779911991557
CC(O)C1=CC=C(N)O1,5.7481533171521395
C1CN1c2c(nn[nH]2)O,5.862176866291037
COCCc1ccno1,6.52317106610815
OC1(C#N)C2NC1C2=O,6.269010436400896
CC1(CC([O-])=O)C[NH2+]1,7.233876935019248
COCCC1CC1C#N,8.017539505355266
ON=C1C=CC2CC12,5.426970011388056
O=C1NC2CC2C2CN12,7.59050656873931
O=CC1=CC2C3CN2C13,4.223258348223933
Cc1ccn(c1)C=O,5.109764442734063
CC1COC(CO1)C#C,7.678814480489004
Cc1c(nc([nH]1)OC)C,6.594290800301903
CC#CC(C)(O)C=O,5.83197857373495
CCC(=O)C12CN1CC2,5.856715563997527
CCC1C2CC2C1CO,8.801619529322341
CC1C2COC(O2)C1O,8.573715330611854
CC1CC2(C)CC1C2O,8.874162989439315
OC12CC3C4CN(C14)C23,8.211921320101686
c1c(cnc(n1)C=O)N,3.7563958495343153
c1cnoc1CC2CC2,6.693213633257962
OCC12C3CC1(O)CC23,8.3162767339923
Cc1c(nn(n1)C)C#C,5.86278554310369
COC12CN3C1CC23C,8.204958977045969
N=C1OCC=C1CC=O,5.498199677991933
CC1CC2C1=CCC2=O,5.813244484531797
CC(C)(C#N)C(=O)C=O,4.226485830365417
CC12CC(O)(C1)CC2=O,6.2469179277198705
C1C2C3C4C5C(C2N15)N34,7.738420435374364
CC12COC1C=CC2O,6.770485430126007
OC1=CNC=C1OC=N,5.138410605569018
Cc1coc2c1CC=C2,5.297305620097026
OC1=C(OC=N1)C1CO1,5.986404459668243
CCCC1NC1CC#N,7.598944867497632
NC1=NC2C(O)C2CO1,6.972975919902279
CC[NH+](C)CCC([O-])=O,6.657776069040123
CC1OC1C(=O)N1CC1,6.475849065959873
CC1OC1C1CCCC1,9.260695261523493
CC12CC(=O)C1C2CO,6.153490493138721
CC12CC1(COC2)C#N,7.600107711536827
CC1OCOC1C(N)=O,7.324311912775216
CCC1=NCC(C)O1,7.271745389806608
CCC1NCC(=O)C=C1,4.716094654183214
CC1C2CN2C1CC=O,5.7928787366359344
OCCCC12CC1CO2,8.376818828832741
C#Cc1cc([nH]c1O)N,5.127100256367076
OC12CCOC1C2C=O,5.849232214022025
O=C1CC2(N1)C1CC2C1,7.246593736518018
CC1CC1N1C=CN=C1,6.768597871348127
CC1(C)C2COC1C2O,8.2812437437656
OC1CC23CC(C2)CC13,8.878900688271205
CC(C)C12CC(O)(C1)C2,8.93638843012804
COC1COC1(C)C=O,5.682211483626332
CC1=CC2NC2(C1)C#N,6.303556289520078
CC1C(O)C=CC2CN12,6.322924220353637
CC(C)(C#CC=O)O,5.289399346681745
CC(=O)C1(CC1)OC,6.082844986970242
C1C2CC1N=COCO2,6.743885535191038
CC1C(C)C1(C)CC#C,8.18637593275707
COCC1CC2C(C)N12,8.201976615326346
O=CC12CC(CO1)CO2,5.887765174207647
O=CC12CC1C(=O)NC2,5.950819183878289
O=C1CC(N=CN1)C#C,6.241289608166092
CC12CC(CO1)C=CC2,7.013513925625855
O=COC1C2CC(=O)C12,6.1133320288893
CC#CC(O)CN1CC1,7.3298291838012535
CC1OCC11CC2OC12,8.471668823880353
O=C1C2CC1(CC#N)O2,6.216324947191361
CC1(C)CC2C(C=O)N12,5.6437184565413085
CC1C2N3CC2(CO)C13,8.05674504201198
CC(CC#C)C(=O)C=O,4.457569854558189
CCCOC(C=O)C#C,5.991460157733753
C1C2CC3CCC3=CC12,6.64991113626945
COC1C(O)CC11CN1,7.986972039025227
OC12CCC(OC1)C=C2,6.771375763162749
CC1CC=CC(=O)N1,5.745345993987071
CC1OC1C(=O)CC=O,5.527941539425505
CCC1COCC11CO1,8.7696830146357
CC1=C(C)C(CO)CC1,6.9910486745498295
C#CCC#CC1COC1,7.247198108091872
CCN1CC(C=O)C1=O,5.859509618295037
OC12CC=C3CCC1C23,6.058905441008443
CC1CC2OC2C1O,8.867033500329766
O=C1CCOC2CC12,6.0634613511489714
CC1OCC2OC3C2C13,8.18341758420384
C#CCc1c(onn1)N,5.714836902512603
CCCC(OC)C#C,8.068154268630622
CCN=c1[nH]cc(o1)N,5.810724613661505
CC1=CC(=O)OC2CC12,5.792662228966321
CC1=CC2(CC1N2)C=O,5.475522301672829
[NH3+]CC1=C([O-])C(O)=CO1,4.461033491212126
CC(O)CCNCC#N,7.5342967891323385
CCN=COCCC#N,7.199223307795644
O=C1C2CCC1OCC2,5.627939904305584
CC(=O)C1(C)CCC1O,6.05768187158069
C1CC23OC=NC2C3O1,6.821482672383729
O=C1CC(CCC#C)O1,7.661759179302422
OCC12C3C1N1C3CC21,7.997900423144536
C1OC2OCC1C=C2,6.730121115372996
CC12CC3C(N13)C2=O,6.368639076644326
O=CC1OC2CC1C=C2,5.925464725509963
CC1C(O)C=CC11CC1,6.784762742440478
CC12CCC3CC1(O)C23,8.381693241211723
O=CC1CC=CC2NC12,6.0166669046477335
CCC1OCC1(C)OC,8.562140857081763
OC1=C2CCN2C(=N)O1,5.849163492621525
CNc1cccc(c1)N,5.62720040556148
CN1C2C(O)C1C2C=O,5.281001522433089
C1C2COC3CC2C13,8.810706246621109
CN1CC(NC=O)C1=O,6.719788421943163
CC(C)C(C)(CO)C#N,8.513613994603265
CC1COC(=O)C=C1,6.0773057536150485
OCC12C3C4NC1C4N23,6.5064874306312275
CCC1CCC(=O)C1,6.0074026002332
CNc1cc(c[nH]1)C#N,5.436711503598611
COC12CC1NC2C#C,6.8912599633088485
CN1C2CC(CCO)C12,8.120702209013954
C1CN1C1=NCC2NC12,6.026691685631217
NC=[NH+]CC(=N[O-])C#N,4.782967063040876
CC12CC(C1)CC2(C)O,8.913638090806144
OC1C2CC1N=COC2,6.693778543386525
CC#CC(=O)N(C)C=O,5.350957974781998
C#CC12CCCC1CO2,7.601232873466431
c1c[nH]c2c1NCCN2,6.177895289275664
Cc1c(c(co1)N)C#N,5.475062760997515
OC12C3C1C1CC2CC31,8.624938842013208
CC1C2C3C4OC4C2N13,8.414646397881612
CCC(C)(CC#C)OC,8.372883462434876
Cc1ccnn1C(C)C,7.243218759861781
CC(OC=N)(C=O)C=O,4.819207413578909
CC1OC2C(C)OC12,8.322160026396475
CC(C=O)C(C#C)C#C,6.189528895344452
CCc1ccc(o1)C#C,5.478158298603579
CC1C2CC3CC2C13O,8.754210983692431
CC(O)(C#N)C(N)C#N,7.853649642181848
O=C(OCC1CN1)C#N,6.027270516131103
CC1CC2(C)OC2(C)C1,8.832249210456096
C1CCC(=NO)C=CC1,5.813129053860859
COc1ncc(=O)[nH]n1,4.865603193653143
Cn1c2c(cn1)CCN2,6.01631145906606
CC1(CO)CCC1=NO,6.777504253570221
CC(C)(C)OC(=O)CN,7.294899606286386
OC12C3NC3C1NC2=O,7.088553750581459
N#CC1C2NCC3C2N13,6.912879571942245
O=C1OC23CC12CC=C3,6.488080017461168
CCC12CCC1OC2=O,7.390951903665789
CC1COC(C)C11CO1,8.805539550703987
CC(C)C(C#N)C(C)=O,6.474159168196737
CC1C2N=CN3C2C13C,6.4566461126566885
C(CCO)CNCC#N,7.589322257658444
CC1NCC1(C#C)C#N,6.895940085629865
O=C(C#N)C1COC=N1,5.027668538150665
[O-]C(=O)CC1=[NH+]CCN1,5.461591860020946
O1C2C3C=CC4C1C2C34,6.4541765971759775
CN1CCCCNC1=O,7.576622985698337
CC(O)C1COC=N1,7.333805589901224
OC1CC1C12CC(C1)C2,9.133878274773698
CC(=NO)C(C=O)C#C,5.6820660031404
CCC1(CC1)C(=O)NC,7.591992311973803
OC1C2CC3N2C13C#N,7.064724810133705
C1C2CN=C3OCOC123,6.914294691562419
[O-]C(=O)C1CC2(C[NH2+]2)C1,6.752573544045262
OC(C#C)C(=N)N1CC1,6.701380994475121
CCC1(NCC1=O)C#N,5.757673361365046
CC1C(C=O)C1(C)C#C,5.813523070550307
OC1CC(CC1O)C#N,8.004346334969311
CC12C3C1C1C3C3C2N13,7.812460274927004
C1CC23CC4OC2C4C13,8.339024992153286
COC1C2CC(=O)C1N2,5.6638264696255805
OCC12C3NC1COC23,7.932270421234009
C(C1OC2CC12)N1CC1,8.422001635821431
CC(=O)OC1(C)CC1O,7.42624589918278
c1c[nH]c2c1c(n[nH]2)O,5.909880765382658
CC1C=CCOC1=N,6.970060692867458
OCCN1C2CC2C1=O,7.01562161127192
C1COC(O1)C2COC2,8.856866486429087
CC1(CC1)c2cnn[nH]2,6.755338946048844
COC(=O)C1(CC1)C#C,7.236771942376732
CC1(C)OC2CCC1C2,8.581508251082882
CC1OC(C)C2(C)NC12,8.268935417937408
CC12CCC1(CO)CC2,8.768992269038911
C1C2C3CN=COC2C13,7.16424476779307
COCC12CN(C1)C2C,8.355119311302108
CC(=O)C1(COC1)NC,5.5570209654481655
CCC1(CC)NC1C#N,7.441076145471685
CC12CCC1NC2C#N,7.058301238464087
OCCC1CC2CN12,8.300528787430295
OC12C=CCC11CC2C1,6.447929709263817
C1CC1CC(=O)CC#N,6.249963537722554
CC(O)C1OCC11CO1,8.629209184871659
COCC#CC(O)C=O,6.0929851340911725
CC1CC23CC12N=CO3,6.479723545574927
CC(=O)CC(=O)C(=N)N,4.8405898029149235
CCC1C=CC2C(C)C12,6.9888249184495566
CC12CC1COC=NC2,7.140414176015502
CC1CC(C#C)N2CC12,7.298701854109039
O=CC1=CNC2CCC12,4.735075281222877
CC1(CO)CCC11CC1,8.740315550843787
CC1CC=CC(O)C1,7.162901736840849
OC12C3NC1CC(=O)C23,5.9410659402095725
NC1(CC1O)C#CC#N,5.973583073698955
CCC(C)(O)C(N)C#N,7.888707763329869
c1c(c(c([nH]1)N)CO)O,5.909759125130373
CCCc1cnoc1N,6.029610004744083
COC1CCNC1C#N,7.183207292125514
CC1OC=NCC1C=O,5.935781932491064
c1c(cnc(c1N)O)N,5.294834740266966
CCC12NC1CC2C=O,5.814037484242633
C1C2CC34COC23C1C4,7.878522899862949
O=CCOC12CC1OC2,5.794843271316372
OC1C=CC2(O)COC12,6.711737562857542
COC1C2CC(C2)C1O,8.644033498451739
O=COCC1COC=N1,7.071337803284967
CCc1c(con1)N,6.246436773957811
C(C1CO1)C1=NNC=C1,7.1078832143020705
CCc1c(cno1)CO,6.553871173522909
NC1=CC(=N)N=C(O)O1,5.34170072003168
C#CC1OC2C3OC3C12,7.108770314127511
CN1CC1COC(N)=O,7.46900288355646
Cc1c(c[nH]c1CO)N,6.148545775298817
O=C1NCCC11CCO1,6.729664278435837
COC1CC2(C)CC1O2,8.88182978195537
CC12CN1CC(C2)C#N,7.513848762274662
CC1(CO)CCNC1=O,7.393870817522296
NC(C#N)C1CC1CO,7.78782794658093
CC1(CCCOC=N1)C,7.032554876152496
CC(=N)N(C)C(=O)C=O,4.496578495834456
CC1(O)CC11CC2CN12,8.120046138972857
NC(=O)N1C=CCC1=N,5.85567255128297
COC1C([NH3+])C1C([O-])=O,5.931074180857943
C1NC1C1=NCCO1,6.90749642560567
OCCC(C#C)C1CN1,7.928383406418052
OC1C2CCOC1CO2,8.378458942068704
CNc1cc(co1)OC,5.899337708802488
CCn1c(ccn1)O,7.178589669883468
CC1=CCC(=O)N1C=N,5.225555152861606
C(C1CO1)C1CC=CC1,7.270278846561622
CC1(CC1)COC2CC2,8.829243659919257
C1CC1(C=O)C2(CC2)O,6.06544720643959
OC1CCCC2(CC2)C1,8.90077955967408
C1C(CN1C=O)NC=O,6.890249567434617
C1CC11N=C2NC3C2C13,5.533937259523691
CCC1CC=CC(O)C1,7.096787629208117
CC1(OCC1O)C1CO1,8.726665607854112
CC1=NC(OC=N)=CO1,5.929178650942798
C1CC11COCC2OC12,8.597176838414214
C1CC23COCC2(C1)N3,8.654025173903303
OCC(=O)N1CC1C=O,5.831968297177399
CCOC(C)CCC=O,6.227092628022842
COCC1OC2(C)CC12,8.566641416111176
CC1=CC2NC2COC1,6.720868599696205
c1cocc1OCCO,6.069492674244725
CC12OC3CC1C2C3,9.04649498977722
C1C=CC2(O1)CC(=O)C2,5.862059687932321
CCCN(C=O)C=O,6.073939924539718
OCC1(C=O)C2CC1O2,5.791080054229729
COC1C2COCC1N2,8.419424173752725
OC1CC(=O)CC2CC12,6.113589618908836
O=CC12CC3C(C1)C3C2,6.286322369736017
O=C1C2C=CC1C21CC1,5.744358978325927
CC12CC3CC1C1C2N31,7.731079981578693
O=CC1CC2OC1C2=O,5.512641457148916
C#CCNc1ccon1,5.965267484379707
OCC(CC=O)C1CN1,6.081720402355662
CN1C=NC(C#C)C1=O,6.030506453749213
CC#CC12CC1C(=O)N2,6.720834275907504
CC12CC3C(OC1)C23,8.552428098651342
OC1CCC(=C1)C1CO1,6.710105254535828
CCC1C2CC=CC1O2,6.7287272954356325
OCC1(CC1O)NC=O,7.330000430515033
CC12CC3N1C3(CO)C2,8.38884216997201
OC(CC#C)(C=O)C#N,5.7460831512958706
OC12CC34CC=C(C13)C24,6.0733426671705555
CN=c1ccnc(o1)N,4.843903352354681
CCC12CC1C(O2)C#C,7.077756475571444
C1C=Cc2c(nno2)N1,4.419758408813835
O=C1CC2NC3C2OC13,5.381166348237304
C(C#CC=O)OC(=O)N,6.002536406563983
CC(=O)OCC#CC#N,6.318038488808339
CC1C2OC(=N)C1C2C,7.621555334196666
NC1C2OC1(C=C2)C#N,6.08459789555558
CCOC(=N)C(O)C#N,7.179823355847067
CCC1CC2(C)CCC12,9.174796664139949
CC1CC2(C1)CC(=O)O2,7.650835436214318
OC1C2COC(C2)C1=O,5.688592013143081
CCC12CN1CC21CO1,8.548163586300388
C1OC1C12CC1COC2,8.437481386466004
C1C(CO1)C2COC2,8.614839814742401
N#CC1C2NC1C1CC21,7.575170282901459
OC12C=CCC3CC1C23,6.446636507757996
CC1CCCC=CCO1,6.933522381793456
O=C1C2OC3C=CN1C23,5.354125062658675
CC1CC2OC2(C)C1,9.223689356050993
CCOCC1(COC1)O,8.40024157085978
CCc1c(n[nH]n1)CO,6.897261961416075
CC(C)CC1C2CCC12,9.051541282545921
CC(=O)N(C)C(=O)C,6.0798751887931015
CNC(=O)C12CC1OC2,7.0433072679390385
COC(=O)CC1(CC1)O,7.246357723306466
O=C1CCCN2CC12,5.437704323916225
CCC1CC(C#C)C1C,8.240514106611053
CC12CC3CN1C3C2O,8.010906332571691
CC(C)C(=O)C1(CC1)C,6.138547317266575
CCC1=CCC(CO)C1,7.005558783810614
CN=C1OC(C)C11CC1,7.214986517379203
CC1(C)CN2CC1(O)C2,7.904926328729932
CC(=NO)c1cnc[nH]1,5.329309926873635
CC1OC2C3CCC2C13,8.838383440504554
CC1OC2CCC1C2=O,5.830138515539284
C1CNc2c1onc2O,5.930938121522674
C#CCc1cc(n[nH]1)N,6.187834139404705
C#CCC1COCCO1,8.082466106234923
N=C1CC2NC2CCO1,7.207523660815511
O=COC12CC1CC=C2,6.487479413864836
C1CN=COCCC#C1,6.842284596119036
CC12C3N1C1CC3=CC21,4.170074052779026
OC1CCC=C(C1)C#C,5.704338991567513
CC(=N)OC1=NON=C1,5.930854850887558
O=C1CCC2(CN2)C1,5.914365873599108
CC1OCC2C(C#N)C12,7.82802851699523
OC12CC1C(=O)COC2,5.728748981363198
O=CC12CN(C1)CC=C2,5.478367095662119
CCC(CC=O)C#CC,5.983483452458131
CC1=C(C=O)C(=N)OC1,4.732851370760906
COCCC1OCC=C1,6.949301353449619
c1c[nH]cc1NC2CC2,6.1592011336322265
OC1C2C3NC3C(O)C12,7.755806209855715
CC1OC2CN3C1C23C,8.301992186603295
CC([NH3+])C1=CN=C([O-])O1,5.517305565385472
CC1CCNC(=N)C1=O,4.780687777975685
CCC1C(=O)OC1(C)C,7.488508977580215
CCc1cc(co1)C=O,5.074046334314404
O=C1CC2(CO2)C2NC12,5.784194695651588
CC1(O)C2CC3CC1C23,8.508703518051416
CC1C2OC(=N)C(=O)C12,5.136332957529868
Cc1conc(c1=O)O,5.101809809062244
CC12CC1(CO)N1CC21,7.8730146499951115
CCOC1(C)CN=CO1,7.448006461733875
CC12CN1CC2(C)C#N,7.3846553408252475
CCCOCC(=N)OC,7.490401030838751
c1coc(n1)CCO,6.673567819387797
CCC(N1CC1)C(N)=O,7.040266213431899
NC(=O)C(CO)CC#C,6.787255316517608
COC1C2CC(O)CC12,8.549823958598349
CC12CCC(C=C1)C2=O,6.08892236791619
CC1COC(=O)C(=N)O1,6.363191648344859
OCCC12C3CC1CN23,8.34471629473067
CC(C)(C)n1cccn1,7.181143854508122
CC1OC1(C)C(C)=NO,6.670784650009921
OC1CC2COC1C2O,8.282287155649602
O=CCCC1CN=CO1,5.909539032964096
CN1C2C(C1=O)C2(C)O,6.776129513146932
C1N=CN2C3C4NC3C124,5.455478646725943
COC1C2CC2C=C1C,6.555777308556191
CC#CC1C(O)C1O,7.045594479796314
OC1CC=C(C1)C1CC1,6.757169110841468
COC1CC1C(C)C#N,8.099783346374931
CC1COC11COC1=N,7.2030171997966
CCC12OC3C(C13)C2O,8.038870588414193
CC1CC2CC(O2)C1=O,5.649195700222638
O=CCCC1CC2CC12,6.215155955027162
CC(O)C(O)C(N)C#N,8.074641441313897
CC(CO)(C#C)C1CO1,8.043643140951373
CCC1OC2CC(=O)C12,5.911131008716948
OCC1C(OC1=O)C#C,7.15829956024062
O=CC1=NC2CC(C2)N1,4.733305436647048
OCCC1C2CC1O2,8.56256682178811
NC(=O)N1CC1C1CN1,7.65594555180928
OCC1(O)C2CC1C2=O,6.347304460497824
OC1C2CC1C(O2)C=O,5.940842314687839
Cc1c(ccn1C)C#N,5.837805250032372
COC1CN2CC2C1C,8.16193583251258
OC1C2CC1C1CC2O1,7.6013914625186985
OCC(O)C1=NNC=C1,7.067035891661938
CC1C(O)C(O)C1C#C,7.781655714485542
CC1C2CC3(CCO3)C12,8.455418826643312
CC1C2N=COC12C=O,5.586987445944048
CC12CC(O)C1OC2=O,7.398657777006288
CC(=O)NC(=N)C1CN1,6.178885175954512
CCc1[nH]cc(n1)OC,6.5685984083622575
CN1C(C#N)C(N)C1=O,6.432663501439
N#CC1CCC1C1CC1,8.668579213477246
CCC(NC=O)C1CC1,7.64407275723843
N=COC1=CNC(=O)N1,5.528761451890148
CC(C)OC1CC1C#C,7.983115090901991
OC1C2CC1(O)C1OC21,8.401475247841605
CCC1(CC#N)CO1,8.501629589216245
CCOC1(CC1C)C#C,7.489855368904326
O=CCC1CC2CC2O1,6.120708565965666
CCCC1CC(O1)C=O,5.925923841039905
COCc1c[nH]cc1N,6.272102852752957
CC1=C(C(=O)NC1)C#N,4.842881528605522
CC1COC2(C)CC2C1,8.563273826336674
CC1CC2(O)COC12C,8.297121127476709
CC1([NH3+])CC1C([O-])=O,7.087919322457344
CCC(=O)OC=NCC,6.784843553938385
COC1(CN2CC12)C#C,7.017165805627172
CC1C2C3C(O)C2(C)C13,8.834342300715209
CC(=O)CC1CC1C#C,6.275153287432978
O=C1CC2NC1CC2=O,5.059995266427399
C1C2OC=NC3COC123,6.588682748959869
Cc1coc2c1OCC2,5.956138051872845
COC1(CC=CC1)C#N,7.178700809180894
CC1CC11CCC1(C)C,9.057054321012952
Cc1cc([nH]c1C#N)N,5.840823415852968
CCC1(C)COC1=O,7.593794429411885
CC12CC3OCC1C23C,8.349170152846604
CC(C)CCC(O)C=O,6.222518893243467
CC1OCC(N)=C1C=O,4.954778872908079
CC1(CC#N)C2CC1O2,7.473544091415171
N=C1NC=NC1C1CO1,6.150528417509342
CC1=CC2C(C1)C2(C)C,6.655671364027341
Cn1cc(cn1)CCO,6.827589129157476
OC12CCC3C1C=CC23,6.390366143372997
OCC1CC1(CO)C=O,6.140160601717928
C1OC2C1C1COCC21,8.10387192705738
CCN1CCNCC1=O,6.695753219521237
OC1C2CC1N2CC#N,7.165861906908364
OC(C#N)C1=CC=NO1,6.807149609961986
OC1C(CC#N)C1C=O,6.040999973416028
COC=NC1(C)CC1C,7.17335871618804
COC12CC1CC2CO,8.633059587039936
CC(CC1NC1C)C#N,7.814712413448834
CCC(C=O)C1CO1,5.951186526621695
CCCCCC(C)C=O,6.790720029442384
CC1C2C3N1C(=N)C23O,6.763345111952025
C1OC2CC1CCC=C2,6.833496453160652
Cc1cc(nc(=O)o1)O,5.331446106381171
COC1CC2OC1C2C,8.700085782140029
OC(C#C)C1COCO1,7.642042172095751
C1CC1C(=NO)CCO,6.609359692698872
C(CN=C(C#N)N)C=O,5.554396544161785
CCC12CC(O1)C(O)C2,8.44640728852832
CC(N1CC1)C(=O)C#N,4.685183934387291
COCC1CC2(O)CC12,8.769898275044417
CC12CC3C4CC3N1C24,8.143082194192404
O=C1CCC11COCO1,5.573192459996635
CCC1=C(C)COC1=N,6.101376153471764
CCCC1(CN1)C=O,5.959764652509159
O=CC1C2OC2C11CN1,5.827548791365663
CC#CC1C(C)C1(C)C,7.6612915086249185
OC1C2CC11OC(=N)C21,7.368989652431427
OC1C=CCCC1C=O,6.005922582288401
C1OC2COCC22NC12,8.783930771821971
C#CC12CN1CC21CC1,7.154893644680918
OC1CC11CCOC=N1,6.703149381654971
CC1CC2C3CCC3C12,8.773955661945728
COC=Nc1c[nH]cn1,5.128743816313013
CN1CC1C1CN1C=O,6.700470736361671
CNc1cc(on1)C#C,5.053051313795608
OCC1NC2C1OC2=N,7.015443504994748
C1OC23COC12C1NC31,7.458955286765216
CCC(O)C(O)C1CO1,8.657177013611527
c1c[nH]nc1CCC=O,5.911560214124269
C1OC11CCCN2CC12,8.28950173857452
CC1CC2CN2C(=O)C1,6.7551859413628375
CC1OC(C)C1C#C,7.641284244855301
OC1CC11OCC1C=O,5.59240391832059
OC(C#N)C12CC(C1)C2,8.311949079701343
CC(=O)C(CO)CC=O,5.83525277902449
OC1CC2(C1)OC1CC21,8.096743449566159
CC1(CO)C(O)C2CN12,7.916178687865811
Cc1cc(on1)CCO,6.533399931199102
COC1C=C(C)C2NC12,6.397428214285012
OC(C#N)C1C2CC1O2,7.497675676467029
CCC1(CO1)C(=O)C=O,3.9497294539201517
CNC(=O)C1CN1C=O,6.80422294743502
O=CCC12COC1CO2,5.828536175060393
O=CC(=O)C12CC(C1)C2,4.621973747929393
CC1C2C=CCC(C)C12,7.082026723183271
CC1CC(O1)C(=O)C#C,5.031269299661904
CC1=CCN(C(=O)C1)C,6.757519383821666
CC#CC1=CCC(O)C1,5.779515345577457
CC1OC(=N)NC1C#C,7.114681762850031
CCC1(CC(C)C1)C#C,8.273626002207898
CC12CC(OC=N1)C2=O,5.8639984159277105
CC(=O)C12CC3C1CC23,6.532060591902285
CC(O)C1=C(N)N=CN1,6.187111222758548
CN=C1ON=CC(C)=N1,4.096203438070692
CC1OC2(CC2O)C1=O,5.6237638650868425
CC12OC(=O)C1C2C#C,6.8675018887235755
CCC1(C)OCC1OC,8.556780279217358
C1C2CCC3CCC3C12,9.062677305817271
CC1C=CC(C)(C)C1C,7.3398049511847745
Cc1c(n(c(n1)O)C)O,5.794658869291958
O=C1C2CC3CC1OC23,5.786065456715612
O=C1NC2CCC3C2N13,7.446474640578998
OC1C=CCC2OC12,6.831870245942366
CCC(C)C1CC1C=O,6.201166089864969
OCC(C=O)N1CCC1,5.518884476094558
C1C2CCOC1C=C2,6.8254852044065375
CC1OC2C3NC3C2=C1,6.283381745499282
CC12C3C1C1(C)CC3N21,8.425524578956042
CC1OC2(CO)C(O)C12,8.055647040230486
CC12CN3CC(CC13)O2,7.857139889794013
CCC1(CCC1=O)C=O,5.582309820521857
CC(=O)C#CC1CCC1,5.556654087293977
CC1(C)C2CCC=CC12,6.781389987522966
CC1(C(N)C1[NH3+])C([O-])=O,7.246885770411387
CC(=O)OCC(=O)C#N,5.476390377757019
Cc1c(cnnc1N)O,5.120236945699508
OC(CCC#C)CC=O,6.154684760286035
CC1CC1C1CC(=O)C1,6.09296138403899
N=CN1C=CCCC1=O,5.252770543210151
CNC(=O)C1(COC1)N,7.256239592087625
CC1OC2COC2C=C1,6.787847470904069
CC(=NO)C(O)C1CC1,6.613522888115582
Cc1c(nco1)OC,6.12305761280102
CC1C2OC2C11COC1,8.366434200498428
C1C2CC3CC2C1OC3,8.611101536726949
CC12CC3N1C2C31CO1,8.690108154395535
C1C(CO1)C2(COC2)O,8.142148738420023
CC1=CC2C(O)C2(C)C1,6.405796032817326
OC(CC=O)CC1CC1,6.083351499149235
C1CN(C=C1)C(=O)C#N,4.839448048454985
CC12CC1COC(=O)N2,7.878792000723216
OC12CN(C1)C21CCC1,7.953587054382657
CC1C2CC(C)(C#N)C12,8.328302172845012
CC1CN2CC3(O)C1C23,7.730696788527155
CCC1CCC(O1)C#C,7.836045768485972
N=C1OCC2CC2C1=O,5.234975499629705
OCC1(CO1)C(O)C#C,7.439815205418117
OC1CC1COCC=O,6.0094238811038245
CN1C(CC11CC1)C#N,6.56321177560413
CCCC1=CC(C)CC1,6.999094666837433
OC1CC=C(C1)C#N,6.00396346360399
c1c2n(cn1)CCC2=O,5.219347883135203
CC12CC3C4CC(C14)C23,9.542822349650251
N#CC1CC2N=COC12,7.045116829392087
CC1CC2(O)C(C)OC12,8.26096004406162
c1c2c([nH]n1)C(=O)NC2,6.00848602541227
CC1CNC(=O)C(O)C1,7.217071489174577
CCC12C3C4C3C1(C)C24,7.888360469393314
CC1(C)OC11COC1=N,7.3544225669525005
OC1CCC(=O)C1C#N,5.964584935933517
CC12CC(C1)C1(CC1)C2,9.57416207703661
N=C1CC2(CN2)C(=O)O1,6.548359690381857
CC#CC1CCC2NC12,7.719548391481917
CC(C)C(C)C1OC1C,9.01420845283372
CN1C(=N)OC=NC1=O,5.248549889275709
CC12NC(=N)OC1C2O,7.030733611647757
CC1(CO)CCC(=O)O1,7.677732129755739
CC1=CC(=O)CN2CC12,4.697624351400589
Cc1ccoc(=NC)c1,4.4083012252112415
CC1COC(CO)=N1,7.245464982040802
CC1OC(C)C1OC=O,7.3927805596221745
OC1CC2CC12N1CC1,8.083498903270923
O=CCC1=CC2CN2C1,5.583580956328767
CCCC1C2C3OC3C12,8.624229957183784
OCC1CC2(O)CC1C2,8.94183976951722
CCC1(CCC1)C(=O)C,6.171607568545301
CCN=C1OCC1C,7.624073276672034
O=CCN1C2C3CC3C12,5.733767678356774
CC12CCC1CNC2=O,7.364473197352163
Cn1cnc2c1OCC2,6.141320378771509
ON=C1CCCC2CC12,6.859451837562519
N=COC1=NC=NC=C1,5.551173542706433
CNc1cc(no1)CO,5.934309739130189
CCC1=CC=NOC1=N,4.655553612287212
OC1CC2(COC2)C=C1,6.807195603724952
CC12C3C4CN(C14)C23C,7.98575691069464
CC1CNC2=CON=C12,5.636444410699438
CC1C2C(C3CN23)C1=O,5.612001247292858
N#CC12NCC3C1CC23,7.294723044790419
CC12NC(C1C=O)C2=O,5.458928964334497
OC1CC2COC=NC12,7.243660343120502
C1NC1C1COCO1,8.82305687123262
CC(C)n1c(=O)[nH]cn1,6.471503227919042
O=C1CCC(O1)C1CC1,7.503917566797364
N=C1OC2C3CN3C2=C1,5.392129242651646
COCC1(C)NC1C=O,5.960674305231907
COc1coc(n1)C#C,5.431047663651891
N#CC1CCCN=CO1,7.128737460122814
OCC#CC1C2CCC12,7.103130817534744
OCC1CC=C(C1)C#N,5.8616696794108725
CC1OC1C(O)C#N,7.926836673342711
CCc1cc(co1)N,6.030013956893985
CCC1C2N(C)C1C2=O,6.319848657251193
COCCCOCC=O,6.347979505196948
CC(=O)CC1NC1CO,6.2952579519634995
COC1(C)C2NC2C1=O,5.665056688592072
NC(=O)CC1COC1=O,6.967149269054637
C1CC(O1)C1=NNC=C1,7.022618124309062
CC12CC(C)(O)C1O2,8.6199746833904
CCC1OC=NC1C=O,5.79169031882133
OCC(O)C1(CN1)C#C,7.476564324484765
C1C2C3C4OCC3N1C24,7.863419433242818
COC1CC(C1)C1CO1,9.023297797648658
OCC12COC1C2C#N,7.495759882788583
COC1(CC1)C1CC1C,8.679891529269623
CC1(CC#C)COC1=N,7.713393707455522
CCC1C=CC=CC=C1,5.267840435248942
COc1c([nH]nn1)C#C,5.4705198551041745
CN1CCOCOC1=O,7.6893102758079594
CC1C([NH3+])C1CC([O-])=O,7.24340926443738
O=C1COC(CC#C)C1,6.106336995337312
c1c(ocnc1=O)CO,5.821014905518239
C1OC1C1=NCCCO1,7.144929900624718
CCC(C)(C)CC(=O)C,6.353834734379497
c1c(c[nH]c1CC=O)N,4.892333774241399
O=CCCC1COCO1,6.315994145338519
c1c(nno1)CCCO,6.364054594164202
CCC12CC(C1)C2C#N,8.891919787059097
CCn1cncc1C#N,6.052880065980826
O=C1CCCC2CC2C1,6.077975802234667
C(CC(C=O)C=O)CO,5.3639743883349515
CC1(CN(CC1=O)C)C,5.267360917314951
Cn1cnc2c1ocn2,6.139166916691643
CCN=C(CO)NC=O,6.084105026640438
C1C(=O)CC1(C=O)C=O,6.566509503571304
CC12CC3C(C13)C(=N)O2,7.424261361432235
CC1(CN2CC12)OC=N,7.286391551550015
O=CC12NCC1CC2=O,5.117210066457304
C1CC(=O)C2(C1=O)CN2,5.0773366896520855
CCc1cc2n(n1)CC2,6.878945941143487
CCC1NC1C(C)=NO,6.556733102051711
C1CC1C1CC2CCC12,9.261630042338263
CCC1=CCC(=O)C1,6.039616876445455
CC1C2C3C4C2C1(C)N34,8.294512065463108
OCC1CC(C#C)C1=O,5.858083260642991
CCC1(C)CC2CC12O,8.47968366562708
N=C(C#C)N1CC(=O)C1,4.8811529831931635
COC(C)(CO)CC#C,8.173681991803246
OC1C2C3C4C1C2CN34,8.063750471343363
CC1C=CCC(O)C=C1,6.158830385207036
O=C1CCC2C1C1CN21,5.788172730741324
O=CC12CCC1OC2,5.82115707124281
CN=C1OC2C(CO)C12,7.097183367237777
Cc1c(nco1)CCO,6.454319180683603
CC1N2CC1(C#N)C2C,7.355100414870826
O=C1CC2C3NC3C2C1,6.0012178764015065
OC1CC2CC(=O)C1N2,5.931836503552518
CC12CC3(CC3)C1CO2,8.433313669353236
CC(C)OC1(CC1)C#C,7.686467545352867
CCC(O)C1(CO1)C=O,5.789105729967525
c1coc(=O)c(c1N)N,4.203048808850453
ON=C1C2C3C2C1C3O,6.538986228567801
O=C1C2CC3(COC13)O2,5.55641627594988
CC12CC(C1)C(=O)NC2,7.067206302422985
CC(CCC#N)CC=O,6.240832586715565
C1C2OC22COCCC12,8.623128494426243
CNC(C)(C#N)C1CO1,7.553610446757001
CC1(O)C2CCC1C=C2,6.853885726446757
Cc1cnc(o1)NC,6.247956404418748
OC1C(O)C1(C)C1CC1,7.9564592737541275
C#CC(=O)CCC(=O)N,5.010269357059547
OC1CC11C(O)CC1=O,5.785263331545011
Cn1c2c(cn1)nco2,6.346956407043261
c1c[nH]c(=O)cc1C=O,4.621479067221104
CC1CC2=C(O1)C=CN2,6.198964406737966
C1OC2C3CC1COC23,8.309961020065565
OC1CCN(C=O)C1=N,6.142866834778388
CC1CC(O)C(C=O)=C1,4.95776473561758
CN1CC(C=O)C1C=O,4.48611515894069
CCOC1COC1C#C,7.3464259504769105
CNCC(C=O)C#N,5.35345220714313
CCC(CC)C(=O)OC,7.485430426053589
CN1C2C3OC2(C#C)C13,6.552799912761651
CCC1C2C=CC(=O)C12,4.983235653842842
C1C2C3C2C2CC3OC12,8.59115577076448
CCC1CNC(=O)C1=O,4.549709561686784
CC1(CCC11CO1)C#N,8.272833784988174
CC12C3N1CC2CC3=O,5.79561138746875
CC1CCOC2CC1C2,8.705722981307499
[NH3+]C1C=CCC1C([O-])=O,6.574994962022152
CCC12CN1CCC2O,7.869674925504292
OC1C2CC1(O)C(O)C2,8.26830007945098
ON=C1COCC11CN1,6.30865548079145
C1C2CCOCCOC12,8.158432376592357
CCC(C)(O)C(C)C=O,6.087507679434382
CC1=CC(C#C)N2CC12,5.880561936802028
OCCOC1CC(O)C1,8.454113732045691
CC1C2C3CC2C2C3N12,8.32932176637135
CCc1c(cc([nH]1)C)N,5.953477212587986
NC(=O)C12CC(C1)O2,7.206787182095778
CN1C=NOC(=O)C1=N,5.227500751798357
CCC1CC2CC(C1)O2,8.603716267558859
CCC(O)(CC)C1CO1,8.76246659991153
OC1CC11CNC1=O,7.231801383629373
CC(=O)CCC(=O)CO,6.047278322853531
CCC(=NO)C1OC1C,6.5206213999837725
COCC(O)C(C)C#C,8.07344572167182
[NH3+]C1(CC=CC1)C([O-])=O,6.708760471871152
C1CN1C1C2C3CC1N23,7.994923048218306
OC1=CC(=N)C(O)=CN1,5.321655910188481
CC(C)(C(=O)C(=O)N)O,4.9075320991513225
OCC1NC1(CO)C=O,6.09309497659915
CCC(=O)CC(C)C=O,5.978339936834242
CC(C)N=C1OCC1N,7.210644663066074
CC1=NCC=CCCO1,6.48013707372179
C1CC(C1)OC2CC2,8.849096037546738
N#CCC12CC1CC=C2,6.695488898785245
CCC(C)N(C=N)C=O,6.16026330975564
OC1C2NCC(=O)NC12,6.5516920794042175
O=CC12C=CC3CN1C23,5.365637870819267
CCNC(=O)C1CCO1,7.344677116415186
CCOC(C=O)C(C)C,6.004099557069889
C1C=CC(=O)CNC1=O,4.73754716815152
C#CC1COCCC=C1,6.867853738859658
CNc1cc(cnc1)O,5.213788046648784
CCC1=CCOC1=O,6.135176208234081
CC(O)CC12CC(C1)O2,8.433276319788105
CC1=CCOC(=N)OC1,6.929187133278836
OCC12NCC1OC2=N,6.9353298508660135
c1c(cn[nH]1)C(=O)CO,5.4039140580846485
CCN1CC(=NO)C=C1,4.846555540781638
N#CC1N2CC2C11CC1,7.268872097458478
Cc1[nH]c(=O)c(cn1)N,5.010403835181663
c1[nH]c(c(n1)O)NC=O,5.727966904163216
OC1COCC(O)C=C1,6.5943362933258
CC12OC3(CO)CC1C23,8.295882715819147
Cc1nc(co1)NC=O,5.700159149926488
C#CCOC12CC1CC2,7.49992506953672
C1CCC(C1)OCC=O,6.089194894088533
COCC1CC(C)C1=O,6.086863914290195
CCN1C(C)C1C#CC,7.0651315038716245
CC1C2C(=O)C(O)C12O,6.075733619881974
CCCc1cocn1,6.689488335113653
CC1(C)OC1CC=O,6.227792943574238
NC12CC1(OC2=O)C#C,6.243764625716763
CC12CC(C)(C1)C1NC21,8.349132099979537
N#CC1C2C3CC1OC23,7.88133868990886
CC(C)(C)C1OCC1=O,5.807890173447921
OC1CC1C(=O)CC#C,5.918671180394586
COC12CC1OC21CC1,7.840655168167428
CC12NC1C1C(C#N)C21,6.865527014924858
CC(O)C1CC2(C)CN12,8.031197357129924
C1CC2C=CC3NC23C1,6.512158883216438
CC(O)C12CC1C1NC21,7.606903574447405
N=C1CN(CCO1)C=O,6.743361669749388
COCc1nccnn1,5.006982151707167
CCC1=CC(=NO)CC1,5.621163807091005
CCOC1C2NC2C1O,7.998394813078365
CC(CCC#C)N1CC1,8.011036690630295
OCC1=CC(=O)C(O)C1,5.19271656787242
CN1CC11C2CC1O2,8.421629549479691
O=C1NC2C3N=CN1C23,6.232520903113595
CC1C2CC2(CO)C1C,8.691807344144431
CC1CC(O)C(N1)C#N,7.308383882362883
CC1(COCC1=O)C,5.854288610535058
CCC1CC2(CC2)C=C1,6.978253284360626
CC12CC(C1)NC2=O,7.17058352540386
C1C(=NCC#N)OCO1,7.348162169484199
CCC(=O)COC(C)C,6.022837882342948
O=CC12C3OC4C(C14)C23,5.716214104684654
CC12OC1CC=CC2O,6.628976326392013
O=C1CNC11CC2CC12,5.666759729983648
C#CC12CC1N=COC2,6.705973105075878
CC1=CC(=O)N(C1)C=O,5.284451585300527
O=CCC1C2CN1C2,5.814979191798103
OC12C3CC1C=CC2O3,6.4894078886130675
C1CC1C(=O)C(=O)C=O,3.060197834924393
CC12OC3CCC1C23C,8.282791934057082
CC(C)C1OC1CC#N,8.401562875860147
COCC12OC1CC2=O,5.758057036217779
CC12OC1C1CC21C#N,7.319536345168859
COCC1CC2(CO2)C1,8.91801247825295
CC1C2CC(=O)N(C)C12,6.989858426033932
CC12CC3(C)C1C1C2N31,8.297650813722973
CC1(OCCCO1)C=O,5.7891781281981824
CC1C2N1CC2(O)CO,7.82669519017355
N=C(C#N)N1C2CC1C2,6.0567772410194705
OC12C3N=C4CC1N4C23,4.749926238223219
NC1=C(C=CO1)C1CO1,5.811782112152203
C1CC(C1)OC(=O)CN,7.142930659082079
C1C2CCOC3CC2C13,8.501405237036321
CC1=CC(=O)C2(O)CC12,5.021017450887985
CC1C2NC=CC(=O)C12,4.845970232297009
CCC1NC1C(=O)CC,6.133956101285802
C1OC23CC(CC=C2)C13,6.534586866286494
OCCC(=O)C(O)C#N,6.12949115172832
O=CCC12CN3C1CC23,5.741592220466762
CC1(O)CCC(C)(O)C1,8.595929119581212
N#CC1NC2C3NC3C12,6.707101772634736
C(CO)N=COCC=O,5.917740592586107
CC1CC23NC12CC=C3,6.111006983275604
CC(O)C(C#N)N1CC1,7.404185076722154
C1OC2CC1OCC2,8.86173988542627
OC1C2NC3C1(O)C23O,7.57320909787526
Cc1cc(nn1C)CO,6.851857242061479
CC1(C)C2OCOC12,8.53914090194946
CC1C(=O)CC1(O)C#C,5.7847726490739415
O=CC1=CC2CCC1C2,5.04550377194545
CC12COCC1N=CO2,7.300043841784642
O=C1OC2C3CC=C1C23,5.689782645224721
CC12C3C1C1CC3C2C1,8.798127405517917
CCCC1C2OC2C1O,8.73136451050055
CCN=C1OCC1O,7.491096958969486
CC1=CCOC12CC2,6.265022953547784
CC1=CC2CC1C(=O)O2,6.750568374004279
CC(O)C12CC(C)(C1)O2,8.555073859098119
CCC(CC#N)C1CC1,8.928960769152427
c1c(n[nH]n1)CCC=O,5.982585220269668
CC1CC2(CC2)NC1=O,7.366655016805311
CC1(C)C2N3CC2(O)C13,7.8010090529303024
O=C1COC2(CC12)C#N,5.78317327423547
OCC1CN(C=N)C1=O,6.539670288797651
CC1CC=CC2(C)OC12,6.744093070958351
COC1(C=O)C2CC1N2,5.604950275348264
C1CCN(C1)C(=O)CO,7.3813036525865705
CC(=NO)C1CC(=O)O1,6.610445460969411
CC12C3C(O)C1(O)CN23,7.864529853130772
O=COC12CC1C(=O)C2,6.024818498887166
CC1C2CC3OC2C13,8.863286929971562
CNC(=O)C1CNC1=O,7.115242218989115
CC1(CC(O)C1=O)C#C,5.758543858036469
CC1=CC2COC1CO2,6.6424261235642525
OCC1(O)CCC11CC1,8.436741928052694
CN1C2CC3(O)CC3C12,8.014408722129556
C1C=CCN1CC=O,5.579317352480606
CC1CCOC(C)(C)C1,8.58952909668646
C1CC12CC=CCC2=O,5.939325017983073
COC(C#N)C1(N)CC1,7.407437055559792
CC1OCC(O)C1(C)C,8.261793697368638
CC(O)CCC#CC=O,5.691441309602208
CC1CC2CC2CC1=O,6.054954356526332
N=C1CC23CC2(CC3)O1,7.45882126174296
CC1=NC2CC2CCO1,6.961610116877013
CCC1CC(=O)C2CN12,5.645489721729108
CCOCCNCC#N,7.20185326891384
CCC1(C)CC1C#CC,7.775410883403006
OCC1OC2C(C#N)C12,7.612569118111157
OC1C(=O)CCNC1=O,5.65731564757959
c1c(c(on1)N)C2CC2,6.029708042986484
CC1CC2(O)CC2(C)O1,8.25175786711805
COC1CC2(O)CCC12,8.689786011221113
CC1(CO1)C(O)CC#C,8.188289138281082
OC12C3NC3C3C1CC23,8.146254584587536
Cc1cc([nH]n1)COC,6.92446081532968
OC1CC2C(C=O)C12O,5.983365556734395
CC1CC(C#C)C(C)O1,8.250822305610933
N#CCC1C2C3NC3C12,6.978128088912319
CC12CCC(O1)C2C#N,7.684109011569012
O=CCCC1(CO1)C#C,5.9650014688599855
CCOC1(CO)CC1O,8.218508423701671
O=CC1CCC11CCO1,5.753392461192893
OC1CC23CC4N2CC134,7.240336735282412
Cc1cc2n(n1)CCO2,6.592133173341212
CC(C1C[NH2+]1)C([O-])=O,7.38473732651957
N=COCC#CC1CC1,7.3153812578785615
CC12CN(CC1N2)C=O,6.708720947224906
CC1C(=O)NC11CC1O,7.092139992790835
CCC(CC)OC1CC1,8.909952172816693
COCC1(C)C(O)C1O,7.967808835014196
Cc1cnc(nc1)NC,5.162582622298095
COC=NC1CC=CC1,6.660747143658667
CNC12CN=C3NC1C23,5.646813197969814
C1C2CC3OCC=C3C12,6.31224538039873
OC12CC3C(C1)N3CC2,7.924186620504406
CC1OC23CC12C=CC3,6.103134778946631
CC1CCCOCC1O,8.554871437848568
C(C1CO1)C1=CON=C1,6.466465051949735
NC(=O)OC12CC(C1)C2,8.531117190980238
CN1C2CC1C2(C)O,7.775040565924117
C1C=CC(=O)COC=N1,5.727141956463015
N=COC1CC2OC12,7.5323533863872765
CC(C)(C)NC(=O)OC,8.298589898891708
CC(CC1(O)CC1)C#N,8.42181545755445
O=C1CC2OC3CC12C3,6.016926895414983
CC1N2C3C2C1(C)C3O,8.12938266875899
C1OC=NC2C3OC1C23,6.523361656540066
NC1=C(NC=N1)OC=N,5.637322709991622
OCC1=CCC2CC1C2,6.947209331096868
Cc1ccccc(=O)c1,4.6017677222863185
CCN=C(CCO)OC,7.100554048548187
O=C1CCC(OC1)C#C,5.968396318840532
CC(C)C1(CC1)C(=O)N,7.45973312433842
CCc1c(c[nH]c1C)C,6.649101350068708
CCC12CCC3C1OC23,8.711077438080256
CC1CCC2=CNC=C12,6.571430643352482
CC1C(NC=O)C1C=O,5.816099096795945
C1CC2C1C1COC2C1,8.543184844897796
CCC1=CCC(=O)NC1,6.697742915703217
CC1OCOC11CC1,8.902026429566236
CC1CC(C)=CC1CO,7.07364094718334
Cc1c([nH]cn1)CO,6.549997840632029
CCCC1(CC1)OCC,8.73724976150105
CCC1(CO)C2COC12,8.16578449727501
CC1C2CCC(C=O)N12,5.745016516213666
CCCC12CC(C1)C2=O,6.576357173404758
CC1C2C=CC1(O)C2O,6.47340749455274
NC(=O)C12CCC1CC2,7.402531220999449
CC1(O)C2C3CC2(O)C13,8.166894983297938
CC12COCC1OC2=N,7.607831424925441
CC12CN1C(CCO)C2,8.13039690007231
O=CC1C2NC2C11CN1,5.88654514613803
CN=C1ON=C(O)C=C1,4.465583315735868
CCC1=NC(C)CCO1,7.327433503546763
C1COC(=O)CC(=O)N1,6.536444124857516
COC12CCC3C1OC23,8.644567035451963
CC1C2OC2CNC1=O,7.22052937088757
C1C2OCC3C4CC23N14,7.806796943749179
C1CCCC2(CC1)CC2,9.214923690537097
CCC(=O)n1cccc1,5.005285215925078
CN(C)C(=O)C1CN1C,6.841245629477269
CC(=O)CC(C#C)C#C,6.442182503126423
OC12CC3(O)C1CC23O,7.500018933414729
CC1C2CC1C2C(C)=O,6.481997880825546
c1nc(c(n1C=O)N)O,4.696599975606786
CC(C1OC1C)C(N)=O,7.209677179115893
CC12CC(C)(C1)C2C#N,8.819358584442321
OC1CC(O)C(=O)C=C1,5.23200999743225
C1CC2CC3NC3C2=C1,6.498136052128786
CC1C(C)N2C1CC2=O,6.728405494932673
COC(=O)n1nccn1,5.627151151680939
OC1CC2C(=O)CC12O,6.01828396330349
CC12CN1CC(=O)C2,5.766485197004147
OCCOC1CN=CO1,7.353035740131851
OC1(CNCC1=O)C#N,5.5462416033685695
OC12CCC3C=CC1C23,6.474478857776817
OC12CC3(O)C(CC13)C2,8.108689731725951
OC1CCC2=C1ON=N2,5.822645882970159
CC(=O)C1C=CNC1=O,5.2100116138566115
COC(C)C1OC1(C)C,9.010552633191558
C1C=CC2COCOC12,7.25760072395701
OC1C2C(=O)CC12C#N,6.0795769146629794
OC12CNC1=NCC2,6.449660098708525
CC1=NC(=N)N=C(N)O1,5.56650264820086
C1CC1CC(C=O)C=O,5.379806272893131
CCC1N2CC1(C2)C#N,7.151862907979225
Cc1cncoc1=NC,4.732921153712902
CC1(CC1)C1(CO1)C#N,7.926490163252658
CC1CCCC(O)C=C1,7.079659798780916
CC1(C)C2CC1(CO)C2,9.1422928588457
COC(C)(CO)CC=O,6.046107721112659
CC(O)CC1=CN=CN1,6.844210441439918
Cc1c(n2c(n1)CC2)O,6.265222968119632
CC(CO)C1(CN1)C=O,5.9826712114083005
CC1=CC2C3CCC1C23,6.388905582373416
c1cc(oc1CCO)N,5.816691524160107
CC1=CNC(=O)CCC1,5.911773228014987
CCCC(CO)C#N,8.337222567885966
CN1C=NC2CC12C#N,6.419973686822321
CC12CC(N)C1(O2)C#N,7.083078599460129
COC1(CC1C)C(N)=O,7.226820687869823
O=C1CN2CCC1C2,5.2093660777352255
C(C=O)N=CNCC#N,5.931779084200324
CC1OCOC1C#C,7.874677069766793
C1CC(=O)C(C(=O)C1)O,5.468429269088791
COC1CCOC=NC1,6.67051283767268
C1N2C3C=CCC=C1C23,5.492473481506619
Cc1c([nH]nc1O)C,6.42961779403041
OC1C2CC2C2CC1C2,9.045481369638608
CC1OC2CC(C)CC12,8.568241668831732
C1OC2C3CNC12CO3,8.280343499056098
ON=C1CC2(CN2)C=C1,5.294193776746575
NC(=O)C12CC(O1)C2O,7.288571933141534
C(CCC(=O)N)CCO,7.291676214630706
CCC(C#C)C1CC1O,8.143922882443764
N=C1NN=C(C=O)C=C1,4.445602329120362
OCC1(CC2CC12)C=O,6.0443899084507375
CC1(O)C=CC2OCC12,6.910825729412568
CN1CC23CC(C)(C2)C13,7.944128322391187
CC12CC3N1C2CC3=O,6.012679267218051
CCC1CC1C1CCC1,9.280288871953628
CC1(O)CNCC1=O,5.608343237206638
OC1C2NCC1(O)C2=O,5.489022860056388
CC1(CC(C1)C2CC2)C,9.31797146225826
C1CC1(CO)C(=O)C=O,4.159559799471718
CCC(=NO)C1(CC1)C,6.752282805654303
NC(=O)N1CC2CC2C1,7.660867304252797
CNC(=O)COC1CC1,7.275236304652665
C1NC1C#CC1CO1,7.076639721018671
CC1COC1=NCC#C,7.271697491034435
NC1(CC1(O)CO)C#N,7.499636107009201
CCC(=O)C(C#C)C#N,5.969123679277701
CN=C1OC=NC(O)=C1,4.676311799267139
CC1=C(C)C(O)CC1O,6.890283241998845
C1C23CCOC12C=CC3,6.21640231765813
CC1(O)C2CC(CO)C12,8.403838207167828
C1OC11CN=C2NCC12,6.36625226036659
COC(CO)C1(C)CC1,8.682274789687371
CC1=NC(CCO1)C#C,7.16951197914394
CC(O)C1=CC2NC2C1,6.555987794850615
CCC1(O)C=CCC1O,6.944434768216449
CC12OCC1C2CCO,8.351551637042924
COC1C2CC=C(C)C12,6.447057980867193
Cn1c(=O)c(=O)[nH]cn1,5.461958540494331
CC1CC2(CN2)C2NC12,8.143438344343963
CC1C(O)C(C#C)C1=O,5.668511518909762
CCC1COC1C=O,5.74678366769282
COC1C2CC=CC12,6.41049375931508
CC1C2C1C(C)CC2C,9.168785721860647
CC1CC(=O)C=CC=C1,4.581757975541947
CC1=CC(=O)C(O)C1=O,4.563432469832147
CC1=CC(=O)C2(C)CC12,5.069918782538194
C1CC2OCCC3C1C23,8.5979341203164
CCn1cncc1C=O,4.828950416239097
CC(OCC1CC1)C=O,6.058964050673536
N=COC12CC1OC2,7.304998321038989
N#CC12CN3C(CC1)C23,7.402748697217495
C#CC1=CC2OCC1O2,5.699611110845639
CC1(C)CC2OC=NC12,7.348786255166823
CC12CC3C1N3C21CC1,8.489056807895757
CC1C(C)C1C(O)C=O,6.004507547916736
COC1CC23CC(C2)C13,8.837616434360346
CN(CC=O)CC#N,5.427031854057032
CN=C(C#N)N1CC1C,5.458345852547158
CC1C2C3N2C(=O)C13C,6.54309906800299
CC12OC3C1C(C=O)C23,5.775174600323549
CC(O)C1=CCOC1C,6.681315262090609
CC1NC2C1OCC2=O,5.446942997623784
CC1(CN1)C1OCC1O,8.246210478542055
O=C(C#N)C1CC2OC12,5.057645370450633
c1cc(c(=O)cnc1)N,3.815626154720304
Cc1cc(=O)c(c[nH]1)N,5.062016807203419
COC1CCOC(=N)O1,8.293157144392639
OC1CCC1(O)C1CN1,8.060243149109915
OC1C2CC2(O)C11CO1,8.284716350531587
COC1CN2CC12C#N,6.925993723203715
CC1C2CC3C2N3C1=O,6.561939683206081
CN1C2C1C(=O)CC2=O,5.133753595039506
CN1CC2(C)OC(=O)C12,6.0768761262151125
CC1C(O)C(=O)C11CO1,5.45126241212601
CC12COC(C)(C1)C=C2,6.615054575001004
O=C1CC23CNC2C1O3,5.3446327496973955
CC1(C#N)C2C3CN3C12,6.863684517920104
OCCCOC(=N)C=O,5.1620542868887185
CCCN1CC1CC#N,7.350439285847902
OCC12OC1CC21CC1,8.612171068622686
CC1=CCC2OCC12,6.629077713970837
COC=NC1CC1(C)C,7.116278716013865
C1OC2CCC=CCC12,7.073100805924954
Cc1c(c(n[nH]1)C=O)O,5.0118742860500864
COC1(CC1)C1NC1,8.484209508339836
C1COCC(CO1)CO,8.393187012168571
c1c2c(c[nH]1)CC=CC2,5.957671677671932
O=CC1C2CC1C2C=O,5.345166144813749
COC1CCCC(C)C1,8.798012019206015
CN=C1OC(=O)C(N)=C1,5.180055619387908
COc1ccc(o1)OC,6.30914796379153
COc1coc(c1N)N,5.825557201333975
CC(C=O)C1CC1CO,6.159744954158491
CC1C(CC1=O)OC=N,5.968179587982625
CN(CCC#N)CC=O,5.397250978755185
COCC1C2OC=NC12,7.026197019517202
C1C2OC3COCC3C12,8.501098753720472
c1c2c(no1)CCOC2,6.297729639618305
CC12OC1CC2(O)C#C,7.329432286759174
N=C1CC(=N)OC(=O)N1,6.367529492802396
CC(=O)C12CC1(C)OC2,5.945346249916147
CC1(C2CC1O2)C(N)=O,7.090622491455952
C1CC1(CC=O)C#N,6.203485210873115
O=C1C2NC3CC2NC13,5.8575942160959995
C#CC1C2NC1C1OC21,7.2797452351724505
OCCC1C2C3OC1C23,8.45609705060023
CC(=NO)C1(CN1)C#C,6.302998238077953
OC1CC(CC#C)C1O,7.9954102020573
CC1C2C=C(C)CC12C,6.662382914412779
CC(C)(O)C1CN2CC12,8.064611059033474
C1CC(C1)C1CCCO1,8.70335270982208
CC12C3CN3C1CC2=O,5.474903018209795
CC1(CC1)OC(=N)C=O,4.949118999679026
COc1nccc(n1)O,5.393860807014239
C#CC1CC2OCC=C12,6.28803904176679
CC1C2CC(C2)C1O,8.993567413990698
CN(C=O)C(=O)COC,6.273221176689131
COCC(=O)NCC#N,7.228381823821594
NC1=NC2CCC2O1,7.420593011859587
CN1C2C3C=CC1(C)C23,5.877318233883599
CCN=C1C(CO1)(C)C,7.611657862489298
CC12CCC1(O)CC2O,8.355794705016915
CC1C2(C)CCC12CO,8.509585312025518
CC#CC1CC=CC1=O,5.213050171848733
CCC1(O)C(O)CC1=O,5.79237808588232
C1CNc2c1onc2N,5.988504879097712
C1CC(=O)C(=C1C=O)N,4.631421416593212
O=C1NCC2OCOC12,7.188102668394141
N=C1OCC2CCC2=C1,5.876626151694933
CC1CC2(C)CN3C1C23,8.22071561167249
O=C1OCC2CC12C#N,7.06739612373406
CC1OC2C3CCC3C12,8.209089541392258
CC1=NN2C3CC3C2=C1,6.383533738481419
CC12COC1(CO2)C#C,6.964748634343946
CC1CN=C2OCC12,7.002061879505938
CC#CC(C)C(O)C=O,5.982638367702486
CC12OCC34CN(C13)C24,8.20234434850849
Cc1c(ncoc1=O)C,4.913522816452701
COC1CN2CC12CO,7.9597702203667895
CC(CCO)C(=O)C=O,4.478272270679093
CC(C)OC(C)CC=O,6.082106079066318
O=C1CC2NC2(C1)C#N,5.851518286476642
COC1C2CC1(O)C2O,8.461324730013557
CC1CC2(CC2)CC1=O,6.076482697234316
c1cc(oc1)C#CCO,5.337126053359901
C1CC2(CC1=O)COC2,5.8580746591103265
CC1C2CN1C2(C)C=O,5.689954153246398
CC1CCC([NH2+]1)C([O-])=O,7.429708200136977
CC1(O)C(NC1=N)C#N,6.8005194895105365
CCC#CCC(C)CC,8.10808277602161
CC1N=COC2C(O)C12,6.93847736362984
CC#CC(CCO)C#C,7.604694135920794
CN=C1CCC(CO)O1,7.441360160545374
CC1C2C1C1C(C)OC21,8.331130667703999
C1C2NC3=COC=C3C12,5.92199217795991
N#CC1C2C3CCN2C13,7.337627008168788
COC1CC11CC2NC12,8.377598413496589
OC12CCC1NCC2=O,5.401758520546956
C1CC1C12C3C4C1N4C23,7.486656385220836
O=C1CC2NC2C2CN12,6.55298104889052
OCC(=O)C1CCC=C1,6.029456992454648
OC1CC2OC12CC#N,7.808205366481211
C1CC11CCC2(CO2)C1,8.719365513994006
CC1C(CC1C=O)C=O,5.631812964244172
CC12CC1C=CCC2O,6.712084141342023
CC#Cc1c(con1)C,5.657798921808066
CC(=O)C1(CC1O)C#C,5.829114572344615
N#CC1CNCCCO1,7.0597282591895585
CC1C=CC2OC2C1C,6.742769682407108
OCC12CN3CC(O1)C23,7.168940092505619
CC1CNC(=O)C1O,7.341143041487877
CN1C2C1C1OCOC21,7.481728271786594
OC12COC1CC21CN1,7.94405980535555
Cn1c(cnc1O)C#N,5.538926627961992
CC1CC(CO)CC=C1,7.0811090520802376
CC1(CO)OC11COC1,8.562738974563246
O=CN1CC(C1)C1CO1,7.220386969325188
CN=C1C(=NO)CCO1,5.889316317276389
CC1COCC11CN1,8.443173650501778
COC1C(NC1=N)C=O,5.652949028776135
CCOC1CCC(C)C1,8.864260755852142
CC1OC2CCC1(C)O2,8.95762180283092
Cc1ccc(o1)NC,5.757789875639349
CC1COC(=O)C1C,7.4989789669641524
CC12C(CO)C3C1CC23,9.10235108829538
C1N=C2OC3C4NC13C24,5.588551957452021
OC1CCC(O)C1C=O,6.105036938216735
CC1C2C3OC3(C=O)C12,5.718342988982237
CC1(C)C(O)C1C1CO1,8.745587977724131
CC(=O)CC1COC=N1,6.074869645473668
CCC1C(C)C(C)C1O,8.53534585885574
CCC1(C)CCC=CC1,7.186693529452919
CC1(O)CC11OCC1O,7.82658658287371
CC(C)(C#N)NC(=O)N,7.7359636018880575
COCC1OCOC1=N,7.636042412523274
CC1(O)CCC(CO)C1,8.928176752490467
OC1CCC2(CC2)C1,8.893523991366743
C1N=C2OCCC3C1N23,6.69611100978814
O=C1C2CC3C4C3N2C14,5.564974835864605
CC(C)C(O)C#CC#N,6.634720962453958
N=COC(=O)CCC#N,7.137506544663552
O=CC1C2CC3(CC3)N12,5.754822214781608
CC12OC1C1C(O)CC21,8.447347933006133
OC1C2CC(O2)C11CC1,8.371910741588785
CCC1CC2OC2C1,9.351744472657135
CC1CNCC(=O)C1O,5.2844517311262456
C1C2CC3NC3C1O2,8.44330328676676
CC1(C)C(CO)C1CO,8.564839464424304
CC(=O)CC1=NCCO1,6.008318748213709
CCC1CN(C1)CC#N,7.032078460395958
COC1C(C=O)C1C=O,5.810096876673621
CC(CC=O)CC(N)=O,6.103839239618678
CNC1=CC(=N)OC=C1,4.53778661489927
CCC(C#C)C(=O)NC,7.310189376289247
CC1NC1(C=O)C1CC1,5.809409096488777
NC(=O)C(CO)C1CN1,7.111333723978522
CC1(CCC1)OCCO,8.739321194580555
CC1C2OC(=O)C1C2C,7.541520083231245
CC1CCC2(CO2)C1O,8.874430176644099
C1CC2(C1)COC=N2,7.258677037918169
C1C2CCC3=CCOC123,6.035285171106169
OC12C3C=C4CC1C4C23,5.305298676943838
CC1N2C3C(O)C2C13O,7.990897722334024
CCC1OCCC1=NO,6.7538591724627945
CCC1C2C3C1CC23O,8.367235631080371
COC1C2(C)CC1(C)C2,9.211709796011256
CC1=CC2CC(O2)C=C1,4.805647482668899
O=C1CNCC1C#C,5.436092494181301
CCC1(CC#CC)CO1,8.143126490821022
CN=COC1COC1=O,6.871586435916925
CC1C2C(=O)C1C21CN1,6.403061304637139
CCC(N)(C#N)C(N)=O,6.799379047514991
OCC1CC2(CO2)C1O,8.560326047157076
COC(C=O)(C#C)C#C,6.162087179674909
CC1(C)CC1OC1CC1,8.555099507803057
CC12CC3(C)C1C=CC23,6.180249305115192
CN=C(C=O)OCC=O,4.522774027855261
c1nc(c(o1)N)CC=O,5.056022764022458
O=C1CCC(=O)C2CC12,5.683800185089053
O=CC1CC2(CO2)C1,6.102260838643101
CCc1cc(n[nH]1)O,6.606184993808432
N#CC12NC1C1CC2C1,7.249772300858236
C1C2C3CC4C(CN24)N13,7.028038375435864
CN=C1OC(C)C1C#N,7.105484370209659
CCOC1(CCCC1)C,8.684699738164323
C1CC1OCCOC=O,7.718534076677357
CC(C=O)C1=NC=CN1,5.340915350720248
CC1(CN(C1)C=O)CO,7.396561316765776
CC1CC(CO)(N1)C#N,7.31922620254674
CC1=CC2OC2CCC1,6.771481736122105
O=C1C(C#C)C2CCN12,6.344423701703788
CC1C=C(C)CC1O,7.020715335488264
C1C2CCOC=NC12,7.07423870930241
CC(OCC1CC1)C#N,8.219135217277518
CCC1(CO)NC1C=O,5.952384687698881
CC12C3OC3C1NC2=O,6.898374769346615
CC1NC1C(=N)OC=O,6.195874801713918
COCCC1CCC1C,9.067904260412599
CC1=CC(=O)CCCC1,5.260331808128754
N=C1OCC2OC(=O)C12,6.81466622217094
CC1C(O)C1C(O)CO,8.017610662522763
Cc1cnccc1O,6.007145338083592
CC1=C(CCC1=O)N,5.559186217391084
CC1(C)CCOC1C=O,5.812702668829473
COCC12NC1CC2=O,5.848505150744948
COC12CCC1(O)C2C,8.436256229845437
CCN=c1ncnno1,4.50288518215559
CC1CC(O)C(=O)N1,7.401987509646496
CCOC(=O)C(O)CC,7.40030219330265
O=C1CC(CC2CO2)C1,6.069036950162136
CC1OC2CCC12C=O,5.760811812017755
CC1C(O)C1(N)CC#N,7.660605462973418
CC12CC1N1CC21C#N,6.601598824786775
CC12C(CC1=O)N2C=O,5.68891046557898
N=C1NC(NC=O)=CO1,5.206207068550579
COC(C#N)C(C)C,8.222854002012676
N=C1NC(C#N)C11CO1,6.936708600460179
OC1C=C2CN3C1C23,5.547463280441529
CC12COC1(C)C(=O)C2,5.589264381935845
CC(O)C(C)CC#N,8.502774818346188
O=C1CC2CCC(=O)N12,6.117200836983565
CC(OCCC#C)C#N,7.719300142223151
CCC1C(O)C2(C)CN12,7.857862674759137
CC(=O)Cc1cnn[nH]1,5.83974008586175
COC12CN(C1)C21CC1,8.235483088247586
CC12CC3C1OC(=O)C23,7.176931250396953
Cc1c2c(c[nH]1)onn2,5.1464655745517875
OC1CCC(CC#N)=C1,6.881764643297269
CC1(O)C2CCCOC12,8.378999678186851
CC#CC(=NO)C#CC,4.940519080304861
c1conc1C2COC2,6.46993954957618
CC(=O)C#CCNC=O,5.230112415059331
N=C1OC2CC3CC12O3,7.110320829232578
CCC(C)(O)CC#N,8.555573802816477
C[NH+]=C(N)C(C)C([O-])=O,6.612547952921062
CC1(OCC1=O)C1CC1,6.033539230199962
C1CN1C2(COC2)C=O,5.648680256222812
CC#CC(C)OC(C)C,7.705436362035031
NC(C#N)C1COCO1,7.619481233863942
C1OC2CCCC3NC123,8.353088523574439
CC1=C(C=NO1)C1CN1,6.243879201831461
C#CCC1COC1C#N,7.340553197100282
c1nc(on1)C2CCC2,6.728081084069827
CC1(NC(=O)C1O)C=O,5.734898927490947
CC12CC(C1)(O2)C(N)=O,7.33480203928794
CCC1CCC2CC1O2,8.530238227442558
OC1CC2(O)C=CCC12,6.698411532516299
COC(C)C#CCO,7.54178172662776
CC1OC2CC12CO,8.368718061247593
OCC1C(O)COC1=N,7.482486176231417
CCc1ccncc1O,5.816708517630788
C1CC=CCC(=NO)C1,6.653034754365406
NC1=NC=C(O)C(=N)O1,4.61053127442285
CC1CCC(O)C2CN12,7.636862055097762
CCC1CC2(C)CC12O,8.401423229228039
CCOc1c(c[nH]n1)C,6.705119225948069
COCC12CC(C1)OC2,8.738025681051612
c1c2c([nH]c1N)C=CC2,5.129997684315841
CCC(CC(C)=O)C#N,6.3941559416118645
COC12CC3OC1C23C,8.067425507494468
OCC1C(CO)C1CO,8.147222600021811
N=C1CN=C2OCC2O1,6.970243952090023
OC1C2CC1NC(=O)N2,7.529594399528223
CC1C2CC(C=O)C12C,6.040658540026447
CC1(C)C2CC(=O)NC12,7.280437616161943
C1C2OC3CCC1OC23,8.604957190467003
OC1CC=CC1OC=N,6.828538876322261
c1c(c2c([nH]1)CCO2)N,5.962322707411889
CC1(C)OC2(CC2)C1O,8.251299526706315
CC12CC3CC4C(C13)N24,8.165158424107327
CC12NC3(COC13)C=C2,5.823800372876491
COC1C2OC1C2C#N,7.254473709560201
ON=C1C2CC(C2)C1=O,5.419307168125274
OC1C2CN2C1C1CO1,8.200029732963163
OCC1CCOC1C=O,5.881643768109331
CC1OCC2C3CN3C12,7.978249986718399
N1C2C3C4C1C2N=CN34,5.596962644426155
CC1OCOCCC1O,8.780659984169532
COCC1(C)CC2CC12,9.029520875238164
COCCC(O)C#N,8.012478566819112
CCCc1ncco1,6.710018984747532
CNC(=N)C(OC)C#N,6.275746418595182
C1CC23COC12CC=C3,6.3999009967263145
CC1(N)CC1(O)C#N,7.213928701239336
CCC(CO)OCC#N,7.8090595996528265
CC1OC=NC2C(O)C12,6.931814422326868
OC12C=CC3(O)CC1C23,6.228597056442391
Cn1ccc2c1C=CC2,5.119359269318229
OC1CC2C(C#C)C12O,7.298195627599876
N=COC1CN2CCC12,6.919757922565439
COC12CC(CC1)C2O,8.781635071314557
CCC(C)C12CC(C1)O2,8.499037371941311
CCN1CCCC1=O,7.09566235264089
O=C1CC2(CC2)C2CC12,6.075876591947721
OC1C2CC11OCC1O2,7.951434896857119
C1C23COC12CC=CC3,6.472084731930076
O=CC1CC(C1)N1CC1,5.853819953473003
OC1(CCCC=C1)C=O,5.756969147579236
C1CC2OC2C2OC12,8.764448560692893
C1CC1CCCNC=O,7.687596261572943
CC1CC2C3C2C2C3N12,7.711901605212798
CC1=C(C)C2OCC2C1,6.558772377410117
CC(C)n1c(ncn1)O,7.063519816589743
OC1CN(C1)C(=N)C=O,4.711145214600542
CC(CO)COC(C)=O,7.630961748087799
CCOC(C)C#CC=O,5.432281815609878
N#CC1CCCC11CN1,7.609831306409463
CC1(C)COC(O1)C#C,8.071564956477397
C#CC1CN=C2OCC12,6.7741892743731205
CC(=O)c1c(cc[nH]1)O,4.786634821311756
COC(C)C1(CC1)C=O,6.06269214008012
CC1(CC[NH2+]1)C([O-])=O,7.093465993690762
CC1COC1C1CC1,8.774672212726118
NC(C#N)C12CCC1N2,7.0917810724776835
c1cn(nc1O)C(=O)N,5.616007765507151
CC(OC=N)C#CC#C,6.105913864997217
CCC1(O)CC(=O)C1C,5.9139323127246355
CC1CN(C=O)C(C)=N1,6.145048572243521
CN1CC(O)C(=O)C1,5.8281150337307785
O=CC1C2CN3CC3C12,5.650954700216417
CC1NC(=O)C1CC#N,7.396134219047422
COCCCOCC#C,7.941586637121026
CC1(CO1)C1(CO)CO1,8.998062033419295
OC12CC1C1CCC21O,7.960388404197619
OC12CC1OC1CC21,8.146999841253505
CC1CC2(CC2)C(=N)O1,7.675866152650043
N=CN1CC11COC1=O,6.555584508944354
O=C1CC2(CC12)C1CC1,6.002627750864622
CC12CC1C1(CO1)C2O,8.634522739200762
ON=C1C2CC1C(O)C2,6.776192207265982
CC1C2C3OCCC3N12,8.023308687690443
CCCC1=CCCC1C,6.991962791391856
CC(O)C(=O)CC(C)=O,5.849090449976394
CC1C=CC(C)C2OC12,7.060300124296443
C1CC11C=C2CN3C2C13,5.234470885710602
CCC(=O)c1ncco1,5.08839423400414
OC1(CC1)C12CC(C1)O2,8.1412905401746
OC1(CC#C)CC1C#N,7.59289655731064
CC1C(=O)CCC1(C)C,5.993504170340364
OC1CC2C3CC12OC3,8.421314578337832
C1C2OC=NC3CN1C23,6.705391385401736
C1N2CC11COC3C2C13,8.385586354809615
CCC#CC1CC(=O)C1,5.98245349166582
COC=NC(CO)C=O,5.710531111187322
O=CC1OCC(C=O)=C1,4.882250346492258
OCC12C3CC1COC23,8.262503488002272
OC1C2OCCC(=O)C12,5.875521085270327
CC1OC(=N)CC11CO1,7.568485556184584
OCC1=CCC2NC12,6.626101761628901
CC(=O)NCC#CC#C,5.927994133758473
CC1(C)NC(=N)NC1=O,6.281859729421384
CC1C=CC(=O)CC1O,5.147560170749048
CCOC(C#N)C(N)=N,7.047234973242239
CN1C2C3(C)CC1C23O,7.646624271173129
Cc1c(cno1)C2CC2,6.390908767167434
O=C1C=CC2CCC1O2,5.070972958801412
O=CN1C=CC2CCC12,5.717300217136774
C1CC(C1)(C2CC2)O,8.907749495051245
CCn1cc(cn1)CO,6.998674966229922
COC12C(C)C1OC2=N,7.2553318181741915
OC1C2CC=C(C#N)C12,5.449346310940729
CC1(NC1CO)C1CN1,8.360533153791216
COC1COC1C#CC,7.467669131890301
C1C2NC1C1=C2NN=C1,6.117795833954405
C1NC1C12CC3CN1C23,7.985986595812553
CC1C(O)C11OCC=C1,6.198458522381982
CC1C=C(C)C2CC1C2,6.837002365080553
N=C1NC(=O)CC2NC12,6.370838934619325
CC1C=CC=CCC1O,5.543911829227485
CC(=O)C1CCC1(C)C,6.109837015898192
CCOCC(C)(C)C#N,8.238466192495487
CC(C)OC(C=O)C#N,6.215768392387466
CCC12C(C)C1NC2=O,6.870571497612231
Cc1c(c(ncn1)N)O,5.5268236268265305
OC1(COC=N)COC1,7.216180176196749
CCC(C)N1CC1C=O,5.687572463403518
N=C1OCC1C(=O)C=O,4.282967780021021
C1C2CC3C1C21COC31,8.54707356278787
Cn1cc(nc1CO)O,6.0808178536988065
CC(C=O)N1CC(O)C1,5.593726029061651
O=CC1=CC(CC1)C#C,5.2889806575636324
CC1(NCCC1=O)C#C,5.462364642837339
CC(O)CC1(CC1)C=O,6.056863199773413
N=C1N(CC11CN1)C=O,5.955832710708017
C1CC(O1)C1=CC=CO1,6.313931088466528
c1cnc(c(=O)[nH]1)CO,5.108207428727301
CC12CC(C1)C(C2)C=O,6.054932262834896
CC12CC1(O)CC2C=O,6.00312839437616
CC(C#N)C1CCC=C1,7.287790982405776
N=C1C=CC=COC1=O,4.352593035898326
OC12CC(C1)OC2C#C,7.573453993813429
CC1CCC2(CCC2)C1,9.436720211774134
CCC1COC(C)=NC1,7.413320120449867
CC1N=C2CCN2C1=N,6.420567245693322
CN1CC1(C=O)C1CC1,5.580032102946457
OC1C=CC(=O)C11CN1,4.9108189321428855
CC1=C(ON=N1)C1CO1,5.969920258173996
OCC(O)C1=CON=C1,6.596610649397103
CN(C)C1=COC(=N)O1,6.43598715101963
CC1N=CN2C(CO)C12,6.616996909788343
ON=C(C#C)C1CCO1,5.840027289242204
CC1CC2COCC12,8.78476698696212
CC1=C(N=CN1)C1CN1,6.647205166962754
C1C2C=CC3OC12C=C3,5.66940796990583
CC1(CC(=O)C(=N1)N)C,5.1441104054180045
CC1CC1(O)C(N)C#N,7.494407716838414
CCC(C)C(=O)C1CO1,6.025631106116325
CC1C(O)C1(C)CC=O,6.051232507187416
CC1C2COC2C1=NO,6.558953756924613
OC1CC(=O)C1CC#C,5.907571881698832
CCOC(C#C)C1CO1,7.4644154644991225
Cc1cc(=O)[nH]c(n1)O,5.389343040821492
CCC12CC(CC1C)O2,8.680054015351763
c1c(noc1N2CC2)N,6.246787923239452
CC1C(C)(C)C1(C)C#N,8.450599039102046
O=C1CC2CNC(=O)N12,6.613452105984628
OC12CC(C1)C2CC#N,8.177486090894224
CC1(CC(O)CO1)C#C,7.742062562613686
OC12COC11CCC1C2,7.8603638736410915
CCC1OC(=O)C1N,7.067037577606909
CCNC1CC1(O)C#N,6.930896804941219
CC(C)(CC=O)C1CC1,6.139204546699383
CC1(O)CC(C=O)C=C1,6.040262245226398
CC1C(O)C11CC(=O)O1,7.330431056494468
CCC1C2CC1CCC2,9.432222325613491
CNc1cc[nH]c1CO,6.0399344342740635
CC(C)(C(=O)N)OC=O,6.684585053166453
CC#CCN=COC,7.200923757682322
CC1C2CC(C)C1(C)O2,8.725415058732999
CC12CC1C1NC(=O)C21,6.8968183805276615
CN=COC1CC1C#N,7.262120418880327
CCn1cc(nn1)OC,6.210747744192117
CCC1(C)OC(=N)C1N,7.341953937320782
C1CC(=O)CC2(C1)CC2,6.246797908846391
N=C1OCC(=O)C2NC12,5.75428751960156
COC1(COC1)C(=O)N,6.978194116957637
C1C2C3CCOCC3N12,7.9493459209507575
OC1CC(CC=O)C1=O,5.749879329720843
CC1CC2C3CC2C1O3,8.765256277837231
OCCCC1CC1C=O,6.24308841904233
COc1ccn(c1)C=O,5.2723924939399325
CC(C)(C#N)C1CO1,8.558459527415973
C1N2C3COCC=C1C23,5.988210766993854
CC1(CC2(O1)CC2)C,8.365282392448448
CC1(CC2(C1)COC2)O,8.357716262986074
OCC1=CCOC(=N)C1,6.736783554542425
C1OCC11C2C3OC3C12,7.95561516092862
CC12CN3CC(OC1)C23,7.899449454631309
Cn1c(ccc1OC)N,6.256108285991069
OC12CC1N(C2)C=O,6.998646569657216
OCC1(CC1)C1CCO1,8.368397340228341
CCC12CC(=O)C1C2C,6.066314960883869
Cc1cc(c([nH]1)N)C=O,4.533496364589149
O=C1C2CC1C(=O)NC2,5.757950673012692
OC1(CCN2CC12)C#C,7.14022388331101
COC12CC1(O)CC2O,8.116037320818485
CN1C2C(=O)NCC12C,6.738003698905282
CC(=O)C12C3CC1CN23,5.958529465192553
CC1CC2(C1)OC2C=O,5.940459474937537
C1C2C3OC4CC13C2O4,8.120201171417731
CC(C)c1c([nH]cn1)O,6.507150067355414
OC1C2CC3(CO3)C12O,8.1867058426572
CC1(C)OC2CC12C#C,7.173643711962907
C1C=CC(=O)C=CCO1,4.872332054160488
OC1C2CC2(O)C1C=O,5.985986731191273
CC1OC2C(O)C12C#C,7.0239618288974315
CC1NC(=O)NC1C#C,7.522609717943645
CCN=C1C(=CCO1)C,6.021236707997346
COC12CC3CC1(C)C23,8.642433753190632
OC(CC#C)CN1CC1,7.5226836004358795
CC12CC1C1C(C#C)N21,6.8271004242161
COCC1(O)CCC1=O,5.772032459499441
N#CC1CCC2CC1C2,8.927274383226562
Cc1cc(=O)[nH]c(=O)[nH]1,5.293528893646005
CC(C#C)C([NH3+])C([O-])=O,7.2931601909853985
CCCOc1cnco1,6.61143089597417
C1CCN=C(C1)OC=O,6.329622463855939
OC1COCC2CCC12,8.571821193623048
CC1=NCC2NCC2O1,7.071436241985457
CCCC1=CCC(=O)C1,5.90879990888296
O=C1CC23CC2(CC3)O1,7.463241907616071
CCC1(C)CC(N1)C#N,7.392370197899956
