smiles,gap_eV
CC1(CN1)C(C#C)C#N,7.316227838760401
C1CC11C2OC2C11CO1,8.269786919891027
OC1CC1C1CC(O)C1,8.598028798641641
OC1C=CC2COC12,6.700609544451297
CC1OC1CNC(N)=O,8.069489199675742
O=C1CC2OC2(C1)C#C,5.853764904747917
C1C2CC3(COC3)C12,8.663444833280902
CC(C)(O)C(C#C)C#N,7.987271681541866
CC1COCOC1=N,7.645612629159176
CC#CC1(O)C(C)C1C,7.434234635237498
OC12CC1CC2CC#N,8.101904065028187
CC1C2C(=O)OCC12C,7.419639628306315
CC12OCC3OC1C23O,7.618550350654338
CC1C2C=CC3(CO3)C12,6.533938247425669
OCC12NC1CNC2=O,6.949384404655652
OC12C=CC3C(C=C1)C23,5.902108002219535
c1cnc(cn1)CCO,5.4810754201634015
CN=C1OCOC2CC12,7.199159166584847
CC12CC(N1)(C=O)C=C2,5.595702219073003
CC1CN1C(=O)CCO,7.041329016242566
Cc1c[nH]c(c1O)OC,6.2359120617181505
CN=C1OC2C3CC3C12,7.224478250422516
CCCC1CCOC1C,8.768029382573925
CC1(OC1C1CN1)C#N,7.189598166204686
CC1C=CC2OC12CO,6.618726571499167
CC12C3N=C4NC1C4C23,5.4574256343517895
C1C2C3NC3C3(CO3)C12,8.028599164721616
CC1=CC(O)C2(CN2)C1,6.7271159141404695
N=C1C=COC(=O)N=C1,4.584310532355566
NC1=NC2COC2C1=O,4.472635184900867
C1OC11CC2OC3C2C13,8.359865616388003
N#CC1NC23CC(C2)C13,7.231490318367021
N#CC1OC23CC(C2)C13,7.246459057665554
CC1CC2CNC12C#N,6.963699206518452
NC(=O)C1(CCO1)C=O,5.613825859504476
CC1(CN1)C1(CC1)C#N,7.496971758567666
C1C2COCCCN12,8.376937563541306
CC12CC3(O)C1NC23,8.023426092078234
CC#Cc1ncn(n1)C,6.034222292614478
OCC12CN1CC=C2,6.329713675975016
CC1(O)C2COC1CO2,8.378960172026147
CCC1OC(=O)C=C1N,5.994154439611992
CC1(CO1)C(=O)NC=O,5.8649007025914575
CC1=CC(=NO)CN1,5.442483646871761
CC1C(N1C)C(=O)C#N,4.788772321966035
OC1CC=CC(C1)C#N,7.195405724826555
C1OC1C1OCC11CO1,8.478793000350835
O=CC(=O)NCC1CN1,4.843950774331163
C1C2=C(COC2)C(=O)N1,5.671040872224949
CCC1COCC=CC1,7.0377153855381
Cc1c(oc(=O)cn1)C,4.856107716004615
CC1C2CN1C(C)CO2,7.966562737113064
CCCC1CNC(=O)N1,8.062945945676596
O=C1C2CNC1CN2,5.471127674542711
NC1(C#N)C2CCCC12,7.736994100769734
NC(=O)N1CC1CC#C,7.464102180790569
CC1CC=CC2OCC12,6.928476126204621
CC(C#N)N1CCCC1,7.3032041162909875
CN1C2C3NC3C12C=O,5.404785367713327
CC(C#N)C1=CN=CO1,6.498158416914952
CC1=NCC(O1)C#C,7.177678623559537
CC1OC(C)(C#N)C1=O,5.781628523502517
NC(=O)C12OC3C1CC23,6.760137731058084
CCC1=CCOC(C)C1,6.997314037196816
c1c(onn1)CC(=O)N,6.092563831263748
OCCC1CCCOC1,8.72662162644616
CN1C2CC=CC1C2O,6.2891236959345695
C1OC2C1CC1OCC21,8.414670268520812
CC12NC1COC2C=O,5.734872112374646
CC1CCC=C1C(N)=O,6.046204456245917
C1C2CC3OC2C1C=C3,6.708155630894984
OCC#CC(CO)C#N,7.506895641473198
CCCC1OCC11CN1,8.42046678419395
O=CC1OC(C=O)C=C1,5.338500296836613
CC1(O)C2CCC12C,8.40627299372196
CCC(C#N)(C#N)OC,7.783859121654935
CC1(CO1)C1(CO)CN1,8.579669875914272
O=C1NN=C(N1)C1CO1,6.345107209910354
COC12CC3C1C2N3C,7.832066171538783
COC1=CC(=O)NN=N1,4.651282258282656
OC1C2C3CC3C12C=O,5.6949103656900375
COC1(C)CC1(O)C#N,7.44411317920374
CC#CC(CO)CC#N,7.954399412587659
CCC1=CC2C3CC1C23,6.241798417168316
CC#CC1C2C3CN1C23,6.9289346491088715
c1c2c([nH]n1)COC=N2,5.5478002184388675
CC12OC3C(C13)C21CN1,8.17066949845658
OC1CC=CC(=O)C1,5.217675743748266
C1C(CO1)C(CO)CO,8.368465395637255
Cc1c([nH]nn1)C(=O)C,5.3660691010456745
COC1(CCCO1)C=O,5.986094106704424
C#Cc1conc1CO,5.79888287632969
C1OC2C=CC3C1OC23,6.364955271948576
COCCCN=COC,7.215168874101828
CC1(CN1C=O)C1CC1,6.907729290175251
CC(=O)CC1(CO1)C#N,6.17864272325731
CC1CC1CCCCO,9.193945854675938
CC1OC2CC(=O)C12,5.906487715056347
N#CC1CN2C3CC3C12,7.011209738593625
C1N=C2OC3C=CC1C23,5.765634122088835
CC1(C=O)C2N1CC2=O,5.522543756435093
C1CC12CN=COCO2,7.0870021545249156
OC1(CCC1C=O)C=O,5.568324873181872
CC#CC1(CN1)C1CC1,7.410667744116796
CC1CC2(C)CC2(C)O1,8.433714950623157
CC1CN2CC1C2C=O,5.5974225173256515
CCCCN=COC=O,6.5638842867045035
CCOc1coc(n1)C,6.323885875339206
CCC1CCC=CC1=O,5.134496622319745
CN=C1C=C(O)NN=N1,4.463881867898921
N#CC12CC(C1)C21CN1,7.4494308513581995
OC1C=CCNCC1=O,5.476760760687275
CC1C(CC#N)C1C=O,6.134860637929313
CCC1OCC(C)=C1C,6.797594710236597
CCC1CC(C1)C#CC,8.124031840652002
CCC(C)C1=CN=NO1,6.507594872802951
OC1C2OC3C2C13C#C,7.035807645184901
CC1OC2C1OCC2O,8.261787650963809
CC12CC1C(O)C1CC21,8.481414480424068
CC(C)C(C)C(O)C#C,8.147010970617435
CC1=NOC(=N1)C1CN1,6.189981704409333
CC(=O)C1CC1(O)C#N,6.058689789859157
Cc1cc(n[nH]1)N2CC2,6.342637670179304
CC#CC1C2CC1CC2,8.098636827444091
C1OC2C1C1C3OC3C21,8.218133561333543
OC12CC3C(CC1=O)C23,6.125633758126215
NC1=CN=C(N1)C1CO1,5.916501265526778
C(CCOC=O)CC#N,7.558843073788718
CC1(CCOC(=O)C1)C,7.484849074077373
OC1CC1C1(CC1)C=O,6.102397463292208
ON=C1CC2(O)COC12,6.622370276908996
CC(C=O)N(C)CC#C,5.5444071196454505
c1c(c(n[nH]1)N)CC=O,5.40011911591315
CCC(C#C)C1CC1C,8.33639051000395
OC12CN(C1)C(C2)C#N,7.154667223916748
[NH3+]C1(CO)CC1C([O-])=O,7.3290499307106245
C1NC1C1=CC=NC=C1,5.87680882424149
CCOC(=N)C(=N)OC,6.327555637927821
COc1ccc(=O)[nH]n1,4.863810061214536
C1CC12COC23CC3,8.268591096879344
c1coc2c1CCCO2,6.164839496069808
c1nc(c(c(n1)O)N)N,5.428349989237266
N=C1NCC2(CN2)C1=O,4.660761848155932
CC1CC(=O)CC1C,6.0377093010664415
COc1ccncc1N,5.545396787145949
CCC1CCC1(C)C=O,6.040273164063827
CCCC(=O)NC1CC1,7.418991318414177
CC1CCOC(=O)C=C1,5.985716477786952
CC12CC3(C#N)C1NC23,7.1365091984174756
Cc1c(ocn1)N2CC2,6.133691980553958
OCCC1C2C3CN1C23,8.19538114300856
CC1OC2C3CC1C23C,8.513058611696705
O=COCC1OCC=C1,6.643475386736199
C1C2CC1C1OC1C=C2,6.644335391376394
CC1CC2(COC2=O)O1,6.992515873217263
OCC1C2C3CN1C23,8.06716478874936
CCC12OC1(C)C1CC21,8.321474101385244
CCC1C2CC1C(C)O2,8.565411368034292
OC1COCC(=C1)C#C,5.783966131402242
CC(C)C1(C)OCC1O,8.389997476166219
CC([NH3+])C1=COC([O-])=C1,5.395675126365222
CC12CC(OCO1)C2=O,5.7519596808133535
N=C1COC2CC2CO1,7.42696885358251
CC12OC1C1OC2C=C1,6.61325853586243
CC1CC2OC2C1CO,8.813758079691484
CC1C2CC3OC3(C)C12,8.807530625709889
O=C1CC2OCCOC12,5.576319352626227
N#CC12CC1NCC=C2,6.447687485574814
OCC1(CO)CC1C#C,7.824135961925837
O=CN1CC2OCCC12,7.118335604513746
CC1=C(OC=N1)C1CO1,6.2552516338443525
CC1=CCC2OC12CO,6.720662723429768
COC(C#N)C1CC1C,7.946218752544476
CC1CCC=CC11CN1,6.768207568187399
CC1CCC(C)(O)C1C,8.782780149706111
C1CCC=CC=CCC1,5.905771484603382
NC12CC1N1CC21C#N,6.661456856761525
CC(=O)C1(CN1)C(=O)C,5.273821654663969
CC1CC2(C)OCC=C12,6.4647517001389545
CC1CN2N=C(C)N=C12,6.80944584116751
C#Cc1c(nc([nH]1)O)N,5.358491170206815
NC1=CC=C2C3CC3N12,5.841533237596966
COCC1C2CC(O)C12,8.381866904290236
OCC1C(C#C)C1C#C,7.350108336568369
CC1(C)COCC2CC12,8.646022604792211
C1CC2CCCC=C2C1,6.940769378901712
C1C2OC11CCC=CC21,6.5961961447936694
CCC12CC1C(C)(O)C2,8.559473840638534
CCC(N)(CC#N)C#N,7.743211565425607
CC1OC(CC#C)C=C1,7.05653490651986
CC(=O)C(CO)C1CN1,6.077959604508028
c1c2c(cnn1)CCC2,6.150854431586607
CC1C(C#N)C1C(C)=O,6.2570020057578475
OC1C2CC2(C#C)C1O,7.395368739789621
CC(O)CCOC(C)=N,7.829861568997268
CC(O)C1(C)OC2CC12,8.282265301555768
CCC(=O)N1CC1C=O,5.760357445100011
CC12CC3CC1(C=O)N23,5.827765087032867
CC12CC3C(O)C(O1)C23,8.14958255370154
CC1(CO)CC2OC12,8.821057189985446
CC12C3CC4CC1C4C23,8.88216146289375
CC1CC(=O)C(C)=C1N,5.541322437915506
CC12CCOC1=NCC2,7.130320911632739
C1C2C=CC3CCC12O3,6.512713180047176
O=CNCC1CCCO1,7.4975267667156364
CC1COC1(C)CC#N,7.8398567978677836
CC(=O)CC1(O)CC1O,6.253010765529387
CC1C2CC(C)C1O2,8.751925572139756
OC1(C=O)C=CNC1=O,5.241044611972247
C1OC2CC34CC(C3)C124,8.284276637742282
CC1C(CC=O)OC1=N,6.040799478608067
CCc1c(nc[nH]1)O,6.430578121004526
C1C2OC2C2=C1N=CO2,6.258546779612859
CCC1OC(CO)C1O,8.237221812783458
OC12CC(=O)N3CC1C23,6.614061297276888
CN1CC(O)(C#N)C1=O,6.5399548299870265
CCC#CCC(=O)OC,7.377578384061545
O=C1C2OC3OCC2C13,5.803797221417777
CC12C3N1C1C3(O)C21O,7.314326281363509
CN1CC1CCC1CO1,8.542641073743974
CCOC1CC(=O)C1O,5.94675279945807
N#CC12CC3C(C1)N3C2,7.373369749662111
CCC1(CCCO1)OC,9.003970484721238
CCC1(O)CC2(CO2)C1,8.672549272524039
OCC1CC2CC1CO2,8.52578164949522
O=C1CC2C3CN3C2C1,5.8099326307033206
CNC1COC(=N)C1=O,4.799390077599555
CC12COC1CC21CC1,8.43973019428579
N=C1OCC2OC2CO1,8.09643375152463
CC1CN1C(C)(C)C#C,7.472620859450825
CCC(C=O)C(C)=NO,5.73639966999609
C(C1CO1)C1=NC=CO1,6.744254505211754
C#CCC#CC1(CC1)O,7.103595250560275
O=CC1(CN=CN1)C#N,5.555232741647299
CCC1C2CC(O2)C1C,8.622228549609188
CC1C23CCC12OCC3,8.090659200201275
CCCC1(CO1)C1CO1,9.002046791329551
CC1C2OC(C=O)C12,5.788975114544861
C#CC12CC3CC3C1N2,7.1792394978248275
CC1CC(=CN1)C(C)=O,5.395432875532489
CCOC1CNC1C#N,7.172545243234033
CC1C(N1C)C(C)=O,5.65729578703781
CC(C)(CC1CC1)C#C,8.464938180546959
CNC1=NC2CC2C1=O,4.40010221454495
CC1C2COC(=O)N12,7.655983239428377
Cc1[nH]c(cn1)CC#N,6.613219345812799
CC1OC2CCC12CO,8.150441712179532
OC1C2C3C4C1C2N34,8.011214936683585
O=C1C2CCC2C2CN12,6.584615182212502
OC1CCC2C1OC2=O,7.483163785762276
CC(C#N)C1CCC1O,8.353982609488325
CC(C#C)C1=NNN=C1,6.88450815899632
OC1CN2C3CC(=C1)C23,5.81545723151663
OC1C2CC3OC3CC12,8.71564411107521
CC1CC2(CO)CC1O2,8.415275369773504
CCC12OCC1C2C=O,5.842073611162649
CC12CC(C)(C)C1(C)O2,8.632706986935796
CC12CC(O)(CO1)C=C2,6.672206014159649
CC1=CC(O)C(C)(C)C1,6.944233729435602
CCC1COC1(C)C#N,7.767560124632268
C1CN=C(CN1)OC=O,6.141223590638789
CN(C)C1C=CCC1=O,5.3147253820124165
CC1C2CC2(O)C1(C)O,8.165623703461266
CC1OC(=O)CCC1=O,5.997284284454477
CC1=CC23OC4C2C1C34,5.395188075846383
c1cnccc1CC=O,5.244535399534232
CCC1(O)CC2OC12C,8.607884705191903
CC1C(CO)C11CCO1,8.05294929887017
CC1CCC2OCC2=C1,6.725473816197079
C(CCC(=O)N)CC=O,5.959146709933654
CC12OC1C1(OC21)C=O,5.758122921645755
OC1CC2NC(=O)C12O,6.935743717499133
COC1=CC(=N)OC=N1,4.673086259067477
CCC(C=O)N=COC,5.86049808124461
CCC1COC1CC=O,6.013723103545656
COC1C=CCCC1O,7.047912779423621
N=C1OCCC2NC12,7.1360403323337875
O=C1CN2CC2C2CC12,5.639299020918902
CCC1N=COC1(C)C,7.367647082772783
CC#CCC1COC1=O,7.468477460389213
CC1C(CC1(C)O)C=O,6.033371884966326
CN1C2C3OC3C12C=O,5.495526809303619
C1C2CCOCOCC12,8.966525548234694
CNC(=O)CC(O)C#N,7.275827534356095
OC12CC3CC1C3C2=O,6.409422169594443
CNC12C(N)C1OC2=N,6.642176176422013
CC1COC(=O)C(C)C1,7.487252584677865
NC12C(CO)C1NC2=O,6.695903132198298
CCC12CCC1C(=O)O2,7.525936839179828
CN1C2CCC1C(=O)C2,5.531737542416119
CC12OCC1=CC1CC21,6.13792018027036
CN=COCC#CCO,7.235593407669145
C1OC2C3CC=CC12O3,6.544884888835561
CN1CC(C1)(C=O)C#C,5.293852335527568
C1OC11CCC11COC1,8.409878082644063
CC1(COC=N1)C1CN1,7.182655750435639
OC(CC#N)C1COC1,7.773781936456434
CC12OCC1OC2CO,8.117597916199859
C1C23CCC12N=COC3,7.006577071152686
Cc1ccc(nc1O)C,5.651287665425157
CC1=C([O-])C(C[NH3+])=NN1,5.845586261902987
CC1NC11CC(=O)C1,5.958581154975905
CC12CC3CC4C3C1N24,8.41725189736836
COC1CCC1CC=O,6.11119366490937
O=C1CC2C3COC2C13,6.0160549264210355
CC1CCC1C(O)C=O,5.963102085576937
CC(C)C(=O)OC=N,6.964897318198112
N#CC12CC3NC1C3O2,6.689032326393062
c1c(nc([nH]c1=O)N)N,5.316024650495634
OC12C3CN4C(C13)C24,7.902007927666501
CC1(C)C2OC1C21CO1,8.551227742056838
COCCC(=O)CC#C,6.213903127693196
OC1C2C3CC4C3C1N24,8.010449153332438
CC1(O)C2C3OC1OC23,8.180712689107176
O=CC12OCC1C1OC21,5.721906929035459
C1CC=C(C1)CC2CC2,6.916020280766087
CC1OC1CN(C)C=O,7.219381790805691
O=CCCC1CN2CC12,5.847501616099156
C#CCC12CC3C(O1)C23,7.426154334859334
NC(=O)C12CC(O)(C1)C2,7.348867082913872
CCCC1CNC1=O,7.58825627127306
C1CCC(CC1)C(=O)N,7.50132310600291
O=CN1CC11C2CC1O2,6.8865327608011455
CN1C=NCCOC1=O,6.696579166919791
CC1CC2(C)OC=NC12,7.218051066830659
CC1OC(=N)CC1CO,7.742619789794332
CC12COC1(C)CCC2,8.403698868954939
CCC1C(C)C(O)C1=O,5.936179650175797
CC1=CC(C[NH3+])=C([O-])O1,5.073946460134115
OC1CC2C3CC1C23O,8.433082592842084
C1CN1C1C2C3OC2C13,8.181343258917682
CCC1CC(C)=CCO1,7.056201590716531
CC1N2CC2C11COC1,8.187215881652799
Cc1c2c(cno2)on1,5.661133377924572
O=CC1CCCOC1,6.053308584248356
c1cnc([nH]1)C(=O)C=O,3.9555652530902754
CC#CC#CCC1CO1,6.206235514441022
CC#CC1OCC1C#N,7.240374881272453
Cc1c(ncnc1O)O,5.639941727254213
O=C1OCCC2NC12,6.939398605524212
O=CCC1CC1CC#N,6.256602967957105
CN1C2CC1C(=O)C=C2,4.890743611065683
CC(C#C)C1COC1=O,7.546449884414091
CC(O)(CO)C#CC#N,6.416307322480344
CC1CC1C(O)C(C)=O,6.22741066005346
CC1(CC(O1)C#C)C#N,7.356766551752097
CC(=O)c1c(cno1)N,4.880600301056992
CC1CC(CO)C2CC12,8.92486661766634
OCC12OCC1C1CC21,8.216614953992563
NC1=COC(=N)C(N)=N1,4.526150127113989
c1cncc2c1CCO2,5.88102308371018
CC1CC1C1(O)CC1C,8.53571039072018
OC12CC3C(NC13)C2=O,6.240853224329813
CN=C1OC2COCC12,7.318709057294361
CC1CC2CC(=O)C2O1,5.723124321695406
CCC12CC(C1)OC2C,8.67164485563558
Cc1ccc(oc1=O)O,4.646306578300632
c1c([nH]c(n1)NC=O)N,5.6078486505124605
CC1C2C3C2C2(CC2)C13,8.888674260598519
CCC1(COC1)C#CC,7.719735374536754
C1C(=O)C=CC12COC2,5.089154375716501
CC12COC3CC1CC23,8.926993623773656
N=C1OCC23CC(N2)C13,7.121756864978705
CC(=N)OC1CCOC1,7.5324514719643885
CC1(O)C(=N)NCC1=O,5.3069125331252724
CC1=NC2COCC2O1,7.152163034461163
OCC1(O)C2CC1C=C2,6.617158497883225
CC(=O)C1CC1(C)C=O,5.7715807027365456
C#CC12OC1CC1OC21,7.132426023943427
CNC1CCC1(O)C#N,7.123338318212053
NC1=CNC(O)=NC1=N,5.073459144132005
NC1CC(CO)OC1=O,7.057473339875274
C1C(=CC(=O)C1=O)CO,3.882029873764045
ON=C1CC2(O)CNC12,6.379095073810516
O=C1OC2C3CNC1C23,6.649836645259762
CCC(=O)C(O)C#C,6.143133984448431
CC(CCO)C1COC1,8.583924364320405
CCC1(N)CC1(O)C#N,7.396911222711264
CC(OC(=N)C#C)C#C,6.688963982122013
Cc1cc(c(o1)OC)O,5.984518058287716
CC(C)(CC#CC#N)O,6.630049079003896
CC(NC=O)C(C)=O,5.923416467951694
CC1=CC2N3CC2(O)C13,5.522352416382419
Cc1c(con1)C(C)C,6.7179017623660116
CC12CC1C1(CC1)C2O,8.501836641757155
CC(C=O)C1NC1(C)C,5.978596818912854
CC12CCCC1C=CC2,7.0830451707167725
O=C1C2COCC1N2,5.738665202707493
CC1NC=[NH+]C1C([O-])=O,6.556851470907823
ON=C1CC=C2COC12,5.874049833073775
CC#CC(O)CC(C)C,7.948283389074963
CCC1CC2COC1C2,8.632097464350085
OC12CC1N1CC21C=O,5.61479621244914
CCC(N)(COC)C#N,7.850427048615806
CC#CC1OCC1C=O,5.84661101271165
CCN1CC(C#C)C1=O,7.003756465803638
c1cnc([nH]1)C2(CC2)O,6.559801167870297
C1N2C3C4OC3C2C1=C4,4.761302231978512
CC1=C(COC(=O)C1)C,6.6457615673484565
CC12OC3C4OC4C1C23,7.928966056498552
CN1C2CCOC2C1=O,6.765854452841393
O=CNC1C2C=CC1O2,6.257386281217905
CC1=CC2(CC2)OC1=N,5.888921555940682
CCC(C)C1OC1C=O,5.965312456359253
CC12CC(=O)C(O1)C=C2,5.66319566752415
C1C2OCCC3OC2C13,8.21083122222894
OC1C2CNC(=O)OC12,8.108493639557173
CC(C)CC(C)C(C)=O,6.297811164920631
CC(C=O)C(=O)C1CO1,5.510292332365429
Cc1c(c(ncn1)O)O,5.559541455768171
OCC1C2C=CCCN12,6.4646613039661736
O=C1C2C3CC4C3C2C14,5.9241158823205495
CC1C2OC1C1CC2C1,8.760277711827523
COC1CCOCC1C,8.636755349789913
N=C1CC2OC(O1)C=C2,6.417639173035825
C1OC1C1CCCOC1,8.87061500490072
CN(C1CC1)C(=O)CO,7.203294124608831
N=C1NC(C=O)C1C#N,5.8679296470537725
CC12OCC1CC2C#C,7.66815183392401
Cc1c(ccc(n1)O)N,5.15443543998795
CC12NC1CC(O)C2O,8.093538869927569
CC1(O)CC(O)C(=O)C1,6.00554040396609
OC12C3CC1C1(CC1)C23,8.35765511774395
CC(C#C)C1OCC1C,7.945545650636608
CC1(CC(CO)O1)C#C,7.592358035529318
CN1CC2CCC12C=O,5.2350568106308675
CCC1C(NC1=O)C#C,7.3601522919969575
CC1=CC(O)C2CN2C1,6.317943723083629
C1OC11CCC2OCC12,8.706468726103195
C#CC1(CCO1)C1CN1,7.257823434491023
CCC12CCOCC1N2,8.389017006460254
CNc1ncc(o1)C#C,5.146510889257653
CC12CCCC1CO2,8.72396003088344
CN=C1OC2(C)CNC12,6.970972269206255
CC12CC1C1(C)CC21O,7.976834888951745
CC(C)CC(=O)OC=N,6.98498767213874
CCC1=CC(=O)CCN1,5.401238171714459
CC(=O)CCC(=O)N,6.0552604987997185
COCC1C2CC(=O)C12,6.03862049176183
CN1C2C3NC2C3C1=O,6.535854710110893
CC1(C)CC(CCO)O1,8.621669753900797
OC1(C=O)C=CC2OC12,5.620934267642473
N=C1CC(OCO1)C#N,7.608952717904342
OC1C=CC(=N)OC1=O,5.373601306049222
CC(O)C#CC(C)O,7.687231160462175
CN1CCCC(=O)C=C1,4.9972106042928335
CC1=COC=C([O-])C1=[NH2+],4.5615181545447125
C1C2OC2C11COCO1,8.64400131548895
OCC1OC1C#CC=O,5.566801617576244
CC1NC(=O)C1N(C)C,6.834328105737569
CC1OC(=O)NC1C=O,5.9541170577847735
CC1(CC1)C1C(O)C1O,8.189951717257422
CC1(CN1)C1CC(=O)O1,7.407133279217816
C1COCC=C1CC=O,5.7766974112922025
CNC(=O)CCC1CO1,7.432466043236067
CC(O)C1OC2CC12O,8.19266415211004
O=C1COC2C3OC3C12,5.792483664288386
CC1=CCC(=O)C12CC2,5.712158990921563
CC1C2CC1C(=O)N2,7.1698585157917165
CC1CCN2N=CN=C12,7.152698325521882
Cc1c([nH]c(=O)o1)CO,6.337801863849735
N=C1OCC1(C=O)C#C,6.0822415527293305
CC1(CCOCC1)C#N,8.048315720911983
CC12CN1C(=N)C2O,6.739092570108719
CC1OC1(C)CC1CC1,9.148995948576658
O=C1N2CC2CC11CN1,6.452869719850803
OC1CCC2CC3C2C13,8.707138726504843
CC(C#N)C(=N)NC=O,6.222847799945042
OC12COC1COC2=N,7.203569448319463
C#CCCc1cnc[nH]1,6.652448964213503
OC12CC1(O)C(C2)C#C,7.425827065975255
O=C1C2CC2C1CC#N,6.208885345056327
CC1OC2(CCC2)C=C1,6.6951479514423795
CC(O)C#CCCC#N,7.743562094890811
COCC1(CC1C)C#C,7.809850923539761
CC1=COC(=N)N=C1N,4.672833269329757
CCCC(=O)CC(=O)N,5.738614034318591
C1C2CC3=C(NC=C3)N12,5.921523315980906
CCC1C2C3CCC1C23,9.072448652924818
C#Cc1c(cc(o1)N)N,5.046864191464674
CC1C2NC(=O)C(O)C12,7.092763442957524
OC12CC3CC1(O)C23,8.074371904455807
CC1CCC(O)C11CC1,8.825894782841367
c1cnoc(=O)c1CO,5.002057568701781
OC1COCCC11CO1,8.534115622308393
c1[nH]c(c(n1)NC=O)O,5.432255565789383
CC1(C)C(O)C11CCO1,8.012400095753383
C1CC23C=CC4C(C24)N13,5.6651914808552295
ON=C1CC(C1)OC=O,6.774390288266229
OCC(=O)C#CC1CO1,5.352286429322604
[O-]C(=O)C1CN(C1)C=[NH2+],6.4159404432613165
CC1C2C3C2C2(CC2)N13,8.360048700416739
CC12OC(N)=NC1C2O,6.753175047325483
CC12CC(C)(C1)C1CC21,9.376355756945607
CC1C2(C)CC1(O)C=C2,6.532239173930382
C1C2OCC11OCCC21,8.389698130091174
O=C1NCC2CC1C=C2,6.257188973510929
Cc1c(oc(n1)C)OC,6.391819363336781
CC(CC#C)C(O)CO,8.07915281828537
O=CCC12CC1OC2=O,6.149681835773421
CC1COC2CC1C2=O,5.702098112212564
CC12C=CC(O)C1C2O,6.360371108210869
CC#CC1C2CC1(O)C2,7.7102475660464345
OC1C2C3C4CCC13N24,7.823934375728019
CN=C1OC(C)C1CO,7.450610347259183
CN=CNc1ccco1,5.460171456321254
OCC1C2COC12C#N,7.137478500938467
CC12OC3C1CCOC23,8.231717511223069
C1OC23CC(COC2)C13,8.324709092829602
COC1CC1(C)C1CC1,8.772067424945872
CC1C2N1C(C)(C)C2=O,5.883273917584225
CCC1(C)OC11CCC1,8.844071496846974
CCC#CC(O)C#N,7.557277918407946
C1CC11OC2CCC12,8.453545685726773
CC12CCCC(O)C1O2,8.893943481393437
[O-]C(=O)C12CC([NH2+]1)C=C2,6.011058239437842
CC1(CCC1)C2(CC2)C,9.26862822441079
OCC12OC1C1(O)CC21,7.892638989672559
CC(CC(C)=NO)C=O,5.902910527049773
NCC1(CC(=O)O1)C#N,7.16164274960511
O=CC1C2CCCCN12,5.70835163265121
OCC1C(C#C)N1C=O,6.8572606217460965
CC1C2N1C1C(C)C21O,7.598719454036938
CC1(C)CN1C1CC1O,8.037566538526374
CN1CC11CC2C(O)C12,7.975472489130441
OCC1C2OC1C21CN1,8.13812472645337
C1CC(C1)C1CCC=C1,7.066831165447156
C#CCCc1cocn1,6.693906836641759
OC12COCC1C2C#C,7.288345853066334
O=CC12CN=C3NC1C23,5.355436508695389
CC1CC(C)C=CC=C1,6.110161453777829
CC(NC1CC1O)C#N,7.245248445041637
CCC12C3C4N1C2C34O,7.355618258090887
Cc1cc(c([nH]1)C#C)O,5.327418147185853
C#CCc1[nH]c(=O)on1,6.022589711306383
CC(C)C12CC1(C)CO2,8.296768590724371
OC12CC3C4C(C14)N3C2,8.08698434601056
OC1C2CCC1C=CC2,7.018224917805764
Cn1c2c(cn1)OCO2,6.094525006855937
CC1(CC2(C1)CCO2)C,8.486943207666453
CC1CN(C1)C(=O)C#C,6.0855586693052395
C#CC1COCC=CC1,7.085910156312503
C#CC1C2CC1C2(C)C,8.280688891171788
CCc1c(cno1)C#N,5.942355728040051
CN1CCOCC(=O)C1,5.442466634996107
COC(C)CC#CCO,7.7299111265525475
C1C2CC34CC3(OC4)C12,8.140771677795893
CC1CCCC1(C)C#C,8.249115199878329
COC1C2C3OC3(C)C12,8.072584059821864
CC1=CC(=O)CC2CC12,5.306236053550677
[NH2+]=C1NC[C-](C=O)C1=O,4.421169455809943
CC1(O)COC2CC12O,8.022234098314854
CC1N=COC(=O)C1C,6.717318782977097
CN=CNc1cnoc1,5.595024233244823
OC1C2CCCCC12,8.653414888415087
CC(C)CCC1(CC1)O,8.826820394097956
CC1C2C3CC=C1C23O,5.5083141832131135
CC(=O)CCC(O)C=O,5.781213015213568
CC(=N)OC(C#C)C#C,7.266301223001581
CC1(CC(N)=O)CC1O,7.419016143351712
C1C23CC=CC12C1OC31,6.0778786950615205
C1C2C1C1CCC2CC1,9.513083731946779
COC(C)CC(=O)OC,7.196637254371405
OC(C=O)C1C2CC1O2,5.750915098545978
CC12C3CN1C3C21CN1,7.935990663049992
CN(C)C(=O)CCOC,7.294525460785279
CC1(N)C(CO)OC1=O,6.878510199204319
CC1(COC=N)COC1,7.457845823625663
CC(CCC#N)C(C)=O,6.401296372094663
CC(C#N)C1=NOC=C1,6.837729890687252
COC1=NC2CC2(C)N1,6.948156382963172
O=CC1C2OC2C1C=O,5.6425046829158365
CC1OC(CO)OC1=N,7.748266207896928
CC12CN3C4C1C2C34C,7.980152950405742
CC1(O)CC2C=CCC12,6.893170575158871
Cn1cnc(c1N)CO,6.095412276938936
C1CC(C1)NC(=N)C=O,4.6374458142519
O=CCC1CN1CC#C,5.848342585206815
CC(=O)c1c(cc[nH]1)N,4.923491045633823
O=CNCC1CCC1=O,5.967214313061566
NC1C(COC1=O)C#N,7.017482692015941
CC1CC=CC2CC12O,6.803994512584708
O=C1NC=CCC1C#C,5.962215882251363
CC1OC2(CC12)C1CO1,8.469725285367797
OC12CC(NC1=O)C=C2,5.8417836782178725
O1C2C3C4C5C4C(C23)C15,8.05244254591688
CC1CC(C1)NCC#N,7.463095515921379
Cc1c[nH]c2c1ocn2,5.565776486584732
CCC12CC=CC1C2C,6.706923729268406
CCCN1CCC1C#N,7.090568300970991
CCC12OC(=O)C1C2C,7.423842469757332
CC1=C(C)C(=N)N=NO1,4.795666243023457
C1CC11C2C3OC1OC23,8.357620423047985
OCC1(CC=CC1)C#C,7.212244283340646
C1C2N1CC1=C2C=CO1,6.08532280576475
CCC1(CC1C#C)OC,7.791161113686643
OC12CC(C1)CC21CN1,8.420856133738235
OC1CC1(O)COC=N,7.369568046600101
O=C1CNC11CCOC1,5.484439836449997
CC(CO)C1CN2CC12,8.105886829811238
CC(=O)NCCC#C,7.477460520028024
CC(O)CCC1(O)CC1,8.774771264740522
CC(=O)OCC1(CC1)O,7.497402882599282
CC(=O)CC(C)(C)OC,6.2480778604014615
CC1CC(C)(C=O)C=C1,5.9197040947136825
CN1CC1C1CC(=O)N1,7.007148929164717
C#Cc1cc([nH]c1)CO,5.748566212122024
C#CC1CC11OCC=C1,6.372945031725227
Cc1cc(=O)cc([nH]1)N,5.446535823610034
CC(C)NC(=O)CCO,7.451084326857709
CC1NCC(=O)C2OC12,5.586037830439178
C1CC(=NO)C=C1C=O,4.7462501052525266
CC12CC1C(O)CC2=O,6.061037859593183
OCC(C#C)C#CC=O,5.49547080891243
Cc1cc(no1)C(=O)C,5.366326614732223
c1c(c(c([nH]1)O)C#N)O,5.489700099015816
Cc1cc(oc1C)NC,5.902942477410859
CC1OC2(C)CCC12O,8.291606263246047
OCC1C2CC1(O2)C#N,7.388412643863985
OC12CN3CC1C23C#N,6.8554541732701075
CC(C)C1(O)CC2NC12,8.208386227538103
C#CC12CC3CC1OC23,7.356721849490495
CC(C)Oc1ccco1,6.231152910675431
OCCC1OCC2CC12,8.586037380142578
CN=C1OC2C(C#C)C12,6.564935121481706
NC1C2NC2COC1=O,6.888336540213658
CC1=CNCC(O)C1=O,5.283860884311043
CC1=NCCNC(=O)N1,6.584379436960116
CC1C=C2COC2C1O,6.448500239232711
CC(=O)N1C2CC1C2O,6.842475876661536
CCN(C=N)C(=O)OC,6.888595840275596
CC1CC2OCC(C)=C12,6.45309138505382
N#CCC1CC2OCC12,8.020901075449512
CC#CC1N2CC1(C)C2,7.10813827126198
C1OC1C1CC2COC12,8.637181760791199
OC1C(=O)C2NC2C1=O,4.87019601827024
NC(=O)C1C2NC2C1O,7.077578001990516
CC1C(OC1=N)C1CC1,7.8300052121574435
OC1CCCC2CCC12,8.83561559354907
CC(CCC(N)=O)C#N,7.3699932935934385
C1C23COC12CCOC3,8.162285181041414
O=C1CN2C3COC3C12,5.442828332186197
C#CC1(CC1)NCC=O,5.833819850337053
CC1CC1(CC#C)C=O,6.041424592872765
OC1CC2OC12C1CO1,8.388915212498837
CC1C2C3NC3C12C=O,5.84885548443166
CC(=O)C(C#C)N1CC1,5.758599979029471
C1C2OCC3COC1C23,8.500924029142576
CC1C2N(C=O)C1C2=O,6.024061835222396
CC1OC2C1=CCC2=O,5.579660368122571
CCC(CC1CO1)C#C,8.448660968111293
N#CC1OC2C=CCC12,6.669440614263815
Cn1cnc(nc1=O)N,5.012625585663268
CCC(C)NC(=N)C=O,4.595916536787734
CC1=C(OC=N)ON=N1,5.460242851756982
O=C1CC2(CC1N2)C#C,5.865349508162984
CC1(C(=O)C2(O1)CC2)C,5.883240356253449
CC(O)(C#C)C(=O)C#N,5.134748662952521
O=C1CC2C3COC1C23,5.687534757494893
O=CC12C3COC1CN23,5.613866751011994
CC1CCC11CC1C=O,6.0138541901680895
CCC(CC(N)=O)OC,7.450203381156676
CCC1(C)C(O)C1C#C,7.761066432254377
CC12CC3CC(=O)N1C23,6.515431047719487
CC1(C)CCCC(=N)O1,7.7408352051794305
CC(=O)C12NC1CC=C2,5.573550902280289
NC(C#N)C1OCC1O,7.281489442741187
O=C1CC2NC11CNC21,5.613567404062611
CC(=N)Nc1ccon1,5.857147094679844
C1C2C=CC11CCCC21,6.674188664884782
CC12CC1(C#C)C(O)C2,7.596443410087998
C#CCC1=CCC(=O)C1,5.927752119968787
CN1CC2(C)C3C1CN23,7.541759413870246
O=CC1COC(C=O)=N1,4.84212852198184
OCC1CC(O)(C1)C#N,7.8368590558856
CC1COC(=O)CC1C,7.548686016257972
CC1(COC(=O)CN1)C,6.832036207060046
OC1C(C=O)C1(O)C#C,5.692737163080018
CC1CC2(OC12)C1CN1,8.499079469072498
CC1CC2(C)C(C)OC12,8.47790055568569
CC(=O)CNC(=O)CO,5.9016782117173445
CC(CO)(C#C)C1CC1,8.351504190439615
OCC12CC1C1NC1C2,8.246809209507326
CC1(C)CC(O)C(=O)C1,6.010167047694218
CC(NC=O)C1NC1C,7.393966584528901
NC(=O)C1CC2OC2C1,7.36879823554878
CCC12CC1(CO2)OC,8.161302888607743
CC1C(OC=N)C2CN12,7.17185046751064
O=C1CNC2CC12C#C,5.553060223907329
CC#CCCC(C)C=O,5.987630527879153
CC(=N)Nc1cnno1,5.584211862258263
OC1C2NC2C11CN1,7.984846580255324
C1C2OCOC3CC12C3,8.714708859162567
CCC(C#C)C(O)C#N,7.830412858887228
CC1C2CC2CC11CC1,9.111969474175023
OC1C2CCCC1C=C2,6.974242402128926
N=C1NC(=O)CN1C=O,5.895554440839582
CC1(C)NC(=O)OC1=N,7.224525964884696
CC1C(=O)C(C)C11CC1,6.016908651393596
CC1(C)CCCC1(C)O,8.705402191519632
CC1CCCCCCO1,8.78475291870906
COC(C)C1(CO1)C=O,5.916211145928393
CCC1C(C)CN1C=O,7.093753134645352
N=C(OC=O)C1CC1,6.63818600973215
C1OCC2C3C4C3C2C14,8.582714090668835
CC1(O)CCOC1C#N,7.696160166278933
C1C=CC2OCCOC12,6.803421056404848
[NH3+]CC1(CC1)C([O-])=O,7.288567734966972
CN=C1OC2CC1C2O,7.234668301137017
CN1CC(=O)C(C)(O)C1,5.451401719616523
CC1CC(=O)CN=CO1,5.853338729262355
OCC12OC1CC=C2,6.696669674858559
CC#CC12CC3C(C1)N23,7.150202415988648
CC1OCC(=O)OC1C,7.177877214242526
C1C2C3OC4CN(C13)C24,8.103955734766789
CC12NC1(C)C1(C)OC21,8.038320697320286
COC(C)C1OC1C#C,7.565603270018576
c1cc(cc(c1)O)CO,5.858033543674601
CC12C3N4CC1C4C23O,7.454148568129217
OCC(O)C12CC(C1)C2,8.718444406272987
CC#CCc1cc[nH]c1,6.487687048202455
CC1CCNC(=O)CC1,7.351611893927311
CC1C(O)C(C)C1(C)C,8.47594720748021
CC1C(C)C11CC(C)O1,8.347415000532303
CCC1(NC1CO)C#N,7.58575157188346
CC12COC1(C)CO2,8.228454115116161
c1c(con1)C2CC2,6.566602372774161
CC1CCCOC(C)=N1,7.108778164575675
OC1CCC1COC=N,7.610935519684785
CNC(=O)CC#CC#N,6.406055491674973
NC(=O)C12OC1CC2=O,5.090376855941265
CC1C(C)(C)C11CCO1,8.271022760390625
CC1OC(C(C)=O)C1=O,5.291572742772557
CC1CN(C1)CC(=O)C,5.786001918251581
CC12C(O)C1C1CC2C1,8.649121341523504
CC1(OCC=C1)C1CN1,6.673745586976521
O=C1CCN2CC2C1,5.781412855861984
NC1=NC(O)=CC(=N)O1,5.23448285446978
CCC1CC(C)C(=N)O1,7.803632996207986
CC1CC(C=O)C=C1C,5.783539662930696
CC(C#C)C1=CNC=C1,6.341984723194814
C1CC2C1C1CCOC21,8.453476893579047
CCC(=O)n1nccn1,5.760681382750713
OC1C2CC(O)C12C#N,7.455827331884507
C1CN2CCCN=C2O1,6.914712180921667
CCCC(O)C(=O)CO,6.319077457795837
CC1C(=O)OC1(C)C=O,5.991278118912154
NC1=C(OC=N1)C1CN1,5.776414296500658
O=C1C=CC2CN2C1=O,4.369480383497139
C1C2C3OC4CC3C2C14,8.619619747306368
N#CC1CCCC11CC1,8.657769089728811
CCC#CC(C=O)C=O,5.597997949156541
CC(C)(C)C1(CC1)C#C,7.923571577990325
O=C1OCC2OC2C=C1,5.875167683345868
OC1(CC1)CC1OC1,8.893858790549356
Cc1cc(cnc1)OC,5.732951745608097
CCC1(COC=O)CN1,7.323460943571455
OC1(C#N)C2C3NC1C23,7.114649386585254
COC1(CO)CCC1C,8.61785000290409
N#CC12CC1OC1CC21,7.512200134833547
C1CN1c2[nH]nc(n2)O,6.688719869534315
NC1(CC1N1CC1)C#N,7.27831358579264
COC(C=O)C(C)(C)O,5.909817355433037
CC(CC=O)C1COC1,6.095215221018464
CC12CC(O1)C(=C2)C#N,5.922291267040976
CC1C2N3CC1C23C=O,5.86041020800541
CC12CC3C1N3CCC2,8.36207771671048
COC1C2CC1OC2,8.611178884712928
CC1CC2(CCO2)CO1,8.552535610891102
[O-]C(=O)C12CC1NC2=[NH2+],6.555750603864048
CN1CCC(=CC1=O)N,5.690873333436124
OC12CC1C1OC1CC2,8.74220775656277
COC12CC1N1CC21C,8.058551450690372
CC1C(OC1=O)C1CC1,7.661390969374581
CCC1OC2C(O)C2O1,8.414045016764149
O=C1CC2CCC3C2N13,6.542794060109639
N=C1CC(CC#C)O1,7.796769827939409
C#Cc1c(oc(n1)N)N,5.1332186623056115
CC1OCC2C(C=O)C12,5.922790215514864
O=C1NCC2COC1O2,7.076696014464364
CNc1cnnoc1=O,4.547032201895222
CN1C=C[C-](C#N)C1=[NH2+],5.277737841491487
CCC1(C)OCC2CC12,8.55860298102829
CC1(CC=O)NC1C#N,5.970852729284525
CN1C2C1C1(O)CC21C,7.485286657032898
COc1c(cc([nH]1)N)O,6.118410322758307
CC(C#N)C1(O)CC1O,7.968372577616786
Cc1nc(no1)CC#N,6.625261298893687
CC1COC2CC2OC1,8.653847602886783
CC12OC3CC1C2(C)O3,8.403168094721906
C1NC11CC2OCC12,8.32330717862615
CNC12CNC1C2C#N,6.698678528375831
OC(C=O)C12CC1OC2,5.696482112346942
COCC1CC(=O)C1,6.104530670027747
C1OC2C=CCC3NC123,6.63404959212836
CC(CCC=O)C1CC1,6.266719039186173
CCC1NC11COC1C,8.33520832522614
CC1(CCC11CC1)C#C,8.015352456505033
CCCc1cnon1,6.856805462280289
CCC12C3C4C(CC14)N23,8.367765690614462
C1C2CN1C1=C2C=CO1,5.865632868543628
COCC(C)C(O)C=O,6.1081375092318
CC1NC1C#CC1CN1,7.094533975374575
OC12C3C1C1CC3C2=C1,4.930905796786
CC(=O)c1conc1N,5.106601079590905
C1C2CC=CC3NC3C12,6.651805166362137
CC1(CN1C(=O)OC)C,7.835820750890143
CN(C=O)C1CCOC1,7.1956467556902215
CC12CC1CCC2(C)C,8.95989201449976
c1c(nc(o1)CC=O)N,5.114035748716117
CC1CC(C)C11COC1,8.501211705959097
CN=C1OC2CCC1C2,7.444205878958277
CC(CC=O)CN1CC1,5.933310718686024
N#CC1CC2CCN2C1,7.238646143208452
CC1C2C=CC(O)C12C,6.509561308705468
CCCC(O)CCC=O,6.220596523149403
CCCc1nc(no1)N,6.450709162284804
CC1CC=C(C1)NC=O,6.300173727633295
COc1cncnc1N,5.276389554444481
OC1CC11COC2CC12,8.29878557306533
OC1CC(OC=N)C1=O,5.8094311354532975
CC1(CO)CC(O1)C=O,5.853104777708932
CN=C1OCC2CC1C2,7.431276119536788
OCC12CN1CCC2O,7.99834271406988
CC1(OC1C=O)C1CO1,5.973309926045138
CC(C)c1nccn1C,6.7810568760656915
CC#CC1N=CNC1=N,5.870067032051959
COC(C=O)C#CC=O,5.353408662055397
CC#CC1(CN1)C=O,5.780279003816823
CN1CC2(O)C1C2(C)C,7.369438225740413
OC12COC1CCCC2,8.354761753685617
OC1CNC1(C=O)C#C,5.535949256211881
COC1(C)CC(=O)C1O,5.858704630095796
O=C1OC2C3N4CC13C24,6.305072300694674
C1C2COC=NC1C=C2,6.379555338383809
CC1N2CC3(CC3)C12C,8.367065706380654
O=COC1CC2NC12,7.19325951093277
c1cc(c(nc1)C=O)N,4.466675058190529
CC1CNC2C1OC2=N,6.931952914501672
ON=C1CC2C(C=O)C12,5.791151577752572
C1C2N1CC21COC1,8.146883167892824
CC1C(O)C2C(O)CN12,7.617221002111185
CC1C(C)C(C)(C)C1=O,5.930452328409421
CNC(=O)C(C)C(N)=O,6.425185348177582
CC1=CC2(CN2)CC1=O,5.197065298144703
OC1C(C#C)C1(O)C#C,6.7915056512078555
CC(C)c1ncc(o1)N,6.158881456372893
CC#CC(C)(O)CCO,7.804695607520278
CC1(C)CC2CCC2C1,9.30158544906005
COCCC1(CC1)C#N,8.168198344922335
CC1CNC2=C1C=NN2,6.065096999637955
CCCCc1cc[nH]n1,7.138273623681169
OCC1C2NC1C2C#N,7.283682660254291
CN(CCCO)CC=O,5.698834951211383
CCC1COCCC1=O,6.03606471240928
Cc1conc1C(=O)N,5.6188419847063376
CC(=NO)C1(CC1)CO,6.741661246535499
CC1(CN1)C1=COC=N1,6.342999736829089
CC1CC1(CCO)C#N,8.198236316573729
O=C1OCCCC2NC12,6.8759391865250485
CCC1C(C)C1C1CC1,9.075020745461698
C1CCC(=CC1)CC=O,5.807462492368465
C#CC1COCCOC1,7.808749924440399
CC1OC2=NCCCC12,7.307962820011537
C1CC1C#CCCC#N,7.670481179083093
CCC(=O)OCC(C)O,7.654435073368541
Cc1[nH]c2c(n1)con2,5.674147702643005
CC#CC1(C)NCC1=O,5.658163128468485
OC12CC(=O)C1C2C=O,5.6592970409668215
CC(C)C1(CC(=O)C1)C,6.010855747509849
O=C1NC=C(O1)C1CO1,6.19189926272781
CC1C2CC1C(=O)CO2,5.790197659304621
CC1C2C(CN12)C(C)=O,5.804828687390941
CN1CC11CCCC1O,8.01564916251858
CC(O)(C#C)C(O)C#C,7.558818078365002
CCC1(O)CC2NC2C1,8.264325464229435
CC(O)C12CC1OCC2,8.307533154487025
CCOC(C#N)C(C)C,8.19561495299646
CCC(=O)NC(C)CO,7.451238854057565
CC12CC3CC1(C)C23C,8.565374472956615
O=COC1CC=CC1=O,5.198678608282512
O=CC1C2C3CCN1C23,5.6518023793452485
CC1CN(C)C1(C)C#N,7.036811030868353
CC(=O)C1CCN=CO1,5.8727798956335455
CCC12CC1OCO2,8.826336626422783
C1=C(C(=O)NC1=O)CO,4.874353116273305
O=C1CC23COC2C1N3,5.535711151265129
N=COC1(CNC1)C#C,6.937403284960336
C1CCCC(CC1)C#N,8.910460842212863
CCC(=O)C#CC1CO1,5.45772398110598
OC12CCC1CC1OC21,8.777405026342798
CC1(C)CN2C3CC1C23,8.320979068106674
CC1(CO)CNC(=O)C1,7.432375862255919
OC1CNC2=C1OC=C2,5.682294399261133
CC1(CC1)OC2CCC2,8.775230146005429
O=CC1CCCC2CC12,6.030661203203253
CNC(=O)C1CC(=O)O1,6.861942112794503
CCC1C2CCCOC12,8.604584283479637
CC(=O)C1=CC2CC2C1,5.315241244296941
CC12C3C1C1OC3C21C,8.297854323383453
c1c(c2c(o1)NCC2)N,5.807258675073252
OC1CCC2COC12,8.40974397226177
N=C1C2C3NC(=O)N1C23,6.434951818670185
Cc1c(=O)ncncn1,4.478852161431921
CCN=C1OC(C)C=C1,5.7868006970104355
C1OC1C1CCC2CN12,8.448831090499572
N#CC1OC2OC1C=C2,6.640893385150516
N=C1NC2C(OC12)C#N,6.7208923745813625
CC1(C)CC11CC2NC12,8.248211807404266
CC1(CC1)N=C2CCO2,7.106462510813117
CCC12OC1(C)CC=C2,6.737268787757409
CC1OC11C2CN2C1=N,6.56304670941368
COC12C(C)C3C1OC23,8.15249693543884
CC1C2CC3N2C13C=O,5.959207781465766
CC1CC2OC1C=C2,6.694572971971334
CC12NC(=O)OC1C2O,7.833392181102433
NC1=C2CCN2C(=O)O1,6.097649640951415
C1CCOC(=O)COC1,7.043447192875335
OC1(CNC1C=O)C#C,5.600420980017763
O=C1CC2NC3C2NC13,5.491349559857358
CC12C=CC3CC1C23C,6.0050759460073975
CC12COCC=CC1N2,6.6264908133924365
OC12CC3C1N3C21CC1,8.05088001265679
CC1CC11CC(=N)O1,7.5897824485590455
CC1CCC1(CO)C#N,8.278656969734453
CC(O)C1CC(=O)C1C,6.017216518108046
CC(C)CC(O)CC=O,6.161736659788959
CC1(C)CC2N=COC12,7.229174051924968
CC1OCC(C)C(C)=C1,6.929936598402734
C1OC23CC4OC2CC134,7.898937055028659
O=COC1C2C3CN3C12,6.74357917331117
C1C2OCC3=CCN1C23,5.869831976236574
CCC1=CCN(C1)C=O,6.38521343108302
CC(=O)N1CCC2CC12,6.9708934156407985
COC(C)C(C)(C)C#N,8.236384870835103
OCC12CC1CC(=O)C2,6.155556304386211
CC(=O)CCCC1CC1,6.393552076300529
C1CC2NC2C=CC=C1,5.430068570945071
CC1C23CCC12OCO3,8.146702931006141
CCC1(CCO)CC1C,9.003016858235652
CC1C2OC1(C#N)C2N,6.999527786969239
CC12NC1C(O)C1NC21,7.8305094009366805
CCC12COC1C2C#N,7.5771708636849215
CN1CC1C1(CC1)C#N,7.008295376088411
CC12CC(O)C1OCO2,8.454920177787177
CC12CC=CC3OC1C23,6.498692617702086
C1C2N1CC21CCCO1,8.079428256178076
COCC(O)(CO)C#N,7.651943724473799
CC1(C)CC(C=C1)C#N,7.117630064469496
OCC#CC(C=O)C#C,5.793057804868422
CC1(CO1)C1COC1=O,7.3894640838370265
CC12CCC1N2C(N)=O,7.575914599224383
C1C2OCOC3CC2C13,8.666306228599185
O=CC1C2CC(C#C)N12,5.650294059017683
CN1CC2(O)CC=CC12,6.3564877600401575
CNC1CC1(C#C)C#N,6.887144002638479
OC1C2N3CC3CC12O,7.777198343583201
CC1N(C)C11C2CC1O2,8.24667112806785
CC1(O)C2OC3CC2C13,8.318053257130606
OC12C3C=CN(C13)C2=N,5.4092843404691
C1CC2(CC2)CCOC1,8.74181472992341
CC1(COCO1)C1CO1,8.996918476622069
C#CCc1c[nH]nc1N,6.187675390865539
CN1CC1CC(C)=O,5.818998420612496
CCN=C1OC(C)C1N,7.233931068697342
CC12CC3C1CCC23O,8.70791762657196
OCC12CCC1OC2=N,7.5059270064718255
CC1C2CC(=NO)C12C,6.6731733253201275
C1OC2C3NC3C2=C1,5.935171163845627
COC1C2NC2(C)C1C,8.262174590959695
C1CC(O1)C1OCC=C1,6.7186300681357505
N=COC1CC2(CO2)C1,7.613678193304851
OC1CC23COC2C1O3,7.9048223595554985
CC(CC#C)(CO)CO,8.155150390020268
C1C2COC3CN1C23,8.036418942743438
OC1CC11NC(=O)C1O,6.961619772364471
CC1C=CC2C3OC3C12,6.737596864071259
COC12C3CC1CC23O,8.141078647692915
CC1(C)NC11CCC=C1,6.632775004278864
O=CNC1CC=CC1,6.742689223789659
CC1=CC(=N)OC1(C)C,6.249527946011128
CC1COCC=C1C#N,6.206236632237241
OC1CC2OC1CCO2,8.686862658210414
OC1C2OC1C2CC#C,7.649039259602334
C1OC2C1C21CC2OC12,8.195047345322891
C#CC1=C2COC2CC1,5.537325744669932
COC(=O)C(C)C(N)=O,6.594934297614307
N#CC12CC(C1)CO2,7.670430331996422
C1CC11N2C3CC=C1C23,4.769563513200742
COCc1c(nco1)O,6.1642072030372645
CCc1c(c(co1)N)C,6.074386280168017
COCC(O)CC#C,8.093052609143397
Cc1cccc(=O)cc1,4.39403779147305
CC(O)C(C)C(C)=NO,6.984235938345895
CC1(O)CN2CCC12,7.945528537675569
C1C2NC3=CC=NN3C12,6.168013536410962
CCC(OC=N)C#C,7.608533757141223
CC(C)Nc1conn1,5.5594271843527245
c1cc2c(nc1)CCO2,5.756783346780367
OCC1OC11CC2CC12,8.726692266371387
CC1CC2(CN2)C(=O)N1,6.896569866872766
Cc1c(c(no1)N)CO,6.124027524843149
OCC1CC23CC(C2)C13,8.91316731659343
CC1C=C2COC3C1C23,5.92863751585466
CCOCC(C)(C)C#C,8.321023261011426
CC1=CC(=O)[CH-]OC1=[NH2+],4.796003600762558
CC1=CCOCCOC1,6.70040394161555
Cc1cc(no1)CO,6.664556454299008
Cc1cc(=O)c(co1)C,5.054690592918423
CC1C2CC=CC(=O)N12,5.499655575009203
CC1CN(C=O)C=C1C,6.0221939027112965
OC1CN(C=N)C(=O)C1,6.306682407615315
CN1C(=N)NN=C1C=O,4.686858962795931
CC1=CNC(=O)OCC1,6.216086579053623
[O-]C(=O)C1[NH+]=CN2CC12,6.5014322383402146
O=C1CC2OC12CC#C,5.801889544291917
CC1NC=C(C=O)C1C,5.09650849569776
c1c2c(on1)CC(=O)C2,5.5248941755853025
Cn1cnc2c1COC2,6.567694876858136
CCCC1COCC=C1,7.001538520323241
CC(CO)C#CC(N)=O,6.388576017593893
CN(C)CC(CO)C#N,7.058188536327925
C#CCOc1cnoc1,6.222014897465221
COC(C)C1(C)CCO1,8.586425478964541
N=C1C=CON=C1C=O,4.688843951512986
COC1OC(=O)C2NC12,6.8667865759588995
CCC1(C#C)C2CCC12,7.712014229314096
c1c(c([nH]c1N)O)C=O,4.583054091303431
CCOC(COC)C#N,7.955271170685426
CC1CC2(CC12O)C=O,5.932941823936881
C1CC2COCC2C1,8.82908863681688
OCC(C1CN1)N1CC1,8.083362573391792
OC12C=CCC3C1OC23,6.41842628221309
OCC1NCCCC1=O,5.720161085459827
N#CCC1OCC11CN1,7.629772059268819
CCC12CC1(CC2)C=O,5.981557144717041
CC1COCC2CN2C1,8.260847278074579
CC12C(O)C1COC2=O,7.240911459521151
CCC1(CC#N)CC1C,8.675261447735618
CCC12CC1(CC)OC2,8.254902330377254
CC(CCOC=N)C=O,6.103109471047497
CC(OC1CC1)C#N,8.049464562350403
CCCc1conc1O,6.458054318364757
Cc1cc(c([nH]1)N)C#C,5.3088599919510875
CC(CC#N)OC(N)=O,8.240594572787456
O=C1CCC2CC3C1N23,5.821130108397691
CC1C2OC2C2OCC12,8.469846150268605
NC12C3NC3C1C2C#N,6.71949543919975
O=C1OC2CC=CC2=C1,5.313462769714779
OC12CC1(O)C1(CC1)C2,8.147597906633697
COCCN=COC=O,6.46823883068301
CC12CN1C(=O)C2O,6.620512173670718
C1CC12CNC(=O)CO2,7.088306654550946
CC1CNC1(C#N)C#N,6.950612002814885
CNC1(C)C(O)C1C#N,7.1592166495187
CC12CC3(C)C=CC1N23,5.995452797973532
OC1=CC=CN=CC1=N,4.287375563889302
CC1(C)OC1(C)C=O,5.956790632089515
OCC1CC1(O)CC#N,7.928397335981024
O=CC1C2CC2C2CC12,5.982354195192232
CC#CCC1CCC1C,8.204903742253387
Cc1nc2c(o1)nc[nH]2,5.610357052724913
CC12CC3C1C1(CC1)N23,8.552563016728708
CC#CC12CC1CC2O,7.5686367219369926
CC1CC2N=CNC2=N1,5.918476237807505
CC1C2C3C(O)C3CN12,7.674404565795763
C#Cc1cocc1CO,5.760356161120129
CC1=C(COC1)CCO,6.67647141365166
C1C(CO1)CNCC#N,7.220242987477113
OC12CC3=CCOC1C23,5.699493542495422
CC12NC1CCC2=NO,6.455258758230281
[NH3+]C1(CCC=C1)C([O-])=O,6.333363568481439
O=C1CCNC(C1)C#N,5.754222882339565
CC(C)C12CC(C1)OC2,8.613413439911037
O=CNC1C2COCC12,7.167782930948491
OCC1COC2COC12,8.365527075623971
CC1C2C(O)C1C21CC1,8.871213864943437
CN=C1C=CC(=O)N1C,4.82593900412941
COCC1=COC(=N)O1,6.425146149095353
Cc1cc(oc1)N2CC2,6.076137265343309
CCC1(C)C(O)C1CO,8.24265852864181
CC1(CO)OC11CCC1,8.718992999132453
O=C1NC2CC2CCO1,7.944425501524748
CN1CC2OC3C2CC13,7.870230950706722
CC1=CC(O)(CC1)C=O,5.56048915029784
CC12CC1C1CC(C1)O2,8.699286757623671
CCC(OC1CC1)C=O,6.007936305141442
CCOC1(CC)CC1O,8.46042717104142
O=CC1NC1(C=O)C=O,5.425662843231603
CC1(C)CCC1(C)CO,8.85918917286691
CC12CC1CC1CCC21,9.109277357369656
CC#Cc1cn(nn1)C,5.827451418255688
[NH3+]CC(O)C#CC([O-])=O,6.348146651493055
CCC1(C)C2OC2C1=O,5.856180787049879
CC#CC1CC2C(C)C12,7.791350393761229
CC12NCC1(C#N)C2N,6.780140093054718
CC1(CC1O)C1CCO1,8.311279955015701
OC1C(=O)C2C3CC12O3,6.024841407116044
O=C1CC2C3CC3C2N1,7.275428209632878
CC1OC2(COC12)C#N,7.166409406795286
OCCC1CC2(O)CC12,8.681072362928205
COC(=O)C#CC1CC1,6.392704583887884
CC1C(C#C)N(C)C1=O,7.067462400693001
CCC1OC(=O)OC1=N,7.499125579722694
CC1=CCOC1(C)CO,6.868793538185747
OC1CC1(OC=N)C#N,7.23514764564579
CNc1cc(oc1)NC,5.799979686823564
CN1CCCCC1=O,7.2289811968428435
CC1C2CN1C2C(N)=O,6.766729119711627
C1C2NC1C1=C2OC=N1,6.121876007653662
OC12CC1C1NC2C1=O,6.199616329737363
NC1=NC(C#C)C(=O)C1,5.452508954096742
O=CC1CCC11CC1,6.036779785765673
CCC(C)C1CC1CO,9.092477361949557
CC1C2OCC3CN1C23,7.900449779574326
OC12CN=C3OCC1C23,6.353387494919604
N=C1CCNCC(=O)O1,6.472630360925473
CC1CC2C(CCO)N12,8.107210961179646
CN1CCC2CC2C1=O,7.062461789196002
CC(OC=N)C#CC#N,6.28913412676571
CC1OCC(CO1)C#C,7.999072734127855
CC1(CO1)C1OCCO1,9.00030423812259
N=C1OC2CC12OC=O,6.874227219151084
CC(O)C12CC1CC2,8.751928911967353
Cc1c(ncoc1=O)O,4.8955779289241415
CC1=CC(=[NH2+])C([O-])=CO1,4.522825359400467
OC1C(CC11CO1)C#N,7.685935434745484
OC1CC2CN2C1C#C,7.25318209650743
COC1CC2C3OC1C23,8.340117507225207
O=C1CC2CC1C=CC2,5.879073034457038
CC12OC1C1(C)CC2O1,8.595001201275752
CC1NC11CCC(=O)C1,5.9969707770498015
CCc1cnccc1O,5.9451605730642125
CC12OC1C(=O)CC2=O,4.96021877142196
CC12CC1(C)CC(=O)C2,6.050337472998679
C1CC(C1)OC2CCC2,8.720540526531243
O=C1C2NC2C1CC#N,5.814127761834775
CC1C(C#CC=O)N1C,5.089767709078998
NC(=O)C12OC1CC=C2,6.012610018583807
Cc1c(c[nH]c1O)C#C,5.4765946225227315
CCc1c(cc(o1)C)C,6.299265570171636
Cc1c(onn1)C2CC2,5.860873892517694
NC(=O)C1CCOC1=O,6.837549844744013
C#CCC1C2CCCC12,8.2495108087384
CC(=O)CCC1COC1,6.280449974601117
C1NC1C12CC(C1)O2,8.313710445322615
CC1=CC(=O)C2CC1O2,5.362867530573178
O=CCC1(CC#N)CN1,6.032079709269876
c1c[nH]cc1OC2CC2,6.356472359849382
CCC1C2OCOC12C,8.68957346857549
CC12C3NC11CCN2C31,7.681398163962837
OCC12C3C(O)C1CN23,8.10833302536224
CNc1coc(c1N)O,5.781611870797128
CCC#CCC#CCC,7.699162728962378
CCC(=NC)OC=O,6.6092220955870715
CC#CC(C)(C=O)C#C,5.767495147205488
C1C2CC3N=COC2C13,7.178406287661421
C(CN=COC=O)C#N,6.595108367514386
CC12CC1(C)OC(=O)N2,8.140193670539038
CC12CCOC1CC2O,8.383068130396289
CCC1OC2C(C#C)C12,7.675882637018956
C1C=CC(=O)CC1=NO,4.878556636696492
CCC12OC1C1NC21,7.711702914549571
CC12COC(CC1=O)C2,5.913230150900322
CC1(C)C2CC(CO)N12,8.051077898308703
CC1(CNC(=O)N1)C#C,7.555434152677266
OCC(=O)C12CC1OC2,5.886388659889915
CC(=O)C(=O)N1CC1,4.603471692245778
CCC1(CC(=O)C1)C#C,5.9976430715645055
OCC1CC2OC(=O)C12,7.402229347305978
O=C1COC(=O)C11CN1,5.158632813520233
OCC12CC1N=COC2,7.16025332507357
C1C2CC3CCC=CC123,6.75822080332637
[O-]C(=O)C1C2C3[NH2+]C1C23,6.90110220598263
CCC#CC1CC1(C)O,7.5381518638672755
CCC1COCC1(C)C,8.684133125129122
OC12CC1(CC2)C1CO1,8.552711094549295
CC1(O)CCCC=CC1,7.280351651329548
OC(C#C)C1NC1C#N,7.3523138019666545
C1C2CC1OCCCC2,8.48174307841498
CC1(COC1=NC)C,7.479448812043804
COCC1(C)CC2OC12,8.852040893594399
CC12OCC1C2C1CO1,8.449808570262205
C#CC12CCC1CCC2,8.087264069541686
CC1CCCC(C1)=NO,6.955411771806353
OC1C2OC1C2C1CN1,8.26364401128076
CC1N2CC2(C)C1=O,5.949696787947429
O=CNCC(C#C)C#N,7.0547283569340085
OC12C3CC3C1CC2=O,6.051432820178267
C#CC12CCC1OC=N2,6.974822226240217
CC1C2C3(O)CC3C12O,7.627787878494326
CC12CC1CC2CC#C,8.185207675803088
CC12CCC(C1)C(=O)O2,7.455394503433482
CCC1NC(=O)C11CN1,6.934370913027568
CC1CC1C1CCO1,8.649426250496145
CC(=O)COCCC#N,6.305980953104677
CC1(OC2C(O)C12)C#C,7.311710945286404
C#CC1CC11COC=N1,6.8857303211923035
CC(CNC(C)=O)C#N,7.353708213024909
OC1CC(C1)C1CO1,8.897000104345883
CC1OCCC2C1N2C,8.109870632493784
COC1CC1CC1CO1,9.053544836282672
C#CCCNC(=O)N,7.6471556979893345
CCc1ccc(cn1)N,5.436877363721846
OC12CN(C1)CC2C=O,5.658489828238708
CC12CC(=O)C1(N2)C#N,5.9177501241829695
CC(=O)OC1CC2OC12,7.379988650138719
CCC1=CCN=COC1,6.368835598836499
N#CC1C2CC2C2CC12,8.015450555722532
NC12C3OC1CC23C#N,7.0699313644716
CC1OCC11CCC1O,8.231907848499246
CCC1OC(C)(C)C1=O,5.828882176507445
C1CC2OC1CC1NC21,8.237015550123512
C#CCC1=NCC(=O)O1,6.2088400215800394
O=CC12CC3C(CN13)C2,5.614510417409546
CC1=CCCC(O)C=C1,5.83423932642032
CCC1CCC(C)=CC1,7.076531170558239
NC(=O)CC1CCCO1,7.425668436695963
CCC1OCC(C)C=C1,6.894899175508101
N=C1OC2C3NC=C1C23,5.484260153728384
O=C1CNC(=O)C2CC12,5.809557855566716
CC(C)C1OCCC1O,8.465532983133976
CCc1c(=O)[nH]ncn1,4.9660093543395645
CN1CC2OC(=O)CC12,6.6253433514982145
CC1NC1(CCO)C#C,7.522049718444189
COC1CC2C(O)C12O,8.08607587294454
CC#CC1(C)CCC1=O,5.720963700054753
c1c(nco1)C(=O)CO,5.402101602258702
O=C1NCCC11CN1,7.093394222563627
[O-]C(=O)C1CC2C[NH+]1C2,6.961096509654863
CC1(CO)CCC1C#C,8.193904501499343
CC1OC(=O)C2CC1C2,7.469217962117609
OC(C=O)(C#N)C1CN1,5.768620924986693
CC1CC1(C=O)C(C)=O,5.694171345633615
CC1=CC(C)(O)CC1,6.895329165943098
CC1(CCO)COC1=O,7.3876409565968
O=C1C2COC2C1C#C,5.618325274813368
OCC12CC1OC2C#N,7.402125871561667
CCC1CC2(NC12)C#C,7.306088602013222
C1C2CC1C21CCC=C1,6.874278407579841
CC#Cc1c[nH]c(n1)C,5.620655135878349
CC1(CC1)N1CC1C=O,5.722133027318054
CC1C=C(NC1=O)C=O,5.1185093657031455
OC1CC11OCC2OC12,8.313718463161972
O=CC1CC2C3CN1C23,5.6811914668286505
CC1=CC(C)(CO)OC1,6.796885170879072
O=C1N2CC2C11CCO1,6.375527960040356
Cc1c(c[nH]n1)OC,6.427043208488265
CC12CC3CC1C3C=C2,6.728768788038485
COC(C#N)C#CC,7.526660458154222
NC1=CC(=O)CC1C#C,5.371382438638899
CN1C2COC(C#N)C12,6.907155487829424
OC12C3COC(C13)C2=O,5.9781464701362665
CC1CCOC(C)OC1,9.085872353326959
c1c(c(c[nH]c1=O)O)N,4.729012477939061
CC1OCC(CO)=C1,6.769649740689569
COCC12CC(O1)C2=O,6.177546171472527
CC1C(O)C2(C)COC12,8.21018709601471
CC(C)NC(=[NH2+])C([O-])=O,5.5143233371173
CC([NH3+])C#CC([O-])=O,6.498040606892312
C1C=C(CC(=O)O1)CO,6.2105174302232395
C1COC=NC12COC2,7.098250438207331
c1c(c(c[nH]1)O)N2CC2,6.143531700248587
C1OC2C3CC1CC2O3,8.505901234683781
CC1CC2=CNC(=O)N12,6.254944024241421
N#CCC1NC1CC#N,7.581907613353221
OC12CC3C(N3C1)C2=O,5.867083689300339
COC12CC1(NC2)C=O,5.638683932311869
C#CC(=O)N1CC=CC1,5.694417301423512
CC1CCC(O)COC1,8.599042376580424
OC12COC1C1COC21,7.753216392262013
CC12CNC(=O)C1(C)N2,6.845371258047818
N=CN1C2CCC2C1=O,6.138293631447406
CN1CCOC(=O)C=C1,5.638404355832018
COCC#CC(C)C=O,5.927578464916394
OC1C2C1C1(CN1)C2O,7.969412190550531
C#CCC1CC=CCO1,7.223566801831669
OCC1C2CN1CC2=O,5.721055157099242
CC1OCCC2(C)CC12,8.703092310961328
CCC(C#C)C1(C)CO1,8.270236271826354
CCC1CC2(C)CC1C2,9.568125791727075
CC1CC(=N)OC1(C)C,7.7771113707167325
O=C1C2CNC1C=CC2,5.57733937547924
CN1C2CC3(CC3O)C12,7.673499275630564
c1c([nH]c(=O)[nH]1)CC=O,5.168970701846218
CC1(C#C)C(O)CC1=O,5.786678089998087
CCn1ccnc1C#N,6.192798031107534
Cn1cnc2c1noc2,5.869708734427981
C1CC=CC2(CC2)C=C1,6.35033494119809
CC1CC1(C)CCC=O,6.18538743122571
CC1NC(=O)C=CC1C,5.729296776942878
CNc1c[nH]nc1C=O,4.774914340392014
COc1ccc(o1)N,6.144284371804449
CC(=O)C(=NCC#C)N,4.971987141776781
OC1CC2(O)CCC12,8.436958811899942
ON=C1C=CC2CC1C2,5.581767322031367
NC(=O)C1CC2CC2C1,7.4632808930850985
CC1(CO)CC1C1CO1,8.831385101741587
CC1C2COC1C21CC1,8.759898429738065
CC1C2NC2C11COC1,8.244936778724803
CC1(CO)C2COC12C,8.167954216718359
CC1NC(=O)C(O)C=C1,5.831845079940053
N=COC(C#C)C1CO1,7.427540132887375
OCC1CCCC=C1,7.1746896623047505
O=CC1CC2(CC12)C#C,5.823282471679206
OC12CN(C1)CC21CO1,8.281289827517547
CC1CN(CC1O)C=O,7.221411498687668
CC1CC2CC1C2O,8.86244526851657
CCCN=C1OCC1O,7.292835606210543
CCC12C(O)C1OC2=N,7.3837785074390085
CN1C2C=CC(O)C12,6.215669902989973
CC1C2C3OC1C(O)C23,8.345436009663885
CC12CN1C(C)(C2)C=O,5.79287182982462
CN=C1OC2(C)CC12N,6.8797926203265565
C(CC1COC1)C1CO1,9.018080604160145
OC1(COC1=O)C1CN1,6.908478284083751
CCC(O)C#CC1CO1,7.419075931034535
COC(C)C(=O)CC=O,5.592384778379036
OC1(CC1C1CO1)C#C,7.4697849788416875
CCC1(CC1C)NC=O,7.518607546511996
C#CCNc1ccoc1,5.843554165438246
OC1(CCC(=O)C1)C#N,5.969949693249476
OCC12CC(O1)C1OC21,8.389617400699175
CC1CC2CCCC1O2,8.598777585619272
CNc1c([nH]cn1)CO,5.974376868453084
OC1CC11N=CNC1=O,6.04386485837121
C#CCC1COC=NC1,7.3633096274212715
COCC(OC)C1CO1,8.966065335618778
CC(C)C1(C)CC(=N)O1,7.756018601214994
CCC1C(O)C1OC=N,7.455424053880739
C1CC(C1)C(C=O)C=O,5.6869568834548865
COC1C(C)CC1(C)O,8.600589110308619
c1coc2c1[nH]c(c2)N,5.604805646202488
CCOC1(C)CC1C#C,7.803121748029114
COC(CO)C#CC,7.739534865588275
CC12CC3(C)C1OC23C,8.419858567253398
Cc1cn2cnoc2n1,5.766174455044144
C1C(=O)CC1(CO)C=O,5.696182174797173
CC1=C(C)C(O)C2CC12,6.533370791116413
CC1NC(C=O)C1C#N,5.709966857289489
O=C1CC2CC2N=CO1,6.553711866789159
OC1CC2(CCO2)C=C1,6.645181298106338
[O-]C(=O)C12CC(C1)[NH2+]C2,7.05541108832111
CC1C2CC(=O)C(C)C12,5.99022699919099
CC(=O)N1CC=CC1=O,5.267811983418893
CCC#CCCC1CO1,8.189602428575457
Cn1c(=O)ccnc1N,4.9799398926225384
CC1OCC=C1CO,6.794164765492555
C#CC1CCC(O1)C#C,7.638313668401215
CC1C(O)C2OCC=C12,6.412192010970561
CCC1CC1(C)C1CO1,9.181306705303179
CC1C=CC2C3CC3C12,6.755517835066975
COC1CC(C1)C(N)=O,7.407480321705461
CC1CC2C3CC3C2O1,8.424570070492635
CC1(NC2CC12O)C#C,6.97565866940519
CC1OCC2(C)CC12C,8.455294748339648
CC1C2C3C4N1C2C34C,8.132189563894158
CCNC(=O)C1NC1C,7.020494402255631
CC(O)C1(COC1)C#N,7.6603487250833044
C#CCC1(CO1)C1CN1,7.6789286958906935
C1C(=NO)C2(O1)COC2,6.555445227977001
Cc1cnc(=O)oc1O,4.789525640862837
O=C1CC2(CN2)C2CC12,6.08887034842839
OCC1CN2C(C#C)C12,7.169376615143768
O=C1CC2(CN2)C1C#N,5.809462599002601
CC1(C)CC2CC=CC12,6.873665155966476
O=C1CC2NC(=O)CC12,5.958770128083238
CC1(CNC(=O)CN1)C,7.250583381344047
CC1(N)C(O)C1C#N,7.424827208470588
OCC12CC(CC=C1)O2,6.685444024482015
CC(=O)C1C2CC2C1O,6.123171631138864
CC1(CC11CCO1)C#N,7.571858343528176
OCC1=NC(=N)NC=N1,4.9159704007922596
CC1C2CC3C4C(C23)N14,8.334035119181728
CC1OCC2CC=CC12,7.013537604060356
CCC1C2OCC3C2N13,8.356031066124453
CC12C3CN3C1(C)C2O,7.758815279320395
c1nc2c(o1)C(=NC2)N,5.550446779405593
OC1CC2CC1OCO2,8.614569339916844
CC12CC1C1COC1C2,8.655381328678692
CC(C#N)C1(C)CC1O,8.34492212540166
CC1(O)C(O)COC1=N,7.448228794438586
[O-]C(=O)C1OC2C[NH2+]C12,6.926478894273362
OC1C2OC(C=C2)C1O,6.5369315884235215
NC1(C#N)C2C3CC3C12,7.041248479644013
CC1(COC1)CC#C,8.066680202961821
CC12CC3OCCC1C23,8.468964707456754
O=C1NC=C2CC=CC12,5.479033171811606
CC1CNC=CC(=O)N1,5.422532428100012
C1C2OC1C21CCCC1,8.62607262515186
Cc1ccnc(c1)O,5.863369733173343
CCOC(C)(C=O)C#C,5.854947960408795
CC1C(=O)CC=CC1=O,4.916624950888076
OCC1CC=C(CO)C1,7.035082154203925
O=CC(C#C)C1COC1,5.798075242353489
CCC1CCC(C)C=C1,7.098185081854188
CC1CC(C)(C)N1C=O,7.103356668156927
OC1C=CC2=C1N=CO2,4.954624305761114
CC#CCOCC#CC,7.488780483425832
CC1C(C#C)N1CC#C,6.9155335152699955
COCC1=NCC(=N)N1,6.109953592292456
CN1CC(C1)(COC)O,7.914593436479901
CN=C1N(C)CC11CO1,6.331353726986519
N=C1OCC2=C1COC2,5.918339468218439
CN1CCCCCC1=O,7.176437902298738
CC(O)C#CC(O)C#N,7.462644744822116
CC1COC2=C1C=CO2,6.107432503201432
OC1CC11C2CC2C1O,8.322810759105524
O=C1CN2C1C21CCC1,5.819051903363354
CC1C2CCC1(O2)C=O,5.818781525880303
CC1C2C3OC2C13C,8.554499142370222
CC1NC(C)C1(O)C#N,7.260366873545838
CC1CCN=COC1,7.191989094082098
CN1CC1(C)C(=O)C#N,4.945403275581455
CC(=O)NC(=N)CC#C,6.145005402057919
CC#CC1C2C3CC1N23,7.304407914389729
C#CCOC12CC(C1)C2,7.840825634362199
OC1CC(C#C)C1C=O,6.009417089415999
CC(CO)(C=O)C(N)=O,5.746258288816312
CC1CC2(CO)CC12C,8.576629892044885
COC(=O)C1(CCC1)O,7.029022939494871
COC1=NC=CC(=N)O1,4.897542409437822
CN1CCN2C3CC2C13,7.625418826766899
CN=COC1CC(O)C1,7.3682419086796624
c1c2c(c(co2)N)[nH]n1,5.602363828770346
CC(C#N)C1OC1C#N,7.7454169821424745
O=C1OC23CC12C=CC3,6.166700963076872
CC1C(O)CC1C(N)=O,7.339402669661343
N#CCCN1CC1C#N,7.191750882726157
OC1(CC=O)CC2NC12,5.9901224100208434
CCC1=CC=CCC=C1,4.991037385699819
C1CN(C1=O)CC=O,5.814305662149743
CC1C2OCC(C)C12,8.584269572987568
O=CC1=CCCC11CO1,5.071304659503221
CN1CCC1C(=O)C=O,3.756592673484374
COc1c(cco1)CO,6.318432223716086
c1c(cn[nH]1)NC2CC2,6.073827716674694
CN1CC11C2NC2C1O,7.824306809302992
CC1(CN(C1)C(=O)N)O,7.691996584714157
CC1C2CC2CC2CC12,9.106491277270264
NC(=O)C1CCC2OC12,7.346086079321218
CC(C)C(O)C1(O)CC1,8.530526097555171
CC1(C)CC1CC=O,6.139911932616312
C1OC23C4C2C2C4C32O1,7.5681674307661995
CC1(CN1)C#CCC#N,7.096556408134749
CC1C(C)C2C3CC3C12,8.847187781340143
C1C2CC=CC3CC12C3,6.864686581812122
CC1(CC1)C(C)(C)C#C,8.19352950188385
Cc1c(noc1OC)C,6.424601868758357
CC1OCCC11CO1,8.936544255361463
C1C2C=CC11C=CCN21,5.788848948914975
OC1C(=N)N2CC12C=O,5.481806856782677
CC1COC(=N)C1(C)O,7.646518045120864
CC1CC2CC(=O)NC12,7.345904624280982
OC1C2CC=CC1C2O,6.717343272086367
CC(O)C1CC=CC1=O,5.150277093749746
CC1(N)C2CC1(O2)C#N,7.017558725805164
O=CC1CC2CC2C1,6.125083430466617
C1C2NC2C2=NNC=C12,6.290652062416726
C1C=CC(=O)N1C(=O)N,5.5025030205879855
N=C1C=CN=CN1C=O,4.351342110524248
OC1CN=CN(C1)C=O,6.120584968931193
CCC1(CC1)NC(=O)C,7.441581216700481
CC1OC2CCN=C2O1,7.274606403298181
CCC1(O)CC1C(N)=O,7.343938712889962
c1c(oc(c1N)N)C=O,4.404094946592554
CCCCOCCC#C,8.292874047497156
O=C1CC2OC12C1CN1,5.70174897513842
CC1(CO)C2CC1OC2,8.41468131916797
CC1C=CC2=CON=C12,5.216600157647635
CC1C2C3CC2C13O,8.862471067420845
COC12CC3C(C1)C23,8.758261811640049
Cc1cc([nH]n1)CC#C,6.995044096434091
CNc1[nH]c(=O)ncn1,5.07194133201966
CC(C)(C)C(C)(C)C#C,8.440118263527586
CC12CNCC1(O2)C#N,6.819236802137613
OC1C2OC11CCOC21,7.832306484018092
CC(C)C(CC=O)C#C,6.096301694250939
CC1OC11C2OC2C1C,8.44231738869243
c1c(c(c([nH]1)CO)N)O,5.766877125023588
OCC1CC(=O)C11CO1,5.732966522437568
CC1COC(C#N)C1O,7.522742314518709
OCC#CC#CC1CN1,6.064524159981637
CC(O)CC1(CO1)C=O,5.94594321073635
CN1C2CC1(C=C2)C#C,6.0467216086262425
CNC1=NC(C)C2OC12,6.4382110996128885
CC#CCC1COC1,8.047052342145172
O=C1CCC11NC1C#C,5.758946982003289
CC(C)(C)C(=O)C1CC1,6.12649087982847
O=CCN1CC1C=O,5.58711822022474
OC1CC23CC(O2)C13O,7.791621104300238
Cn1c(ncn1)C2CC2,6.945635336379695
CC(C)Oc1cn[nH]n1,6.29820829445344
CC1OC(=N)OC1C#N,7.90721595617563
N#CC12CCOCC1N2,7.396222078815564
OC12CC1CNC2C#N,7.0907662733470405
CC(C)(O)C1OC2CC12,8.223019842940973
CC(O)C1=COC=C1N,5.919309088961603
CC12COC1CCC2=O,5.856713226631278
N=COC1(CCC1)C#C,7.509941051485292
Cc1[nH]cc(n1)CC=O,5.553525911536014
CCC#CC1COCO1,7.698115616074729
O=C1CN2CCOCC12,5.429352696530966
CCCC1C(C)C1C#C,8.017183912412335
CC1C(=N)N2CC12C#N,6.674038977934469
O=C1OC2C3NC(=C1)C23,5.616648737156604
CC12CC(CC1O2)C#C,8.085673425626574
C1CC1C1C2C3OC1C23,8.515856776999739
CCC12CC1(C)CO2,8.364081627939072
CC1C(C)C(CO)C1C,8.981026168166874
OCC1NC1(C=O)C#N,5.804200424681056
CC1(NC1C1CN1)C=O,5.834970118395648
C(CO)C(C#N)(C#N)O,7.705415169050233
N=COC1CCC2NC12,7.186440412416509
O=CC1CN1CCC#C,5.782875748499713
CC1=C(NN=C1)C1CO1,6.67326720774322
C1CC1(CO)OC(=O)N,8.378963527299925
COC(C)C#CC1CC1,7.616137357258557
CC1OC(C)C(C)=C1C,6.729075718827218
O=CCC1OC2CC2O1,6.109213371765774
CC1(C)CC(O1)C1CN1,8.444625044857556
COCC1CC=CC1C,7.08847832060572
COCC(=N)OC(C)=O,6.629846803511577
N=C1N=COC=CC1=O,4.602909462997897
O=CCCC1C2CC1C2,6.3278552307453415
CCC12CC1OC(=O)O2,8.424217369423637
OC1C2CC11CC(=O)C21,5.999054966578072
CC1C(C)=CC(=O)C1=O,3.8758401237957036
CC1OC(C)C1(O)CO,8.279321688085219
[NH3+]CC1NC1CC([O-])=O,7.2397545762078535
CC1C2C3C4CCC13C24,8.99341609695519
COc1ncc(nn1)N,4.982480670885998
CC1CC1C1=NNN=C1,6.739862284575292
CCCN1C2C3OC3C12,7.519390807228893
OC1CC(O)(C#C)C1O,7.2617826584394605
OC1C2OCC(C#C)C12,7.660895637542389
OC1(CC1)C1CCC=C1,7.009748608563214
CC12OC(=N)C1C1NC21,7.057573291944762
CC12CCCC=CC1N2,6.790849825558876
CC1(C)OC1(C)C1CN1,8.653992036855207
NC(=O)N1C2CC1C2=O,6.21509030448812
CC1C=CCC=CC1C,6.781026780585476
CC(C=O)C1COC1=N,6.014726516564258
CC1(CO)C2C3CC2N13,8.193350015706255
O=C1CC2CCCCN12,6.973259128027109
CC1(CC1)OCCC#N,8.13037658913533
CCC1C2NC2CC1=O,5.954256434949029
CC12COC(CC1O)C2,8.430974381223821
CC1C2CC2C2OC12,8.993638023523532
C1COC(=N1)CC(=O)N,6.607275057219693
C1C=CC(N1)(C=O)C=O,5.208434068216463
COC1OC2CC1C2,9.002058421047584
CC12CC(C1)CCC=C2,6.97946948239175
OC1CC2NC(=O)C12,7.23510149472351
O=CC(C1CN1)C1CO1,5.8970550726104225
c1cc(nc(c1O)O)O,5.294942744743629
OCC1=NC(=N)C=NO1,4.849576365940194
OC12CCCC1C1NC21,8.127462723348613
OC1CC2OCC2C1O,8.260590818678883
CN1C2CC=CC1C2=O,5.497489969679498
CC1CC2(C1)NCC2=O,5.725240907666471
C1CN1C1C2C3CN2C13,7.933731899525519
OC1C2C(=O)NC12C#C,6.479962743522513
CC1CC(C)C(CO)=C1,6.995313752241381
CC(O)CC1CC(O)C1,8.805711089046987
CC(C1CCC1)C(C)=O,6.265706758834112
O=CC(=O)C1CC2OC12,4.173157055325375
CC1CC2C(O)C(=O)C12,5.813940872336099
CC1(CC1)CNC=O,7.61952385876906
O=CC12CC(C1)N1CC21,5.858581194891376
CCC1OC2C1C2(C)C,8.414528124996792
C1OC2C1C1CC2C=C1,6.771348388521243
CCC#CC1(CC1)OC,7.463490194043705
O=CC12C3CC1CCC23,5.973566076033937
Cc1nc(n(n1)C=O)C,5.595090085758015
[NH3+][C-]1C=CC2=C1ON=N2,4.903729099664957
COC(=O)NCC1CO1,8.232393663301098
CCC1(CO)NC1C#N,7.534190313621015
CCCC1CC1(C)C#N,8.551790090175013
CC1(C)N2CC(O)C12C,7.913940545265714
c1cc(=O)nc[nH]c1=O,4.394682560363727
CC12CC1C(=O)C(N)=N2,4.627770414772951
CC1OC2CC3C2C13,8.597207412400106
CC(=NO)C1CC1C=O,5.822293419663381
OC1C2C3CC4C(C23)C14,8.41761721979203
N=C1OC2C3NC3CC12,7.1114571883638895
CC(C)(CC1CC1)C=O,6.173107736730303
CC1CN1C1=NON=C1,5.911299392279106
COC=NCC(=O)C=O,4.092968872868188
CC(=O)c1c(ocn1)N,4.838250575817047
CN=C1OC2CC2C1=O,4.7850052657918205
CCC1(C)CC2OCC12,8.550877370790149
CC1C2OC3CC2C13,8.764785487190993
c1cn(c(n1)O)CC#N,6.162921738542359
CC1C2(C)C3OC1(C)C23,8.382898878206476
CC12CC(C1)C(=O)C2O,6.171206717546929
O=C1C2CC3C4C(C23)N14,6.405765818973193
N=C1CC2CC(CO2)O1,7.641466748444973
CCC12CN(C1)CCO2,8.003600896153639
Cn1c(=O)[nH]cnc1=O,5.318130586325616
CC(=O)N1CCC(=O)C1,5.722115689570534
Cc1cc(n(c1)C)C=O,5.05212140377426
N=C1N=CNC=C1C=O,4.450412766026984
CN1CC11CCC11CN1,8.059751715832276
CCC1CN1CCC#N,7.427352039244919
CCC(C#N)C(=O)NC,7.276984010681948
CC1(COC(=N)C1)C#C,7.646229187987307
CC1=CC2CC2(O)CC1,6.700799422128499
C1CC11CC2NC2C=C1,6.69027648729434
NC1=NCCC1(O)C=O,5.500710700101503
O=CC1=C2CC3C2N3C1,4.814681667549861
C1OC23CN(CC2)C13,7.936312962444926
C1OCC2(CC=CC2)O1,7.162748030180596
CC1(CC1)C1CN=CO1,7.32572821817204
CC1=CCC2COCC12,6.874246034221649
OC1C=CC2(CC2)C1O,6.592641666196605
CC1(C)CC1(O)CC=O,6.108401637201527
C1OC2C3CC12CCC3,8.567323911217994
CC12NC1CC2(O)C=O,5.763801134371326
C1CC(C1)CNC=O,7.651567806026471
CCCc1nccnn1,6.075888865585307
OC1CC2C(O)CC=C12,6.447917796525395
CC1(CC1)NC(=N)C#N,5.829829659288112
CC1C2CCC(=O)C12,6.023118680907556
CN1CC11CC(=O)C1O,5.576621588931777
COC1(C)CN2CCC12,8.091766068985825
CC1(CO1)C(=N)OC=O,6.6059899871737295
CC1C(=O)CC11CCO1,5.810482902965774
CC12CC1C1CC2(C)O1,8.597139775230977
C1C2OC1C=CCC=C2,6.4573044144521194
C1COCCC1CC#N,8.056662091709725
CC1(O)C2CC1N1CC21,8.094877996654544
O=C1NCC2(CC12)C#C,6.96073131043349
CC(C)(O)C1(CO)CN1,8.320976655668902
CNC(=O)C1(CC1)O,7.12149419171379
CN1CC(C#N)C1CO,7.013897322658117
CC1OCCC2COC12,8.52798565754047
CCC(O)CC(=O)C#N,5.251610735593656
OC12C3CC4CC1C4C23,8.429961942102151
O=C1CC2C(O1)C1CN21,6.883429577087228
OC1=COC(=N1)C1CO1,6.123037673367291
CCC12CC(C1)(C2)C#N,8.600897633768247
CC1C2CC1(C)C21CN1,8.487455079628464
CCC12CN1CCC2=O,5.658393734946783
COC(N)=NC(C)C#C,7.348307696384777
CC(=O)C1(C)CCCO1,5.921551808433592
COC(=O)C(N)C1CN1,6.800269443240298
CC(CC(C)=O)N1CC1,5.9208632909231245
CC1C2CC(=O)C12CO,6.130290456518029
CCCC#CC1NC1C,7.339711717366535
CC12C=CC34CN(C13)C24,5.593559500487003
O=C1NCCCC11CO1,6.954619028011403
CC(CC(C)=O)C(N)=O,6.050363221911631
CC(=O)C1OCCC1O,5.979867216877919
CC1CC=CC=CC1=O,4.471008328801254
CC(C)c1c(cco1)N,5.969591863836744
OC12COC(C1)OCC2,8.73508928153829
Cn1cc(nn1)CCO,6.675933406554215
CC1C2CC1COC2,8.787108446896399
CCC1=CCCC12CC2,6.670571966495629
CCC12CCC1C(C)C2,9.169933416621383
C1C2OCC3OCOC123,8.293360831351183
O=CC12CC3C1N3C=N2,5.44841865315405
C1CC1C1CCC11CO1,9.127903058011235
C1N2CC3CC12CCO3,8.296095517633876
O=C1OC2CC3CC1C23,7.323374998481373
CC12CC3C(C13)C(=O)O2,7.265546182679413
CC1(C)C2OC2C1=NO,6.719811215552513
CNC(=O)C1CCC=C1,6.381562454199291
CC(CCC1CO1)C#N,8.448822453651253
OCC1C2CCC1C=C2,6.857505535068097
CC1N2C3C1=CCC23C,5.16509427210134
OC1(CC2OC2C1)C#N,7.816387717628405
C1CC23CC=CC2C1O3,6.66437753441668
CC12COC1C(=O)CC2,5.697686940342507
COC1(C)C=CC2NC12,6.515155729412836
CC1CC(CO)=CC1O,6.880585969618139
CC12CC1(O)C1C(O)C21,7.671071031871989
CC12CC3CC3(O)C1O2,8.527683496716376
CCC(CC)C(O)C#C,8.090723593323888
CC(O)C1OCC(C)O1,8.878181429913909
CCC(=O)C1CCC=C1,6.000967715178451
CCC(COC)C(C)=O,6.3353894890527025
CC(=O)Oc1ccco1,5.879642292508507
CC1C2C3OCC1C23O,8.11816412209995
CCC12CC1(C)C(C)C2,8.839448189314028
OCCC1(CN1)C#C,7.4787597812665565
CN1C2C3NC2(C#N)C13,6.505811072868788
N=C1NC=CCNC1=O,5.058345193382175
c1c(onc1N)C(=N)N,5.173345712591468
CC1(CC1OC=O)C=O,5.967262656836355
O=C1CC2COCC2O1,7.319137163696748
CC1OCC2C(O)C2O1,8.58936907698917
N=COC1C2CC2C1=O,5.906169125754126
O=CC1C2C3CC2N1C3,5.662571323828661
OCC1C2C3N2C1C3=O,6.093629586493412
CC1CCOCCC1O,8.538760979631899
OC1COC2C3CC12C3,8.398805033646964
COC1=NNC=CC1=N,4.851498694892841
C1OC1C1=CCC2NC12,6.234664643927994
CC12CC3CC4C1C2N34,8.268015713644674
CCc1cnc(o1)N,6.209127597705276
Cc1c(n(nn1)C=O)N,4.915656809709492
COC1C2C(O)C2C1O,8.06484385168799
CC12C3CN1C(C=O)C23,5.6485655933284935
CC12CCC(O)C1N2,8.372979690493212
CC1=CC23CCC2C1O3,6.205065186485935
N#CCOC1CCCO1,8.09396491186268
CC1(O)CNC1CC#N,7.439564581777079
CC12CC=CC1(N2)C#C,6.201139588367863
CNc1cc(on1)C#N,5.0711001053695846
OC1CC(=N)OC11CC1,7.551008013040354
C1C2OC3COC(C3)C12,8.318599254386854
CC12CN1C(=O)NC2=N,6.511015148554654
CC1(O)CC11CCOC1,8.380557341589117
NC(=O)CC1NC1C#C,7.113809731486417
C1C(=C(CO1)N)C=O,4.974588333207052
CC#CCN=C(CO)N,6.902922984108822
O=CC1CC(=O)C11CC1,5.706764801601347
OC1COCCC1C#N,7.742804496208295
c1c[nH]c(c1O)CC=O,5.272810148288486
OC1C(O)C11NCC1O,7.646642129747027
CN1C2CCC1(C)C2=O,5.8854683622059945
C1OC2CCN=COC12,7.2289354255825184
CN1C(CCO)C1C#N,7.054915745541514
COCC#CC(C)OC,7.565684690558972
OC1C2CC(C2)C1C#C,8.113339183094823
OCC(CCC#C)C=O,6.131328912544662
OCC12CC=CCC1N2,6.807541740716202
OCC(O)C1C2CCN12,7.912223260504225
CCC1CC(CO1)=NO,6.760426785292032
CN1C2CCC2OC1=O,7.924167401881079
CC1(CO)CN1CC#N,7.421947669829394
C1CC2CCCOC2C1,8.62426095789037
O=C1CNC2CC(C2)O1,6.72687532464306
C#CCOC1CN2CC12,7.105665117115333
c1c([nH]c(c1O)N)CO,5.89912306809713
CC1C2C(C)C(C#C)N12,7.207287989087009
C1CNc2c1c(no2)N,5.930720826162757
CC1(CC(C1)C#C)C=O,6.042056303024597
c1c(cnc(n1)N)C=O,4.3071297422166355
C1C2CC3C4OCC12C34,8.35807454675037
Cc1c(cnn1C)O,6.384094320961525
CC1C2CC(C3CO3)N12,8.40356939397817
CCOC(=NC)C(C)O,7.332671956911474
CC1CCC2NC12CO,8.26532461218229
Cc1c(ocn1)OC,6.330616865344339
OCC12CC1(O)CCO2,7.956085960559026
OC1C(CC=O)C1C#C,6.080242559642976
CC(=N)OCC1CO1,7.67676833332513
C#CC(CC1CO1)C#C,7.935611385964826
C1C=Cc2c1onc2N,5.340004122243437
COC1C=CC2C1N2C,6.161647244876013
CC1(O)CN=C(N)C1=O,4.57202440226095
CC1(C)CC2OCCC12,8.543141887779926
CC1CC1C(O)CC#C,8.206835090325935
CCOC1CCC1CC,8.835235238841905
OCC1=CCN2CC12,6.099967270952286
C1OCC2OC2CC=C1,6.96853169695915
c1c([nH]c(n1)O)CC=O,5.435693124504292
[O-]C(=O)C1CC2(CC2)[NH2+]1,7.216896084458854
CC1(O)C(NC1=N)C=O,5.656252285976469
O=CC1C2OC1C2C#C,5.7407604283937586
CC12CCC(OC1)O2,9.029050691349093
CC12CC(=O)N1C2C#N,6.466342536319479
N=C1CN=C2C=CCN12,5.009710303313741
C1C(CO1)(C(=O)C#N)O,5.078212737148757
C(CC(=N)NC=O)C=O,5.834262812186657
C#Cc1cc[nH]c1CO,5.684906370349521
CCc1cn[nH]c1C#C,6.043263812152356
CC#CC1N=COC1=O,6.158458337720408
C#CC1CC2OCC1O2,8.05591383034605
COC1C2C3C1C2N3C,8.016850669583802
CN1CC1(C)COC=O,6.6780697551735235
CC1CN1CCOC=O,7.044508475138793
C1Cc2nc(nn2C1)O,6.631317445915412
CC(C#N)C(CO)C#N,8.078138091144972
CC(=O)C1CN(C1)C=O,5.775689706050647
CC12OC1(C#C)C1CC21,6.961559902446478
CC12CC3C1(O)CC23O,8.15336773994399
CCCC(=O)OCC#N,7.565644189223766
COCC1C2CC(=O)N12,6.888354933504649
OC1CN2CCOCC12,7.923766107907072
O=CC12CC1CN1CC21,5.828891726852017
ON=C1C=CC2CC12O,5.400776169641979
C#CC1OC2CCOC12,7.345373025346873
CN=C1OCC=C1CO,5.742126527349715
CC([NH3+])C1CC1C([O-])=O,7.317530879629189
CC(OC=O)C1NC1C,7.229002208688456
CC1C=CCC1NC=O,6.777310946713634
OCC12CC(O1)C2=NO,6.751818884218144
CC1(C)C2CN2CC1=O,5.547101220714429
CC1CN1C1=CN=CO1,5.950566715453212
OC12CC1C=CC21CN1,6.374758834745569
CC12C(O)C1OC21CC1,8.076547902815996
CCC#CCC(C)C#C,7.859997305100777
CC1NC11COC2CC12,8.281183301477025
NC(=[NH2+])C1=CC(=O)O[CH-]1,4.703332750753066
CC1(O)CC2CC2(O)C1,8.45417497602974
CCCC1CC1NC=O,7.537155041511306
CC12CN3CC1(O)C23,7.839147330191009
CC1COC2COC2=N1,7.096928871707133
CCC1C2N1C(C)C2=O,5.825160266306412
CC1N2CC1(C2)OC=O,6.777407183576568
N#CCC12CC3C1N3C2,7.441037685318715
O=CNC1C=CC2NC12,6.3880592341021
OC1(CC2CC1C2)C#N,8.140229935901319
O=C1NC2C3C2N2C3C12,6.297137236538115
O=C1CCCC2CC12,6.014102257505563
CC1CC2OC(C#C)C12,7.377343037707954
OC1C2CC3OCC13O2,7.932230948395248
CC1OCC(O1)C#N,8.109424955309684
C1C=C(CO1)NC(=O)N,6.099820283357962
c1coc(=O)n1CC#N,5.6973958524525035
CC1(CCC=CC=C1)C,5.868786809351862
c1nc(c(o1)N=CN)O,5.145497585384158
CCC1(CC(C1)O)CC,8.84964133668177
CC1OCCC(=O)C1C,5.963459317011035
OC(C1CN1)C1CCO1,8.217931766660579
N#CC1CCC1N1CC1,7.360837581801926
CC1OC2CC(C2)O1,8.932604722650415
CC1CC(O)C1(O)CO,8.400208369646473
CC1NC1C(O)C(C)=O,6.074078082689675
CC1CC2(CC2O)C1O,8.365195779889117
N=C1NN=C2OCCN12,6.393480841669343
C1OC11C2OC2C11CO1,8.03801580560839
CCC1CC(C1)C(C)O,9.022670731033687
CC#CCC1CC1(C)O,8.107097153035781
CC1=C2CC3CC(C1)C23,6.253760850344133
O=CNC1C2C3C1CN23,7.080409844752485
CCC12CCCC1(C)O2,8.904180637800453
CC12CC3C1C3(C2)C=O,5.961069024548077
NC(=O)C(O)CCC#C,7.354552802985725
OC1CCC2=C1NN=C2,6.636165560942469
CCC1OC2C3OC2C13,8.25661554707608
C1CC2(C1)CC(=O)OC2,7.510371365737909
OC12CCCC11CC2O1,8.10035326711825
CC1OCOCCC=C1,6.887579870313466
CCC1(C)C2OC=NC12,7.123646647393813
O=CCC(CC#C)C=O,5.711415989781485
O=C1OC2CC3C2CC13,7.282993696885755
c1c2c(co1)CCCC2,6.412928890822293
CC12OC3CC1C3C2O,8.36871561148275
CCC1=CC(C)C(=O)N1,5.824005160583835
CCC(C#N)C(=O)OC,7.4952553264247275
CC12OC1C(=O)NC=C2,5.62226477095855
CC(C)(C)C1CCOC1,8.673656207803726
COC=NC1C2CC1N2,6.990373044305381
O=C(NCC1CN1)C#C,6.081303999897415
NC1=C(N=CN1)C1CO1,5.936498927923021
OC1CC2(CN2)C1C=O,5.935883619211003
CN=C1C(O)CN1C=N,6.096648410284159
CN1C2C3OC2C13C#C,6.667474865405367
CC1C2(O)CC1(O)C2=O,6.538688982752668
OC12CCC1CC=CC2,7.284802264619666
CC(CC1CCO1)=NO,6.890682147583
CC12CC1CCC1CC21,8.997550498110265
N1C2C=CC3OC2C13,6.145095926750878
OCC1=CC(O)C(O)C1,6.664851220556661
C1C2CC11OCCCC21,8.683941362695926
C#CC1CC2CCC2C1,8.345158536316177
N#CC1CCC=CCC1,7.254291141062829
OC1C2CC3C2C1C3=O,6.057189539166838
CC12CC3(O)C(O1)C23O,7.709398042535258
OC1(CC2CCC12)C=O,5.856247460662809
OCC1OC=NC11CC1,7.077482028617222
CC12OC3C(C13)C2CO,8.176898612973094
CN1C2CCC3(CO3)C12,8.190749791812653
CCCN=COCC#N,7.343127333530482
OCC1C(C#N)C2CN12,7.248056764785731
CC1NC(C)C(=O)C=C1,4.880559625655233
CC(O)C1=CNC(=O)O1,6.308396466838857
COC1(CO)CC1C#N,7.771487977827686
CNC(=O)OCCC#C,7.909321067054693
CC12OC(C=C1)C2C#N,6.42905879644595
C1OCC2OC3C1OC23,8.216020225638049
CC12CC(N1)(C#N)C2N,6.9935237793834295
OC12CC(C1)(C2)N1CC1,8.202678837384443
CN1Cc2c(nc[nH]2)C1,6.268632262401601
CN=C1CC(CC#C)O1,7.47692518493812
C1OC1C1OC2CCC12,8.657082282599056
CC(O)C#CC(N)=O,6.3504073734451545
CC1=C(O)OC(=N)C=C1,4.490788405172339
OCC1CC(=O)C1C#N,6.011542544030622
CC1(COC(=N)C1)C#N,7.798328647530559
CC12C3CC1CCC2C3,9.273894673122978
OC1C=CC2(OC12)C#N,6.244092242698956
CN1CC11C2C3CC1C23,8.383412625640993
C1CC1CCCOC=O,7.6779737882843
C1C23COCC12C1NC31,8.165387522952958
CC(C#N)(C#N)C1CC1,8.345842888587077
COC(C#C)C(N)=O,7.079650276254021
CCC1(CCC1)CCO,9.184010075946828
O=C1NC(=O)C2CC2O1,6.8608622674877555
CC1(COC1=N)NC=O,6.927954670686676
CC1OC(C#C)C11CC1,7.427715996879655
OCCCC1(CO1)C#N,7.958285348332356
ON=C1CC2CCC12,6.80460742543686
C1NC1C12CCC1CO2,8.201593785273143
COCC1(O)CCOC1,8.51649854467823
OCC1COCC(=O)C1,5.946656549736195
COC1C2C1C1CCC21,8.534970329295094
OCC(O)(C#N)C1CO1,7.555326017633966
CCC1OC2CCOC12,8.601956539067421
OCC1C(O)C11CCO1,7.935261328682243
COC12CC1(C)CC2=O,5.962452752595894
CN(C)C1=NCC(=O)N1,6.316193099821341
CC1CCC(CC1)C#N,9.08486043242833
O=C1C2C3C2C2C3CC12,5.8400699853379425
CCC(C)C12CC1CC2,8.982330690855582
CC1=CC(O)C(CO)C1,6.915052127369052
OC1CC2NC2C(O)C1,8.281085046182385
O=C1COC(=O)N2CC12,5.997309498005852
CC1OC(=N)C1CCO,7.799937366106214
O=C1NC(C#C)C11CN1,6.6472472870363
CCC1C2C(=O)OC12C,7.3966381415026925
C1C2OC3C=CC2OC13,6.389289576521467
CCC1CN(C1)CC=O,5.58565210460716
N=C1OCCNC11CC1,6.642188166239954
Cc1cc(c([nH]1)O)O,6.098858751158244
C(CC=O)CNCC#N,6.098339905879316
CCC1C[NH2+]C1C([O-])=O,7.222490080724919
CNC(C=O)C#CC#N,5.329320672039881
N=C1OCC11CN=CO1,6.8856020641174815
C1CC2C3C=CC(O1)C23,6.546998415114835
CC12C3OC(C13)C2CO,8.118095438578761
O=CCC(CC#C)C#N,6.036346429117204
CC(O)C1OC(=N)C1C,7.762438617147982
CCC(=O)C1CN1C,5.6476627799802
O=CC1(OCC=C1)C#N,5.6171290242354335
OC1C2CC3CN=C1N23,6.142138711816813
C1CC23CC(C2)CCC13,9.49442836222881
OC(C#C)C1(CO1)C#C,7.3711859647374744
N=C1NC(=O)CC1C=O,5.648640416134988
C#CC1=CNC(=O)NC1,5.710145287442115
CC12CC3N=COC1C23,7.0389640091220755
CC12CC3CN4C1C2C34,8.134671690936543
CC(C#C)C1=NON=N1,6.046600801840024
[O-]C(=O)C(NC=[NH2+])C#C,6.367480768113122
CC1=CC2COC2(C)C1,6.886164741505042
CC12CNC1C(O2)C#N,6.747182967020163
CC1OCC2(OC12)C#N,7.532230520841869
CC1CC2=NON=C2O1,6.111238114989994
CCC12NC1C1(C)OC21,7.8876729874330485
CC1C2C3C=CC1(O)C23,6.297970871410371
CC1(CNC1=[NH2+])C([O-])=O,6.642502058272111
CC1=CC2(CO)CC1O2,6.549667707737168
C1OC23CC4C(C2)OC134,7.748559904642148
Cc1coc(n1)C2CC2,6.2918045796062625
CCCOCC(=O)C#N,5.183589094548532
Cc1ccc(=O)oc1C,4.7680837970284955
OC1C2[NH2+]C1C2C([O-])=O,7.099922190022951
CC1(C)CC2NC12C=O,5.831060407161661
CCCC(=O)C1CCC1,6.213042837689139
CCC1C(C)COC1=O,7.532711929644611
OCC1C2CC2CC1O,8.454635089679499
c1ccc2c(c1)CCO2,5.652413427398066
N=C1OC=CN=C1C=O,4.355686031833292
CC1COC(=N1)N1CC1,7.045998960380228
N=C1OC=CC=NC1=N,4.477052362619257
CC(O)(C#N)C1COC1,7.634192668094546
CCC(=O)NCC1CC1,7.4931145502946315
CC1CC=C2CC=CC12,6.229945172060524
N#CC1CCCC1C#N,8.545614957616264
O=C[C-]1[NH2+]CC=CC1=O,4.7567238090210076
CC12CC1(NC=N2)C#N,6.503567398868107
CC(=O)C1C2CC1CC2,6.282562505182257
CC1CC(=O)C(=N)N1C,4.727881842305789
Cc1cc(c([nH]1)OC)N,6.031915979412258
CCC1OC11CNC1=O,6.969016749531935
CC(=O)CC1OCC1O,6.130816115879779
CC1CC2(O)CC12C#C,7.549983648994667
NC(=[NH2+])C1=COC(=N)[N-]1,4.537131231789256
CCC(=O)C(=O)C(=O)C,3.9583634671635943
Cc1cn(cc1N)C=O,5.122825608247429
CC(O)C12CC(O1)C=C2,6.552839234018705
OC1CN2CC3(CO3)C12,7.997485328759572
CC1(O)C2OC2C1CO,8.562770664282779
NC(=O)C1CC(C1)=NO,6.557994239957716
CC1OCC(C=O)=C1C,5.1666499282359934
CN(CC(=O)OC)C=O,6.661778556939822
CC1CC(=O)C(O)C1O,5.921886831205976
COc1cc(c([nH]1)O)O,6.168712490959119
O=C1COC2CC1C2,5.810042298897471
C1CN(C(=O)N1)CC=O,5.860459944300675
O=C1CCC2OCC=C12,5.1134202312262875
COC1(CC=O)CC1O,6.012826886813482
CC1(C)C2C(CN12)C=O,5.69171158968346
CCCC(CC)CC#C,8.596062307255913
CC12OC3CC1CC3O2,8.846965744326958
CC#CCN=C(C=O)N,4.6461410085457135
COC=NCC1CC1,7.280349434086631
C1CCC(=CC1)CC#N,6.9078017655606985
O=CC12CC3N=CN1C23,5.469427854041204
OC1CC[NH2+]C1C([O-])=O,7.209187894790489
O=C1C2CC3CN1C23,6.522993273200589
CC1CC2CC(=O)C12,5.947130754598167
CCC1C(C)C2CC12C,8.97982011307321
O=C1CC23COC2CC13,5.793786450786679
O=CC1OC2(CC12)C#C,5.674132215412052
OC1C2CC3(O)C2CC13,8.645893458045853
C1OC11COC11CCC1,8.326619435735768
CC1C2CC2N1C=O,6.973077146834044
CCC1C=CC2(C)NC12,6.573061532225405
C1CC1CCC(=O)C#N,5.590005156111685
C1C2OC3=NOC=C3C12,6.070994755622654
N=C1CCC(O1)C1CC1,7.767020150327056
C1CCOC(OC1)C=O,6.1425627169862285
CC(C)(C(=O)C1CC1)O,6.103554127005355
O=CC12C3CC1COC23,5.964167295541776
CCC1CC(OC)C1O,8.480639899146354
OCC12CC3OCC1C23,8.34750364253885
CC1CC2(CCC2C)O1,8.4924445390239
CC1C(=O)C2OC2C1=O,4.907360080047605
CCC(C1CO1)N1CC1,8.61186778275827
COC1CCC11CC1,8.771723190648485
CN1CC1C1=NOC=N1,5.984289334171612
N=COC1C2CCC12,7.601692074563152
C1CC2OC2C=CCO1,6.759210470187494
CC1OC1C1CN=CO1,7.312034051185867
CC1C(CO)CC2CN12,7.9896092888872445
CCc1cc(oc1)C#N,5.798635478760845
CCN(C)C(=O)C#C,6.09653137250427
CC1C(C)C2=CC=CN12,6.4708680142099695
CC12CCC3C1OC23,8.67378064406336
C1CC12COC(=O)C2=O,4.89380844193363
CC1COC2CC=CC12,7.037071613772375
C1C2C3OC4C3N2CC14,7.787678755430921
OC1C=CC(O)C11CN1,6.40097699486135
N#CC1CC(O1)C1CC1,7.778100772573506
CC1(CO)C2COCC12,8.306361169671797
CC1(N=CN2CC12)C#N,6.402709455539242
NC(=O)CN1CC1C#N,6.854610621724651
OC1C2OC1(C=C2)C#C,6.181130235885507
O=CC1OCC(O1)C#N,5.957927998861937
CC1OC2C(CC12)C#N,7.80812361603118
CC1COC(=O)CCO1,7.194241110309619
CC(O)C(C)(C#N)C#N,8.06891056277275
CC1=C(C)C(CC1)C=O,5.77391876681439
C1CC11C2OC1C21CC1,8.16820843664083
CCC1(CO)COC1C,8.36984508285862
O=C1NC2C1CCC2=O,5.870754290729458
CC1C2NC1(C#N)C2C,7.110071998728412
CC1CC2NC2C1O,8.320395959214839
c1cc([nH]c1N2CC2)O,6.156370252048559
[NH3+]CC(O)[C-](C#N)C#N,6.712026728751126
C1C2CC3CCC(O3)C12,8.45615320754984
[O-]C(=O)C1[NH2+]C2CC1C2,7.235498703789388
CCc1cc(c[nH]1)C#N,5.9018307901166045
N=C1OCC2OC12C#C,6.948038438684465
c1c2c([nH]n1)N=COC2,5.5220831295157655
CCCC1(O)CCC1O,8.462653960564296
COC12CN3CC1C23,8.031696715279029
CCN=c1cnonc1,4.78660358645713
CC1(C)NC1C(=O)C#C,5.296161577401222
ON=C1C2CCC1CC2,6.745386886550582
C#CC1CCC2CC2O1,7.82739721619936
OC1C(O)C(C#C)C1O,7.325203340214161
CC12CC1OC(=O)N2,8.174307107823301
OCC12CC(CC1)O2,8.566847922263747
CN1C2CC1C(=O)C2,5.6176615755057
OC1CNC11COC1=O,6.821577426281241
CC1CN2C=CC=C2C1,6.509627489352898
N#CC12CCNC1CO2,6.8281278909042
Cc1cc(cnc1O)N,5.210941534968496
COC(C)(C=O)C1CN1,5.812841718089467
OC(C#C)C1CCOC1,7.712367588226417
CC(C#N)(C#N)C1CO1,7.88717513030927
CC(OCC#N)C1CC1,7.958001904764895
CCC12CC1C(C)C2O,8.509686974712782
CC1(OCC11CO1)C#N,7.463412034498346
CC1OC2C(O)C2(C)O1,8.271850191614933
O=CCCC1CN1C=O,5.914559401345178
[NH3+]CCC1=NOC=C1[O-],5.6015106538441515
CCC12COC(CO1)C2,8.643674555683555
CC1=CCNC(=N)C1=O,4.370021987211147
CC1(COC1)C(=O)NC,7.21080497709242
CC1CC2OCC1C2=O,5.701079510524918
c1c2c(n[nH]1)CCCC2,6.778362315262301
N#CC1CC2(CO2)CO1,7.865144111924884
N=C1OC2C(C3CO3)C12,7.161607054386112
[NH3+]C12CC(C1)(C2)C([O-])=O,7.227231467498421
NC1(C#C)C2OC(=N)C12,6.798387290612718
CC1C2C3CN2C13C#C,6.891136379492789
CC(O)(C#N)C(O)C#C,7.599095078062131
O=C1CC2NC1C2C#C,5.841943767289514
CC#CC1CC2OC12C,7.651465255680568
COC1C(=O)C2CC12C,5.926109392075166
CC1C2(CO2)CC1(C)O,8.687605525721224
OC12CC(OC1)C2C#C,7.500482444563114
CC1OC1C1=CON=C1,6.500585487626179
OC1(CC1)C#CC1CN1,7.019275133306645
CC(=O)C1(CC1)OC=N,5.952963273121522
CC1C2C(O)C=CC12O,6.372255156913704
CC1C2C3C2C2(C)C3N12,8.105343916029076
CC1OC=NC2CC1C2,7.238800739024057
N#CCC(C#N)C1CN1,7.488739678109312
OC1CN2C=CC(O)=C12,6.090404493062829
CC(C#C)C1=NON=C1,6.706303624783995
O=CCC1CCN2CC12,5.831663318712458
CC1(CCOCO1)C#C,7.775170895534625
COCC(C#N)(C#N)N,7.382583305643217
CN1C2C3OC2C(=O)C13,5.526294763076634
O=C1CCC2CC12C#N,5.950812669674679
CCC1(OC)C(C)C1C,8.580605056573159
Cn1cc(cn1)NC=O,5.795641919716253
CC1CC11OC(=N)C1O,7.479198372473409
NC(=O)C1OC1C1CC1,7.213416666003417
CC1(CC1)C1CC1CO,8.856215263415264
O=C1OCC2C=CCN12,6.39286148740784
CC1=CC2(C)CC3C1C23,6.070622378033231
OC1CC2C3CC3C12O,8.050288859968674
CC1=C(CCC1)NC=O,6.179863114900211
CCCC(C#N)C1CN1,7.824700027033693
c1c2c(co1)NC=NC2,5.457124274682933
CC(=O)C12NC1CC2O,5.883175511788346
CC1CCC1(O)CC#N,8.210708679506501
CC12CC1(CO)C(=N)O2,7.302374902732332
OC1CC(C2CO2)C1=O,5.843200070462134
ON=C1CC2(CCO2)C1,6.587752920961738
CC1C(O)C1OC1CC1,8.229021959597015
C#CC12COC1C=CC2,6.598491806127495
Cc1cnc(cn1)NC,4.958937699300616
CC(O)C12NC1C1NC21,7.354011578905533
CC12CC3C(C1)C3O2,8.730162244900045
CC1OCCOC(=N)O1,8.160271521187424
C1C2CN1C1=CNC=C21,5.901401239019048
N=COC(=O)NCC#N,7.2102675874198
CCCC12CC3C1CC23,9.275652820778607
CC1CC2C3C(CN23)O1,8.225248230822451
C1COCOCC1=NO,6.679493545319254
CC12CC(O1)C(C)(O)C2,8.468885209519618
OCC12CC1C(C2)C#N,7.858289309696369
CC1C(=O)OC1(C)C,7.689740136989627
C1COC(OC1)CC=O,6.163614978684807
CC1COC2=C1C=NO2,6.133291599158619
N=COC1OCCC=C1,6.623645730195815
C1OC1C12CC1CO2,8.509241836520467
OC(C#C)C(O)C1CC1,7.885149902327475
Cc1ncnn1C(=O)N,5.977401258555444
C(C=O)OC(C#N)C#N,6.175155760070757
C#CC(=O)C1CCCC1,5.469576090387669
OCC#CC1CCOC1,7.48885987200642
N=C1COC(CO1)C#C,7.281745187078503
COC12C3CC1(O)CC23,8.2457113957033
CC1C2C1C1C(O)CC21,8.238588600640888
CC(C)C1CCOC=N1,7.273328806951129
N#CC1C2NCCNC12,7.0865335441432595
N#CC12COC1CCO2,7.338935512261627
C1CC1C1C2COCC12,8.587890796034051
OCC12COC1CN2,8.019377380789033
OC1C2NC(=O)C(=O)C12,4.70139522636017
CC1CC1(C)OC(N)=O,8.358567824915047
COCCNC(=N)C=O,4.769723322066745
CC1=C2CC3C(C1)C23C,5.495741845698667
CC1CC(=O)OC11CC1,7.494653444133029
CC1(CC#CC#N)CN1,6.316765577435633
CC1NC(C#N)C11CO1,7.45471489588815
c1c[nH]cc(c1=NO)O,4.547753614244714
CC1CC1([NH3+])CC([O-])=O,7.299699590354684
C(C1CN1)C1=CNC=N1,6.702338829407826
CC1(O)C(O)CCC1=O,5.901938335358432
CCC(O)CN=COC,7.195480811221028
CC1CC2=C(N1)OC=N2,5.9503165668097795
CC(C)C12CC3C1CN23,8.358888804283293
CC12CC=CC1CC2O,6.8859964473466775
O=C1OC=NCC2CC12,6.5581815462222774
OC1C2(O)C3CC1(O)C23,8.056261531325879
O=C1C2C3C4OC1C4N23,5.6812627488198135
CC1C2C1C(O)C2O,8.228066958586608
CC12CNC1(C)C(=O)O2,6.770404376941624
C1C2C3CCCOC1C23,8.425195172977743
CC1CC(C)C2(CC2)C1,9.214727031788733
CN=C1OC(C)OC1=N,6.119308316137659
CC12OC=NC1C2CO,6.9351032907479055
CC1(CC2CC1C2)C=O,6.157170401841589
CC1(O)CC11OCC1=O,5.788989481134655
CCNC1(COC1)C=O,5.475692477133357
C1C2CCOC3CC3C12,8.406067679227204
CC1C2C3C=C(C)C1N23,5.7874916385996205
CC1CC2(CN2)C(C)=C1,6.704909948342614
CCN=C(C#N)OCC,6.209071667017417
O=C1NC2CC1C1NC21,6.994708998660986
CCC12CC(C1)C(C)C2,9.580618116310559
c1nc(c2n1CCO2)N,6.195175981901096
O=COC1CC(C1)C=O,6.070246661286188
CC1=C(C)C(=N)OC1,6.1722213587700665
O=CCC1C2CC1O2,5.92166654712339
CC1CC23CC4C2C1C34,9.082033131346256
c1c(nc([nH]1)CO)C=O,5.067447783165125
CC12OC3C4C(OC13)C24,8.011116627923721
COC1(CO)C(C)C1O,8.16058266930735
O=C1CCOC2COC12,5.6072299566565675
C1COCC2(CO1)CO2,8.860229161104689
CC1C=CC(O)C1=NO,6.15470035608613
CC1(CO)OC1(C)C#C,7.612075370279982
CC12CCC(C1)OC=N2,7.280607022909285
OC1CCC(C=O)=CC1,5.194082685563613
CC1(C)CC2OC2C1,9.237320284826529
CC1C2CC3(COC3)C12,8.563442223964318
CC1C2CC(C2O)C1=O,6.148425406196811
CCCCC1CC2CC12,9.205533242647228
CC1CC1OCCC=O,6.115691555196129
COC1C2CC2C1C=O,5.977801333880247
OC12CC3(NC1C23)C=O,5.760382823914945
C1CC(C1)C(=O)CC#N,6.255981962838039
COCC(C)(CO)C#N,7.986144846794462
CC#CC1C2CC1(C)C2,8.055063786216532
CCNC(C=O)C#CC,5.617512290325764
CCC1(C#C)C(O)C1O,7.444254289472475
COC12CN(C)C1C2C,7.7664035284208675
N#CCN1C2CCCC12,7.053066759495337
CN1C(=N)CN=C1C#C,5.428459554712533
COC=NC(C)C#CC,7.241337042029208
c1c2c(no1)C=CCO2,4.943855131810707
C1COCC12CC(=O)C2,5.94232379191328
OC1C(=O)C2CN2C1=O,4.891004607168368
CN(C)C(=O)NCC#N,7.397955471121211
CC#CC(=NO)C(C)O,5.893928973461675
COCc1cc(oc1)N,6.0713178774609755
O=C1CC23CC(C2)C3O1,7.394356487933103
CC1OC2COC=NC12,7.127095537480971
CCCN1C2C3NC2C13,7.7679344768591285
C1CC1CCOC=O,7.69090623166999
CN1N=NC(C)=CC1=O,4.801971579449729
CCC#CCC(O)C=O,5.953343041580224
CC1CC(C1)C(=O)CO,6.174263741512209
NC1C(OC1=N)C1CN1,7.138965900119751
CC1=CC2(O)CC1C2=O,6.08564117614314
ON=C1C2CC(O)C1N2,6.5417875152281475
O=CC1=CC2COC1C2,4.989483010269758
CC1C(C)N1CC(C)=O,5.861009049809837
OC12CC1(O)C(C2)C=O,5.889901906750896
NC(C#C)C(CO)C#N,7.604903791962428
OC12CN3C4CC(C14)C23,8.01953525753645
OCC1CCOC1C#N,7.617824665788753
CC1CC1CC(O)C#C,7.93411153430008
OC1C=CCC11CCC1,6.916060262725166
CC1CCC=C1C1CO1,6.689097613510726
OC1CNC2=C1N=CN2,5.91741227096192
c1[nH]c(c(n1)O)N2CC2,6.146523825740637
CC1NC1(C)C1CO1,8.78124435476344
Cc1[nH]c(cn1)OC=O,5.938598573401983
CC1(C)C(O)C=CC1O,6.971534592017656
COC1C2NC2CC1=O,5.653190607259855
C1C2C1C13COC1C2C3,8.629754375660234
CC12C3CC1N3C2C=O,5.507337067454903
OC12CC1C1NC21C#N,6.8070593260123715
CC1N2CC1(C)OCC2,7.922013380297609
CCC1=NC(C)C(=O)N1,6.296088681649657
CCCCC1OCC=C1,6.8827279163197925
CC(=O)C1CC2CCC12,6.116514257616173
CCC(=O)C1COC1C,6.03155338594387
O=CC(CC1CN1)C#N,5.870435661572715
OC1C2CC1C2CC#N,8.339077360772047
C#CC12CN1C1CCC21,6.954334689594328
Cc1cnoc1C2CC2,6.369486631394422
CC1CC2OC12CCO,8.800586802211114
CCC12C(C)C3C1CN23,8.329290155876139
CCC1=C(C)CCC1C,6.862345488734293
OC12CC1N(C=N)C2=O,6.05848151767986
OCC1(O)C2C3CC1N23,8.025257501496368
N#CC12C3NCC1OC23,6.768538433866581
CC1CC(C)(O)C(=O)N1,7.3079120423595345
CC12NC1C(O)C1OC21,8.085390352358933
CC12COC1C2(C)C=O,5.935814268384159
C1C(CO1)OCC(=O)N,7.202051017624463
OC12CC1C1C2N1C=O,6.607125232433553
CC1(O)C2N3CC3C12O,7.470673392305115
C1CC1C2CC(=O)C2,6.069544008581644
O=C1OCC2(CN2)C1=O,4.756222961611053
NC(C#N)C1C2CC1C2,8.053359446870344
CN1C2CC(O)C12C#N,7.047697862589727
CCC1(C)OC2C(C)C12,8.39949204086405
C1COC(=N1)CN2CC2,6.901884142180305
CCC(C)(C)C1(CC1)O,8.693180359582257
CCCC12OC1C1CC21,8.389966502447141
CC1C(O)C(C#C)C1O,7.79720901027086
OC12CC1C1(CO1)CC2,8.652173125698248
CC1C2N1C(=O)OC2=N,6.774798884517453
CC1OC2C1CCC2=O,5.714534120514089
CC1C2COC2C1C=O,5.769814710593165
CC12C3CCC1CCC23,9.02939377325923
CC(=O)C1CC(O)C1,6.259547951699258
CC12CC(=O)C1C1CC21,5.829852755614219
CC12OC3(C)CC1C23C,8.369068168320249
CN1C2C3CC(C3)C12C,8.226156330959054
Cc1c(non1)N(C)C,5.909375281078155
CC1OC2C1CC2=NO,6.555922457235447
CCC#Cc1c[nH]cn1,6.084493419089645
CC1N2CC1(C2)C1CO1,8.3518323045605
CC(=N)OCCC=O,6.149067489195925
C#CC1OCC2COC12,7.440692837508804
O=C1CCC2CC(C2)O1,7.429912152665605
CN=C1NCC1(O)C=O,5.327032634537892
OC1C=CC2CC=CC12,6.376237612992019
CN1C2CC(C)(CO)C12,7.808683302513033
Cc1c(c[nH]c1CO)O,6.075931874700538
C1CC23CC(CC=C2)C13,6.728943728557854
C1CC1C(C=O)C=O,5.628685515913274
OCC1=CNC(=N)C=N1,4.751754554727662
CC1CC2CC12C=O,6.00191910179545
CC1C(C#C)C1C1CO1,7.845832622328012
CC1=C2CCC2OC1=O,6.061363402378073
NC(=O)C1CC(C1)C=O,5.8489323175785515
O=C1OCC2C1C1CN21,6.686883625847777
CC1(COC1)N(C)C=O,7.208556556825345
CC(O)C1CN=C(C)O1,7.402710363005687
O=CN1C2CC3(CC3)C12,6.7256751930932825
CN1CCOC(CO)C1,8.153677712759494
ON=C1C2OC2C11CO1,6.465867923603298
NC(=[NH2+])[C-]1N=COC1=O,4.722874675637221
CC(O)C1=COC=N1,6.714976856062935
C1C23CCOC12COC3,8.136645715469367
CC12CN3C(C13)C21CO1,8.462429279342315
CC1CC2CC3C2OC13,8.644618536219534
Cc1[nH]cc(c(=O)n1)N,4.953806686797561
CC(CC1CCO1)C=O,6.074499175866267
C(C1CO1)N1C=CC=C1,6.618066528255695
OC1(CCC=C1)C1CN1,6.731579291224553
N=COCC(C#C)C#N,7.452272217618356
CCC(C1CC1)C(N)=O,7.528065580372779
CC1=C([O-])OC(C[NH3+])=C1,5.142822360086873
C(C1CO1)C12CCC1N2,8.642379324069863
CN=CN1C2CC1C2=O,5.718165311234619
CC1CC2CC1(C2)C=O,6.135930206752693
Cc1nc(no1)C(C)C,6.933742293815831
CCOC1(COC1)CO,8.564716276084175
Cc1c(c(n[nH]1)O)C=O,4.973062099081233
O=C1CCC2NC2CN1,7.281435561460746
CC(CC#C)C1(C)CO1,8.323126078652205
CC1CC2CC2C1(C)O,8.682812729534655
ON=C1C2CC2OC1=O,5.675301056434644
CC#CC1=NCC(C)O1,6.11789329138685
CC(=O)C(=O)OC1CC1,4.8655915054019925
N=C1NC2C3OC12C=C3,5.628986353937532
CC1(O)C(O)C1CCO,8.314473860403073
N=C1OCC2CC2C=C1,5.761556264341466
CCC12CC3CC1(O)C23,8.249340491706917
C(N=C1CCO1)C1CN1,7.0967691003454245
CC12OC3=NCC1C23O,6.2346966590967465
CN(C)C(=O)COC=O,6.86424105950657
CC1CN1C(=O)C1CN1,6.681188686187724
CC(O)C1=CC=NO1,6.764239602470781
CC12CC1(C)C(C2)C=O,5.96680852006374
OC(CCCC#N)C#C,7.933262559428203
CC12CCC(O)C1C2O,8.313029734999823
CCC1CC=CC=CC1,6.013285558732056
OC1(C=O)C2C3CN3C12,5.5093328034999836
CC1C2C1C1(C)CC2C1,9.259927881269777
CCC1OC(=NC)C1O,7.3573746855312265
CC1OC2CC2(O)C1C,8.300927908226226
COC12CC3(C)C1OC23,8.211546137290252
CC(=O)CCCNC=O,6.15801752144266
CC12OC1C1CC2C1=O,6.172521855611581
CC12CC(C1)C1(CC1)O2,8.683201529062432
CCOC1CC2C(C)C12,8.648542333899123
CC1C=CC(=O)C1C#C,5.05922640256693
CCC1CC(C=C1)C#C,7.053296886766691
O=CC1C2CC1C1OC21,6.121759300346248
C[NH+]1CCC1C([O-])=O,6.9486943836835176
O=CC(=O)NCC1CO1,4.821775280022533
CC1=C2CC3OC(C1)C23,6.167546231119621
CC(=O)CC(=O)CC#N,5.5109593811356286
CC1=C(O)N=COC1=N,4.762978908610602
CC1CCC(O)C1C=O,6.101965807973544
CCC(O)CC1CCC1,8.9504237187464
N=C1CC2(CCO2)CO1,7.55391151735266
CC1C2CC=CCC1O2,7.1010595322363095
OCC12CC1C1COC21,8.184995619218299
CCCc1cc(n[nH]1)C,6.978158174630256
NC1=NCC2COC1O2,6.876692084494666
C#CC(=NO)CC1CC1,5.871491929024443
CN=C1CC2(CC2C)O1,7.372972709308863
CCc1c(onn1)C,6.062015450685216
CC(C)(C#C)C(O)C#N,7.874708293752822
O=CCC(C#C)C1CN1,6.077941580024302
N=C1OC2CC1C2C#C,7.392317573636664
CC1OC1(C#N)C1CO1,7.614449371733105
CCOC1(C)C2CC1C2,9.094749220950764
CC1C(NC1=O)C(N)=O,6.707744044630661
C1CC(=O)CCOC1,6.038611725381012
C1COC(=N1)C#CCO,6.121681750884667
CCC1N2CC3C2C13C,8.200744180919887
OCC#CC12CN1CC2,6.991433181569569
CC1=CC=CCC(=O)C1,5.338111755737064
CCC(O)C1CC1C=O,6.137032896697389
COC=NC12CN(C1)C2,6.945716787158961
OCC12CC1CCC2,8.867311243994925
CC12OC1C1OCOC21,8.162542706785974
CC1=CN(C=O)C(=N)O1,5.112524782503582
CC(=O)C(C#C)C(N)=O,5.583393462541969
Cc1cnn2c1CC=C2,5.585532511587484
CC1COC1C1(C)CN1,8.37394905881604
C1CC1CN=CNC=O,6.167451216920334
CC1C2CCC12C(N)=O,7.268945818169105
CC1COC(=O)C1(C)C,7.516755639793088
C1CC23CC4C(C12)N4C3,8.442922892548648
CCC(=NO)CC#CC,6.640141791146267
C#CC(=O)CCCCO,5.403189725682354
CC1CC11CC(O)C1=O,5.923386205540777
CNC1=C(N=NO1)C#C,4.712615801016491
COC(C)(C)C1CCO1,8.642992401323376
NC(C#N)C1(O)CC1O,7.296739611165961
OCC12CCC1C2C#C,7.755757947607049
COCC12CN1C(=O)C2,7.004595272356278
C1OCC2OC1C1OC21,8.514573249002305
O=CNC(CC#C)C#N,7.055855543276804
CC1C2CCOC(=O)N12,7.607270489613078
O=CC1COC(C1)C=O,5.649518876836373
CN1CC11C=CNC1=O,5.506460639037739
C1CC2CC1COCO2,8.935715782266595
O=C1CC2NC2CN1,7.31635590196031
COC(=O)C(C)(N)C#C,6.796157546209455
CC1C=CC2OCC12C,6.749632809268362
OC1(CCOC1)C1CN1,8.218120711099427
COC(=O)c1[nH]ccn1,5.882504649680577
CCOC1CC2OC2C1,9.01963892051875
OC1COC2CCC12O,8.168961976202185
CC1CC(CO)OC1C,8.574037916905077
OC12CC3C(C1)C3CC2,8.898425719658501
CCCC1(CO)OC1C,8.98431323277828
CC1(C#N)C(O)C1O,7.476211795336775
CC1=CCC2(C)OCC12,6.8606304129840225
OC1COC2=CON=C12,6.074792089072042
CC1C2CC(O)CCN12,7.915965336334386
CC#CCC12CCC1N2,7.583690474115709
OCC1CC2CC(O)C12,8.532197793472315
CN=C1OC2(CC12)C#N,6.702597888950286
N=C1OCC1C1CCO1,7.545735054534958
OC1C2OC3COC3C12,8.056208064214566
OC1CN2CC3NC3C12,7.678287422449216
CC(C1CO1)C1(O)CC1,8.824488586853512
O=CCC12CC3C1OC23,5.906963887943406
C1CC2CC3OC(C2)C13,8.659269984290859
O=C1CC(NC=C1)C#N,5.070499817463456
CC1(O)CCOCC1=O,5.726356473039621
COCc1c(c[nH]n1)N,6.145825521250487
C1CC1OCCCC=O,6.199658616811379
CC1(C)C2CC1C2(C)O,8.694541073450806
CC1(CC#N)CCOC1,7.953746529330281
CC(=O)C1CC(CO)C1,6.266758184552047
N=C1OCCCC2OC12,7.398227024454909
N#CC1CC2CC2CO1,7.926763934003299
CCC(C)(C#N)C(C)=O,6.265050969122067
CC1CC2(C)CC3C1C23,8.99644632258123
CCC1C=CC(C)C1O,7.089827184141737
CC1N=COCC1(C)O,7.233314602925448
NC1(C=CCC1O)C#N,6.540875995588339
CCOCC(CC)C#N,8.278351091150725
CN=C1OCC1C(C)C,7.553414173939881
COC(C)(C#N)C#CC,7.35662913822756
CC1C2CCC2NC1=O,7.303768909184402
COc1c(cco1)N,5.99733035365618
C1C2OC2C2=C1NC=N2,6.313007124527786
CC1OC11C2C3CC1C23,8.85662845859237
CN(CC#N)C1COC1,6.852296286234614
NC12CC(OC1)C2C#N,7.528324188095416
CC12CC(C1)C=C2CO,6.498399848457234
CN=C(NCC#N)OC,7.104836589283336
COC1C(O)CC11CC1,8.386759752521044
CC12CN1C1CC2(C)C1,8.495266363717755
O=CC1C2C3N=CN1C23,5.441351687890398
OC12C3CN(C13)C21CC1,7.909402608904085
CC1CC11CC2CN2C1,8.320403014602578
CC1(CC1)N(C=N)C=O,6.222663680505864
OC12C3CC1OC23C=O,5.743518908921951
CC1C=CCCC1(C)C,7.2037615972298035
C1C2C3COC1CN23,8.407248702231923
CCC1OC1C1CC1O,8.739838916234504
CC(CO)(CO)C1CC1,8.731984565986567
CC(O)COC(=N)C#C,6.827138718927646
CCC1OC1(C=O)C#N,5.879092224806728
CC1(O)CC2(O)CC12,8.389791453295059
OCC1(CN1)C(=O)C#N,5.167253122801813
COC(C)(C#N)C(N)=N,6.888907311285554
CN1CCc2c1[nH]cc2,6.023551768078099
CC(CC(C)=NO)C#C,6.965662744722373
CC1CC2CC2C(C)=C1,6.845090967404587
COC1CC11CC2CC12,8.648309605598476
CCCCC1=CCCC1,6.925260236632866
c1c(c(c([nH]1)O)N)CO,5.979264127126324
COC(=O)C(C)C#N,7.473068714758406
OC1C2OC3C(O)C1C23,7.874062121458652
CC(C)(C)C1(CCC1)O,8.60385713314065
O=C1CC2CC3OCC123,5.709838022101442
O=C1CC2(O1)C1CC2O1,7.1760125102570544
CC12CCC1COC2=N,7.7444870795862215
CC(O)C12COCC1O2,8.686708196650088
CC12CC(C1)(CC2)C=O,6.167216992279759
C1C2C1N1CC3OC2C13,7.832951405875333
CC(C1CN1)C(C)=O,6.173677928658504
CCc1cocnc1=O,5.102321887710689
CC1(CO)CCC=C1,7.188051681660209
O=CC12NC1CC21CO1,5.838166392085089
COC(CO)C#CC=O,5.531591956381935
O=C1OC2CC1CC=C2,6.576957003075347
CC1C2OC1(C=O)C2C,5.668029340210349
OCC12CCC1(CO)N2,8.140929225449677
O=CCC1OC1C1CN1,6.012602589205153
Cc1c(c(no1)N)C=O,4.779824637656182
CCC(O)COCC#N,7.909624808270612
CC12CC3C1C2(O)C3=O,6.503796985593422
CC1(C)NCC(O)C1=O,5.779354740806718
CCC(=N)NC(=O)C=O,4.598404869446727
C1CC11C2C3CC1CC23,8.986830659295272
CC1(C#C)C2OC(=N)C12,7.047537950293508
CC1CC=CC(C1)C#C,7.137798800260189
CCCC12CC=CC1O2,6.774534000555307
CN1CC11CC(C)(O)C1,8.040590229327767
CCC(CO)N(C)C=O,7.293453653509987
CCc1c(ocn1)N,6.004273251883477
Cc1c[nH]nc1C2CC2,6.781994502616625
N=COCC1COC1=N,7.3349739143141885
CC1OCC23CC(O2)C13,8.354619629573046
CCc1ccoc1CO,6.358902044166754
CN=C1ON=CC(N)=N1,4.510985442291256
C1NC11C2C3N2CC=C13,4.550395811746256
COC(=O)C1CC(C)C1,7.494825746387377
CC(O)C1=CC=C(N)O1,5.937857614745841
C1CN1c2c(nn[nH]2)O,6.145015970761362
COCCc1ccno1,6.74379288698014
OC1(C#N)C2NC1C2=O,6.227159448207665
CC1(CC([O-])=O)C[NH2+]1,7.335350285201965
COCCC1CC1C#N,8.127334080636553
ON=C1C=CC2CC12,5.3086043548783675
O=C1NC2CC2C2CN12,7.387168006465985
O=CC1=CC2C3CN2C13,4.912626815537949
Cc1ccn(c1)C=O,5.3259816803099715
CC1COC(CO1)C#C,7.547279792814256
Cc1c(nc([nH]1)OC)C,6.56724305744139
CC#CC(C)(O)C=O,5.787199411424178
CCC(=O)C12CN1CC2,5.668094916787304
CCC1C2CC2C1CO,8.849839931554316
CC1C2COC(O2)C1O,8.609352667792423
CC1CC2(C)CC1C2O,8.749808450409947
OC12CC3C4CN(C14)C23,8.067897596270356
c1c(cnc(n1)C=O)N,4.247469946046714
c1cnoc1CC2CC2,6.647525128466448
OCC12C3CC1(O)CC23,8.267575354893498
Cc1c(nn(n1)C)C#C,5.787172464501895
COC12CN3C1CC23C,8.147720352115039
N=C1OCC=C1CC=O,5.533961608999942
CC1CC2C1=CCC2=O,5.737753458260833
CC(C)(C#N)C(=O)C=O,4.122898428831736
CC12CC(O)(C1)CC2=O,6.218810328899874
C1C2C3C4C5C(C2N15)N34,7.381013681821696
CC12COC1C=CC2O,6.6723630369948195
OC1=CNC=C1OC=N,5.530043975819312
Cc1coc2c1CC=C2,5.189619942424901
OC1=C(OC=N1)C1CO1,6.035287458996962
CCCC1NC1CC#N,7.826807420482872
NC1=NC2C(O)C2CO1,6.97329127688479
CC[NH+](C)CCC([O-])=O,6.9486627025196075
CC1OC1C(=O)N1CC1,6.739366560024901
CC1OC1C1CCCC1,9.19332157175496
CC12CC(=O)C1C2CO,6.058768937732405
CC12CC1(COC2)C#N,7.615659042205463
CC1OCOC1C(N)=O,7.256117261776237
CCC1=NCC(C)O1,7.305681128979812
CCC1NCC(=O)C=C1,5.032968481494513
CC1C2CN2C1CC=O,5.71099840296104
OCCCC12CC1CO2,8.356936650319655
C#Cc1cc([nH]c1O)N,5.336093215349768
OC12CCOC1C2C=O,5.865387192927228
O=C1CC2(N1)C1CC2C1,7.411298349009748
CC1CC1N1C=CN=C1,6.702372012042348
CC1(C)C2COC1C2O,8.29026391974031
OC1CC23CC(C2)CC13,8.900626686573771
CC(C)C12CC(O)(C1)C2,8.86844057322508
COC1COC1(C)C=O,5.76052843084503
CC1=CC2NC2(C1)C#N,6.180046329428479
CC1C(O)C=CC2CN12,6.443558194004955
CC(C)(C#CC=O)O,5.518503401355618
CC(=O)C1(CC1)OC,6.040170633666483
C1C2CC1N=COCO2,7.115545099257297
CC1C(C)C1(C)CC#C,8.22565432352544
COCC1CC2C(C)N12,8.14493356314311
O=CC12CC(CO1)CO2,5.925576034547179
O=CC12CC1C(=O)NC2,5.871717174370946
O=C1CC(N=CN1)C#C,6.20773101840946
CC12CC(CO1)C=CC2,7.018937910629724
O=COC1C2CC(=O)C12,5.913032091445295
CC#CC(O)CN1CC1,7.231747115660179
CC1OCC11CC2OC12,8.578792567078407
O=C1C2CC1(CC#N)O2,6.287023986195815
CC1(C)CC2C(C=O)N12,5.696773503625479
CC1C2N3CC2(CO)C13,7.963406755541776
CC(CC#C)C(=O)C=O,4.2058731597257335
CCCOC(C=O)C#C,5.915937730792011
C1C2CC3CCC3=CC12,6.619020652642197
COC1C(O)CC11CN1,8.253024537677703
OC12CCC(OC1)C=C2,6.702808239032135
CC1CC=CC(=O)N1,5.672363088985284
CC1OC1C(=O)CC=O,5.54115835380709
CCC1COCC11CO1,8.87627284324347
CC1=C(C)C(CO)CC1,6.895402418309261
C#CCC#CC1COC1,7.526502514563506
CCN1CC(C=O)C1=O,5.6863229801835775
OC12CC=C3CCC1C23,5.949326676701903
CC1CC2OC2C1O,8.866703814234306
O=C1CCOC2CC12,5.9065845141024305
CC1OCC2OC3C2C13,8.2922513225656
C#CCc1c(onn1)N,5.505729432615322
CCCC(OC)C#C,8.011882421414604
CCN=c1[nH]cc(o1)N,5.777660578585712
CC1=CC(=O)OC2CC12,6.034599372361892
CC1=CC2(CC1N2)C=O,5.584458787716317
[NH3+]CC1=C([O-])C(O)=CO1,4.865110514783357
CC(O)CCNCC#N,7.412574327819131
CCN=COCCC#N,7.3929321872584355
O=C1C2CCC1OCC2,5.72154775706022
CC(=O)C1(C)CCC1O,6.103296381183645
C1CC23OC=NC2C3O1,6.844955795906395
O=C1CC(CCC#C)O1,7.592010874530875
OCC12C3C1N1C3CC21,8.005615227047077
C1OC2OCC1C=C2,6.776475697705019
CC12CC3C(N13)C2=O,6.2852416177963875
O=CC1OC2CC1C=C2,5.852319845759049
CC1C(O)C=CC11CC1,6.658261731189141
CC12CCC3CC1(O)C23,8.39618543172693
O=CC1CC=CC2NC12,5.99200801829191
CCC1OCC1(C)OC,8.601517706786836
OC1=C2CCN2C(=N)O1,5.875130729744256
CNc1cccc(c1)N,5.334474430977757
CN1C2C(O)C1C2C=O,5.323960488189089
C1C2COC3CC2C13,8.71897150374461
CN1CC(NC=O)C1=O,6.728559100770812
CC(C)C(C)(CO)C#N,8.468838021209574
CC1COC(=O)C=C1,6.083113771128386
OCC12C3C4NC1C4N23,7.69916251946106
CCC1CCC(=O)C1,6.063233614541347
CNc1cc(c[nH]1)C#N,5.493714629735454
COC12CC1NC2C#C,7.1371118605197355
CN1C2CC(CCO)C12,7.895344820101029
C1CN1C1=NCC2NC12,6.20787388539744
NC=[NH+]CC(=N[O-])C#N,4.820706690622729
CC12CC(C1)CC2(C)O,8.961073441256337
OC1C2CC1N=COC2,7.110046454638103
CC#CC(=O)N(C)C=O,5.542635668177146
C#CC12CCCC1CO2,7.592980250965702
c1c[nH]c2c1NCCN2,5.862897512796023
Cc1c(c(co1)N)C#N,5.442984033252282
OC12C3C1C1CC2CC31,8.514681725128714
CC1C2C3C4OC4C2N13,8.206135149581414
CCC(C)(CC#C)OC,8.244227343385823
Cc1ccnn1C(C)C,6.992338573305259
CC(OC=N)(C=O)C=O,5.426371586616254
CC1OC2C(C)OC12,8.417334759266343
CC(C=O)C(C#C)C#C,5.988724177301064
CCc1ccc(o1)C#C,5.562631526430807
CC1C2CC3CC2C13O,8.825973372849601
CC(O)(C#N)C(N)C#N,7.7572045097866145
O=C(OCC1CN1)C#N,6.383571517150929
CC1CC2(C)OC2(C)C1,8.902187874762546
C1CCC(=NO)C=CC1,5.591974679086987
COc1ncc(=O)[nH]n1,4.872649137004289
Cn1c2c(cn1)CCN2,5.980416794234149
CC1(CO)CCC1=NO,6.648296974358649
CC(C)(C)OC(=O)CN,7.311410390480141
OC12C3NC3C1NC2=O,6.6489488571857915
N#CC1C2NCC3C2N13,7.064384967806531
O=C1OC23CC12CC=C3,6.016918885823003
CCC12CCC1OC2=O,7.466537786096685
CC1COC(C)C11CO1,8.870681691113528
CC(C)C(C#N)C(C)=O,6.339342116210869
CC1C2N=CN3C2C13C,6.450688982061342
C(CCO)CNCC#N,7.459930452140112
CC1NCC1(C#C)C#N,6.942503829926679
O=C(C#N)C1COC=N1,5.34135259910146
[O-]C(=O)CC1=[NH+]CCN1,6.193643537840213
O1C2C3C=CC4C1C2C34,6.200250151972898
CN1CCCCNC1=O,7.829709327918154
CC(O)C1COC=N1,7.2666581842649
OC1CC1C12CC(C1)C2,8.945207588150764
CC(=NO)C(C=O)C#C,5.541213791007613
CCC1(CC1)C(=O)NC,7.397286099566342
OC1C2CC3N2C13C#N,7.135399095633213
C1C2CN=C3OCOC123,6.853992344591594
[O-]C(=O)C1CC2(C[NH2+]2)C1,7.224515648889205
OC(C#C)C(=N)N1CC1,6.7374550483903
CCC1(NCC1=O)C#N,5.76707486520853
CC1C(C=O)C1(C)C#C,5.887114605085564
OC1CC(CC1O)C#N,7.97994284554609
CC12C3C1C1C3C3C2N13,7.776254168509194
C1CC23CC4OC2C4C13,8.39182307741721
COC1C2CC(=O)C1N2,5.734420290173436
OCC12C3NC1COC23,7.977001082903174
C(C1OC2CC12)N1CC1,8.310082092902874
CC(=O)OC1(C)CC1O,7.524302847830683
c1c[nH]c2c1c(n[nH]2)O,5.73104183919598
CC1C=CCOC1=N,6.589882191895422
OCCN1C2CC2C1=O,6.872975219441596
C1COC(O1)C2COC2,8.878271293540031
CC1(CC1)c2cnn[nH]2,6.699122671952416
COC(=O)C1(CC1)C#C,7.096492607986815
CC1(C)OC2CCC1C2,8.619526759785995
CC1OC(C)C2(C)NC12,8.314628449979812
CC12CCC1(CO)CC2,8.867998617035827
C1C2C3CN=COC2C13,7.315753972948201
COCC12CN(C1)C2C,8.182301665858226
CC(=O)C1(COC1)NC,5.682896571293427
CCC1(CC)NC1C#N,7.550054159328514
CC12CCC1NC2C#N,7.027493352301579
OCCC1CC2CN12,8.288876183528373
OC12C=CCC11CC2C1,6.528889919463801
C1CC1CC(=O)CC#N,6.429719021459253
CC(O)C1OCC11CO1,8.579241469750803
COCC#CC(O)C=O,5.812937747212409
CC1CC23CC12N=CO3,6.683043314152348
CC(=O)CC(=O)C(=N)N,4.629952887782486
CCC1C=CC2C(C)C12,6.713672259807786
CC12CC1COC=NC2,7.182691037719758
CC1CC(C#C)N2CC12,7.398371456419661
O=CC1=CNC2CCC12,5.077351984648509
CC1(CO)CCC11CC1,8.785757837225361
CC1CC=CC(O)C1,7.137132138158199
OC12C3NC1CC(=O)C23,5.929859167734679
NC1(CC1O)C#CC#N,6.09972021535333
CCC(C)(O)C(N)C#N,7.901973627856448
c1c(c(c([nH]1)N)CO)O,5.949179750082973
CCCc1cnoc1N,6.141343911224227
COC1CCNC1C#N,7.2101365050686335
CC1OC=NCC1C=O,5.844083698622515
c1c(cnc(c1N)O)N,5.117059101076275
CCC12NC1CC2C=O,5.872372187369383
C1C2CC34COC23C1C4,7.971929208469956
O=CCOC12CC1OC2,5.937560716281695
OC1C=CC2(O)COC12,6.510713724428208
COC1C2CC(C2)C1O,8.583452091505338
O=COCC1COC=N1,6.943454160079687
CCc1c(con1)N,6.1173017003116374
C(C1CO1)C1=NNC=C1,7.148935709600641
CCc1c(cno1)CO,6.554930270687789
NC1=CC(=N)N=C(O)O1,5.341623350230224
C#CC1OC2C3OC3C12,7.138465591109866
CN1CC1COC(N)=O,7.680494777372525
Cc1c(c[nH]c1CO)N,5.953692784902307
O=C1NCCC11CCO1,6.949512968617632
COC1CC2(C)CC1O2,8.66209000203987
CC12CN1CC(C2)C#N,7.388867388113465
CC1(CO)CCNC1=O,7.337907483339825
NC(C#N)C1CC1CO,7.714332878887593
CC1(CCCOC=N1)C,7.2248971254722525
CC(=N)N(C)C(=O)C=O,4.581617009812515
CC1(O)CC11CC2CN12,8.105338500130435
NC(=O)N1C=CCC1=N,5.987031687208848
COC1C([NH3+])C1C([O-])=O,7.0908401422030005
C1NC1C1=NCCO1,6.996323205330803
OCCC(C#C)C1CN1,7.859728764027167
OC1C2CCOC1CO2,8.34576204396421
CNc1cc(co1)OC,5.9110693343952425
CCn1c(ccn1)O,6.707747787232784
CC1=CCC(=O)N1C=N,5.450991150288704
C(C1CO1)C1CC=CC1,7.3253943010259235
CC1(CC1)COC2CC2,8.839220861619799
C1CC1(C=O)C2(CC2)O,6.08766597420962
OC1CCCC2(CC2)C1,8.859089808369893
C1C(CN1C=O)NC=O,6.6614036609561476
C1CC11N=C2NC3C2C13,5.731786142767602
CCC1CC=CC(O)C1,7.083721729361858
CC1(OCC1O)C1CO1,8.560226858317062
CC1=NC(OC=N)=CO1,5.964301931378564
C1CC11COCC2OC12,8.743072872347943
C1CC23COCC2(C1)N3,8.215941753822856
OCC(=O)N1CC1C=O,5.771213000214846
CCOC(C)CCC=O,6.206990485244692
COCC1OC2(C)CC12,8.38062086588106
CC1=CC2NC2COC1,6.55421389561811
c1cocc1OCCO,6.216620291161933
CC12OC3CC1C2C3,8.690848632577906
C1C=CC2(O1)CC(=O)C2,5.8411104511510725
CCCN(C=O)C=O,6.2317206133911975
OCC1(C=O)C2CC1O2,5.678753693037995
COC1C2COCC1N2,8.186946711799465
OC1CC(=O)CC2CC12,6.08778479564489
O=CC12CC3C(C1)C3C2,6.175287416961137
O=C1C2C=CC1C21CC1,5.904148708818689
CC12CC3CC1C1C2N31,8.43485518793695
O=CC1CC2OC1C2=O,5.543871741179406
C#CCNc1ccon1,5.98731889024339
OCC(CC=O)C1CN1,6.108876397590015
CN1C=NC(C#C)C1=O,5.964698953179178
CC#CC12CC1C(=O)N2,6.588199794773471
CC12CC3C(OC1)C23,8.687498736034602
OC1CCC(=C1)C1CO1,6.570266625668313
CCC1C2CC=CC1O2,6.820747562279161
OCC1(CC1O)NC=O,7.2700410117525545
CC12CC3N1C3(CO)C2,8.288403844246982
OC(CC#C)(C=O)C#N,5.907915908380916
OC12CC34CC=C(C13)C24,5.244159381441305
CN=c1ccnc(o1)N,4.943213718179897
CCC12CC1C(O2)C#C,7.302955495075797
C1C=Cc2c(nno2)N1,4.446399420207339
O=C1CC2NC3C2OC13,5.457057880900296
C(C#CC=O)OC(=O)N,5.810126221813328
CC(=O)OCC#CC#N,6.595684741894718
CC1C2OC(=N)C1C2C,7.686130078769737
NC1C2OC1(C=C2)C#N,6.16909150600313
CCOC(=N)C(O)C#N,7.410604404615288
CCC1CC2(C)CCC12,9.260679757973111
CC1CC2(C1)CC(=O)O2,7.60191015576703
OC1C2COC(C2)C1=O,5.654868578361354
CCC12CN1CC21CO1,8.486459094725198
C1OC1C12CC1COC2,8.736221284826605
C1C(CO1)C2COC2,8.546042237903254
N#CC1C2NC1C1CC21,7.413790762906919
OC12C=CCC3CC1C23,6.403902563823915
CC1CCCC=CCO1,6.981649094092489
O=C1C2OC3C=CN1C23,5.517592145104043
CC1CC2OC2(C)C1,9.14796369847641
CCOCC1(COC1)O,8.42216624069624
CCc1c(n[nH]n1)CO,6.731110917695901
CC(C)CC1C2CCC12,9.182830607371468
CC(=O)N(C)C(=O)C,6.057405536837686
CNC(=O)C12CC1OC2,6.966717215829057
COC(=O)CC1(CC1)O,7.333255649395072
O=C1CCCN2CC12,5.569354983240678
CCC1CC(C#C)C1C,8.246125566508361
CC12CC3CN1C3C2O,8.087133796314287
CC(C)C(=O)C1(CC1)C,6.159547981847377
CCC1=CCC(CO)C1,7.046075773875647
CN=C1OC(C)C11CC1,7.22149591504871
CC1(C)CN2CC1(O)C2,8.00977313801205
CC(=NO)c1cnc[nH]1,5.405134568132312
CC1OC2C3CCC2C13,8.730381209152993
CC1OC2CCC1C2=O,5.760753939264264
C1CNc2c1onc2O,5.937912869023564
C#CCc1cc(n[nH]1)N,6.195323056169257
C#CCC1COCCO1,7.953428759751201
N=C1CC2NC2CCO1,7.181230523350951
O=COC12CC1CC=C2,6.423050490776777
C1CN=COCCC#C1,6.686539043480783
CC12C3N1C1CC3=CC21,4.19410588114529
OC1CCC=C(C1)C#C,6.0023777627903545
CC(=N)OC1=NON=C1,6.261820628809865
O=C1CCC2(CN2)C1,5.985950604508689
CC1OCC2C(C#N)C12,7.850846566922439
OC12CC1C(=O)COC2,5.750795434365707
O=CC12CN(C1)CC=C2,5.420302527537144
CCC(CC=O)C#CC,5.991124532648337
CC1=C(C=O)C(=N)OC1,4.989587138002382
COCCC1OCC=C1,6.9338149374452
c1c[nH]cc1NC2CC2,6.10166896046247
OC1C2C3NC3C(O)C12,7.900619671680996
CC1OC2CN3C1C23C,8.307291124357011
CC([NH3+])C1=CN=C([O-])O1,5.521871511187995
CC1CCNC(=N)C1=O,4.861530178390772
CCC1C(=O)OC1(C)C,7.605289318438845
CCc1cc(co1)C=O,5.115470508302288
O=C1CC2(CO2)C2NC12,5.766468175257538
CC1(O)C2CC3CC1C23,8.574810092262448
CC1C2OC(=N)C(=O)C12,5.08103910960077
Cc1conc(c1=O)O,4.985916962629823
CC12CC1(CO)N1CC21,7.926670709348347
CCOC1(C)CN=CO1,7.333367928112526
CC12CN1CC2(C)C#N,7.22758434898237
CCCOCC(=N)OC,7.657218782882874
c1coc(n1)CCO,6.645190468043907
CCC(N1CC1)C(N)=O,6.996875017852705
NC(=O)C(CO)CC#C,7.208547573018732
COC1C2CC(O)CC12,8.439236839074882
CC12CCC(C=C1)C2=O,5.751659240139098
CC1COC(=O)C(=N)O1,6.0263978182160045
OCCC12C3CC1CN23,8.294663026188472
CC(C)(C)n1cccn1,7.015425905291917
CC1OC1(C)C(C)=NO,6.695648921398833
OC1CC2COC1C2O,8.243555933675433
O=CCCC1CN=CO1,6.014496585132406
CN1C2C(C1=O)C2(C)O,6.718598775427075
C1N=CN2C3C4NC3C124,6.046937221781041
COC1C2CC2C=C1C,6.610090708726489
CC#CC1C(O)C1O,7.226076366847872
OC1CC=C(C1)C1CC1,6.804276532093903
COC1CC1C(C)C#N,8.073995708808507
CC1COC11COC1=N,7.240670427034408
CCC12OC3C(C13)C2O,8.008244628064407
CC1CC2CC(O2)C1=O,5.7365637959064575
O=CCCC1CC2CC12,6.21511997784685
CC(O)C(O)C(N)C#N,7.696997969798611
CC(CO)(C#C)C1CO1,8.085773119291469
CCC1OC2CC(=O)C12,5.867012477337305
OCC1C(OC1=O)C#C,7.262072855332229
O=CC1=NC2CC(C2)N1,4.40478970817354
OCCC1C2CC1O2,8.510991354553866
NC(=O)N1CC1C1CN1,7.57675804068909
OCC1(O)C2CC1C2=O,6.5141049840910386
OC1C2CC1C(O2)C=O,5.843315697647323
Cc1c(ccn1C)C#N,5.800733023747543
COC1CN2CC2C1C,8.15666626019962
OC1C2CC1C1CC2O1,8.29439765212922
OCC(O)C1=NNC=C1,6.8733494853413095
CC1C(O)C(O)C1C#C,7.806388246169117
CC1C2CC3(CCO3)C12,8.374624626766796
CC1C2N=COC12C=O,5.779191362596058
CC12CC(O)C1OC2=O,7.360459114503774
CC(=O)NC(=N)C1CN1,6.08315550252457
CCc1[nH]cc(n1)OC,6.4119609237363
CN1C(C#N)C(N)C1=O,6.624970384177047
N#CC1CCC1C1CC1,8.711990046375112
CCC(NC=O)C1CC1,7.567534515226109
N=COC1=CNC(=O)N1,5.331780397456034
CC(C)OC1CC1C#C,8.001225555915607
OC1C2CC1(O)C1OC21,8.506574353549368
CCC1(CC#N)CO1,8.39509254290084
CCOC1(CC1C)C#C,7.526783615605778
O=CCC1CC2CC2O1,6.140489791340622
CCCC1CC(O1)C=O,5.906168053392402
COCc1c[nH]cc1N,6.115048151571754
CC1=C(C(=O)NC1)C#N,5.503650616658087
CC1COC2(C)CC2C1,8.522341106568822
CC1CC2(O)COC12C,8.25671307720421
CC1([NH3+])CC1C([O-])=O,7.299566149393501
CCC(=O)OC=NCC,6.696730427871462
COC1(CN2CC12)C#C,7.048962747431629
CC1C2C3C(O)C2(C)C13,8.753011136231628
CC(=O)CC1CC1C#C,6.235370370866027
O=C1CC2NC1CC2=O,5.381343073983405
C1C2OC=NC3COC123,6.9521112994807615
Cc1coc2c1OCC2,5.967328397213799
COC1(CC=CC1)C#N,7.112273962348706
CC1CC11CCC1(C)C,9.016608355073584
Cc1cc([nH]c1C#N)N,5.463481487679699
CCC1(C)COC1=O,7.672783537791074
CC12CC3OCC1C23C,8.448569208370007
CC(C)CCC(O)C=O,6.179421436173554
CC1OCC(N)=C1C=O,4.983812957161541
CC1(CC#N)C2CC1O2,7.820598298735779
N=C1NC=NC1C1CO1,6.284003477439324
CC1=CC2C(C1)C2(C)C,6.581482289822349
Cn1cc(cn1)CCO,6.90236759282617
OC12CCC3C1C=CC23,6.590917619779658
OCC1CC1(CO)C=O,6.0382873750920645
C1OC2C1C1COCC21,8.21015798685783
CCN1CCNCC1=O,6.995635964567632
OC1C2CC1N2CC#N,7.146780395939739
OC(C#N)C1=CC=NO1,6.440050503660483
OC1C(CC#N)C1C=O,6.080685220211414
COC=NC1(C)CC1C,7.152171166645621
COC12CC1CC2CO,8.485931528410141
CC(CC1NC1C)C#N,7.872595293543263
CCC(C=O)C1CO1,6.114786265470318
CCCCCC(C)C=O,6.203354463797929
CC1C2C3N1C(=N)C23O,6.7298998020441605
C1OC2CC1CCC=C2,6.793692090812229
Cc1cc(nc(=O)o1)O,5.324325597384183
COC1CC2OC1C2C,8.56050859478656
OC(C#C)C1COCO1,7.697008832684571
C1CC1C(=NO)CCO,6.726839663288982
C(CN=C(C#N)N)C=O,5.424521844949097
CCC12CC(O1)C(O)C2,8.327661389217587
CC(N1CC1)C(=O)C#N,4.91800629150151
COCC1CC2(O)CC12,8.548085121543775
CC12CC3C4CC3N1C24,8.468030845493438
O=C1CCC11COCO1,5.664343415774154
CCC1=C(C)COC1=N,6.21845909382782
CCCC1(CN1)C=O,6.0364549392015725
O=CC1C2OC2C11CN1,5.910637331767343
CC#CC1C(C)C1(C)C,7.63488157473212
OC1C2CC11OC(=N)C21,7.262475084124109
OC1C=CCCC1C=O,5.945761961870323
C1OC2COCC22NC12,8.254187365355158
C#CC12CN1CC21CC1,6.923817153365136
OC1CC11CCOC=N1,6.989795358322782
CC1CC2C3CCC3C12,9.11250196026914
COC=Nc1c[nH]cn1,5.643044142959262
CN1CC1C1CN1C=O,6.678711043547812
CNc1cc(on1)C#C,5.010587150016448
OCC1NC2C1OC2=N,6.98930591134625
C1OC23COC12C1NC31,7.9022541396063435
CCC(O)C(O)C1CO1,8.768141813803581
c1c[nH]nc1CCC=O,6.031749517136486
C1OC11CCCN2CC12,8.414392497667812
CC1CC2CN2C(=O)C1,6.829712091979809
CC1OC(C)C1C#C,7.940329667519119
OC1CC11OCC1C=O,5.776247018560346
OC(C#N)C12CC(C1)C2,8.132933611905967
CC(=O)C(CO)CC=O,5.747328825648675
OC1CC2(C1)OC1CC21,8.17408696141951
CC1(CO)C(O)C2CN12,8.00018409388279
Cc1cc(on1)CCO,6.5711002857475425
COC1C=C(C)C2NC12,6.360202275957555
OC(C#N)C1C2CC1O2,7.405332487528404
CCC1(CO1)C(=O)C=O,4.13352237148933
CNC(=O)C1CN1C=O,6.424528851278397
O=CCC12COC1CO2,5.735371629574223
O=CC(=O)C12CC(C1)C2,4.533507289884723
CC1C2C=CCC(C)C12,6.900061288314003
CC1CC(O1)C(=O)C#C,5.238729587882668
CC1=CCN(C(=O)C1)C,6.277450070122978
CC#CC1=CCC(O)C1,6.091027337091058
CC1OC(=N)NC1C#C,7.178612155469727
CCC1(CC(C)C1)C#C,8.227262386107633
CC12CC(OC=N1)C2=O,5.740843046853902
CC(=O)C12CC3C1CC23,6.227280424163775
CC(O)C1=C(N)N=CN1,6.106861717744286
CN=C1ON=CC(C)=N1,4.686802679379441
CC1OC2(CC2O)C1=O,5.852383677205917
CC12OC(=O)C1C2C#C,6.905450712271113
CCC1(C)OCC1OC,8.521858820693044
C1C2CCC3CCC3C12,9.205367158670235
CC1C=CC(C)(C)C1C,7.108341647860456
Cc1c(n(c(n1)O)C)O,6.399234534130211
O=C1C2CC3CC1OC23,5.7350852371099315
O=C1NC2CCC3C2N13,7.261450437255161
OC1C=CCC2OC12,6.933752712569483
CCC(C)C1CC1C=O,6.107425181926541
OCC(C=O)N1CCC1,5.6065624663488425
C1C2CCOC1C=C2,6.852307238517516
CC1OC2C3NC3C2=C1,6.31341146728251
CC12C3C1C1(C)CC3N21,8.20721388039011
CC1OC2(CO)C(O)C12,8.028299029481518
CC12CN3CC(CC13)O2,8.046313261765166
CCC1(CCC1=O)C=O,5.630765387076002
CC(=O)C#CC1CCC1,5.52905405772244
CC1(C)C2CCC=CC12,6.769920784006269
CC1(C(N)C1[NH3+])C([O-])=O,7.1979978006448775
CC(=O)OCC(=O)C#N,5.39777412599803
Cc1c(cnnc1N)O,5.55890896441101
OC(CCC#C)CC=O,6.193474937988794
CC1CC1C1CC(=O)C1,6.040616988262561
N=CN1C=CCCC1=O,5.442279397239281
CNC(=O)C1(COC1)N,6.967829803035088
CC1OC2COC2C=C1,6.806037499242988
CC(=NO)C(O)C1CC1,6.779590998869969
Cc1c(nco1)OC,6.281365402192634
CC1C2OC2C11COC1,8.50342951161545
C1C2CC3CC2C1OC3,8.638194412604763
CC12CC3N1C2C31CO1,8.499597202563104
C1C(CO1)C2(COC2)O,8.239848255369381
CC1=CC2C(O)C2(C)C1,6.4628385744286545
OC(CC=O)CC1CC1,6.198555085786603
C1CN(C=C1)C(=O)C#N,5.552081590616299
CC12CC1COC(=O)N2,7.946296581276562
OC12CN(C1)C21CCC1,7.889226286292736
CC1C2CC(C)(C#N)C12,8.198106562883359
CC1CN2CC3(O)C1C23,7.803599548361812
CCC1CCC(O1)C#C,7.877525794531689
N=C1OCC2CC2C1=O,5.035777523892656
OCC1(CO1)C(O)C#C,7.638124625582121
OC1CC1COCC=O,6.150312137855178
CN1C(CC11CC1)C#N,6.9551266296636225
CCCC1=CC(C)CC1,6.9106815645227755
OC1CC=C(C1)C#N,6.223638511309205
c1c2n(cn1)CCC2=O,5.194001582508882
CC12CC3C4CC(C14)C23,9.256475556139073
N#CC1CC2N=COC12,7.189653638012922
CC1CC2(O)C(C)OC12,8.340486381109
c1c2c([nH]n1)C(=O)NC2,5.836122669072237
CC1CNC(=O)C(O)C1,7.325376455797633
CCC12C3C4C3C1(C)C24,8.167554151245612
CC1(C)OC11COC1=N,7.342244796365722
OC1CCC(=O)C1C#N,5.9965429711448
CC12CC(C1)C1(CC1)C2,9.472072475546497
N=C1CC2(CN2)C(=O)O1,6.584529582768752
CC#CC1CCC2NC12,7.543907922994135
CC(C)C(C)C1OC1C,9.183790301089621
CN1C(=N)OC=NC1=O,5.494284604175753
CC12NC(=N)OC1C2O,6.98371672402927
CC1(CO)CCC(=O)O1,7.577176048920853
CC1=CC(=O)CN2CC12,4.800850368742697
Cc1ccoc(=NC)c1,4.348846026666963
CC1COC(CO)=N1,7.264663067528084
CC1OC(C)C1OC=O,7.3494099751449555
OC1CC2CC12N1CC1,8.172251854727362
O=CCC1=CC2CN2C1,5.5221433074428825
CCCC1C2C3OC3C12,8.470800260990721
OCC1CC2(O)CC1C2,8.804797473400003
CCC1(CCC1)C(=O)C,6.120816333323518
CCN=C1OCC1C,7.506137204701336
O=CCN1C2C3CC3C12,5.773633935291485
CC12CCC1CNC2=O,7.359587594777832
Cn1cnc2c1OCC2,6.283558835587199
ON=C1CCCC2CC12,6.748544778608384
N=COC1=NC=NC=C1,5.604534288084788
CNc1cc(no1)CO,6.048515446409766
CCC1=CC=NOC1=N,4.91106880143305
OC1CC2(COC2)C=C1,6.733679915317495
CC12C3C4CN(C14)C23C,7.958119420945629
CC1CNC2=CON=C12,5.839445884377913
CC1C2C(C3CN23)C1=O,5.50837866396939
N#CC12NCC3C1CC23,7.096925454477457
CC12NC(C1C=O)C2=O,5.613373217814329
OC1CC2COC=NC12,7.150108918603279
C1NC1C1COCO1,8.749034281932428
CC(C)n1c(=O)[nH]cn1,6.4063760207037195
O=C1CCC(O1)C1CC1,7.5444209102204045
N=C1OC2C3CN3C2=C1,5.613310623255206
COCC1(C)NC1C=O,5.856529429735574
COc1coc(n1)C#C,5.380518681723678
N#CC1CCCN=CO1,7.124700148413751
OCC#CC1C2CCC12,7.405187081240237
OCC1CC=C(C1)C#N,6.221463951110712
CC1OC1C(O)C#N,7.874980354654849
CCc1cc(co1)N,5.9516921560297895
CCC1C2N(C)C1C2=O,6.214878897165596
COCCCOCC=O,6.200542731538976
CC(=O)CC1NC1CO,6.243640734162195
COC1(C)C2NC2C1=O,5.685750760944872
NC(=O)CC1COC1=O,6.982944222171943
C1CC(O1)C1=NNC=C1,6.856826846776082
CC12CC(C)(O)C1O2,8.654843627439734
CCC1OC=NC1C=O,5.830419408985023
OCC(O)C1(CN1)C#C,7.355791296340424
C1C2C3C4OCC3N1C24,8.061593826016741
COC1CC(C1)C1CO1,8.940679549673616
OCC12COC1C2C#N,7.42022615028243
COC1(CC1)C1CC1C,8.679448018510175
CC1(CC#C)COC1=N,7.68314708861283
CCC1C=CC=CC=C1,5.306757770843941
COc1c([nH]nn1)C#C,5.544442469612912
CN1CCOCOC1=O,7.92401533670334
CC1C([NH3+])C1CC([O-])=O,7.249382248883599
O=C1COC(CC#C)C1,6.008412107669159
c1c(ocnc1=O)CO,5.204449402915904
C1OC1C1=NCCCO1,7.117020867599056
CCC(C)(C)CC(=O)C,6.314731247357025
c1c(c[nH]c1CC=O)N,5.161236985306359
O=CCCC1COCO1,6.301159381026203
c1c(nno1)CCCO,6.260018478419019
CCC12CC(C1)C2C#N,8.617693808908294
CCn1cncc1C#N,6.209603488561117
O=C1CCCC2CC2C1,6.04385691911277
C(CC(C=O)C=O)CO,5.633418792359992
CC1(CN(CC1=O)C)C,5.4606130450818124
Cn1cnc2c1ocn2,5.7128857065097804
CCN=C(CO)NC=O,6.026438126690241
C1C(=O)CC1(C=O)C=O,5.601563766359272
CC12CC3C(C13)C(=N)O2,7.37621711164288
CC1(CN2CC12)OC=N,7.177057628766104
O=CC12NCC1CC2=O,5.432372876911127
C1CC(=O)C2(C1=O)CN2,4.9948848696154275
CCc1cc2n(n1)CC2,6.886502318946224
CCC1NC1C(C)=NO,6.551692431770734
C1CC1C1CC2CCC12,9.272403797470814
CCC1=CCC(=O)C1,5.840560063608318
CC1C2C3C4C2C1(C)N34,8.313978560621981
OCC1CC(C#C)C1=O,5.834162307887835
CCC1(C)CC2CC12O,8.483489875932317
N=C(C#C)N1CC(=O)C1,5.2615541113538145
COC(C)(CO)CC#C,8.048967038831966
OC1C2C3C4C1C2CN34,8.147388227015133
CC1C=CCC(O)C=C1,6.311754333956884
O=C1CCC2C1C1CN21,5.742467506651901
O=CC12CCC1OC2,5.763933949442063
CN=C1OC2C(CO)C12,7.001150360835073
Cc1c(nco1)CCO,6.446897616913177
CC1N2CC1(C#N)C2C,7.091648821205944
O=C1CC2C3NC3C2C1,5.978971293255348
OC1CC2CC(=O)C1N2,5.904220970158434
CC12CC3(CC3)C1CO2,8.50509254705571
CC(C)OC1(CC1)C#C,7.6388217027785545
CCC(O)C1(CO1)C=O,5.861335796075691
c1coc(=O)c(c1N)N,4.460743046872472
ON=C1C2C3C2C1C3O,6.526676626153499
O=C1C2CC3(COC13)O2,5.6079485022037305
CC12CC(C1)C(=O)NC2,7.214823478510651
CC(CCC#N)CC=O,6.2597581426498135
C1C2OC22COCCC12,8.72566056682166
CNC(C)(C#N)C1CO1,7.582880134549092
CC1(O)C2CCC1C=C2,6.804816450475129
Cc1cnc(o1)NC,6.078111988739172
OC1C(O)C1(C)C1CC1,8.227062282116453
C#CC(=O)CCC(=O)N,5.52998041220299
OC1CC11C(O)CC1=O,5.926868096151441
Cn1c2c(cn1)nco2,5.959270084148007
c1c[nH]c(=O)cc1C=O,4.5027114141154225
CC1CC2=C(O1)C=CN2,6.154005313700846
C1OC2C3CC1COC23,8.321811158925275
OC1CCN(C=O)C1=N,6.31002371957627
CC1CC(O)C(C=O)=C1,5.143350655724973
CN1CC(C=O)C1C=O,5.026209772866338
CCOC1COC1C#C,7.444774976688656
CNCC(C=O)C#N,5.671174288563277
CCC(CC)C(=O)OC,7.590989111210417
CN1C2C3OC2(C#C)C13,6.5663344166106405
CCC1C2C=CC(=O)C12,5.006228151503702
C1C2C3C2C2CC3OC12,8.521843522225204
CCC1CNC(=O)C1=O,4.681577434813349
CC1(CCC11CO1)C#N,7.976671720298581
CC12C3N1CC2CC3=O,5.746414032369733
CC1CCOC2CC1C2,8.583842526805835
[NH3+]C1C=CCC1C([O-])=O,6.397171210471873
CCC12CN1CCC2O,8.021981871768597
OC1C2CC1(O)C(O)C2,8.348084032294526
ON=C1COCC11CN1,6.451570566320568
C1C2CCOCCOC12,8.571895426502898
CCC(C)(O)C(C)C=O,6.110150897080053
CC1=CC(C#C)N2CC12,5.859563162128607
OCCOC1CC(O)C1,8.5579234186172
CC1C2C3CC2C2C3N12,8.498496397287962
CCc1c(cc([nH]1)C)N,6.079982584336873
NC(=O)C12CC(C1)O2,7.160723702283727
CN1C=NOC(=O)C1=N,5.311214242462013
CCC1CC2CC(C1)O2,8.659369672363432
CCC(O)(CC)C1CO1,8.906203088769987
OC1CC11CNC1=O,7.183708269292083
CC(=O)CCC(=O)CO,5.931954152107488
CCC(=NO)C1OC1C,6.638377088218883
COCC(O)C(C)C#C,8.077478375293712
[NH3+]C1(CC=CC1)C([O-])=O,6.525106420401555
C1CN1C1C2C3CC1N23,8.03995770252608
OC1=CC(=N)C(O)=CN1,4.873201170099997
CC(C)(C(=O)C(=O)N)O,4.785777381234933
OCC1NC1(CO)C=O,6.016446077988457
CCC(=O)CC(C)C=O,5.909128761849136
CC(C)N=C1OCC1N,7.131956756546105
CC1=NCC=CCCO1,6.530635628938278
C1CC(C1)OC2CC2,8.927461603470375
N#CCC12CC1CC=C2,6.666010989613369
CCC(C)N(C=N)C=O,6.343210525841647
OC1C2NCC(=O)NC12,6.928943995740098
O=CC12C=CC3CN1C23,5.3719997714911045
CCNC(=O)C1CCO1,7.119776969197079
CCOC(C=O)C(C)C,5.961140291472358
C1C=CC(=O)CNC1=O,5.12028185467514
C#CC1COCCC=C1,6.898861907048067
CNc1cc(cnc1)O,5.394840686847012
CCC1=CCOC1=O,6.039017499642865
CC(O)CC12CC(C1)O2,8.393581096479199
CC1=CCOC(=N)OC1,6.438747873635761
OCC12NCC1OC2=N,7.002907114596253
c1c(cn[nH]1)C(=O)CO,5.397703937504341
CCN1CC(=NO)C=C1,5.100569716937347
N#CC1N2CC2C11CC1,7.270110093411576
Cc1[nH]c(=O)c(cn1)N,4.709081186957558
c1[nH]c(c(n1)O)NC=O,5.422261752878718
OC1COCC(O)C=C1,6.788698306704131
CC12OC3(CO)CC1C23,8.230448531094877
Cc1nc(co1)NC=O,5.591286546895162
C#CCOC12CC1CC2,7.71207336242779
C1CCC(C1)OCC=O,6.117828522374785
COCC1CC(C)C1=O,5.987041075833405
CCN1C(C)C1C#CC,6.994844431456054
CC1C2C(=O)C(O)C12O,5.932077394421682
CCCc1cocn1,6.7843830231423095
CC1(C)OC1CC=O,6.147213359175873
NC12CC1(OC2=O)C#C,6.514204263038922
CC12CC(C)(C1)C1NC21,8.561492054748726
N#CC1C2C3CC1OC23,7.714300707881572
CC(C)(C)C1OCC1=O,5.864612544657912
OC1CC1C(=O)CC#C,5.882044814517295
COC12CC1OC21CC1,8.098535483155661
CC12NC1C1C(C#N)C21,6.847229968918564
CC(O)C1CC2(C)CN12,8.016696236928096
C1CC2C=CC3NC23C1,6.6322229882886266
CC(O)C12CC1C1NC21,7.683305712855105
N=C1CN(CCO1)C=O,6.694537941841008
COCc1nccnn1,5.560034352370838
CCC1=CC(=NO)CC1,5.811785793345673
CCOC1C2NC2C1O,8.086007006217095
CC(CCC#C)N1CC1,7.851507959808066
OCC1=CC(=O)C(O)C1,5.249295036720262
CN1CC11C2CC1O2,8.260061633913882
O=C1NC2C3N=CN1C23,6.293195963901715
CC1C2CC2(CO)C1C,8.660980422498248
CC1CC(O)C(N1)C#N,7.336328377247749
CC1(COCC1=O)C,5.886362853885486
CCC1CC2(CC2)C=C1,6.809717490327891
CC12CC(C1)NC2=O,7.099367648364369
C1C(=NCC#N)OCO1,7.198793813463986
CCC(=O)COC(C)C,6.265307126601564
O=CC12C3OC4C(C14)C23,5.779904980031452
CC12OC1CC=CC2O,6.670339913226921
O=C1CNC11CC2CC12,5.821274282479596
C#CC12CC1N=COC2,6.923543194389939
CC1=CC(=O)N(C1)C=O,5.278798617212949
O=CCC1C2CN1C2,5.743178409580144
OC12C3CC1C=CC2O3,6.483119363103558
C1CC1C(=O)C(=O)C=O,4.077501468909954
CC12OC3CCC1C23C,8.319690188151522
CC(C)C1OC1CC#N,8.305960589164888
COCC12OC1CC2=O,5.783606740200101
CC12OC1C1CC21C#N,7.274169348471854
COCC1CC2(CO2)C1,8.966146464185572
CC1C2CC(=O)N(C)C12,7.035138907446541
CC12CC3(C)C1C1C2N31,8.357922900368738
CC1(OCCCO1)C=O,5.935299192470634
CC1C2N1CC2(O)CO,7.7651529494589955
N=C(C#N)N1C2CC1C2,5.884055549054958
OC12C3N=C4CC1N4C23,5.391137582552023
NC1=C(C=CO1)C1CO1,5.821534816149261
C1CC(C1)OC(=O)CN,7.215008031901732
C1C2CCOC3CC2C13,8.505175794084396
CC1=CC(=O)C2(O)CC12,5.295245309084005
CC1C2NC=CC(=O)C12,4.9463767535041026
CCC1NC1C(=O)CC,6.06949451997515
C1OC23CC(CC=C2)C13,6.53831915935738
OCCC(=O)C(O)C#N,6.113958832226882
O=CCC12CN3C1CC23,5.680267030347904
CC1(O)CCC(C)(O)C1,8.609280655147565
N#CC1NC2C3NC3C12,6.957998154897686
C(CO)N=COCC=O,5.8366091380843015
CC1CC23NC12CC=C3,6.361681396019874
CC(O)C(C#N)N1CC1,7.3817715754836275
C1OC2CC1OCC2,8.66588213212532
OC1C2NC3C1(O)C23O,7.545674060874135
Cc1cc(nn1C)CO,6.772195616811186
CC1(C)C2OCOC12,8.755336628088902
CC1C(=O)CC1(O)C#C,5.909464910811342
O=CC1=CC2CCC1C2,5.142794207901487
CC12COCC1N=CO2,7.229248440232794
O=C1OC2C3CC=C1C23,5.62070578575263
CC12C3C1C1CC3C2C1,8.961208496334923
CCCC1C2OC2C1O,8.729548378909632
CCN=C1OCC1O,7.296474363561491
CC1=CCOC12CC2,6.558466773645568
CC1=CC2CC1C(=O)O2,6.354503545763629
CC(O)C12CC(C)(C1)O2,8.462836045444595
CCC(CC#N)C1CC1,9.000632502550683
c1c(n[nH]n1)CCC=O,6.030694108052263
CC1CC2(CC2)NC1=O,7.293619726657781
CC1(C)C2N3CC2(O)C13,7.847643689839347
O=C1COC2(CC12)C#N,5.741912812574384
OCC1CN(C=N)C1=O,6.223070873264488
CC1CC=CC2(C)OC12,6.806964113232036
COC1(C=O)C2CC1N2,5.446191358736485
C1CCN(C1)C(=O)CO,7.158269335181224
CC(=NO)C1CC(=O)O1,6.705035602491085
CC12C3C(O)C1(O)CN23,7.790012022435086
O=COC12CC1C(=O)C2,5.990863685792672
CC1C2CC3OC2C13,8.780753492728243
CNC(=O)C1CNC1=O,6.769653202299443
CC1(CC(O)C1=O)C#C,5.765024333082897
CC1=CC2COC1CO2,6.624193430967891
OCC1(O)CCC11CC1,8.376337805224287
CN1C2CC3(O)CC3C12,7.761083970182014
C1C=CCN1CC=O,5.621455361576938
CC1CCOC(C)(C)C1,8.589621432430452
C1CC12CC=CCC2=O,6.005146919322668
COC(C#N)C1(N)CC1,7.5598426457593355
CC1OCC(O)C1(C)C,8.383239815233184
CC(O)CCC#CC=O,5.549254505274894
CC1CC2CC2CC1=O,6.067322258000408
N=C1CC23CC2(CC3)O1,7.445613404874149
CC1=NC2CC2CCO1,6.9257945988996195
CCC1CC(=O)C2CN12,5.632550096053556
CCOCCNCC#N,7.359634227390195
CCC1(C)CC1C#CC,7.877341521305377
OCC1OC2C(C#N)C12,7.464936572543574
OC1C(=O)CCNC1=O,5.758213776475651
c1c(c(on1)N)C2CC2,5.952432795989962
CC1CC2(O)CC2(C)O1,8.260103215243173
COC1CC2(O)CCC12,8.476110305255995
CC1(CO1)C(O)CC#C,8.082536651465656
OC12C3NC3C3C1CC23,8.377235248171274
Cc1cc([nH]n1)COC,6.8994876470043955
OC1CC2C(C=O)C12O,5.9716547814957295
CC1CC(C#C)C(C)O1,8.115039132879964
N#CCC1C2C3NC3C12,7.3162721205622665
CC12CCC(O1)C2C#N,7.7317316106964125
O=CCCC1(CO1)C#C,6.10034076628025
CCOC1(CO)CC1O,8.317407398190904
O=CC1CCC11CCO1,5.84204010362158
OC1CC23CC4N2CC134,7.574633517981987
Cc1cc2n(n1)CCO2,6.49144377324023
CC(C1C[NH2+]1)C([O-])=O,7.38728151466054
N=COCC#CC1CC1,7.237832434478248
CC12CN(CC1N2)C=O,6.928107763802272
CC1C(=O)NC11CC1O,7.211542699789281
CCC(CC)OC1CC1,8.933641963130396
COCC1(C)C(O)C1O,8.16662756407494
Cc1cnc(nc1)NC,5.097935591011202
COC=NC1CC=CC1,6.751458996977492
CNC12CN=C3NC1C23,5.742757914626573
C1C2CC3OCC=C3C12,6.3982412370694846
OC12CC3C(C1)N3CC2,8.130158976886685
CC1OC23CC12C=CC3,6.312980001382158
CC1CCCOCC1O,8.525487904950365
C(C1CO1)C1=CON=C1,6.7611919263490305
NC(=O)OC12CC(C1)C2,8.293272641602275
CN1C2CC1C2(C)O,7.7516986207934755
C1C=CC(=O)COC=N1,4.948584568873919
N=COC1CC2OC12,7.534525604822983
CC(C)(C)NC(=O)OC,8.380389265495216
CC(CC1(O)CC1)C#N,8.397598042206587
O=C1CC2OC3CC12C3,5.91692355751795
CC1N2C3C2C1(C)C3O,8.128359642057175
C1OC=NC2C3OC1C23,6.896816045422115
NC1=C(NC=N1)OC=N,5.5805772488404415
OCC1=CCC2CC1C2,6.855506925107904
Cc1ccccc(=O)c1,4.406270448067215
CCN=C(CCO)OC,7.290888983049385
O=C1CCC(OC1)C#C,5.869853276525932
CC(C)C1(CC1)C(=O)N,7.481680318873552
CCc1c(c[nH]c1C)C,6.40704707493576
CCC12CCC3C1OC23,8.610325740576089
CC1CCC2=CNC=C12,6.193142566952557
CC1C(NC=O)C1C=O,5.836356718737377
C1CC2C1C1COC2C1,8.664693067562306
CCC1=CCC(=O)NC1,6.191581521921373
CC1OCOC11CC1,8.964832757983872
CC1CC(C)=CC1CO,7.012845382579155
Cc1c([nH]cn1)CO,6.620387780553685
CCCC1(CC1)OCC,8.851984180391563
CCC1(CO)C2COC12,8.253646417723711
CC1C2CCC(C=O)N12,5.804849842628849
CCCC12CC(C1)C2=O,6.476792758329333
CC1C2C=CC1(O)C2O,6.383500947089775
NC(=O)C12CCC1CC2,7.422398743992373
CC1(O)C2C3CC2(O)C13,8.39706272952714
CC12COCC1OC2=N,7.5699374219537825
CC12CN1C(CCO)C2,8.19894335212945
O=CC1C2NC2C11CN1,5.847915959264551
CN=C1ON=C(O)C=C1,4.606138249896464
CCC1=NC(C)CCO1,7.247806068369247
C1COC(=O)CC(=O)N1,6.692524179946047
COC12CCC3C1OC23,8.441846071807108
CC1C2OC2CNC1=O,7.240010308925683
C1C2OCC3C4CC23N14,7.797834806269454
C1CCCC2(CC1)CC2,9.316363257680617
CCC(=O)n1cccc1,5.363547409080392
CN(C)C(=O)C1CN1C,6.738202680354783
CC(=O)CC(C#C)C#C,6.2095622509129385
OC12CC3(O)C1CC23O,7.738021518972783
CC1C2CC1C2C(C)=O,6.311937008845362
c1nc(c(n1C=O)N)O,4.790186827214576
CC(C1OC1C)C(N)=O,7.3408885028259245
CC12CC(C)(C1)C2C#N,8.46136423948097
OC1CC(O)C(=O)C=C1,5.092598015456286
C1CC2CC3NC3C2=C1,6.605232678575242
CC1C(C)N2C1CC2=O,6.742403037725138
COC(=O)n1nccn1,6.007428756868614
OC1CC2C(=O)CC12O,5.953542786217514
CC12CN1CC(=O)C2,5.686811245473217
OCCOC1CN=CO1,7.308977409578543
OC1(CNCC1=O)C#N,5.379305528145961
OC12CCC3C=CC1C23,6.465541277620046
OC12CC3(O)C(CC13)C2,8.518244100777475
OC1CCC2=C1ON=N2,5.662650888645265
CC(=O)C1C=CNC1=O,5.280428321931305
COC(C)C1OC1(C)C,9.005745573326289
C1C=CC2COCOC12,6.943169490113641
OC1C2C(=O)CC12C#N,6.060595401807568
OC12CNC1=NCC2,6.577794659210618
CC1=NC(=N)N=C(N)O1,5.532709797391606
C1CC1CC(C=O)C=O,5.782890267253424
CCC1N2CC1(C2)C#N,6.9940853358887125
Cc1cncoc1=NC,4.692317126664794
CC1(CC1)C1(CO1)C#N,7.756938567242607
CC1CCCC(O)C=C1,7.027512601817927
CC1(C)C2CC1(CO)C2,8.999409716034343
COC(C)(CO)CC=O,6.143987611467828
CC(O)CC1=CN=CN1,6.802960154887204
Cc1c(n2c(n1)CC2)O,6.285786158266847
CC(CO)C1(CN1)C=O,5.998712627185661
CC1=CC2C3CCC1C23,6.543760701670738
c1cc(oc1CCO)N,5.864462602467253
CC1=CNC(=O)CCC1,5.818020046001164
CCCC(CO)C#N,8.435188635152453
CN1C=NC2CC12C#N,6.3259668523209776
CC12CC(N)C1(O2)C#N,7.057512730743195
COC1(CC1C)C(N)=O,7.184904348280098
O=C1CN2CCC1C2,5.519117097791404
C(C=O)N=CNCC#N,5.696608834984564
CC1OCOC1C#C,7.805954935803196
C1CC(=O)C(C(=O)C1)O,5.405774767754496
COC1CCOC=NC1,7.059043721089898
C1N2C3C=CCC=C1C23,5.455537225588545
Cc1c([nH]nc1O)C,6.634411630944008
OC1C2CC2C2CC1C2,8.973344157961844
CC1OC2CC(C)CC12,8.537694894778301
C1OC2C3CNC12CO3,8.187833759470944
ON=C1CC2(CN2)C=C1,5.291186416141808
NC(=O)C12CC(O1)C2O,7.0589019948727065
C(CCC(=O)N)CCO,7.5467002949982716
CCC(C#C)C1CC1O,8.248587609653812
N=C1NN=C(C=O)C=C1,4.507866298903327
OCC1(CC2CC12)C=O,6.02194381220132
CC1(O)C=CC2OCC12,6.758052409617182
CN1CC23CC(C)(C2)C13,7.971267472023197
CC12CC3N1C2CC3=O,5.86832204306338
CCC1CC1C1CCC1,9.287923883842673
CC1(O)CNCC1=O,5.686728647252693
OC1C2NCC1(O)C2=O,5.727572185706254
CC1(CC(C1)C2CC2)C,9.341603324577163
C1CC1(CO)C(=O)C=O,4.203244605613624
CCC(=NO)C1(CC1)C,6.7407884513228975
NC(=O)N1CC2CC2C1,7.659299716249212
CNC(=O)COC1CC1,7.230779492355994
C1NC1C#CC1CO1,6.978520263168595
CC1COC1=NCC#C,7.335740727999847
NC1(CC1(O)CO)C#N,7.258009796034438
CCC(=O)C(C#C)C#N,5.998184209499012
CN=C1OC=NC(O)=C1,4.767159221306315
CC1=C(C)C(O)CC1O,6.726036900405462
C1C23CCOC12C=CC3,6.404617293412567
CC1(O)C2CC(CO)C12,8.4134719735639
C1OC11CN=C2NCC12,6.453154688261389
COC(CO)C1(C)CC1,8.720955111989419
CC1=NC(CCO1)C#C,7.152516280516325
CC(O)C1=CC2NC2C1,6.505708946386325
CCC1(O)C=CCC1O,6.99316802306113
CC12OCC1C2CCO,8.303762458149032
COC1C2CC=C(C)C12,6.5574951032208055
Cn1c(=O)c(=O)[nH]cn1,5.3362825108186955
CC1CC2(CN2)C2NC12,8.177367080050926
CC1C(O)C(C#C)C1=O,5.783541128201975
CCC1COC1C=O,5.826777231676781
COC1C2CC=CC12,6.585245529897841
CC1C2C1C(C)CC2C,9.259633858444003
CC1CC(=O)C=CC=C1,4.624666349208459
CC1=CC(=O)C(O)C1=O,4.372301682670142
CC1=CC(=O)C2(C)CC12,5.307719416919312
C1CC2OCCC3C1C23,8.471626442634816
CCn1cncc1C=O,5.002994369573976
CC(OCC1CC1)C=O,6.096056322778651
N=COC12CC1OC2,7.281534593394498
N#CC12CN3C(CC1)C23,7.269749299794064
C#CC1=CC2OCC1O2,5.7794557779740625
CC1(C)CC2OC=NC12,7.220068266526284
CC12CC3C1N3C21CC1,8.459164162052513
CC1C(C)C1C(O)C=O,5.98559251503039
COC1CC23CC(C2)C13,8.957315139024411
CN(CC=O)CC#N,5.6225358733816195
CN=C(C#N)N1CC1C,5.560167004666541
CC1C2C3N2C(=O)C13C,6.59027181584859
CC12OC3C1C(C=O)C23,5.8616706402682865
CC(O)C1=CCOC1C,6.775075278627014
CC1NC2C1OCC2=O,5.63879875098125
CC1(CN1)C1OCC1O,8.237634157875968
O=C(C#N)C1CC2OC12,5.182788621744994
c1cc(c(=O)cnc1)N,4.050319745502653
Cc1cc(=O)c(c[nH]1)N,5.0735428291969455
COC1CCOC(=N)O1,8.125131355475526
OC1CCC1(O)C1CN1,8.189547827502212
OC1C2CC2(O)C11CO1,8.25412745672163
COC1CN2CC12C#N,6.984639635134288
CC1C2CC3C2N3C1=O,6.473719692988354
CN1C2C1C(=O)CC2=O,4.810018849087037
CN1CC2(C)OC(=O)C12,6.520682168509113
CC1C(O)C(=O)C11CO1,5.6114888370193015
CC12COC(C)(C1)C=C2,6.712436083624695
O=C1CC23CNC2C1O3,5.507700059992483
CC1(C#N)C2C3CN3C12,6.926920240481997
OCCCOC(=N)C=O,5.185278721884755
CCCN1CC1CC#N,7.408988151390659
OCC12OC1CC21CC1,8.648002070211392
CC1=CCC2OCC12,6.888262534078539
COC=NC1CC1(C)C,7.163612372315925
C1OC2CCC=CCC12,7.092556158625403
Cc1c(c(n[nH]1)C=O)O,5.002778798549043
COC1(CC1)C1NC1,8.49099978893853
C1COCC(CO1)CO,8.584707927933776
c1c2c(c[nH]1)CC=CC2,5.816811782256792
O=CC1C2CC1C2C=O,5.759996486840228
COC1CCCC(C)C1,8.841502976371162
CN=C1OC(=O)C(N)=C1,5.295324173595466
COc1ccc(o1)OC,6.327602809175408
COc1coc(c1N)N,5.8844327781061425
CC(C=O)C1CC1CO,6.185880030099238
CC1C(CC1=O)OC=N,6.0189939614231776
CN(CCC#N)CC=O,5.634287161816852
COCC1C2OC=NC12,6.998454004158979
C1C2OC3COCC3C12,8.453655330107878
c1c2c(no1)CCOC2,6.527716447926542
CC12OC1CC2(O)C#C,7.301545796773928
N=C1CC(=N)OC(=O)N1,6.506172052215877
CC(=O)C12CC1(C)OC2,6.031043052453292
CC1(C2CC1O2)C(N)=O,7.103064766358958
C1CC1(CC=O)C#N,6.1491199695386545
O=C1C2NC3CC2NC13,5.63021368387682
C#CC1C2NC1C1OC21,7.328980113466143
OCCC1C2C3OC1C23,8.397523323297605
CC(=NO)C1(CN1)C#C,6.249892960814372
OC1CC(CC#C)C1O,7.991504201268305
CC1C2C=C(C)CC12C,6.560635281508793
CC(C)(O)C1CN2CC12,7.988328269888267
C1CC(C1)C1CCCO1,8.658336881130113
CC12C3CN3C1CC2=O,5.586617853927617
CC1(CC1)OC(=N)C=O,5.084057213950617
COc1nccc(n1)O,5.570033522549228
C#CC1CC2OCC=C12,6.08768350726899
CC1C2CC(C2)C1O,8.884602898441578
CN(C=O)C(=O)COC,6.098826229447151
COCC(=O)NCC#N,7.258555283757856
NC1=NC2CCC2O1,7.278196348595841
CN1C2C3C=CC1(C)C23,5.936527312413393
CCN=C1C(CO1)(C)C,7.417491050809545
CC12CCC1(O)CC2O,8.37131126760877
CC1C2(C)CCC12CO,8.442907894644685
CC#CC1CC=CC1=O,4.988985638917555
CCC1(O)C(O)CC1=O,5.854037298691312
C1CNc2c1onc2N,5.848521235913929
C1CC(=O)C(=C1C=O)N,4.955631968899922
O=C1NCC2OCOC12,7.051274942161099
N=C1OCC2CCC2=C1,6.085655294326389
CC1CC2(C)CN3C1C23,8.28203474824221
O=C1OCC2CC12C#N,6.9198672489887105
CC1OC2C3CCC3C12,8.39431196791604
CC1=NN2C3CC3C2=C1,6.356474216684739
CC12COC1(CO2)C#C,7.104913767124408
CC1CN=C2OCC12,7.249680664907298
CC#CC(C)C(O)C=O,5.930971008701688
CC12OCC34CN(C13)C24,7.894675259213397
Cc1c(ncoc1=O)C,5.028126425538696
COC1CN2CC12CO,7.990347600466977
CC(CCO)C(=O)C=O,4.197780064061442
CC(C)OC(C)CC=O,6.115227369853265
O=C1CC2NC2(C1)C#N,5.938402233236311
COC1C2CC1(O)C2O,8.31298031530111
CC1CC2(CC2)CC1=O,6.103311174621107
c1cc(oc1)C#CCO,5.651768150814863
C1CC2(CC1=O)COC2,5.927308947726461
CC1C2CN1C2(C)C=O,5.489377268334205
CC1CCC([NH2+]1)C([O-])=O,7.379450509919513
CC1(O)C(NC1=N)C#N,6.875806073658421
CCC#CCC(C)CC,8.174163049367591
CC1N=COC2C(O)C12,7.059383497220919
CC#CC(CCO)C#C,7.746293603169539
CN=C1CCC(CO)O1,7.403179688639443
CC1C2C1C1C(C)OC21,8.330817318067538
C1C2NC3=COC=C3C12,5.731786914699068
N#CC1C2C3CCN2C13,7.172187129608891
COC1CC11CC2NC12,8.229130275043632
OC12CCC1NCC2=O,5.583768829896313
C1CC1C12C3C4C1N4C23,7.668517756422391
O=C1CC2NC2C2CN12,6.704228069538415
OCC(=O)C1CCC=C1,5.98228091811162
OC1CC2OC12CC#N,7.62094317379062
C1CC11CCC2(CO2)C1,9.015224492714264
CC1C(CC1C=O)C=O,5.8444284181292385
CC12CC1C=CCC2O,6.779400492518469
CC#Cc1c(con1)C,5.662223024596768
CC(=O)C1(CC1O)C#C,5.912970179137755
N#CC1CNCCCO1,7.1114252044774275
CC1C=CC2OC2C1C,6.716811057435855
OCC12CN3CC(O1)C23,7.385938173029002
CC1CNC(=O)C1O,7.439356642578128
CN1C2C1C1OCOC21,7.860334417312641
OC12COC1CC21CN1,7.906075185838324
Cn1c(cnc1O)C#N,5.456331647212391
CC1CC(CO)CC=C1,7.181573432496551
CC1(CO)OC11COC1,8.574757172135671
O=CN1CC(C1)C1CO1,7.263893874385765
CN=C1C(=NO)CCO1,5.633338674010099
CC1COCC11CN1,8.52333726041858
COC1C(NC1=N)C=O,5.52872259177908
CCOC1CCC(C)C1,8.873769761599071
CC1OC2CCC1(C)O2,8.897562839952583
Cc1ccc(o1)NC,5.8108892107494725
CC1COC(=O)C1C,7.604769714639451
CC12C(CO)C3C1CC23,8.891183998745094
C1N=C2OC3C4NC13C24,5.884510797988725
OC1CCC(O)C1C=O,6.037420118197379
CC1C2C3OC3(C=O)C12,5.827718943897715
CC1(C)C(O)C1C1CO1,8.692311079149109
CC(=O)CC1COC=N1,6.1020536126669915
CCC1C(C)C(C)C1O,8.623149495811294
CCC1(C)CCC=CC1,7.315496070982975
CC1(O)CC11OCC1O,8.016544284728385
CC(C)(C#N)NC(=O)N,7.785846303276452
COCC1OCOC1=N,7.621045436783321
CC1(O)CCC(CO)C1,8.877047385123742
OC1CCC2(CC2)C1,8.945068297355233
C1N=C2OCCC3C1N23,6.809348903679031
O=C1C2CC3C4C3N2C14,5.78039712106227
CC(C)C(O)C#CC#N,6.415818468563106
N=COC(=O)CCC#N,6.861745932583931
O=CC1C2CC3(CC3)N12,5.769967519220097
CC12OC1C1C(O)CC21,8.391404932745006
OC1C2CC(O2)C11CC1,8.346382454585932
CCC1CC2OC2C1,9.313116133215285
CC1CNCC(=O)C1O,5.528096204703353
C1C2CC3NC3C1O2,8.372080034947118
CC1(C)C(CO)C1CO,8.442271377588014
CC(=O)CC1=NCCO1,5.687922153690678
CCC1CN(C1)CC#N,7.085652707422842
COC1C(C=O)C1C=O,5.632462970169458
CC(CC=O)CC(N)=O,5.937003557739983
CNC1=CC(=N)OC=C1,4.7609691258853495
CCC(C#C)C(=O)NC,7.321568133276533
CC1NC1(C=O)C1CC1,5.972795973837337
NC(=O)C(CO)C1CN1,7.250823774445617
CC1(CCC1)OCCO,8.799503666448963
CC1C2OC(=O)C1C2C,7.459663797067005
CC1CCC2(CO2)C1O,8.823740018625015
C1CC2(C1)COC=N2,7.218771591875204
C1C2CCC3=CCOC123,6.187603506944702
OC12C3C=C4CC1C4C23,4.7975932714689185
CC1N2C3C(O)C2C13O,7.6885773216284985
CCC1OCCC1=NO,6.6585707041946955
CCC1C2C3C1CC23O,8.502602801575295
COC1C2(C)CC1(C)C2,8.925734453592897
CC1=CC2CC(O2)C=C1,5.6817967482677645
O=C1CNCC1C#C,5.626299824675427
CCC1(CC#CC)CO1,8.112213026775517
CN=COC1COC1=O,6.792619295771862
CC1C2C(=O)C1C21CN1,6.406948603847281
CCC(N)(C#N)C(N)=O,6.969925766004476
OCC1CC2(CO2)C1O,8.609675682346365
COC(C=O)(C#C)C#C,5.756799013988772
CC1(C)CC1OC1CC1,8.698629204828354
CC12CC3(C)C1C=CC23,6.170716027281205
CN=C(C=O)OCC=O,4.7777073010660445
c1nc(c(o1)N)CC=O,5.1260747143055365
O=C1CCC(=O)C2CC12,5.682114233477656
O=CC1CC2(CO2)C1,6.093752735496713
CCc1cc(n[nH]1)O,6.669637293036867
N#CC12NC1C1CC2C1,7.157196629443656
C1C2C3CC4C(CN24)N13,7.690527208075267
CN=C1OC(C)C1C#N,7.203341698007359
CCOC1(CCCC1)C,8.783764138240853
C1CC1OCCOC=O,7.420404461121331
CC(C=O)C1=NC=CN1,5.544051365158731
CC1(CN(C1)C=O)CO,7.267838581185494
CC1CC(CO)(N1)C#N,7.392096628922564
CC1=CC2OC2CCC1,6.719000047597359
O=C1C(C#C)C2CCN12,6.441249758778458
CC1C=C(C)CC1O,7.025226644636761
C1C2CCOC=NC12,6.92875530272125
CC(OCC1CC1)C#N,8.063418017785029
CCC1(CO)NC1C=O,5.905810470680436
CC12C3OC3C1NC2=O,6.68136440510381
CC1NC1C(=N)OC=O,6.415800075634817
COCCC1CCC1C,9.08377202866701
CC1=CC(=O)CCCC1,5.311503743472432
N=C1OCC2OC(=O)C12,6.718253703205651
CC1C(O)C1C(O)CO,8.190411101169616
Cc1cnccc1O,5.934152249005003
CC1=C(CCC1=O)N,5.51127579631327
CC1(C)CCOC1C=O,5.904114370083437
COCC12NC1CC2=O,5.800659210536412
COC12CCC1(O)C2C,8.126203077585275
CCN=c1ncnno1,5.083962685979007
CC1CC(O)C(=O)N1,7.315747845624595
CCOC(=O)C(O)CC,7.4203202176830505
O=C1CC(CC2CO2)C1,6.157056860993073
CC1OC2CCC12C=O,5.654340271595045
CC1C(O)C1(N)CC#N,7.587400941618711
CC12CC1N1CC21C#N,6.711685095342139
CC12C(CC1=O)N2C=O,5.766174016809738
N=C1NC(NC=O)=CO1,5.1565681275223945
COC(C#N)C(C)C,8.138057399523818
N=C1NC(C#N)C11CO1,6.833952512620735
OC1C=C2CN3C1C23,5.322257868478347
CC12COC1(C)C(=O)C2,5.688826885103598
CC(O)C(C)CC#N,8.501791656684322
O=C1CC2CCC(=O)N12,6.251232006381409
CC(OCCC#C)C#N,7.833660464147471
CCC1C(O)C2(C)CN12,7.890657822056051
CC(=O)Cc1cnn[nH]1,5.889394152570066
COC12CN(C1)C21CC1,8.242604676134905
CC12CC3C1OC(=O)C23,7.147327154548426
Cc1c2c(c[nH]1)onn2,5.241113078263307
OC1CCC(CC#N)=C1,6.828164577940403
CC1(O)C2CCCOC12,8.31274568026386
CC#CC(=NO)C#CC,5.3471216661205805
c1conc1C2COC2,6.690921532561443
CC(=O)C#CCNC=O,5.630231300897567
N=C1OC2CC3CC12O3,7.094910128746151
CCC(C)(O)CC#N,8.428578513417587
C[NH+]=C(N)C(C)C([O-])=O,6.347321723964958
CC1(OCC1=O)C1CC1,5.931010214304266
C1CN1C2(COC2)C=O,5.613778062900636
CC#CC(C)OC(C)C,7.792766492804397
NC(C#N)C1COCO1,7.613283383444315
C1OC2CCCC3NC123,8.317192205767117
CC1=C(C=NO1)C1CN1,6.282313912040949
C#CCC1COC1C#N,7.4211097465967235
c1nc(on1)C2CCC2,6.792943284093242
CC1(NC(=O)C1O)C=O,5.676209697382275
CC12CC(C1)(O2)C(N)=O,7.133135369055432
CCC1CCC2CC1O2,8.700227187641756
OC1CC2(O)C=CCC12,6.69812682195758
COC(C)C#CCO,7.640168026287931
CC1OC2CC12CO,8.214677310839525
OCC1C(O)COC1=N,7.427627016091829
CCc1ccncc1O,5.892986680383386
C1CC=CCC(=NO)C1,6.548918772609378
NC1=NC=C(O)C(=N)O1,4.8693785521619395
CC1CCC(O)C2CN12,7.961549577388176
CCC1CC2(C)CC12O,8.457136357809793
CCOc1c(c[nH]n1)C,6.522527937475743
COCC12CC(C1)OC2,8.618087132003714
c1c2c([nH]c1N)C=CC2,5.125531226463867
CCC(CC(C)=O)C#N,6.417814295390443
COC12CC3OC1C23C,8.18399034169643
OCC1C(CO)C1CO,8.413884659675672
N=C1CN=C2OCC2O1,6.718734519567732
OC1C2CC1NC(=O)N2,7.8007234018199725
CC1C2CC(C=O)C12C,6.001429829770798
CC1(C)C2CC(=O)NC12,7.263492210377087
C1C2OC3CCC1OC23,8.472033986105993
OC1CC=CC1OC=N,6.696343576658402
c1c(c2c([nH]1)CCO2)N,5.8405838191578905
CC1(C)OC2(CC2)C1O,8.355407322565306
CC12CC3CC4C(C13)N24,8.361107636358057
CC12NC3(COC13)C=C2,6.044951070322505
COC1C2OC1C2C#N,7.375130313711958
ON=C1C2CC(C2)C1=O,4.962484464339153
OC1C2CN2C1C1CO1,8.24471701398171
OCC1CCOC1C=O,5.945409582955819
CC1OCC2C3CN3C12,8.12108037748252
N1C2C3C4C1C2N=CN34,6.186617710299629
CC1OCOCCC1O,8.813084879384942
COCC1(C)CC2CC12,8.888303093598662
COCCC(O)C#N,7.948578157892381
CCCc1ncco1,6.711529346775336
CNC(=N)C(OC)C#N,6.476797897480143
C1CC23COC12CC=C3,6.592301150580735
CC1(N)CC1(O)C#N,7.347753402909464
CCC(CO)OCC#N,7.773368427662353
CC1OC=NC2C(O)C12,7.008566002417775
OC12C=CC3(O)CC1C23,6.133930475336248
Cn1ccc2c1C=CC2,5.062749618349489
OC1CC2C(C#C)C12O,7.415546133616441
N=COC1CN2CCC12,6.933871744220842
COC12CC(CC1)C2O,8.605212252699939
CCC(C)C12CC(C1)O2,8.493047660506857
CCN1CCCC1=O,7.215401411109117
O=C1CC2(CC2)C2CC12,6.089993577751558
OC1C2CC11OCC1O2,7.855829876925677
C1C23COC12CC=CC3,6.752354628118418
O=CC1CC(C1)N1CC1,5.830216955473261
OC1(CCCC=C1)C=O,5.662447976413088
C1CC2OC2C2OC12,8.771528991650639
C1CC1CCCNC=O,7.655399683803926
CC1CC2C3C2C2C3N12,8.225873682599822
CC1=C(C)C2OCC2C1,6.660307865491502
CC(C)n1c(ncn1)O,6.839783190461794
OC1CN(C1)C(=N)C=O,4.496563526145901
CC(CO)COC(C)=O,7.61540147971524
CCOC(C)C#CC=O,5.4851503415886524
N#CC1CCCC11CN1,7.70909032716175
CC1(C)COC(O1)C#C,8.026608315285316
C#CC1CN=C2OCC12,6.882990527905194
CC(=O)c1c(cc[nH]1)O,5.028574422534983
COC(C)C1(CC1)C=O,6.141575365475017
CC1(CC[NH2+]1)C([O-])=O,7.245875403974322
CC1COC1C1CC1,8.68387466925366
NC(C#N)C12CCC1N2,7.105265928601633
c1cn(nc1O)C(=O)N,5.424633886847336
CC(OC=N)C#CC#C,6.1601687156640486
CCC1(O)CC(=O)C1C,5.992961893210817
CC1CN(C=O)C(C)=N1,6.036731787892761
CN1CC(O)C(=O)C1,5.551195332122061
O=CC1C2CN3CC3C12,5.698561939033603
CC1NC(=O)C1CC#N,7.426393513859299
COCCCOCC#C,7.889189899814877
CC1(CO1)C1(CO)CO1,8.70310430903457
OC12CC1C1CCC21O,7.862940391855499
OC12CC1OC1CC21,8.145673958744112
CC1CC2(CC2)C(=N)O1,7.741294332069067
N=CN1CC11COC1=O,6.5139984864247245
O=C1CC2(CC12)C1CC1,6.159344487767797
CC12CC1C1(CO1)C2O,8.48548963501163
ON=C1C2CC1C(O)C2,6.72683061205751
CC1C2C3OCCC3N12,8.11399208600954
CCCC1=CCCC1C,6.99633015589708
CC(O)C(=O)CC(C)=O,5.546775932045675
CC1C=CC(C)C2OC12,6.9433770443843565
C1CC11C=C2CN3C2C13,4.592968063190674
CCC(=O)c1ncco1,5.377568651761928
OC1(CC1)C12CC(C1)O2,8.2579674701729
OC1(CC#C)CC1C#N,7.600634564959742
CC1C(=O)CCC1(C)C,6.053005138898809
OC1CC2C3CC12OC3,8.247065661960361
C1C2OC=NC3CN1C23,6.602155549589186
C1N2CC11COC3C2C13,8.102212173602629
CCC#CC1CC(=O)C1,5.919069087851488
COC=NC(CO)C=O,5.677626083894117
O=CC1OCC(C=O)=C1,5.048978053434304
OCC12C3CC1COC23,8.359858320073004
OC1C2OCCC(=O)C12,5.931045566357803
CC1OC(=N)CC11CO1,7.624645635123972
OCC1=CCC2NC12,6.378652753440015
CC(=O)NCC#CC#C,6.266369614755133
CC1(C)NC(=N)NC1=O,6.513379047652169
CC1C=CC(=O)CC1O,5.1414054612130125
CCOC(C#N)C(N)=N,6.945553726111429
CN1C2C3(C)CC1C23O,7.530634964703271
Cc1c(cno1)C2CC2,6.3901413078459175
O=C1C=CC2CCC1O2,4.912516897873646
O=CN1C=CC2CCC12,5.916911559735021
C1CC(C1)(C2CC2)O,8.79634394546233
CCn1cc(cn1)CO,6.890349165415819
COC12C(C)C1OC2=N,7.221325740775009
OC1C2CC=C(C#N)C12,5.786129491922717
CC1(NC1CO)C1CN1,8.245591776161081
COC1COC1C#CC,7.390150545421381
C1C2NC1C1=C2NN=C1,6.217609848106207
C1NC1C12CC3CN1C23,8.213166214534086
CC1C(O)C11OCC=C1,6.275743275826979
CC1C=C(C)C2CC1C2,6.892016482422232
N=C1NC(=O)CC2NC12,6.412289872400656
CC1C=CC=CCC1O,5.941839936608001
CC(=O)C1CCC1(C)C,6.181587666941992
CCOCC(C)(C)C#N,8.298485876964978
CC(C)OC(C=O)C#N,5.976753282312451
CCC12C(C)C1NC2=O,6.942896691394496
Cc1c(c(ncn1)N)O,5.564448039382784
OC1(COC=N)COC1,7.281084193839217
CCC(C)N1CC1C=O,5.669904542682781
N=C1OCC1C(=O)C=O,4.419694884318222
C1C2CC3C1C21COC31,8.709912943431084
Cn1cc(nc1CO)O,6.159434012971111
CC(C=O)N1CC(O)C1,5.5929509920460845
O=CC1=CC(CC1)C#C,5.183111268213858
CC1(NCCC1=O)C#C,5.648701690472896
CC(O)CC1(CC1)C=O,6.147970515827671
N=C1N(CC11CN1)C=O,6.216326140857376
C1CC(O1)C1=CC=CO1,6.2951716747456326
c1cnc(c(=O)[nH]1)CO,4.937878622583552
CC12CC(C1)C(C2)C=O,6.159068088544256
CC12CC1(O)CC2C=O,5.979714590504887
CC(C#N)C1CCC=C1,7.17448130441235
N=C1C=CC=COC1=O,4.332516513122508
OC12CC(C1)OC2C#C,7.406859706196171
CC1CCC2(CCC2)C1,9.42796744648997
CCC1COC(C)=NC1,7.383833742053229
CC1N=C2CCN2C1=N,6.064918120128956
CN1CC1(C=O)C1CC1,5.596414498806574
OC1C=CC(=O)C11CN1,4.88891600002219
CC1=C(ON=N1)C1CO1,5.624237466783372
OCC(O)C1=CON=C1,6.595469530076391
CN(C)C1=COC(=N)O1,6.141920196366145
CC1N=CN2C(CO)C12,6.586180900391443
ON=C(C#C)C1CCO1,5.974018602208666
CC1CC2COCC12,8.779430582918163
CC1=C(N=CN1)C1CN1,6.417451811953539
C1C2C=CC3OC12C=C3,5.837224809967485
CC1(CC(=O)C(=N1)N)C,4.838059959406968
CC1CC1(O)C(N)C#N,7.620486247049006
CCC(C)C(=O)C1CO1,6.06044992623878
CC1C(O)C1(C)CC=O,6.063395995756661
CC1C2COC2C1=NO,6.491855081856366
OC1CC(=O)C1CC#C,5.997190376956284
CCOC(C#C)C1CO1,7.761863875137075
Cc1cc(=O)[nH]c(n1)O,5.427200969692109
CCC12CC(CC1C)O2,8.632213917338872
c1c(noc1N2CC2)N,6.036237034363924
CC1C(C)(C)C1(C)C#N,8.146596561912428
O=C1CC2CNC(=O)N12,6.673788866353915
OC12CC(C1)C2CC#N,8.297422646811233
CC1(CC(O)CO1)C#C,7.7467597414918306
OC12COC11CCC1C2,7.979434949159238
CCC1OC(=O)C1N,7.127119123157643
CCNC1CC1(O)C#N,7.170159286948316
CC(C)(CC=O)C1CC1,6.158165440299575
CC1(O)CC(C=O)C=C1,5.884993593205264
CC1C(O)C11CC(=O)O1,7.472134854098401
CCC1C2CC1CCC2,9.590475999417453
CNc1cc[nH]c1CO,5.94297254558342
CC(C)(C(=O)N)OC=O,6.891478478302149
CC#CCN=COC,7.23636695926277
CC1C2CC(C)C1(C)O2,8.56317535271928
CC12CC1C1NC(=O)C21,6.887908752173709
CN=COC1CC1C#N,7.2052337133979005
CCn1cc(nn1)OC,6.14656897508932
CCC1(C)OC(=N)C1N,7.3999153629181285
C1CC(=O)CC2(C1)CC2,6.085147008052967
N=C1OCC(=O)C2NC12,5.7554800613348265
COC1(COC1)C(=O)N,7.059006139154423
C1C2C3CCOCC3N12,8.118107370004209
OC1CC(CC=O)C1=O,5.6621029671859375
CC1CC2C3CC2C1O3,8.640956679735654
OCCCC1CC1C=O,6.183579446308121
COc1ccn(c1)C=O,5.466367797566535
CC(C)(C#N)C1CO1,8.415605724168495
C1N2C3COCC=C1C23,5.948036766219042
CC1(CC2(O1)CC2)C,8.54763444973738
CC1(CC2(C1)COC2)O,8.31064089584927
OCC1=CCOC(=N)C1,6.297529444813647
C1OCC11C2C3OC3C12,8.103141500036836
CC12CN3CC(OC1)C23,7.960634745738912
Cn1c(ccc1OC)N,6.1442784035033995
OC12CC1N(C2)C=O,7.017826344862045
OCC1(CC1)C1CCO1,8.388391142670567
CCC12CC(=O)C1C2C,6.043162281396861
Cc1cc(c([nH]1)N)C=O,4.694208524792561
O=C1C2CC1C(=O)NC2,5.867191976871978
OC1(CCN2CC12)C#C,7.151836466556287
COC12CC1(O)CC2O,7.914475621583711
CN1C2C(=O)NCC12C,6.6415101403160595
CC(=O)C12C3CC1CN23,5.848455204328429
CC1CC2(C1)OC2C=O,5.885693700607779
C1C2C3OC4CC13C2O4,8.184883815278525
CC(C)c1c([nH]cn1)O,6.524963668916389
OC1C2CC3(CO3)C12O,8.266094077962308
CC1(C)OC2CC12C#C,7.251109501665422
C1C=CC(=O)C=CCO1,4.67781943970408
OC1C2CC2(O)C1C=O,5.937769499883396
CC1OC2C(O)C12C#C,7.2308040834513925
CC1NC(=O)NC1C#C,7.537831747804546
CCN=C1C(=CCO1)C,5.88851068290472
COC12CC3CC1(C)C23,8.459268687356309
OC(CC#C)CN1CC1,7.523252498115549
CC12CC1C1C(C#C)N21,6.7980827946061835
COCC1(O)CCC1=O,5.7718257913685225
N#CC1CCC2CC1C2,8.91084211418486
Cc1cc(=O)[nH]c(=O)[nH]1,5.4137921695239495
CC(C#C)C([NH3+])C([O-])=O,7.263337116691295
CCCOc1cnco1,6.445690811734596
C1CCN=C(C1)OC=O,6.42884775810233
OC1COCC2CCC12,8.442700294319264
CC1=NCC2NCC2O1,7.071672134869633
CCCC1=CCC(=O)C1,5.840739339614785
O=C1CC23CC2(CC3)O1,7.326457789967682
CCC1(C)CC(N1)C#N,7.339598620649496
