smiles,gap_eV
CC1(CN1)C(C#C)C#N,7.332713487560831
C1CC11C2OC2C11CO1,8.331200517693603
OC1CC1C1CC(O)C1,8.600284230357921
OC1C=CC2COC12,6.647600184063918
CC1OC1CNC(N)=O,8.06531909383888
O=C1CC2OC2(C1)C#C,5.85790574495413
C1C2CC3(COC3)C12,8.642132815544661
CC(C)(O)C(C#C)C#N,7.996824602883425
CC1COCOC1=N,7.61319919892715
CC#CC1(O)C(C)C1C,7.305339732964516
OC12CC1CC2CC#N,8.070084274696189
CC1C2C(=O)OCC12C,7.406086426056028
CC12OCC3OC1C23O,7.601395428830788
CC1C2C=CC3(CO3)C12,6.533632304750832
OCC12NC1CNC2=O,6.907722808847625
OC12C=CC3C(C=C1)C23,5.890980604763465
c1cnc(cn1)CCO,5.578773484437801
CN=C1OCOC2CC12,7.136257791650936
CC12CC(N1)(C=O)C=C2,5.559540907701689
CC1CN1C(=O)CCO,6.976397975667615
Cc1c[nH]c(c1O)OC,6.258288817488932
CN=C1OC2C3CC3C12,7.187287511431419
CCCC1CCOC1C,8.745411423740721
CC1(OC1C1CN1)C#N,7.202799978070586
CC1C=CC2OC12CO,6.677277143281823
CC12C3N=C4NC1C4C23,5.160416631302522
C1C2C3NC3C3(CO3)C12,8.097881353027852
CC1=CC(O)C2(CN2)C1,6.699930559299888
N=C1C=COC(=O)N=C1,4.744642120510376
NC1=NC2COC2C1=O,4.6506217255129165
C1OC11CC2OC3C2C13,8.285410082977592
N#CC1NC23CC(C2)C13,7.1614951076273385
N#CC1OC23CC(C2)C13,7.270048529571785
CC1CC2CNC12C#N,7.024714722898269
NC(=O)C1(CCO1)C=O,5.616888554076323
CC1(CN1)C1(CC1)C#N,7.51020005218718
C1C2COCCCN12,8.388221254979591
CC12CC3(O)C1NC23,8.01069275160106
CC#Cc1ncn(n1)C,5.931558820463571
OCC12CN1CC=C2,6.333192046889594
CC1(O)C2COC1CO2,8.347959758686496
CCC1OC(=O)C=C1N,5.918677490242276
CC1(CO1)C(=O)NC=O,5.9173554172735505
CC1=CC(=NO)CN1,5.126104482920322
CC1C(N1C)C(=O)C#N,4.722306779064556
OC1CC=CC(C1)C#N,7.184342786018371
C1OC1C1OCC11CO1,8.572087095521628
O=CC(=O)NCC1CN1,4.928152096990196
C1C2=C(COC2)C(=O)N1,5.6636590961128634
CCC1COCC=CC1,6.925421091847977
Cc1c(oc(=O)cn1)C,4.8549656301113115
CC1C2CN1C(C)CO2,7.893167324961674
CCCC1CNC(=O)N1,8.010391293985517
O=C1C2CNC1CN2,5.398311262810368
NC1(C#N)C2CCCC12,7.623619011385346
NC(=O)N1CC1CC#C,7.429263388542616
CC1CC=CC2OCC12,6.923661366770679
CC(C#N)N1CCCC1,7.200378881815038
CN1C2C3NC3C12C=O,5.361427483905944
CC(C#N)C1=CN=CO1,6.494942047483558
CC1=NCC(O1)C#C,7.2034011518121295
CC1OC(C)(C#N)C1=O,5.833210346645833
NC(=O)C12OC3C1CC23,6.936463256493591
CCC1=CCOC(C)C1,7.0501808505837555
c1c(onn1)CC(=O)N,6.115099534109506
OCCC1CCCOC1,8.717266507248688
CN1C2CC=CC1C2O,6.219215376141465
C1OC2C1CC1OCC21,8.37538491802247
CC12NC1COC2C=O,5.753643786297854
CC1CCC=C1C(N)=O,6.050372840968824
C1C2CC3OC2C1C=C3,6.643829880628155
OCC#CC(CO)C#N,7.4515412512293935
CCCC1OCC11CN1,8.365196910146755
O=CC1OC(C=O)C=C1,5.437914633742656
CC1(O)C2CCC12C,8.447281154000038
CCC(C#N)(C#N)OC,7.660518505742601
CC1(CO1)C1(CO)CN1,8.544284527390463
O=C1NN=C(N1)C1CO1,6.415030815807617
COC12CC3C1C2N3C,7.937520991296954
COC1=CC(=O)NN=N1,4.685209853856632
OC1C2C3CC3C12C=O,5.642492254333628
COC1(C)CC1(O)C#N,7.480640564696138
CC#CC(CO)CC#N,7.881516556888215
CCC1=CC2C3CC1C23,6.226100541904408
CC#CC1C2C3CN1C23,7.0118237067575
c1c2c([nH]n1)COC=N2,5.574316094349534
CC12OC3C(C13)C21CN1,8.079204355466558
OC1CC=CC(=O)C1,5.210657201201142
C1C(CO1)C(CO)CO,8.354511504231468
Cc1c([nH]nn1)C(=O)C,5.316138724507789
COC1(CCCO1)C=O,5.869602991865698
C#Cc1conc1CO,5.784269161139665
C1OC2C=CC3C1OC23,6.361894819215911
COCCCN=COC,7.234607617533594
CC1(CN1C=O)C1CC1,6.866076454010219
CC(=O)CC1(CO1)C#N,6.176948196948541
CC1CC1CCCCO,9.179298155681344
CC1OC2CC(=O)C12,5.876481534692411
N#CC1CN2C3CC3C12,6.97101294495768
C1N=C2OC3C=CC1C23,5.86303915535898
CC1(C=O)C2N1CC2=O,5.527052722525448
C1CC12CN=COCO2,6.998303971746536
OC1(CCC1C=O)C=O,5.563303664578225
CC#CC1(CN1)C1CC1,7.37701442127563
CC1CC2(C)CC2(C)O1,8.423612136061093
CC1CN2CC1C2C=O,5.572001675093096
CCCCN=COC=O,6.544778091395246
CCOc1coc(n1)C,6.2292239611357125
CCC1CCC=CC1=O,5.167055721016142
CN=C1C=C(O)NN=N1,4.59576336421039
N#CC12CC(C1)C21CN1,7.539919306877427
OC1C=CCNCC1=O,5.522673006741396
CC1C(CC#N)C1C=O,6.117237871008079
CCC1OCC(C)=C1C,6.768488004053387
CCC1CC(C1)C#CC,8.10760325155151
CCC(C)C1=CN=NO1,6.5787239159
OC1C2OC3C2C13C#C,7.043146922882081
CC1OC2C1OCC2O,8.265652971004013
CC12CC1C(O)C1CC21,8.380755744322371
CC(C)C(C)C(O)C#C,8.175313738696591
CC1=NOC(=N1)C1CN1,6.153855947528186
CC(=O)C1CC1(O)C#N,6.110216406961706
Cc1cc(n[nH]1)N2CC2,6.348269415422013
CC#CC1C2CC1CC2,8.141328169062696
C1OC2C1C1C3OC3C21,8.093478144472499
OC12CC3C(CC1=O)C23,6.1046745689588136
NC1=CN=C(N1)C1CO1,5.841177216700771
C(CCOC=O)CC#N,7.487921948790461
CC1(CCOC(=O)C1)C,7.510456346194801
OC1CC1C1(CC1)C=O,6.099931585541107
ON=C1CC2(O)COC12,6.600101441268833
CC(C=O)N(C)CC#C,5.56323680542819
c1c(c(n[nH]1)N)CC=O,5.080591950305841
CCC(C#C)C1CC1C,8.351060930085351
OC12CN(C1)C(C2)C#N,7.094262077307951
[NH3+]C1(CO)CC1C([O-])=O,7.25838921950489
C1NC1C1=CC=NC=C1,5.8603374095220095
CCOC(=N)C(=N)OC,6.167839486841282
COc1ccc(=O)[nH]n1,4.7821477914781765
C1CC12COC23CC3,8.227776582773796
c1coc2c1CCCO2,6.0987944031064485
c1nc(c(c(n1)O)N)N,5.535227358358508
N=C1NCC2(CN2)C1=O,4.858521303251159
CC1CC(=O)CC1C,6.050296532888793
COc1ccncc1N,5.4590154523872725
CCC1CCC1(C)C=O,6.087682752950542
CCCC(=O)NC1CC1,7.454775841354897
CC1CCOC(=O)C=C1,5.949727824237432
CC12CC3(C#N)C1NC23,7.158498119379232
Cc1c(ocn1)N2CC2,6.115107573769186
OCCC1C2C3CN1C23,8.14817529003328
CC1OC2C3CC1C23C,8.456171049818927
O=COCC1OCC=C1,6.682791230085362
C1C2CC1C1OC1C=C2,6.7221996950429626
CC1CC2(COC2=O)O1,7.008637857787904
OCC1C2C3CN1C23,8.126216360292297
CCC12OC1(C)C1CC21,8.349186712060344
CCC1C2CC1C(C)O2,8.647727469913711
OC1COCC(=C1)C#C,5.616967065556863
CC(C)C1(C)OCC1O,8.358393920946915
CC([NH3+])C1=COC([O-])=C1,5.200300899371929
CC12CC(OCO1)C2=O,5.684508776425046
N=C1COC2CC2CO1,7.320467920668001
CC12OC1C1OC2C=C1,6.592091795374241
CC1CC2OC2C1CO,8.820104137404972
CC1C2CC3OC3(C)C12,8.830706026103467
O=C1CC2OCCOC12,5.558627510371415
N#CC12CC1NCC=C2,6.466265470394044
OCC1(CO)CC1C#C,7.909350313586129
O=CN1CC2OCCC12,7.1301777431531335
CC1=C(OC=N1)C1CO1,6.257772087380209
CC1=CCC2OC12CO,6.640672103275047
COC(C#N)C1CC1C,7.920491839271824
CC1CCC=CC11CN1,6.744201832087724
CC1CCC(C)(O)C1C,8.793543373181983
C1CCC=CC=CCC1,5.722889895424645
NC12CC1N1CC21C#N,6.636362225558713
CC(=O)C1(CN1)C(=O)C,5.452672230730603
CC1CC2(C)OCC=C12,6.545446191737925
CC1CN2N=C(C)N=C12,7.043875482698243
C#Cc1c(nc([nH]1)O)N,5.395435829460462
NC1=CC=C2C3CC3N12,5.962909221503299
COCC1C2CC(O)C12,8.44706517817244
OCC1C(C#C)C1C#C,7.34282665560681
CC1(C)COCC2CC12,8.627887990130175
C1CC2CCCC=C2C1,6.971761387987175
C1C2OC11CCC=CC21,6.673514966262589
CCC12CC1C(C)(O)C2,8.56627834491217
CCC(N)(CC#N)C#N,7.7116350655407855
CC1OC(CC#C)C=C1,7.0222936207093785
CC(=O)C(CO)C1CN1,6.116283856867613
c1c2c(cnn1)CCC2,5.790998213553697
CC1C(C#N)C1C(C)=O,6.22909860286586
OC1C2CC2(C#C)C1O,7.354839474221089
CC(O)CCOC(C)=N,7.821503658447224
CC(O)C1(C)OC2CC12,8.278167011577807
CCC(=O)N1CC1C=O,5.7654285721437555
CC12CC3CC1(C=O)N23,5.865176236862655
CC12CC3C(O)C(O1)C23,8.167979242683156
CC1(CO)CC2OC12,8.784464407691456
CC12C3CC4CC1C4C23,8.776809765801804
CC1CC(=O)C(C)=C1N,5.550056426805508
CC12CCOC1=NCC2,7.223338396639925
C1C2C=CC3CCC12O3,6.477594908750772
O=CNCC1CCCO1,7.512513818270481
CC1COC1(C)CC#N,7.867606466083018
CC(=O)CC1(O)CC1O,6.215673601098556
CC1C2CC(C)C1O2,8.829525036670962
OC1(C=O)C=CNC1=O,5.110255809403645
C1OC2CC34CC(C3)C124,8.158878289753526
CC1C(CC=O)OC1=N,6.156059411851592
CCc1c(nc[nH]1)O,6.441647283911065
C1C2OC2C2=C1N=CO2,6.225561390588516
CCC1OC(CO)C1O,8.274769799783364
OC12CC(=O)N3CC1C23,6.516387647595294
CN1CC(O)(C#N)C1=O,6.702551749015074
CCC#CCC(=O)OC,7.34880483015457
O=C1C2OC3OCC2C13,5.864766706824932
CC12C3N1C1C3(O)C21O,7.306492580703414
CN1CC1CCC1CO1,8.461810166884923
CCOC1CC(=O)C1O,5.906270161590739
N#CC12CC3C(C1)N3C2,7.501542526007551
CCC1(CCCO1)OC,9.077513309365205
CCC1(O)CC2(CO2)C1,8.63903131809856
OCC1CC2CC1CO2,8.54166258489498
O=C1CC2C3CN3C2C1,5.858402068180798
CNC1COC(=N)C1=O,4.764394669660087
CC12COC1CC21CC1,8.385972924422354
N=C1OCC2OC2CO1,8.057921425687143
CC1CN1C(C)(C)C#C,7.543233393034093
CCC(C=O)C(C)=NO,5.85122491686478
C(C1CO1)C1=NC=CO1,6.673293436458808
C#CCC#CC1(CC1)O,7.073106226806356
O=CC1(CN=CN1)C#N,5.581686036227478
CCC1C2CC(O2)C1C,8.691164218252725
CC1C23CCC12OCC3,8.129238933621613
CCCC1(CO1)C1CO1,9.022576971592073
CC1C2OC(C=O)C12,5.745558627610406
C#CC12CC3CC3C1N2,7.170413235830356
CC1CC(=CN1)C(C)=O,5.2388498009376265
CCOC1CNC1C#N,7.091260771955306
CC1C(N1C)C(C)=O,5.726464452203726
CC(C)(CC1CC1)C#C,8.46404698186858
CNC1=NC2CC2C1=O,4.43513137973566
CC1C2COC(=O)N12,7.779405674700318
Cc1[nH]c(cn1)CC#N,6.713917626235992
CC1OC2CCC12CO,8.270891555115908
OC1C2C3C4C1C2N34,7.885075829481916
O=C1C2CCC2C2CN12,6.633348760276707
OC1CCC2C1OC2=O,7.454292287085265
CC(C#N)C1CCC1O,8.31632332488038
CC(C#C)C1=NNN=C1,6.9322979048556945
OC1CN2C3CC(=C1)C23,5.879658087307717
OC1C2CC3OC3CC12,8.679596104094639
CC1CC2(CO)CC1O2,8.482468485779666
CCC12OCC1C2C=O,5.8692711256375585
CC12CC(C)(C)C1(C)O2,8.62756953150993
CC12CC(O)(CO1)C=C2,6.680023722181014
CC1=CC(O)C(C)(C)C1,6.952880388231192
CCC1COC1(C)C#N,7.741051527605222
C1CN=C(CN1)OC=O,6.163953694209763
CN(C)C1C=CCC1=O,5.321119212939319
CC1C2CC2(O)C1(C)O,8.137381376391915
CC1OC(=O)CCC1=O,6.0249927999541555
CC1=CC23OC4C2C1C34,5.471456199108978
c1cnccc1CC=O,5.224566463838399
CCC1(O)CC2OC12C,8.595064028181824
CC1C(CO)C11CCO1,8.117628760129744
CC1CCC2OCC2=C1,6.790487833414362
C(CCC(=O)N)CC=O,6.0852006633545095
CC12OC1C1(OC21)C=O,5.804951760466618
OC1CC2NC(=O)C12O,6.984317990399913
COC1=CC(=N)OC=N1,4.701598309714967
CCC(C=O)N=COC,5.824629909155141
CCC1COC1CC=O,6.017971706959928
COC1C=CCCC1O,7.049440485058237
N=C1OCCC2NC12,7.139645236086819
O=C1CN2CC2C2CC12,5.638524709148636
CCC1N=COC1(C)C,7.363642752012669
CC#CCC1COC1=O,7.428843624992181
CC1C(CC1(C)O)C=O,6.021904925729645
CN1C2C3OC3C12C=O,5.54296004401856
C1C2CCOCOCC12,8.79006764841286
CNC(=O)CC(O)C#N,7.232153095968856
OC12CC3CC1C3C2=O,6.279582044266089
CNC12C(N)C1OC2=N,6.685974787446404
CC1COC(=O)C(C)C1,7.452998119206111
NC12C(CO)C1NC2=O,6.705006994641213
CCC12CCC1C(=O)O2,7.523820675649515
CN1C2CCC1C(=O)C2,5.474547328521249
CC12OCC1=CC1CC21,6.19461753048455
CN=COCC#CCO,7.213253348533503
C1OC2C3CC=CC12O3,6.500684058014873
CN1CC(C1)(C=O)C#C,5.222063451156224
C1OC11CCC11COC1,8.37015684977613
CC1(COC=N1)C1CN1,7.253814427414278
OC(CC#N)C1COC1,7.748836418589049
CC12OCC1OC2CO,8.053182505791561
C1C23CCC12N=COC3,7.031204568112582
Cc1ccc(nc1O)C,5.689652409820676
CC1=C([O-])C(C[NH3+])=NN1,5.394561399093729
CC1NC11CC(=O)C1,5.952529171796945
CC12CC3CC4C3C1N24,8.355614595222065
COC1CCC1CC=O,6.073477045545704
O=C1CC2C3COC2C13,6.02101419212746
CC1CCC1C(O)C=O,6.015393576018712
CC(C)C(=O)OC=N,6.962139241151202
N#CC12CC3NC1C3O2,6.747143534073687
c1c(nc([nH]c1=O)N)N,5.387186360938631
OC12C3CN4C(C13)C24,7.945662951189358
CC1(C)C2OC1C21CO1,8.548149123494305
COCCC(=O)CC#C,6.281881639710964
OC1C2C3CC4C3C1N24,8.036733541669873
CC1(O)C2C3OC1OC23,8.249180263154994
O=CC12OCC1C1OC21,5.7566643288476875
C1CC=C(C1)CC2CC2,6.929277234130978
CC1OC1CN(C)C=O,7.223775064053619
O=CCCC1CN2CC12,5.839630084625304
C#CCC12CC3C(O1)C23,7.530001962510396
NC(=O)C12CC(O)(C1)C2,7.386297598371671
CCCC1CNC1=O,7.56871556160946
C1CCC(CC1)C(=O)N,7.455404073198474
O=CN1CC11C2CC1O2,6.8472590507008775
CN1C=NCCOC1=O,6.587953828823667
CC1CC2(C)OC=NC12,7.276848469321292
CC1OC(=N)CC1CO,7.7266870253865765
CC12COC1(C)CCC2,8.455486739682938
CCC1C(C)C(O)C1=O,5.898146343047761
CC1=CC(C[NH3+])=C([O-])O1,4.967310142668635
OC1CC2C3CC1C23O,8.461023728304612
C1CN1C1C2C3OC2C13,8.228469285993203
CCC1CC(C)=CCO1,7.072092049653633
CC1N2CC2C11COC1,8.200388446177715
Cc1c2c(cno2)on1,5.600758985736433
O=CC1CCCOC1,6.081960443314192
c1cnc([nH]1)C(=O)C=O,3.9785442496419448
CC#CC#CCC1CO1,6.149745829997958
CC#CC1OCC1C#N,7.205613075750728
Cc1c(ncnc1O)O,5.601957607816874
O=C1OCCC2NC12,7.006202174688356
O=CCC1CC1CC#N,6.207619418047516
CN1C2CC1C(=O)C=C2,4.741753282703042
CC(C#C)C1COC1=O,7.453558455115212
CC(O)(CO)C#CC#N,6.438667085194943
CC1CC1C(O)C(C)=O,6.292285694117622
CC1(CC(O1)C#C)C#N,7.250865550318059
CC(=O)c1c(cno1)N,4.7695343634894165
CC1CC(CO)C2CC12,8.913484758658457
OCC12OCC1C1CC21,8.22991943495157
NC1=COC(=N)C(N)=N1,4.558163967458123
c1cncc2c1CCO2,5.916602155416919
CC1CC1C1(O)CC1C,8.505207000697837
OC12CC3C(NC13)C2=O,6.079669214826859
CN=C1OC2COCC12,7.250357601541806
CC1CC2CC(=O)C2O1,5.759580736801494
CCC12CC(C1)OC2C,8.661664609119109
Cc1ccc(oc1=O)O,4.653369948450616
c1c([nH]c(n1)NC=O)N,5.707371878392627
CC1C2C3C2C2(CC2)C13,8.720643043726884
CCC1(COC1)C#CC,7.677250550991468
C1C(=O)C=CC12COC2,5.090094735424316
CC12COC3CC1CC23,8.844979336640815
N=C1OCC23CC(N2)C13,7.047406758284708
CC(=N)OC1CCOC1,7.615368128064601
CC1(O)C(=N)NCC1=O,5.402577651314083
CC1=NC2COCC2O1,7.196001148872865
OCC1(O)C2CC1C=C2,6.587812955322057
CC(=O)C1CC1(C)C=O,5.815330848621552
C#CC12OC1CC1OC21,7.139914818192648
CNC1CCC1(O)C#N,7.060571691704181
NC1=CNC(O)=NC1=N,5.023544478257792
NC1CC(CO)OC1=O,7.020301599596267
C1C(=CC(=O)C1=O)CO,3.9026875327166817
ON=C1CC2(O)CNC12,6.392683222427529
O=C1OC2C3CNC1C23,6.644871463950548
CCC(=O)C(O)C#C,6.11555763310807
CC(CCO)C1COC1,8.548027752734528
CCC1(N)CC1(O)C#N,7.293922043161924
CC(OC(=N)C#C)C#C,6.384369491961856
Cc1cc(c(o1)OC)O,6.0295406192401595
CC(C)(CC#CC#N)O,6.628186344123806
CC(NC=O)C(C)=O,5.865237160315632
CC1=CC2N3CC2(O)C13,5.546449872366633
Cc1c(con1)C(C)C,6.67285048517706
CC12CC1C1(CC1)C2O,8.459452650643577
CC(C=O)C1NC1(C)C,5.993402121468418
CC12CCCC1C=CC2,7.113508930948175
O=C1C2COCC1N2,5.619581299057603
CC1NC=[NH+]C1C([O-])=O,6.460956854101634
ON=C1CC=C2COC12,6.084002009767628
CC#CC(O)CC(C)C,7.956828461878461
CCC1CC2COC1C2,8.610506796306781
OC12CC1N1CC21C=O,5.615394519819037
CCC(N)(COC)C#N,7.8072901039473095
CC#CC1OCC1C=O,5.882254798109715
CCN1CC(C#C)C1=O,7.083270069109952
c1cnc([nH]1)C2(CC2)O,6.568468363321207
C1N2C3C4OC3C2C1=C4,4.988354207469862
CC1=C(COC(=O)C1)C,6.879358387428781
CC12OC3C4OC4C1C23,8.007918995132695
CN1C2CCOC2C1=O,6.769258620243207
O=CNC1C2C=CC1O2,6.3803677547449595
CC1=CC2(CC2)OC1=N,5.749528200321426
CCC(C)C1OC1C=O,5.9769550342359175
CC12CC(=O)C(O1)C=C2,5.803592196730802
C1C2OCCC3OC2C13,8.233208096758199
OC1C2CNC(=O)OC12,7.955935388140789
CC(C)CC(C)C(C)=O,6.2825436591966035
CC(C=O)C(=O)C1CO1,5.5198100896501545
Cc1c(c(ncn1)O)O,5.560058649228834
OCC1C2C=CCCN12,6.380651900622545
O=C1C2C3CC4C3C2C14,5.840581594426229
CC1C2OC1C1CC2C1,8.492045354860243
COC1CCOCC1C,8.723021465520395
N=C1CC2OC(O1)C=C2,6.591986552128744
C1OC1C1CCCOC1,8.884890141927016
CN(C1CC1)C(=O)CO,7.102723671495802
N=C1NC(C=O)C1C#N,5.963018754788668
CC12OCC1CC2C#C,7.677220113821344
Cc1c(ccc(n1)O)N,5.180852037138871
CC12NC1CC(O)C2O,8.162071957209776
CC1(O)CC(O)C(=O)C1,6.025062189432301
OC12C3CC1C1(CC1)C23,8.278346810047898
CC(C#C)C1OCC1C,7.973309146968207
CC1(CC(CO)O1)C#C,7.575722678489452
CN1CC2CCC12C=O,5.210966981908757
CCC1C(NC1=O)C#C,7.293697122371347
CC1=CC(O)C2CN2C1,6.312034648769156
C1OC11CCC2OCC12,8.639360011381235
C#CC1(CCO1)C1CN1,7.302606028100438
CCC12CCOCC1N2,8.388993465261315
CNc1ncc(o1)C#C,5.087668890576312
CC12CCCC1CO2,8.678038728852002
CN=C1OC2(C)CNC12,6.991699723359989
CC12CC1C1(C)CC21O,7.889185162102257
CC(C)CC(=O)OC=N,7.011523224701714
CCC1=CC(=O)CCN1,5.2889791283149545
CC(=O)CCC(=O)N,6.009814723218736
COCC1C2CC(=O)C12,6.1373451168333215
CN1C2C3NC2C3C1=O,6.473487839176272
CC1(C)CC(CCO)O1,8.598274308938212
OC1(C=O)C=CC2OC12,5.658807934812078
N=C1CC(OCO1)C#N,7.554761571284935
OC1C=CC(=N)OC1=O,5.5599974440385225
CC(O)C#CC(C)O,7.712382443347904
CN1CCCC(=O)C=C1,4.999823285232132
CC1=COC=C([O-])C1=[NH2+],4.459192707717057
C1C2OC2C11COCO1,8.546585274779053
OCC1OC1C#CC=O,5.481093897422803
CC1NC(=O)C1N(C)C,6.783888820531441
CC1OC(=O)NC1C=O,5.932837611936977
CC1(CC1)C1C(O)C1O,8.148770854474423
CC1(CN1)C1CC(=O)O1,7.362177010449401
C1COCC=C1CC=O,5.942347188786556
CNC(=O)CCC1CO1,7.473957687049145
CC(O)C1OC2CC12O,8.114317855552954
O=C1COC2C3OC3C12,5.668672001706186
CC1=CCC(=O)C12CC2,5.8719235805341174
CC1C2CC1C(=O)N2,7.163708396503695
CC1CCN2N=CN=C12,7.155171913459644
Cc1c([nH]c(=O)o1)CO,6.411733446990832
N=C1OCC1(C=O)C#C,5.9627281199762745
CC1(CCOCC1)C#N,8.113157632677817
CC12CN1C(=N)C2O,6.794776444131025
CC1OC1(C)CC1CC1,9.174140378646278
O=C1N2CC2CC11CN1,6.443832427576365
OC1CCC2CC3C2C13,8.741454532679725
CC(C#N)C(=N)NC=O,6.223918996687866
OC12COC1COC2=N,7.174651304976129
C#CCCc1cnc[nH]1,6.72555560490982
OC12CC1(O)C(C2)C#C,7.455317006872912
O=C1C2CC2C1CC#N,6.172596322041781
CC1OC2(CCC2)C=C1,6.719148689158202
CC(O)C#CCCC#N,7.659443733262371
COCC1(CC1C)C#C,7.843440615923344
CC1=COC(=N)N=C1N,4.721610257937101
CCCC(=O)CC(=O)N,5.872658853541622
C1C2CC3=C(NC=C3)N12,5.975134581009931
CCC1C2C3CCC1C23,9.01704319970667
C#Cc1c(cc(o1)N)N,5.200258108408418
CC1C2NC(=O)C(O)C12,7.0822548158217895
OC12CC3CC1(O)C23,8.12061219060577
CC1CCC(O)C11CC1,8.802701592652845
c1cnoc(=O)c1CO,4.934089569150257
OC1COCCC11CO1,8.493086458816583
c1[nH]c(c(n1)NC=O)O,5.497062575372889
CC1(C)C(O)C11CCO1,7.97120112627536
C1CC23C=CC4C(C24)N13,5.658185789516701
ON=C1CC(C1)OC=O,6.6148385822866045
OCC(=O)C#CC1CO1,5.321965800156006
[O-]C(=O)C1CN(C1)C=[NH2+],6.38678072615656
CC1C2C3C2C2(CC2)N13,8.33842520508129
CC12OC(N)=NC1C2O,6.97535052276695
CC12CC(C)(C1)C1CC21,9.352046533891992
CC1C2(C)CC1(O)C=C2,6.521498165313524
C1C2OCC11OCCC21,8.506482899964844
O=C1NCC2CC1C=C2,6.5187520797071175
Cc1c(oc(n1)C)OC,6.345246242727924
CC(CC#C)C(O)CO,8.120817480066526
O=CCC12CC1OC2=O,6.143335792100019
CC1COC2CC1C2=O,5.671297096112913
CC12C=CC(O)C1C2O,6.3520690329057565
CC#CC1C2CC1(O)C2,7.663318772841394
OC1C2C3C4CCC13N24,7.8927893729735565
CN=C1OC(C)C1CO,7.400134509658734
CN=CNc1ccco1,5.591925677857457
OCC1C2COC12C#N,7.102414693532575
CC12OC3C1CCOC23,8.286751860623475
C1OC23CC(COC2)C13,8.33928025033591
COC1CC1(C)C1CC1,8.734119668021588
CC1C2N1C(C)(C)C2=O,5.919531643512679
CCC1(C)OC11CCC1,8.810917668419158
CCC#CC(O)C#N,7.606001296466756
C1CC11OC2CCC12,8.41367498202249
CC12CCCC(O)C1O2,8.834136480017808
[O-]C(=O)C12CC([NH2+]1)C=C2,6.278938399336461
CC1(CCC1)C2(CC2)C,9.18569460667571
OCC12OC1C1(O)CC21,7.976010891078236
CC(CC(C)=NO)C=O,5.959706652334279
NCC1(CC(=O)O1)C#N,7.0536577241052045
O=CC1C2CCCCN12,5.709877371741589
OCC1C(C#C)N1C=O,6.814553752316212
CC1C2N1C1C(C)C21O,7.528906610513092
CC1(C)CN1C1CC1O,8.036648368284633
CN1CC11CC2C(O)C12,7.994735086333554
OCC1C2OC1C21CN1,8.271058403008933
C1CC(C1)C1CCC=C1,7.1369774359509455
C#CCCc1cocn1,6.622086954337545
OC12COCC1C2C#C,7.308523023788215
O=CC12CN=C3NC1C23,5.22107890674981
CC1CC(C)C=CC=C1,5.59794967719809
CC(NC1CC1O)C#N,7.241758742615769
CCC12C3C4N1C2C34O,7.291372834476983
Cc1cc(c([nH]1)C#C)O,5.384175099588169
C#CCc1[nH]c(=O)on1,6.1129479750373115
CC(C)C12CC1(C)CO2,8.299989630040029
OC12CC3C4C(C14)N3C2,8.068877511203947
OC1C2CCC1C=CC2,7.016594078400892
Cn1c2c(cn1)OCO2,6.099528701829348
CC1(CC2(C1)CCO2)C,8.513687536489215
CC1CN(C1)C(=O)C#C,6.07950323967458
C#CC1COCC=CC1,6.906619094575701
C#CC1C2CC1C2(C)C,8.253073454032778
CCc1c(cno1)C#N,5.996341812707389
CN1CCOCC(=O)C1,5.370088980203327
COC(C)CC#CCO,7.730293599418976
C1C2CC34CC3(OC4)C12,8.066620525968402
CC1CCCC1(C)C#C,8.283951675821779
COC1C2C3OC3(C)C12,8.168641905751926
CC1=CC(=O)CC2CC12,5.118318383812188
[NH2+]=C1NC[C-](C=O)C1=O,4.202419639283038
CC1(O)COC2CC12O,7.988377411339968
CC1N=COC(=O)C1C,6.715012368097833
CN=CNc1cnoc1,5.578607561806838
OC1C2CCCCC12,8.613348142847983
CC(C)CCC1(CC1)O,8.82297067910974
CC1C2C3CC=C1C23O,5.711964255251891
CC(=O)CCC(O)C=O,5.871378127631441
CC(=N)OC(C#C)C#C,7.2529216773761975
CC1(CC(N)=O)CC1O,7.3697944580472345
C1C23CC=CC12C1OC31,6.040443873925607
C1C2C1C1CCC2CC1,9.183048214999484
COC(C)CC(=O)OC,7.194862343394964
OC(C=O)C1C2CC1O2,5.828126096160178
CC12C3CN1C3C21CN1,7.990137380772036
CN(C)C(=O)CCOC,7.323234431290748
CC1(N)C(CO)OC1=O,6.804448431634671
CC1(COC=N)COC1,7.416489957487276
CC(CCC#N)C(C)=O,6.319749785666245
CC(C#N)C1=NOC=C1,6.792838906049363
COC1=NC2CC2(C)N1,7.178298384147246
O=CC1C2OC2C1C=O,5.628183345974378
CC1OC(CO)OC1=N,7.717268288278232
CC12CN3C4C1C2C34C,8.034570439228688
CC1(O)CC2C=CCC12,6.885884314403895
Cn1cnc(c1N)CO,6.1079194725531325
C1CC(C1)NC(=N)C=O,4.671895818447389
O=CCC1CN1CC#C,5.846393574972159
CC(=O)c1c(cc[nH]1)N,4.784284366741059
O=CNCC1CCC1=O,6.003652997069832
NC1C(COC1=O)C#N,6.844636027655717
CC1CC=CC2CC12O,6.80820324778588
O=C1NC=CCC1C#C,5.6640562176898195
CC1OC2(CC12)C1CO1,8.435422231021356
OC12CC(NC1=O)C=C2,6.255466869916182
O1C2C3C4C5C4C(C23)C15,8.109225630487884
CC1CC(C1)NCC#N,7.443679546153231
Cc1c[nH]c2c1ocn2,5.6911519800521795
CCC12CC=CC1C2C,6.696802537265624
CCCN1CCC1C#N,7.0764629777962105
CCC12OC(=O)C1C2C,7.455974646066286
CC1=C(C)C(=N)N=NO1,4.56373307462335
C1CC11C2C3OC1OC23,8.504768429866784
OCC1(CC=CC1)C#C,7.105884354653497
C1C2N1CC1=C2C=CO1,6.084370646425714
CCC1(CC1C#C)OC,7.825315644030862
OC12CC(C1)CC21CN1,8.406224738849374
OC1CC1(O)COC=N,7.320282216254222
O=C1CNC11CCOC1,5.483553248267919
CC(CO)C1CN2CC12,8.13632206026405
CC(=O)NCCC#C,7.479210585190211
CC(O)CCC1(O)CC1,8.753038644912568
CC(=O)OCC1(CC1)O,7.490448244164535
CC(=O)CC(C)(C)OC,6.2543016626133445
CC1CC(C)(C=O)C=C1,5.847539727138302
CN1CC1C1CC(=O)N1,7.005245527698488
C#Cc1cc([nH]c1)CO,5.792798164128413
C#CC1CC11OCC=C1,6.354710683852902
Cc1cc(=O)cc([nH]1)N,5.404249069320673
CC(C)NC(=O)CCO,7.431970809389972
CC1NCC(=O)C2OC12,5.501762245572382
C1CC(=NO)C=C1C=O,4.7932557792225765
CC12CC1C(O)CC2=O,6.077018473347186
OCC(C#C)C#CC=O,5.450125155972531
Cc1cc(no1)C(=O)C,5.3936363246841434
c1c(c(c([nH]1)O)C#N)O,5.530172494667966
Cc1cc(oc1C)NC,5.996519154140419
CC1OC2(C)CCC12O,8.300573008200642
OCC1C2CC1(O2)C#N,7.331947796978676
OC12CN3CC1C23C#N,6.827551188766607
CC(C)C1(O)CC2NC12,8.14237408337965
C#CC12CC3CC1OC23,7.304882504372314
CC(C)Oc1ccco1,6.289417727140901
OCCC1OCC2CC12,8.596352343905872
CN=C1OC2C(C#C)C12,6.675901403037826
NC1C2NC2COC1=O,6.753092649374503
CC1=CNCC(O)C1=O,5.046556604982042
CC1=NCCNC(=O)N1,6.660391182565435
CC1C=C2COC2C1O,6.522335358663437
CC(=O)N1C2CC1C2O,6.8057543516546986
CCN(C=N)C(=O)OC,6.817847900130863
CC1CC2OCC(C)=C12,6.479210779953569
N#CCC1CC2OCC12,7.9138677931336945
CC#CC1N2CC1(C)C2,7.084414251227246
C1OC1C1CC2COC12,8.55756923673983
OC1C(=O)C2NC2C1=O,5.157150580447931
NC(=O)C1C2NC2C1O,7.018388286989822
CC1C(OC1=N)C1CC1,7.785351372202218
OC1CCCC2CCC12,8.860002095459263
CC(CCC(N)=O)C#N,7.41080817296386
C1C23COC12CCOC3,8.143542353783772
O=C1CN2C3COC3C12,5.3330156590390825
C#CC1(CC1)NCC=O,5.8745742866587065
CC1CC1(CC#C)C=O,6.041749393672804
OC1CC2OC12C1CO1,8.410102024440759
CC1C2C3NC3C12C=O,5.704230210406191
CC(=O)C(C#C)N1CC1,5.785153525181237
C1C2OCC3COC1C23,8.450097144879518
CC1C2N(C=O)C1C2=O,5.93515161391993
CC1OC2C1=CCC2=O,5.776527975299379
CCC(CC1CO1)C#C,8.498634088276223
N#CC1OC2C=CCC12,6.604428957407552
Cn1cnc(nc1=O)N,5.003133787756844
CCC(C)NC(=N)C=O,4.593682252916559
CC1=C(OC=N)ON=N1,5.985359422804308
O=C1CC2(CC1N2)C#C,5.944139423269951
CC1(C(=O)C2(O1)CC2)C,5.95165817206496
CC(O)(C#C)C(=O)C#N,5.098178950025977
O=C1CC2C3COC1C23,5.732590784719043
O=CC12C3COC1CN23,5.598142716677809
CC1CCC11CC1C=O,6.038318113020436
CCC(CC(N)=O)OC,7.472533981268741
CCC1(C)C(O)C1C#C,7.775786618483436
CC12CC3CC(=O)N1C23,6.520431363540581
CC1(C)CCCC(=N)O1,7.721500752584275
CC(=O)C12NC1CC=C2,5.721232838462534
NC(C#N)C1OCC1O,7.315969000040146
O=C1CC2NC11CNC21,5.5253199112803095
CC(=N)Nc1ccon1,5.770180928054733
C1C2C=CC11CCCC21,6.560637225423148
CC12CC1(C#C)C(O)C2,7.509504214101719
C#CCC1=CCC(=O)C1,6.025775715588086
CN1CC2(C)C3C1CN23,7.518601102409711
O=CC1COC(C=O)=N1,4.848162517281882
OCC1CC(O)(C1)C#N,7.877135922896516
CC1COC(=O)CC1C,7.485202849551172
CC1(COC(=O)CN1)C,6.759959017723914
OC1C(C=O)C1(O)C#C,5.6310355195394965
CC1CC2(OC12)C1CN1,8.518184682213036
CC1CC2(C)C(C)OC12,8.439962975930808
CC(=O)CNC(=O)CO,5.88544625679605
CC(CO)(C#C)C1CC1,8.293307186323888
OCC12CC1C1NC1C2,8.222164432589915
CC1(C)CC(O)C(=O)C1,6.011294005463034
CC(NC=O)C1NC1C,7.396156100383665
NC(=O)C1CC2OC2C1,7.366076312522372
CCC12CC1(CO2)OC,8.215734720813636
CC1C(OC=N)C2CN12,7.216801886414018
O=C1CNC2CC12C#C,5.649972050902849
CC#CCCC(C)C=O,6.015368924476541
CC(=N)Nc1cnno1,5.61954450040705
OC1C2NC2C11CN1,8.004392852716602
C1C2OCOC3CC12C3,8.609643501904728
CCC(C#C)C(O)C#N,7.859448165342791
CC1C2CC2CC11CC1,9.15792324992073
OC1C2CCCC1C=C2,6.954479023565474
N=C1NC(=O)CN1C=O,5.842457157104999
CC1(C)NC(=O)OC1=N,7.085590450565997
CC1C(=O)C(C)C11CC1,5.9669732009654375
CC1(C)CCCC1(C)O,8.708587283887265
CC1CCCCCCO1,8.740107982489228
COC(C)C1(CO1)C=O,5.8897679734732815
CCC1C(C)CN1C=O,7.171005961729644
N=C(OC=O)C1CC1,6.60821237681529
C1OCC2C3C4C3C2C14,8.53786174703179
CC1(O)CCOC1C#N,7.699512258063565
C1C=CC2OCCOC12,6.895938482037749
[NH3+]CC1(CC1)C([O-])=O,7.219856626090255
CN=C1OC2CC1C2O,7.2555655121371
CN1CC(=O)C(C)(O)C1,5.4225531772951605
CC1CC(=O)CN=CO1,5.853813006768985
OCC12OC1CC=C2,6.724153085161882
CC#CC12CC3C(C1)N23,7.105681909855036
CC1OCC(=O)OC1C,7.194168976541894
C1C2C3OC4CN(C13)C24,8.064119835341778
CC12NC1(C)C1(C)OC21,7.946431194189163
COC(C)C1OC1C#C,7.532527031353574
c1cc(cc(c1)O)CO,5.96870107985155
CC12C3N4CC1C4C23O,7.444346796057594
OCC(O)C12CC(C1)C2,8.716461789961476
CC#CCc1cc[nH]c1,6.592863367970435
CC1CCNC(=O)CC1,7.320191098182228
CC1C(O)C(C)C1(C)C,8.53349767675465
CC1C(C)C11CC(C)O1,8.308151315569644
CCC1(NC1CO)C#N,7.571802862337018
CC12COC1(C)CO2,8.239663265063234
c1c(con1)C2CC2,6.5992912809550734
CC1CCCOC(C)=N1,7.045368275066398
OC1CCC1COC=N,7.539762445917741
CNC(=O)CC#CC#N,6.114866144774698
NC(=O)C12OC1CC2=O,5.368421765509334
CC1C(C)(C)C11CCO1,8.255745924196539
CC1OC(C(C)=O)C1=O,5.376975795604146
CC1CN(C1)CC(=O)C,5.751334349646284
CC12C(O)C1C1CC2C1,8.666753824668024
CC1(OCC=C1)C1CN1,6.663552614831504
O=C1CCN2CC2C1,5.793702888544807
NC1=NC(O)=CC(=N)O1,5.311752472172088
CCC1CC(C)C(=N)O1,7.773415336553548
CC1CC(C=O)C=C1C,5.837510771869028
CC(C#C)C1=CNC=C1,6.559359567689823
C1CC2C1C1CCOC21,8.43960787751654
CCC(=O)n1nccn1,5.856109312185891
OC1C2CC(O)C12C#N,7.527267088374071
C1CN2CCCN=C2O1,7.0268561113250465
CCCC(O)C(=O)CO,6.332083975161202
CC1C(=O)OC1(C)C=O,6.022042617778196
NC1=C(OC=N1)C1CN1,5.755583352300022
O=C1C=CC2CN2C1=O,4.3468960355854325
C1C2C3OC4CC3C2C14,8.54233369715062
N#CC1CCCC11CC1,8.588211355117563
CCC#CC(C=O)C=O,5.548188151516701
CC(C)(C)C1(CC1)C#C,7.997240830047508
O=C1OCC2OC2C=C1,5.830449853443534
OC1(CC1)CC1OC1,8.899994503792277
Cc1cc(cnc1)OC,5.778473228882506
CCC1(COC=O)CN1,7.289234539269067
OC1(C#N)C2C3NC1C23,7.157032123496116
COC1(CO)CCC1C,8.61019845788012
N#CC12CC1OC1CC21,7.556827922234673
C1CN1c2[nH]nc(n2)O,6.775708375846413
NC1(CC1N1CC1)C#N,7.30586773996469
COC(C=O)C(C)(C)O,5.923384417109736
CC(CC=O)C1COC1,6.107047951691461
CC12CC(O1)C(=C2)C#N,5.618193883525343
CC1C2N3CC1C23C=O,5.804072925072308
CC12CC3C1N3CCC2,8.352657819096368
COC1C2CC1OC2,8.67934335024967
CC1CC2(CCO2)CO1,8.58035168618416
[O-]C(=O)C12CC1NC2=[NH2+],6.712177125102105
CN1CCC(=CC1=O)N,5.767410259602758
OC12CC1C1OC1CC2,8.69300047763939
COC12CC1N1CC21C,8.005389909821847
CC1C(OC1=O)C1CC1,7.586811471130016
CCC1OC2C(O)C2O1,8.445726316205944
O=C1CC2CCC3C2N13,6.614824797766978
N=C1CC(CC#C)O1,7.710381451799317
C#Cc1c(oc(n1)N)N,5.067190886440452
CC1OCC2C(C=O)C12,5.961452548458879
O=C1NCC2COC1O2,7.0773747401929565
CNc1cnnoc1=O,4.535044086996758
CN1C=C[C-](C#N)C1=[NH2+],4.943499544897439
CCC1(C)OCC2CC12,8.575828405726186
CC1(CC=O)NC1C#N,6.0115130730086355
CN1C2C1C1(O)CC21C,7.580721089856841
COc1c(cc([nH]1)N)O,6.18233634091609
CC(C#N)C1(O)CC1O,7.951842478322023
Cc1nc(no1)CC#N,6.767600799889246
CC1COC2CC2OC1,8.623150213373863
CC12OC3CC1C2(C)O3,8.562939077145712
C1NC11CC2OCC12,8.30971286202396
CNC12CNC1C2C#N,6.790137161231015
OC(C=O)C12CC1OC2,5.711643464888269
COCC1CC(=O)C1,6.148679403728337
C1OC2C=CCC3NC123,6.583330983307022
CC(CCC=O)C1CC1,6.2696555422981515
CCC1NC11COC1C,8.32698219948169
CC1(CCC11CC1)C#C,8.00214800165383
CCCc1cnon1,6.907413562553156
CCC12C3C4C(CC14)N23,8.288142061600562
C1C2CN1C1=C2C=CO1,5.81519385260018
COCC(C)C(O)C=O,6.083785838340943
CC1NC1C#CC1CN1,7.0515735491633125
OC12C3C1C1CC3C2=C1,5.059382124116714
CC(=O)c1conc1N,4.92931135355569
C1C2CC=CC3NC3C12,6.636325025239584
CC1(CN1C(=O)OC)C,7.897479590961975
CN(C=O)C1CCOC1,7.213765809112353
CC12CC1CCC2(C)C,8.980245839776968
c1c(nc(o1)CC=O)N,4.936175520866195
CC1CC(C)C11COC1,8.474485082316514
CN=C1OC2CCC1C2,7.342522422750827
CC(CC=O)CN1CC1,5.898615391599327
N#CC1CC2CCN2C1,7.177271167856265
CC1C2C=CC(O)C12C,6.5200899004935735
CCCC(O)CCC=O,6.233050328206748
CCCc1nc(no1)N,6.354385812712751
CC1CC=C(C1)NC=O,6.091771390366236
COc1cncnc1N,5.282949611589074
OC1CC11COC2CC12,8.286472345143704
OC1CC(OC=N)C1=O,5.849422562371507
CC1(CO)CC(O1)C=O,5.870395779307133
CN=C1OCC2CC1C2,7.351900228024791
OCC12CN1CCC2O,7.963749259268896
CC1(OC1C=O)C1CO1,5.976442283819801
CC(C)c1nccn1C,6.754046448505024
CC#CC1N=CNC1=N,5.923694833065142
COC(C=O)C#CC=O,5.263081049283643
CC#CC1(CN1)C=O,5.783274357943885
CN1CC2(O)C1C2(C)C,7.351192187940034
OC12COC1CCCC2,8.41188118029086
OC1CNC1(C=O)C#C,5.533532570681435
COC1(C)CC(=O)C1O,5.849384030789265
O=C1OC2C3N4CC13C24,6.188962563863636
C1C2COC=NC1C=C2,6.40433988201369
CC1N2CC3(CC3)C12C,8.436156489903771
O=COC1CC2NC12,7.186793380692313
c1cc(c(nc1)C=O)N,4.464088157864905
CC1CNC2C1OC2=N,7.0308851422739815
ON=C1CC2C(C=O)C12,5.7540313718511875
C1C2N1CC21COC1,8.17630785717051
CC1C(O)C2C(O)CN12,7.631981811669675
CC1C(C)C(C)(C)C1=O,5.986480349734365
CNC(=O)C(C)C(N)=O,6.399900304608936
CC1=CC2(CN2)CC1=O,4.995267118286883
OC1C(C#C)C1(O)C#C,6.781746023021297
CC(C)c1ncc(o1)N,6.1490852382402466
CC#CC(C)(O)CCO,7.8321311565134355
CC1(C)CC2CCC2C1,9.400452775177058
COCCC1(CC1)C#N,8.169648825794203
CC1CNC2=C1C=NN2,6.040238242412502
CCCCc1cc[nH]n1,7.108974161424987
OCC1C2NC1C2C#N,7.293810050222454
CN(CCCO)CC=O,5.742528252697035
CCC1COCCC1=O,6.04724441860454
Cc1conc1C(=O)N,5.715648145178823
CC(=NO)C1(CC1)CO,6.681605500422888
CC1(CN1)C1=COC=N1,6.418910350448378
CC1CC1(CCO)C#N,8.229815873363195
O=C1OCCCC2NC12,6.882912181233892
CCC1C(C)C1C1CC1,9.03611001249275
C1CCC(=CC1)CC=O,5.919322233008829
C#CC1COCCOC1,7.760640683625448
CC1OC2=NCCCC12,7.29342770288077
C1CC1C#CCCC#N,7.593242119385446
CCC(=O)OCC(C)O,7.604733800735458
Cc1[nH]c2c(n1)con2,5.515942768497538
CC#CC1(C)NCC1=O,5.746994811874276
OC12CC(=O)C1C2C=O,5.7286338455306955
CC(C)C1(CC(=O)C1)C,6.045616824890072
O=C1NC=C(O1)C1CO1,6.454539299377785
CC1C2CC1C(=O)CO2,5.756612900010279
CC1C2C(CN12)C(C)=O,5.8137503974904075
CN1CC11CCCC1O,8.026880741586766
CC(O)(C#C)C(O)C#C,7.4918918652213105
CCC1(O)CC2NC2C1,8.26121641406952
CC(O)C12CC1OCC2,8.287416841739805
CCOC(C#N)C(C)C,8.197815927355876
CCC(=O)NC(C)CO,7.457748521724472
CC12CC3CC1(C)C23C,8.477248549185052
O=COC1CC=CC1=O,5.257403274436422
O=CC1C2C3CCN1C23,5.570803454667424
CC1CN(C)C1(C)C#N,7.032989579945754
CC(=O)C1CCN=CO1,5.901579352494408
CCC12CC1OCO2,8.806545447601046
C1=C(C(=O)NC1=O)CO,4.974892683720173
O=C1CC23COC2C1N3,5.569581735558075
N=COC1(CNC1)C#C,7.000367485801812
C1CCCC(CC1)C#N,8.986976728589397
CCC(=O)C#CC1CO1,5.445707397928907
OC12CCC1CC1OC21,8.737289102143595
CC1(C)CN2C3CC1C23,8.268995637241261
CC1(CO)CNC(=O)C1,7.4162928986975185
OC1CNC2=C1OC=C2,5.799602079470049
CC1(CC1)OC2CCC2,8.711715732862096
O=CC1CCCC2CC12,6.155734489019203
CNC(=O)C1CC(=O)O1,6.873702010886151
CCC1C2CCCOC12,8.605052844828146
CC(=O)C1=CC2CC2C1,5.1630144808210305
CC12C3C1C1OC3C21C,8.280219120427073
c1c(c2c(o1)NCC2)N,5.847165700515893
OC1CCC2COC12,8.46124268595131
N=C1C2C3NC(=O)N1C23,6.592829094234203
Cc1c(=O)ncncn1,4.414056062681179
CCN=C1OC(C)C=C1,5.80053096251305
C1OC1C1CCC2CN12,8.462468836085673
N#CC1OC2OC1C=C2,6.614766114680758
N=C1NC2C(OC12)C#N,6.8290049578221375
CC1(C)CC11CC2NC12,8.24731211218847
CC1(CC1)N=C2CCO2,7.1521482073630995
CCC12OC1(C)CC=C2,6.7242285550619805
CC1OC11C2CN2C1=N,6.576163063412174
COC12C(C)C3C1OC23,8.184826771033231
CC1C2CC3N2C13C=O,5.902345730936318
CC1CC2OC1C=C2,6.651044936524116
CC12NC(=O)OC1C2O,7.8963918022660575
NC1=C2CCN2C(=O)O1,6.17361884608016
C1CCOC(=O)COC1,7.01521535485173
OC1(CNC1C=O)C#C,5.570592823078913
O=C1CC2NC3C2NC13,5.6067978723245915
CC12C=CC3CC1C23C,5.920048933382789
CC12COCC=CC1N2,6.57737377845363
OC12CC3C1N3C21CC1,7.985444450510633
CC1CC11CC(=N)O1,7.583214494168618
CC1CCC1(CO)C#N,8.296604887044746
CC(O)C1CC(=O)C1C,5.9911595552208805
CC(C)CC(O)CC=O,6.189929268557162
CC1(C)CC2N=COC12,7.226805254958747
CC1OCC(C)C(C)=C1,6.962337133316572
C1OC23CC4OC2CC134,7.952401777100102
O=COC1C2C3CN3C12,6.753892353514986
C1C2OCC3=CCN1C23,5.921664889206028
CCC1=CCN(C1)C=O,6.6210233487090955
CC(=O)N1CCC2CC12,7.0623745969557365
COC(C)C(C)(C)C#N,8.275414420404868
OCC12CC1CC(=O)C2,6.135423191106312
CC(=O)CCCC1CC1,6.407768925374865
C1CC2NC2C=CC=C1,5.311903829080065
CC1C23CCC12OCO3,8.134240978589615
CCC1(CCO)CC1C,9.034334676992435
CC1C2OC1(C#N)C2N,6.924703032546842
CC12NC1C(O)C1NC21,7.854833178231313
CCC12COC1C2C#N,7.537768656793602
CN1CC1C1(CC1)C#N,7.1196847487862955
CC12CC(O)C1OCO2,8.465041018498178
CC12CC=CC3OC1C23,6.367173249464221
C1C2N1CC21CCCO1,8.2103789739819
COCC(O)(CO)C#N,7.710052508255349
CC1(C)CC(C=C1)C#N,7.066998356702301
OCC#CC(C=O)C#C,5.922478702586265
CC1(CO1)C1COC1=O,7.372447619422386
CC12CCC1N2C(N)=O,7.565583466854877
C1C2OCOC3CC2C13,8.583959388506177
O=CC1C2CC(C#C)N12,5.696437238975312
CN1CC2(O)CC=CC12,6.252975395134311
CNC1CC1(C#C)C#N,6.864517502884073
OC1C2N3CC3CC12O,7.749254501665064
CC1N(C)C11C2CC1O2,8.293027375670844
CC1(O)C2OC3CC2C13,8.282163980393673
OC12C3C=CN(C13)C2=N,5.396207642318096
C1CC2(CC2)CCOC1,8.682154979509624
CC1(COCO1)C1CO1,9.016336283671466
C#CCc1c[nH]nc1N,6.08766989835071
CN1CC1CC(C)=O,5.868613317967653
CCN=C1OC(C)C1N,7.222988739439796
CC12CC3C1CCC23O,8.736921760808851
OCC12CCC1OC2=N,7.567750819658165
CC1C2CC(=NO)C12C,6.668792549528299
C1OC2C3NC3C2=C1,6.022990698284408
COC1C2NC2(C)C1C,8.316690362250172
C1CC(O1)C1OCC=C1,6.771433951809134
N=COC1CC2(CO2)C1,7.53196258994897
OC1CC23COC2C1O3,7.935680623014479
CC(CC#C)(CO)CO,8.165106957543015
C1C2COC3CN1C23,8.03772711912795
OC1CC11NC(=O)C1O,6.94770561726752
CC1C=CC2C3OC3C12,6.774819822630906
COC12C3CC1CC23O,8.185089815697902
CC1(C)NC11CCC=C1,6.645522925309519
O=CNC1CC=CC1,6.922602345367034
CC1=CC(=N)OC1(C)C,6.054614462116357
CC1COCC=C1C#N,5.989663835557697
OC1CC2OC1CCO2,8.726255543458725
OC1C2OC1C2CC#C,7.6545618455796
C1OC2C1C21CC2OC12,8.084861921176074
C#CC1=C2COC2CC1,5.397415935876339
COC(=O)C(C)C(N)=O,6.553741766422814
N#CC12CC(C1)CO2,7.589273180711792
C1CC11N2C3CC=C1C23,4.9602700888816775
COCc1c(nco1)O,6.164416772820071
CCc1c(c(co1)N)C,6.094382506363304
COCC(O)CC#C,8.106658887383457
Cc1cccc(=O)cc1,4.420527239105622
CC(O)C(C)C(C)=NO,6.8838891332086405
CC1(O)CN2CCC12,7.875744017730961
C1C2NC3=CC=NN3C12,6.348543808347271
CCC(OC=N)C#C,7.594254589306008
CC(C)Nc1conn1,5.537606605128946
c1cc2c(nc1)CCO2,5.825632261903754
OCC1OC11CC2CC12,8.748438803891887
CC1CC2(CN2)C(=O)N1,6.9610115216648465
Cc1c(c(no1)N)CO,6.15353593625268
OCC1CC23CC(C2)C13,8.895615163526998
CC1C=C2COC3C1C23,6.072832938848473
CCOCC(C)(C)C#C,8.300097204049678
CC1=CC(=O)[CH-]OC1=[NH2+],4.787208314247871
CC1=CCOCCOC1,6.738811837796568
Cc1cc(no1)CO,6.7278549419489675
Cc1cc(=O)c(co1)C,5.121102958845655
CC1C2CC=CC(=O)N12,5.451428560626686
CC1CN(C=O)C=C1C,5.835951573282586
OC1CN(C=N)C(=O)C1,6.2965281996624025
CN1C(=N)NN=C1C=O,4.639620214199475
CC1=CNC(=O)OCC1,6.260523134886989
[O-]C(=O)C1[NH+]=CN2CC12,6.351872896297268
O=C1CC2OC12CC#C,5.821703998610765
CC1NC=C(C=O)C1C,5.028894577281516
c1c2c(on1)CC(=O)C2,5.485227313696543
Cn1cnc2c1COC2,6.549421419788629
CCCC1COCC=C1,7.079537203469803
CC(CO)C#CC(N)=O,6.430968013299023
CN(C)CC(CO)C#N,7.025588295578814
C#CCOc1cnoc1,6.231015709644417
COC(C)C1(C)CCO1,8.62598148489863
N=C1C=CON=C1C=O,4.620350151030777
COC1OC(=O)C2NC12,6.9349119558476255
CCC1(C#C)C2CCC12,7.690051006487071
c1c(c([nH]c1N)O)C=O,4.500694297821783
CCOC(COC)C#N,7.940200951016816
CC1CC2(CC12O)C=O,5.921920271731881
C1CC2COCC2C1,8.830198175871141
OCC(C1CN1)N1CC1,8.02423839841633
OC12C=CCC3C1OC23,6.414805959054185
OCC1NCCCC1=O,5.646662924878903
N#CCC1OCC11CN1,7.571556423719844
CCC12CC1(CC2)C=O,5.9792444640043865
CC1COCC2CN2C1,8.273151281279876
CC12C(O)C1COC2=O,7.266548318735535
CCC1(CC#N)CC1C,8.649204052758755
CCC12CC1(CC)OC2,8.274661315751061
CC(CCOC=N)C=O,6.123081267809596
CC(OC1CC1)C#N,8.076395965921794
CCCc1conc1O,6.538406201474279
Cc1cc(c([nH]1)N)C#C,5.455233563973867
CC(CC#N)OC(N)=O,8.267995376946242
O=C1CCC2CC3C1N23,5.810476394203515
CC1C2OC2C2OCC12,8.460799600327693
NC12C3NC3C1C2C#N,6.719592025548143
O=C1OC2CC=CC2=C1,5.526524048904083
OC12CC1(O)C1(CC1)C2,8.10961694808693
COCCN=COC=O,6.463248239119283
CC12CN1C(=O)C2O,6.493248408315123
C1CC12CNC(=O)CO2,7.063331861935502
CC1CNC1(C#N)C#N,6.892039062867598
CNC1(C)C(O)C1C#N,7.204642023058991
CC12CC3(C)C=CC1N23,5.960551453190912
OC1=CC=CN=CC1=N,4.119246181182358
CC1(C)OC1(C)C=O,6.023014686418744
OCC1CC1(O)CC#N,7.970656452894741
O=CC1C2CC2C2CC12,6.006959693245733
CC#CCC1CCC1C,8.215588343259315
Cc1nc2c(o1)nc[nH]2,5.653332081798328
CC12CC3C1C1(CC1)N23,8.658170531541412
CC#CC12CC1CC2O,7.44959686446661
CC1CC2N=CNC2=N1,5.958155477349482
CC1C2C3C(O)C3CN12,7.672607153385282
C#Cc1cocc1CO,5.803831140810058
CC1=C(COC1)CCO,6.7070508226483385
C1C(CO1)CNCC#N,7.2126023593959605
OC12CC3=CCOC1C23,5.894830931450999
CC12NC1CCC2=NO,6.483703601870561
[NH3+]C1(CCC=C1)C([O-])=O,6.490012268699436
O=C1CCNC(C1)C#N,5.667031125529214
CC(C)C12CC(C1)OC2,8.637910831111277
O=CNC1C2COCC12,7.247307466015541
OCC1COC2COC12,8.4536812540022
CC1C2C(O)C1C21CC1,8.905457058344279
CN=C1C=CC(=O)N1C,5.052098497943485
COCC1=COC(=N)O1,6.525156110000934
Cc1cc(oc1)N2CC2,6.052883606647073
CCC1(C)C(O)C1CO,8.314931422791922
CC1(CO)OC11CCC1,8.726890313396712
O=C1NC2CC2CCO1,7.801897381190562
CN1CC2OC3C2CC13,7.66979803680867
CC1=CC(O)(CC1)C=O,5.678233586142655
CC12CC1C1CC(C1)O2,8.61395930986922
CCC(OC1CC1)C=O,6.006990535138376
CCOC1(CC)CC1O,8.456279562439416
O=CC1NC1(C=O)C=O,5.597327248205318
CC1(C)CCC1(C)CO,8.909469018936546
CC12CC1CC1CCC21,9.097985789804028
CC#Cc1cn(nn1)C,5.790759546042399
[NH3+]CC(O)C#CC([O-])=O,6.205189170593562
CCC1(C)C2OC2C1=O,5.816538600083591
CC#CC1CC2C(C)C12,7.846720204124126
CC12NCC1(C#N)C2N,6.821698136928444
CC1(CC1O)C1CCO1,8.242780933527676
OC1C(=O)C2C3CC12O3,5.919414809315644
O=C1CC2C3CC3C2N1,7.261894224906427
CC1OC2(COC12)C#N,7.120454901004038
OCCC1CC2(O)CC12,8.638731866159432
COC(=O)C#CC1CC1,6.331252826525026
CC1C(C#C)N(C)C1=O,7.064305758454632
CCC1OC(=O)OC1=N,7.536016838267335
CC1=CCOC1(C)CO,6.8209822036256
OC1CC1(OC=N)C#N,7.19283040162819
CNc1cc(oc1)NC,5.9530137639352025
CN1CCCCC1=O,7.2433168286534
CC1C2CN1C2C(N)=O,6.870232599875621
C1C2NC1C1=C2OC=N1,6.2595454424105315
OC12CC1C1NC2C1=O,6.162411365342227
NC1=NC(C#C)C(=O)C1,5.603596216921892
O=CC1CCC11CC1,6.041244581289758
CCC(C)C1CC1CO,9.113647457134245
CC1C2OCC3CN1C23,7.897804740236667
OC12CN=C3OCC1C23,6.380239850199902
N=C1CCNCC(=O)O1,6.470660245537908
CC1CC2C(CCO)N12,8.056512277036868
CN1CCC2CC2C1=O,7.12361382171709
CC(OC=N)C#CC#N,6.425484553045199
CC1OCC(CO1)C#C,8.044967556938822
CC1(CO1)C1OCCO1,9.041618546785182
N=C1OC2CC12OC=O,6.829866950733452
CC(O)C12CC1CC2,8.777741843795221
Cc1c(ncoc1=O)O,4.94224404947518
CC1=CC(=[NH2+])C([O-])=CO1,4.522669577494749
OC1C(CC11CO1)C#N,7.856565763595382
OC1CC2CN2C1C#C,7.293076697379853
COC1CC2C3OC1C23,8.337518256102472
O=C1CC2CC1C=CC2,5.894662514920064
CC12OC1C1(C)CC2O1,8.665734081588809
CC1NC11CCC(=O)C1,5.979770285764303
CCc1cnccc1O,5.950749479130013
CC12OC1C(=O)CC2=O,5.149232832385852
CC12CC1(C)CC(=O)C2,6.07494165714256
C1CC(C1)OC2CCC2,8.803795935559855
O=C1C2NC2C1CC#N,5.912958715050375
CC1C(C#CC=O)N1C,5.038671047286466
NC(=O)C12OC1CC=C2,6.184119138441944
Cc1c(c[nH]c1O)C#C,5.622290887228438
CCc1c(cc(o1)C)C,6.241888916993377
Cc1c(onn1)C2CC2,6.102533665769681
NC(=O)C1CCOC1=O,6.6964346739418215
C#CCC1C2CCCC12,8.236666870733444
CC(=O)CCC1COC1,6.234329538032887
C1NC1C12CC(C1)O2,8.38518012774504
CC1=CC(=O)C2CC1O2,5.049504501802281
O=CCC1(CC#N)CN1,6.056870510062718
c1c[nH]cc1OC2CC2,6.3461099777736
CCC1C2OCOC12C,8.615172379506316
CC12C3NC11CCN2C31,7.673591740158378
OCC12C3C(O)C1CN23,8.098279352986486
CNc1coc(c1N)O,5.85995430387586
CCC#CCC#CCC,7.616388906975324
CCC(=NC)OC=O,6.5428257227211954
CC#CC(C)(C=O)C#C,5.808804032248881
C1C2CC3N=COC2C13,7.143848240518826
C(CN=COC=O)C#N,6.6712781979397064
CC12CC1(C)OC(=O)N2,8.16018292296315
CC12CCOC1CC2O,8.32081025271933
CCC1OC2C(C#C)C12,7.647517543551217
C1C=CC(=O)CC1=NO,5.018100545379244
CCC12OC1C1NC21,7.734719371639459
CC12COC(CC1=O)C2,5.935612955793768
CC1(C)C2CC(CO)N12,8.019716284662568
CC1(CNC(=O)N1)C#C,7.547691911219657
OCC(=O)C12CC1OC2,5.896132587126206
CC(=O)C(=O)N1CC1,4.629729112497964
CCC1(CC(=O)C1)C#C,5.967376328399014
OCC1CC2OC(=O)C12,7.381152066583944
O=C1COC(=O)C11CN1,5.2549184937883
OCC12CC1N=COC2,7.107359084644317
C1C2CC3CCC=CC123,6.856454649565528
[O-]C(=O)C1C2C3[NH2+]C1C23,6.913820298973096
CCC#CC1CC1(C)O,7.521840535329233
CCC1COCC1(C)C,8.581413497562117
OC12CC1(CC2)C1CO1,8.561485635409912
CC1(O)CCCC=CC1,7.1957280362254386
OC(C#C)C1NC1C#N,7.39541554916794
C1C2CC1OCCCC2,8.340945596106401
CC1(COC1=NC)C,7.46154224105908
COCC1(C)CC2OC12,8.870565402996855
CC12OCC1C2C1CO1,8.380521097057347
C#CC12CCC1CCC2,8.108315450532505
CC1CCCC(C1)=NO,6.936446703713361
OC1C2OC1C2C1CN1,8.393842417367674
CC1N2CC2(C)C1=O,5.9991477471346615
O=CNCC(C#C)C#N,7.305681802005696
OC12C3CC3C1CC2=O,5.941953943064057
C#CC12CCC1OC=N2,6.977846008160908
CC1C2C3(O)CC3C12O,7.63465924467819
CC12CC1CC2CC#C,8.219529159687331
CC12CCC(C1)C(=O)O2,7.44300786599701
CCC1NC(=O)C11CN1,7.051892584078394
CC1CC1C1CCO1,8.713196334881173
CC(=O)COCCC#N,6.270349303437582
CC1(OC2C(O)C12)C#C,7.202395236941079
C#CC1CC11COC=N1,6.76914515269192
CC(CNC(C)=O)C#N,7.4243347145641
OC1CC(C1)C1CO1,8.921799172620808
CC1OCCC2C1N2C,8.008750635714959
COC1CC1CC1CO1,9.033092668595561
C#CCCNC(=O)N,7.585521261666042
CCc1ccc(cn1)N,5.364280271361762
OC12CN(C1)CC2C=O,5.652267744979821
CC12CC(=O)C1(N2)C#N,5.91195946567734
CC(=O)OC1CC2OC12,7.438664668269777
CCC1=CCN=COC1,6.518257221265341
N#CC1C2CC2C2CC12,7.967289461593496
NC12C3OC1CC23C#N,6.979042399869337
CC1OCC11CCC1O,8.251233518107743
CCC1OC(C)(C)C1=O,5.927364600932929
C1CC2OC1CC1NC21,8.297791892117822
C#CCC1=NCC(=O)O1,6.329362080556258
O=CC12CC3C(CN13)C2,5.673766358778642
CC1=CCCC(O)C=C1,5.278462750727538
CCC1CCC(C)=CC1,7.106882376398046
NC(=O)CC1CCCO1,7.448327085161025
CCC1OCC(C)C=C1,6.996497850798769
N=C1OC2C3NC=C1C23,5.35114775308645
O=C1CNC(=O)C2CC12,5.824279277837139
CC(C)C1OCCC1O,8.44158906709747
CCc1c(=O)[nH]ncn1,4.812539264855543
CN1CC2OC(=O)CC12,6.542358611891054
CC1NC1(CCO)C#C,7.551375614929969
COC1CC2C(O)C12O,8.096545609132345
CC#CC1(C)CCC1=O,5.826103232822119
c1c(nco1)C(=O)CO,5.422090376253868
O=C1NCCC11CN1,7.094066296150948
[O-]C(=O)C1CC2C[NH+]1C2,6.889283780572641
CC1(CO)CCC1C#C,8.211248376078068
CC1OC(=O)C2CC1C2,7.36800559542422
OC(C=O)(C#N)C1CN1,5.78425807755516
CC1CC1(C=O)C(C)=O,5.663204494877096
CC1=CC(C)(O)CC1,7.005388159363013
CC1(CCO)COC1=O,7.3809029445372225
O=C1C2COC2C1C#C,5.660807884654491
OCC12CC1OC2C#N,7.3271124113159685
CCC1CC2(NC12)C#C,7.265897796271172
C1C2CC1C21CCC=C1,6.865232536107879
CC#Cc1c[nH]c(n1)C,5.581235439819064
CC1(CC1)N1CC1C=O,5.743200517675478
CC1C=C(NC1=O)C=O,4.889058579714909
OC1CC11OCC2OC12,8.251483980738858
O=CC1CC2C3CN1C23,5.598766692976752
CC1=CC(C)(CO)OC1,6.824430852309705
O=C1N2CC2C11CCO1,6.325352354078437
Cc1c(c[nH]n1)OC,6.411579059905817
CC12CC3CC1C3C=C2,6.536084904493344
COC(C#N)C#CC,7.443751416487683
NC1=CC(=O)CC1C#C,5.4243715127342105
CN1C2COC(C#N)C12,7.062214633632333
OC12C3COC(C13)C2=O,5.900972112999803
CC1CCOC(C)OC1,9.049536207793398
c1c(c(c[nH]c1=O)O)N,4.802175696520893
CC1OCC(CO)=C1,6.782607095743684
COCC12CC(O1)C2=O,6.136906441113752
CC1C(O)C2(C)COC12,8.169236771373699
CC(C)NC(=[NH2+])C([O-])=O,5.723680423420952
CC([NH3+])C#CC([O-])=O,6.230034194272363
C1C=C(CC(=O)O1)CO,6.6236629205318
C1COC=NC12COC2,7.181741827247597
c1c(c(c[nH]1)O)N2CC2,6.1406771955499595
C1OC2C3CC1CC2O3,8.394874197908962
CC1CC2=CNC(=O)N12,6.22124047653741
N#CCC1NC1CC#N,7.605939660391316
OC12CC3C(N3C1)C2=O,5.826082719810981
COC12CC1(NC2)C=O,5.604414249126567
C#CC(=O)N1CC=CC1,5.667007068296612
CC1CCC(O)COC1,8.613381565835711
OC12COC1C1COC21,7.74778576754415
CC12CNC(=O)C1(C)N2,6.902014379678878
N=CN1C2CCC2C1=O,6.253140467284856
CN1CCOC(=O)C=C1,5.633936290428984
COCC#CC(C)C=O,6.028302370478972
OC1C2C1C1(CN1)C2O,8.012021364269918
C#CCC1CC=CCO1,7.129418190252814
OCC1C2CN1CC2=O,5.7457510644207215
CC1OCCC2(C)CC12,8.626489949713866
CCC(C#C)C1(C)CO1,8.330872183412387
CCC1CC2(C)CC1C2,9.705119577765734
CC1CC(=N)OC1(C)C,7.813035095143855
O=C1C2CNC1C=CC2,5.533712232161385
CN1C2CC3(CC3O)C12,7.890056005098806
c1c([nH]c(=O)[nH]1)CC=O,5.151896726174335
CC1(C#C)C(O)CC1=O,5.819335241965218
CCn1ccnc1C#N,5.964215473999498
Cn1cnc2c1noc2,5.711727394819581
C1CC=CC2(CC2)C=C1,6.451413951762023
CC1CC1(C)CCC=O,6.183102170401464
CC1NC(=O)C=CC1C,5.6498923673015335
CNc1c[nH]nc1C=O,4.639562346001945
COc1ccc(o1)N,6.082825148199962
CC(=O)C(=NCC#C)N,5.045886413674587
OC1CC2(O)CCC12,8.442102824539745
ON=C1C=CC2CC1C2,5.491361923046882
NC(=O)C1CC2CC2C1,7.510432337930768
CC1(CO)CC1C1CO1,8.842385760978248
CC1C2COC1C21CC1,8.726700536262577
CC1C2NC2C11COC1,8.210408418863935
CC1(CO)C2COC12C,8.135749125049736
CC1NC(=O)C(O)C=C1,6.30807950212613
N=COC(C#C)C1CO1,7.281813475690251
OCC1CCCC=C1,7.266966639986091
O=CC1CC2(CC12)C#C,5.8612535874563125
OC12CN(C1)CC21CO1,8.32268335264768
CC1CN(CC1O)C=O,7.205471453451719
CC1CC2CC1C2O,8.91651026680929
CCCN=C1OCC1O,7.368765197992514
CCC12C(O)C1OC2=N,7.397860206016932
CN1C2C=CC(O)C12,6.202800654487449
CC1C2C3OC1C(O)C23,8.366775685036068
CC12CN1C(C)(C2)C=O,5.7653323431606385
CN=C1OC2(C)CC12N,6.902289797125469
C(CC1COC1)C1CO1,8.979384537623535
OC1(COC1=O)C1CN1,6.83341705609353
CCC(O)C#CC1CO1,7.36425900132984
COC(C)C(=O)CC=O,5.581811097280644
OC1(CC1C1CO1)C#C,7.555758527897282
CCC1(CC1C)NC=O,7.50574940583424
C#CCNc1ccoc1,5.888918151762841
OC1(CCC(=O)C1)C#N,5.967295156004003
OCC12CC(O1)C1OC21,8.445556096289748
CC1CC2CCCC1O2,8.56145427726338
CNc1c([nH]cn1)CO,6.0243903356305095
OC1CC11N=CNC1=O,6.0461579825496194
C#CCC1COC=NC1,7.281849742131827
COCC(OC)C1CO1,8.806372605535168
CC(C)C1(C)CC(=N)O1,7.826858185574661
CCC1C(O)C1OC=N,7.430025716449158
C1CC(C1)C(C=O)C=O,5.59740927466756
COC1C(C)CC1(C)O,8.590685031664211
c1coc2c1[nH]c(c2)N,5.628147980840024
CCOC1(C)CC1C#C,7.79848742619848
COC(CO)C#CC,7.74361632457641
CC12CC3(C)C1OC23C,8.378447506328712
Cc1cn2cnoc2n1,5.611079977891799
C1C(=O)CC1(CO)C=O,5.789163831289818
CC1=C(C)C(O)C2CC12,6.497276533671381
CC1NC(C=O)C1C#N,5.680035946383593
O=C1CC2CC2N=CO1,6.371282235395078
OC1CC2(CCO2)C=C1,6.69353545629273
[O-]C(=O)C12CC(C1)[NH2+]C2,7.0502669145045695
CC1C2CC(=O)C(C)C12,6.059635287685526
CC(=O)N1CC=CC1=O,5.42431283401838
CCC#CCCC1CO1,8.210981530213271
Cn1c(=O)ccnc1N,4.905751982267858
CC1OCC=C1CO,6.792364873873634
C#CC1CCC(O1)C#C,7.575092838635232
CC1C(O)C2OCC=C12,6.444139630928232
CCC1CC1(C)C1CO1,9.16173439743662
CC1C=CC2C3CC3C12,6.780247249748724
COC1CC(C1)C(N)=O,7.411308735427067
CC1CC2C3CC3C2O1,8.480777331907252
CC1(NC2CC12O)C#C,6.935054780016243
CC1OCC2(C)CC12C,8.42798708841126
CC1C2C3C4N1C2C34C,8.113884671778568
CCNC(=O)C1NC1C,7.03163490324647
CC(O)C1(COC1)C#N,7.651226436639982
C#CCC1(CO1)C1CN1,7.743647723759968
C1C(=NO)C2(O1)COC2,6.505755336891362
Cc1cnc(=O)oc1O,4.977425265788994
O=C1CC2(CN2)C2CC12,6.031082572159172
OCC1CN2C(C#C)C12,7.176933842127733
O=C1CC2(CN2)C1C#N,5.783349250726186
CC1(C)CC2CC=CC12,6.8808146757669935
O=C1CC2NC(=O)CC12,5.948538052347385
CC1(CNC(=O)CN1)C,7.179934577917448
CC1(N)C(O)C1C#N,7.371057448367019
OCC12CC(CC=C1)O2,6.6318577135244094
CC(=O)C1C2CC2C1O,6.077510957733773
CC1(CC11CCO1)C#N,7.563245040191505
OCC1=NC(=N)NC=N1,4.817183410977498
CC1C2CC3C4C(C23)N14,8.330789197275212
CC1OCC2CC=CC12,7.005753975663616
CCC1C2OCC3C2N13,8.430850094126946
CC12C3CN3C1(C)C2O,7.722301844905763
c1nc2c(o1)C(=NC2)N,5.530668010109752
OC1CC2CC1OCO2,8.652115883694773
CC12CC1C1COC1C2,8.605957725739046
CC(C#N)C1(C)CC1O,8.325513014959304
CC1(O)C(O)COC1=N,7.4202581377238275
[O-]C(=O)C1OC2C[NH2+]C12,6.885059776048845
OC1C2OC(C=C2)C1O,6.559993406397047
NC1(C#N)C2C3CC3C12,6.814755468541698
CC1(COC1)CC#C,8.029936297825905
CC12CC3OCCC1C23,8.498678350358066
O=C1NC=C2CC=CC12,5.59118562441292
CC1CNC=CC(=O)N1,5.595210440952333
C1C2OC1C21CCCC1,8.538645961419432
Cc1ccnc(c1)O,5.788132823319312
CCOC(C)(C=O)C#C,5.85066255728928
CC1C(=O)CC=CC1=O,4.792988857422918
OCC1CC=C(CO)C1,7.053364333113684
O=CC(C#C)C1COC1,5.855387799217975
CCC1CCC(C)C=C1,7.149545263388186
CC1CC(C)(C)N1C=O,7.117621400202424
OC1C=CC2=C1N=CO2,5.161843194751644
CC#CCOCC#CC,7.422039528586553
CC1C(C#C)N1CC#C,6.941667675507585
COCC1=NCC(=N)N1,6.133520957744218
CN1CC(C1)(COC)O,7.696606637312969
CN=C1N(C)CC11CO1,6.4050196849940715
N=C1OCC2=C1COC2,5.8308519251338975
CN1CCCCCC1=O,7.219462184355992
CC(O)C#CC(O)C#N,7.4614517512057645
CC1COC2=C1C=CO2,6.106441422557538
OC1CC11C2CC2C1O,8.336686534439593
O=C1CN2C1C21CCC1,5.760863376337779
CC1C2CCC1(O2)C=O,5.82946819209079
CC1C2C3OC2C13C,8.528112451936089
CC1NC(C)C1(O)C#N,7.23380607921051
CC1CCN=COC1,7.162783713519692
CN1CC1(C)C(=O)C#N,4.726587995324034
CC(=O)NC(=N)CC#C,6.240820044899683
CC#CC1C2C3CC1N23,7.368095937711987
C#CCOC12CC(C1)C2,7.817061920360542
OC1CC(C#C)C1C=O,5.998328605730384
CC(CO)(C=O)C(N)=O,5.799529260492232
CC1CC2(CO)CC12C,8.606417686621228
COC(=O)C1(CCC1)O,6.995460222249328
COC1=NC=CC(=N)O1,5.019298435231223
CN1CCN2C3CC2C13,7.466634554874509
CN=COC1CC(O)C1,7.4227224482597
c1c2c(c(co2)N)[nH]n1,5.558468711619184
CC(C#N)C1OC1C#N,7.783796666174194
O=C1OC23CC12C=CC3,6.239661902613093
CC1C(O)CC1C(N)=O,7.346557371280873
N#CCCN1CC1C#N,7.328062296867625
OC1(CC=O)CC2NC12,5.993684073506225
CCC1=CC=CCC=C1,5.011402860263867
C1CN(C1=O)CC=O,5.8390131235215845
CC1C2OCC(C)C12,8.587693676970638
O=CC1=CCCC11CO1,5.052721594176582
CN1CCC1C(=O)C=O,3.662639457293608
COc1c(cco1)CO,6.333346083523864
c1c(cn[nH]1)NC2CC2,6.095585144139941
CN1CC11C2NC2C1O,7.788969330741659
CC1(CN(C1)C(=O)N)O,7.6686463948466645
CC1C2CC2CC2CC12,8.972581357193294
NC(=O)C1CCC2OC12,7.3279551182368
CC(C)C(O)C1(O)CC1,8.432272547624374
CC1(C)CC1CC=O,6.155657524043814
C1OC23C4C2C2C4C32O1,7.450087154579096
CC1(CN1)C#CCC#N,7.178677112324762
CC1C(C)C2C3CC3C12,8.696579087377629
C1C2CC=CC3CC12C3,6.792664684545282
CC1(CC1)C(C)(C)C#C,8.17691941671629
Cc1c(noc1OC)C,6.346656002872132
CC1OCCC11CO1,8.912385712511778
C1C2C=CC11C=CCN21,5.71658406860576
OC1C(=N)N2CC12C=O,5.54979814733926
CC1COC(=N)C1(C)O,7.584032113797824
CC1CC2CC(=O)NC12,7.374558144913336
OC1C2CC=CC1C2O,6.653489022331999
CC(O)C1CC=CC1=O,5.214412344922338
CC1(N)C2CC1(O2)C#N,6.919495249257945
O=CC1CC2CC2C1,6.12728877358999
C1C2NC2C2=NNC=C12,6.3893539969504225
C1C=CC(=O)N1C(=O)N,5.687952225675598
N=C1C=CN=CN1C=O,4.420065098274644
OC1CN=CN(C1)C=O,6.134057051419851
CCC1(CC1)NC(=O)C,7.462030303082907
CC1OC2CCN=C2O1,7.3436485494746675
CCC1(O)CC1C(N)=O,7.262818730172343
c1c(oc(c1N)N)C=O,4.6170748832608295
CCCCOCCC#C,8.314710141231672
O=C1CC2OC12C1CN1,5.683272495314565
CC1(CO)C2CC1OC2,8.416835184702624
CC1C=CC2=CON=C12,5.272821636164552
CC1C2C3CC2C13O,8.880801752017579
COC12CC3C(C1)C23,8.661542763541734
Cc1cc([nH]n1)CC#C,6.965582410894393
CNc1[nH]c(=O)ncn1,5.028287376163843
CC(C)(C)C(C)(C)C#C,8.54166215955301
CC12CNCC1(O2)C#N,6.797954796389449
OC1C2OC11CCOC21,7.887628283116002
CC(C)C(CC=O)C#C,6.11144332614032
CC1OC11C2OC2C1C,8.510530848476161
c1c(c(c([nH]1)CO)N)O,5.885451330003148
OCC1CC(=O)C11CO1,5.774935901356169
CC1COC(C#N)C1O,7.567554673742198
OCC#CC#CC1CN1,5.862784691729988
CC(O)CC1(CO1)C=O,5.956156941867464
CN1C2CC1(C=C2)C#C,5.983130811902075
CNC1=NC(C)C2OC12,6.374849899667314
CC#CCC1COC1,8.02916349648892
O=C1CCC11NC1C#C,5.806719358246783
CC(C)(C)C(=O)C1CC1,6.101816242287478
O=CCN1CC1C=O,5.619280168138472
OC1CC23CC(O2)C13O,7.866868194488555
Cn1c(ncn1)C2CC2,6.800397825320932
CC(C)Oc1cn[nH]n1,6.322585469381245
CC1OC(=N)OC1C#N,7.838855662875455
N#CC12CCOCC1N2,7.402467582207515
OC12CC1CNC2C#N,7.102828748771444
CC(C)(O)C1OC2CC12,8.237376891939535
CC(O)C1=COC=C1N,5.973431275205117
CC12COC1CCC2=O,5.849286065334763
N=COC1(CCC1)C#C,7.538723300424071
Cc1[nH]cc(n1)CC=O,5.436008724469587
CCC#CC1COCO1,7.709412631534955
O=C1CN2CCOCC12,5.396187550689435
CCCC1C(C)C1C#C,8.039906822952531
CC1C(=N)N2CC12C#N,6.792232407773842
O=C1OC2C3NC(=C1)C23,5.500176468238409
CC12CC(CC1O2)C#C,8.158831073786079
C1CC1C1C2C3OC1C23,8.499952756815942
CCC12CC1(C)CO2,8.340585599051613
CC1C(C)C(CO)C1C,8.941453009102197
OCC1NC1(C=O)C#N,5.851368906011965
CC1(NC1C1CN1)C=O,5.910826513437041
C(CO)C(C#N)(C#N)O,7.555165153102703
N=COC1CCC2NC12,7.212936056569783
O=CC1CN1CCC#C,5.847620610723993
CC1=C(NN=C1)C1CO1,6.719605448203894
C1CC1(CO)OC(=O)N,8.398549703472787
COC(C)C#CC1CC1,7.552475925994566
CC1OC(C)C(C)=C1C,6.7882962302882675
O=CCC1OC2CC2O1,6.100452601090228
CC1(C)CC(O1)C1CN1,8.415513424361883
COCC1CC=CC1C,7.108486097171719
COCC(=N)OC(C)=O,6.618077580707339
N=C1N=COC=CC1=O,4.682474904014141
O=CCCC1C2CC1C2,6.279724282172539
CCC12CC1OC(=O)O2,8.382246271007677
OC1C2CC11CC(=O)C21,6.0207289053236215
CC1C(C)=CC(=O)C1=O,3.853711488268189
CC1OC(C)C1(O)CO,8.264774520396752
[NH3+]CC1NC1CC([O-])=O,7.3206521450447815
CC1C2C3C4CCC13C24,8.929015164642415
COc1ncc(nn1)N,4.915710917142087
CC1CC1C1=NNN=C1,6.647872633982704
CCCN1C2C3OC3C12,7.553687409612065
OC1CC(O)(C#C)C1O,7.330370627604969
OC1C2OCC(C#C)C12,7.693815090256123
OC1(CC1)C1CCC=C1,7.039651144551254
CC12OC(=N)C1C1NC21,7.132691578028846
CC12CCCC=CC1N2,6.8024225712059945
CC1(C)OC1(C)C1CN1,8.675878836721303
NC(=O)N1C2CC1C2=O,5.939304609423687
CC1C=CCC=CC1C,6.730593968764369
CC(C=O)C1COC1=N,6.150656656385261
CC1(CO)C2C3CC2N13,8.163745857753696
O=C1CC2CCCCN12,6.955313249946473
CC1(CC1)OCCC#N,8.090218017883041
CCC1C2NC2CC1=O,5.946100474233541
CC12COC(CC1O)C2,8.429431165793114
CC1C2CC2C2OC12,8.940593349212218
C1COC(=N1)CC(=O)N,6.667121717109993
C1C=CC(N1)(C=O)C=O,5.333894109107782
COC1OC2CC1C2,9.068544055458933
CC12CC(C1)CCC=C2,6.932264994330259
OC1CC2NC(=O)C12,7.206727193932812
O=CC(C1CN1)C1CO1,5.903828012811259
c1cc(nc(c1O)O)O,5.569251431769484
OCC1=NC(=N)C=NO1,4.9705255147594745
OC12CCCC1C1NC21,8.222748336801002
OC1CC2OCC2C1O,8.261615733868444
CN1C2CC=CC1C2=O,5.510374032841248
CC1CC2(C1)NCC2=O,5.742165496410171
C1CN1C1C2C3CN2C13,7.9070645347350865
OC1C2C(=O)NC12C#C,6.511111095906037
CC1CC(C)C(CO)=C1,7.012688256688567
CC(O)CC1CC(O)C1,8.808901197368366
CC(C1CCC1)C(C)=O,6.246887864884229
O=CC(=O)C1CC2OC12,4.172417686380292
CC1CC2C(O)C(=O)C12,5.850204737733064
CC1(CC1)CNC=O,7.647397770972562
O=CC12CC(C1)N1CC21,5.849359520507489
CCC1OC2C1C2(C)C,8.362501559995449
C1OC2C1C1CC2C=C1,6.79821201513189
CCC#CC1(CC1)OC,7.458057492246178
O=CC12C3CC1CCC23,5.96250870989311
Cc1nc(n(n1)C=O)C,5.668964778491951
[NH3+][C-]1C=CC2=C1ON=N2,5.481682461511771
COC(=O)NCC1CO1,8.356069601805304
CCC1(CO)NC1C#N,7.537092874364671
CCCC1CC1(C)C#N,8.5646839495459
CC1(C)N2CC(O)C12C,7.890885966643908
c1cc(=O)nc[nH]c1=O,4.444637781515885
CC12CC1C(=O)C(N)=N2,4.784624778855083
CC1OC2CC3C2C13,8.617033555113663
CC(=NO)C1CC1C=O,5.826806602998296
OC1C2C3CC4C(C23)C14,8.408567206840635
N=C1OC2C3NC3CC12,7.184318834469758
CC(C)(CC1CC1)C=O,6.174783905167093
CC1CN1C1=NON=C1,5.83884944798471
COC=NCC(=O)C=O,4.187583566746671
CC(=O)c1c(ocn1)N,4.784456847452171
CN=C1OC2CC2C1=O,4.888999897511091
CCC1(C)CC2OCC12,8.47979477972224
CC1C2OC3CC2C13,8.83280926516411
c1cn(c(n1)O)CC#N,6.263802092765012
CC1C2(C)C3OC1(C)C23,8.351560349831157
CC12CC(C1)C(=O)C2O,6.185833803923132
O=C1C2CC3C4C(C23)N14,6.290918508960714
N=C1CC2CC(CO2)O1,7.610076538876166
CCC12CN(C1)CCO2,7.920096717825975
Cn1c(=O)[nH]cnc1=O,5.347924571895476
CC(=O)N1CCC(=O)C1,5.795433089978759
Cc1cc(n(c1)C)C=O,5.0142674293391805
N=C1N=CNC=C1C=O,4.340530760842876
CN1CC11CCC11CN1,8.052436121112539
CCC1CN1CCC#N,7.451839656416221
CCC(C#N)C(=O)NC,7.287504635538512
CC1(COC(=N)C1)C#C,7.613351027405265
CC1=CC2CC2(O)CC1,6.756536414249888
C1CC11CC2NC2C=C1,6.759190964441216
NC1=NCCC1(O)C=O,5.479694765369662
O=CC1=C2CC3C2N3C1,4.568027947771567
C1OC23CN(CC2)C13,7.927240635704191
C1OCC2(CC=CC2)O1,7.104404601333947
CC1(CC1)C1CN=CO1,7.292632492262737
CC1=CCC2COCC12,6.836414197935042
OC1C=CC2(CC2)C1O,6.622208211490777
CC1(C)CC1(O)CC=O,6.0778729721644975
C1OC2C3CC12CCC3,8.536259769730687
CC12NC1CC2(O)C=O,5.793911340553308
C1CC(C1)CNC=O,7.654373975308747
CCCc1nccnn1,5.559262991114674
OC1CC2C(O)CC=C12,6.545494373655413
CC1(CC1)NC(=N)C#N,5.7356247092126615
CC1C2CCC(=O)C12,6.058659539002718
CN1CC11CC(=O)C1O,5.595981836410586
COC1(C)CN2CCC12,8.025595004829981
CC1(CO1)C(=N)OC=O,6.585775986662593
CC1C(=O)CC11CCO1,5.788434688164815
CC12CC1C1CC2(C)O1,8.635476261577622
C1C2OC1C=CCC=C2,6.321261153770188
C1COCCC1CC#N,8.108920150428906
CC1(O)C2CC1N1CC21,8.153003352266435
O=C1NCC2(CC12)C#C,7.0317904932250705
CC(C)(O)C1(CO)CN1,8.29568532235308
CNC(=O)C1(CC1)O,7.122390348472122
CN1CC(C#N)C1CO,7.079798120811739
CC1OCCC2COC12,8.601252571178984
CCC(O)CC(=O)C#N,5.331216597317835
OC12C3CC4CC1C4C23,8.434781836334468
O=C1CC2C(O1)C1CN21,7.051214114815483
OC1=COC(=N1)C1CO1,6.03639752547518
CCC12CC(C1)(C2)C#N,8.673558375380722
CC1C2CC1(C)C21CN1,8.528910636731993
CCC12CN1CCC2=O,5.664881514026525
COC(N)=NC(C)C#C,7.1699943979933884
CC(=O)C1(C)CCCO1,5.93474799519403
COC(=O)C(N)C1CN1,6.646585557614129
CC(CC(C)=O)N1CC1,5.979054941909965
CC1C2CC(=O)C12CO,6.11450642704028
CCCC#CC1NC1C,7.326158974761125
CC12C=CC34CN(C13)C24,5.6640049063882065
O=C1NCCCC11CO1,6.939048853606836
CC(CC(C)=O)C(N)=O,6.011472305539193
CC(=O)C1OCCC1O,5.9547337221769325
CC1CC=CC=CC1=O,4.7382941808301755
CC(C)c1c(cco1)N,5.983663229773648
OC12COC(C1)OCC2,8.71600230515276
Cn1cc(nn1)CCO,6.673406374980121
CC1C2CC1COC2,8.792416889299153
CCC1=CCCC12CC2,6.713569490614525
CCC12CCC1C(C)C2,9.183128145436623
C1C2OCC3OCOC123,8.279591991767074
O=CC12CC3C1N3C=N2,5.450825766378958
C1CC1C1CCC11CO1,9.137723793943273
C1N2CC3CC12CCO3,8.246828066385879
O=C1OC2CC3CC1C23,7.394323424016393
CC12CC3C(C13)C(=O)O2,7.314291683223759
CC1(C)C2OC2C1=NO,6.704298946979421
CNC(=O)C1CCC=C1,6.682096901339696
CC(CCC1CO1)C#N,8.449171362140454
OCC1C2CCC1C=C2,6.899584859703957
CC1N2C3C1=CCC23C,5.267884485938829
OC1(CC2OC2C1)C#N,7.892734391151269
C1CC23CC=CC2C1O3,6.613911381015165
CC12COC1C(=O)CC2,5.688370006021385
COC1(C)C=CC2NC12,6.531872469626757
CC1CC(CO)=CC1O,6.906212249974398
CC12CC1(O)C1C(O)C21,7.658281821997806
CC12CC3CC3(O)C1O2,8.537170382261225
CCC(CC)C(O)C#C,8.168255118237093
CC(O)C1OCC(C)O1,8.854520684919047
CCC(=O)C1CCC=C1,5.954838970253606
CCC(COC)C(C)=O,6.284711360008767
CC(=O)Oc1ccco1,5.8775855392188046
CC1C2C3OCC1C23O,8.120516177495201
CCC12CC1(C)C(C)C2,8.855660374154315
OCCC1(CN1)C#C,7.604183114415973
CN1C2C3NC2(C#N)C13,6.6444414227549915
N=C1NC=CCNC1=O,4.968597598342944
c1c(onc1N)C(=N)N,5.2323783810494335
CC1(CC1OC=O)C=O,6.051706461976618
O=C1CC2COCC2O1,7.366717293609513
CC1OCC2C(O)C2O1,8.512131152772321
N=COC1C2CC2C1=O,5.850328758505199
O=CC1C2C3CC2N1C3,5.650151337198613
OCC1C2C3N2C1C3=O,6.1415673330093785
CC1CCOCCC1O,8.524325129093969
OC1COC2C3CC12C3,8.362951975549677
COC1=NNC=CC1=N,4.82623664305815
C1OC1C1=CCC2NC12,6.273678268612914
CC12CC3CC4C1C2N34,8.203412837674277
CCc1cnc(o1)N,6.2652675689215265
Cc1c(n(nn1)C=O)N,4.905212337464326
COC1C2C(O)C2C1O,8.040018890473753
CC12C3CN1C(C=O)C23,5.635631768869271
CC12CCC(O)C1N2,8.401620559427428
CC1=CC23CCC2C1O3,6.098539793434769
N#CCOC1CCCO1,8.186654738921156
CC1(O)CNC1CC#N,7.390631658943599
CC12CC=CC1(N2)C#C,6.208890088018635
CNc1cc(on1)C#N,5.175413200230001
OC1CC(=N)OC11CC1,7.527492445551735
C1C2OC3COC(C3)C12,8.404735124384155
CC12CN1C(=O)NC2=N,6.624766734535648
CC1(O)CC11CCOC1,8.359143664886242
NC(=O)CC1NC1C#C,7.011662610612575
C1C(=C(CO1)N)C=O,4.9280217985788095
CC#CCN=C(CO)N,7.005691932889394
O=CC1CC(=O)C11CC1,5.653091518552774
OC1COCCC1C#N,7.777036491906663
c1c[nH]c(c1O)CC=O,5.120324795615589
OC1C(O)C11NCC1O,7.606988824524537
CN1C2CCC1(C)C2=O,5.89630480954651
C1OC2CCN=COC12,7.110699400096264
CN1C(CCO)C1C#N,7.032566180381911
COCC#CC(C)OC,7.525292461949944
OC1C2CC(C2)C1C#C,8.119205797996809
OCC(CCC#C)C=O,6.119156695734478
OCC12CC=CCC1N2,6.729709833311082
OCC(O)C1C2CCN12,7.8814020770441235
CCC1CC(CO1)=NO,6.745642531102628
CN1C2CCC2OC1=O,7.929342928414483
CC1(CO)CN1CC#N,7.440428605207068
C1CC2CCCOC2C1,8.604590242088337
O=C1CNC2CC(C2)O1,6.731133285463544
C#CCOC1CN2CC12,7.1661550743957845
c1c([nH]c(c1O)N)CO,6.014172608827043
CC1C2C(C)C(C#C)N12,7.201700990925504
C1CNc2c1c(no2)N,5.904477014003154
CC1(CC(C1)C#C)C=O,6.062919392067408
c1c(cnc(n1)N)C=O,4.2232697045771745
C1C2CC3C4OCC12C34,8.332072849417532
Cc1c(cnn1C)O,6.3664099050802125
CC1C2CC(C3CO3)N12,8.432355370398993
CCOC(=NC)C(C)O,7.343063160372796
CC1CCC2NC12CO,8.31493766337508
Cc1c(ocn1)OC,6.293718445332271
OCC12CC1(O)CCO2,7.99180705281535
OC1C(CC=O)C1C#C,6.081621651119239
CC(=N)OCC1CO1,7.6735692689640755
C#CC(CC1CO1)C#C,7.934018548982198
C1C=Cc2c1onc2N,5.273148153402934
COC1C=CC2C1N2C,6.178981696776114
CC1(O)CN=C(N)C1=O,4.619658251358141
CC1(C)CC2OCCC12,8.551814409310438
CC1CC1C(O)CC#C,8.22174863610023
CCOC1CCC1CC,8.858847306590937
OCC1=CCN2CC12,6.264021967552095
C1OCC2OC2CC=C1,6.840195574460097
c1c([nH]c(n1)O)CC=O,5.292629205504184
[O-]C(=O)C1CC2(CC2)[NH2+]1,7.103905083768105
CC1(O)C(NC1=N)C=O,5.657918159648605
O=CC1C2OC1C2C#C,5.7628672418754645
CC12CCC(OC1)O2,9.054092275986
CC12CC(=O)N1C2C#N,6.349023578155087
N=C1CN=C2C=CCN12,5.362444412108783
C1C(CO1)(C(=O)C#N)O,4.8850020831456185
C(CC(=N)NC=O)C=O,5.75901068940485
C#Cc1cc[nH]c1CO,5.775659880607833
CCc1cn[nH]c1C#C,6.078258038108952
CC#CC1N=COC1=O,6.302874972984073
C#CC1CC2OCC1O2,8.142219442018192
COC1C2C3C1C2N3C,7.9658349945896685
CN1CC1(C)COC=O,6.661342811842663
CC1CN1CCOC=O,7.032371346698209
C1Cc2nc(nn2C1)O,6.67495404992296
CC(C#N)C(CO)C#N,8.015152183324052
CC(=O)C1CN(C1)C=O,5.846809164692506
CC12OC1(C#C)C1CC21,6.891597365557539
CC12CC3C1(O)CC23O,8.123517573281864
CCCC(=O)OCC#N,7.622345031523729
COCC1C2CC(=O)N12,6.804529290459746
OC1CN2CCOCC12,7.912487094035612
O=CC12CC1CN1CC21,5.847738215533091
ON=C1C=CC2CC12O,5.316713147825203
C#CC1OC2CCOC12,7.355612822012953
CN=C1OCC=C1CO,5.734256324597393
CC([NH3+])C1CC1C([O-])=O,7.301373472051177
CC(OC=O)C1NC1C,7.191160271042605
CC1C=CCC1NC=O,6.921846360109724
OCC12CC(O1)C2=NO,6.745084962035508
CC1(C)C2CN2CC1=O,5.666504365646052
CC1CN1C1=CN=CO1,5.981784032512851
OC12CC1C=CC21CN1,6.37220260422365
CC12C(O)C1OC21CC1,8.04947925916032
CCC#CCC(C)C#C,7.851114580600438
CC1NC11COC2CC12,8.312896720922247
NC(=[NH2+])C1=CC(=O)O[CH-]1,4.706927168330605
CC1(O)CC2CC2(O)C1,8.470031281541777
CCCC1CC1NC=O,7.559378825293489
CC12CN3CC1(O)C23,7.809469254132333
CC1COC2COC2=N1,7.109610857887219
CCC1C2N1C(C)C2=O,5.880913953321648
CC1N2CC1(C2)OC=O,6.829081042502377
N#CCC12CC3C1N3C2,7.476695798388764
O=CNC1C=CC2NC12,6.45580456737795
OC1(CC2CC1C2)C#N,8.13875973821239
O=C1NC2C3C2N2C3C12,6.166875625789427
O=C1CCCC2CC12,6.100680573214932
CC1CC2OC(C#C)C12,7.319056788125621
OC1C2CC3OCC13O2,7.973767618810042
CC1OCC(O1)C#N,8.065956951611753
C1C=C(CO1)NC(=O)N,6.321745104240797
c1coc(=O)n1CC#N,5.963506672987613
CC1(CCC=CC=C1)C,5.52538443597945
c1nc(c(o1)N=CN)O,5.077421714218057
CCC1(CC(C1)O)CC,8.8541154493895
CC1OCCC(=O)C1C,5.988371472280756
OC(C1CN1)C1CCO1,8.188754860315587
N#CC1CCC1N1CC1,7.379230009956164
CC1OC2CC(C2)O1,8.829352597234807
CC1CC(O)C1(O)CO,8.329000411078397
CC1NC1C(O)C(C)=O,6.037448484130326
CC1CC2(CC2O)C1O,8.401422103271415
N=C1NN=C2OCCN12,6.596317744133361
C1OC11C2OC2C11CO1,8.110498542589045
CCC1CC(C1)C(C)O,9.011377901781113
CC#CCC1CC1(C)O,7.981453576937639
CC1=C2CC3CC(C1)C23,6.143841939715365
O=CNC1C2C3C1CN23,7.097331443158437
CCC12CCCC1(C)O2,8.87312697329329
CC12CC3C1C3(C2)C=O,5.936381671925956
NC(=O)C(O)CCC#C,7.25948340062872
OC1CCC2=C1NN=C2,6.716589305020399
CCC1OC2C3OC2C13,8.354386527912592
C1CC2(C1)CC(=O)OC2,7.540517598795894
OC12CCCC11CC2O1,8.078199181076721
CC1OCOCCC=C1,6.853795570528729
CCC1(C)C2OC=NC12,7.057187593165823
O=CCC(CC#C)C=O,5.726995683857297
O=C1OC2CC3C2CC13,7.207628421768792
c1c2c(co1)CCCC2,6.338494382095807
CC12OC3CC1C3C2O,8.304652623080669
CCC1=CC(C)C(=O)N1,5.780629945773545
CCC(C#N)C(=O)OC,7.492543450814377
CC12OC1C(=O)NC=C2,5.563824625653793
CC(C)(C)C1CCOC1,8.618989032625427
COC=NC1C2CC1N2,7.08168515465006
O=C(NCC1CN1)C#C,6.070812330983841
NC1=C(N=CN1)C1CO1,5.858365461251811
OC1CC2(CN2)C1C=O,5.868991379792441
CN=C1C(O)CN1C=N,5.9985261622783135
CN1C2C3OC2C13C#C,6.682516708325118
CC1C2(O)CC1(O)C2=O,6.527578779078924
OC12CCC1CC=CC2,7.200876367104465
CC(CC1CCO1)=NO,6.812300984918911
CC12CC1CCC1CC21,8.941399455050195
N1C2C=CC3OC2C13,6.090258891820762
OCC1=CC(O)C(O)C1,6.813349018797314
C1C2CC11OCCCC21,8.72183634652491
C#CC1CC2CCC2C1,8.391117210986431
N#CC1CCC=CCC1,7.216818355949027
OC1C2CC3C2C1C3=O,6.059557325612884
CC12CC3(O)C(O1)C23O,7.648301010308416
OC1(CC2CCC12)C=O,5.874574780758205
OCC1OC=NC11CC1,7.023401834336115
CC12OC3C(C13)C2CO,8.241461822192942
CN1C2CCC3(CO3)C12,8.223826369824067
CCCN=COCC#N,7.283425751286224
OCC1C(C#N)C2CN12,7.341307950987191
CC1NC(C)C(=O)C=C1,4.882380731433235
CC(O)C1=CNC(=O)O1,6.45294248299828
COC1(CO)CC1C#N,7.804641333821655
CNC(=O)OCCC#C,7.9198929406460525
CC12OC(C=C1)C2C#N,6.44004692077611
C1OCC2OC3C1OC23,7.954550986395885
CC12CC(N1)(C#N)C2N,7.071935041417644
OC12CC(C1)(C2)N1CC1,8.262189998226754
CN1Cc2c(nc[nH]2)C1,6.41015082087446
CN=C1CC(CC#C)O1,7.44142554438464
C1OC1C1OC2CCC12,8.592530453500697
CC(O)C#CC(N)=O,6.472631367322791
CC1=C(O)OC(=N)C=C1,4.588756094878247
OCC1CC(=O)C1C#N,5.991044890739931
CC1(COC(=N)C1)C#N,7.786713219941058
CC12C3CC1CCC2C3,9.202822403980418
OC1C=CC2(OC12)C#N,6.232545469564324
CN1CC11C2C3CC1C23,8.280424573546263
C1CC1CCCOC=O,7.701794543569381
C1C23COCC12C1NC31,8.11756668980828
CC(C#N)(C#N)C1CC1,8.376522228223504
COC(C#C)C(N)=O,7.107898736220665
CCC1(CCC1)CCO,9.186730915693715
O=C1NC(=O)C2CC2O1,6.658012191690342
CC1(COC1=N)NC=O,6.916849063025389
CC1OC(C#C)C11CC1,7.353451926610435
OCCCC1(CO1)C#N,8.00150574074905
ON=C1CC2CCC12,6.76518829844681
C1NC1C12CCC1CO2,8.209956805553986
COCC1(O)CCOC1,8.549293761904083
OCC1COCC(=O)C1,5.971956538333029
COC1C2C1C1CCC21,8.510776396929085
OCC(O)(C#N)C1CO1,7.561695942717067
CCC1OC2CCOC12,8.626000448641516
OCC1C(O)C11CCO1,8.006653342710363
COC12CC1(C)CC2=O,5.9409437013697834
CN(C)C1=NCC(=O)N1,6.258808388203186
CC1CCC(CC1)C#N,9.15270805537061
O=C1C2C3C2C2C3CC12,5.83974202747917
CCC(C)C12CC1CC2,8.998800578774476
CC1=CC(O)C(CO)C1,6.905741200733715
OC1CC2NC2C(O)C1,8.231240118977297
O=C1COC(=O)N2CC12,5.773625939201902
CC1OC(=N)C1CCO,7.77624080104766
O=C1NC(C#C)C11CN1,6.728599514140177
CCC1C2C(=O)OC12C,7.4396839990003585
C1C2OC3C=CC2OC13,6.430644405341775
CCC1CN(C1)CC=O,5.587761409046222
N=C1OCCNC11CC1,6.918135824872586
Cc1cc(c([nH]1)O)O,6.060821305278318
C(CC=O)CNCC#N,6.049160367848302
CCC1C[NH2+]C1C([O-])=O,7.192132563948661
CNC(C=O)C#CC#N,5.099463382990572
N=C1OCC11CN=CO1,6.737522920367297
C1CC2C3C=CC(O1)C23,6.548043537696941
CC12C3OC(C13)C2CO,8.137588479641254
O=CCC(CC#C)C#N,6.050518232032883
CC(O)C1OC(=N)C1C,7.778891960461208
CCC(=O)C1CN1C,5.704843175044267
O=CC1(OCC=C1)C#N,5.689640747915764
OC1C2CC3CN=C1N23,6.177677005346217
C1CC23CC(C2)CCC13,9.322754612145328
OC(C#C)C1(CO1)C#C,7.221206120420876
N=C1NC(=O)CC1C=O,5.599241428413352
C#CC1=CNC(=O)NC1,5.71905804146699
CC12CC3N=COC1C23,6.9569691169429415
CC12CC3CN4C1C2C34,8.099635091223082
CC(C#C)C1=NON=N1,6.373057547277999
[O-]C(=O)C(NC=[NH2+])C#C,6.400568251137936
CC1=CC2COC2(C)C1,6.843702713029758
CC12CNC1C(O2)C#N,6.781474377989536
CC1OCC2(OC12)C#N,7.54357193106887
CC1CC2=NON=C2O1,5.907021568078379
CCC12NC1C1(C)OC21,7.855423516899972
CC1C2C3C=CC1(O)C23,6.2925654101708215
CC1(CNC1=[NH2+])C([O-])=O,6.572320541403152
CC1=CC2(CO)CC1O2,6.468700259815739
C1OC23CC4C(C2)OC134,7.723596777864882
Cc1coc(n1)C2CC2,6.277237618599591
CCCOCC(=O)C#N,5.251300962893881
Cc1ccc(=O)oc1C,4.73345980162712
OC1C2[NH2+]C1C2C([O-])=O,7.119690776159643
CC1(C)CC2NC12C=O,5.8250534819781965
CCCC(=O)C1CCC1,6.186664843733456
CCC1C(C)COC1=O,7.543584789424583
OCC1C2CC2CC1O,8.51152227420092
c1ccc2c(c1)CCO2,5.8842623051843885
N=C1OC=CN=C1C=O,4.324533086022025
CC1COC(=N1)N1CC1,7.15604658530895
N=C1OC=CC=NC1=N,4.454792185334197
CC(O)(C#N)C1COC1,7.589560710373334
CCC(=O)NCC1CC1,7.526728408962493
CC1CC=C2CC=CC12,6.515500277351239
N#CC1CCCC1C#N,8.477289955233683
O=C[C-]1[NH2+]CC=CC1=O,4.6051795131171005
CC12CC1(NC=N2)C#N,6.506468676035639
CC(=O)C1C2CC1CC2,6.240003931420578
CC1CC(=O)C(=N)N1C,4.639627834411711
Cc1cc(c([nH]1)OC)N,6.091179098018637
CCC1OC11CNC1=O,6.957967464917819
CC(=O)CC1OCC1O,6.1365621682714195
CC1CC2(O)CC12C#C,7.471903998048419
NC(=[NH2+])C1=COC(=N)[N-]1,4.5737351120021525
CCC(=O)C(=O)C(=O)C,3.865938780781522
Cc1cn(cc1N)C=O,5.052186185499149
CC(O)C12CC(O1)C=C2,6.53057811508307
OC1CN2CC3(CO3)C12,8.039283790650499
CC1(O)C2OC2C1CO,8.571670687807849
NC(=O)C1CC(C1)=NO,6.443836598720548
CC1OCC(C=O)=C1C,5.100326102035087
CN(CC(=O)OC)C=O,6.60244954292073
CC1CC(=O)C(O)C1O,5.96923288417797
COc1cc(c([nH]1)O)O,6.175778070273129
O=C1COC2CC1C2,5.768759650157731
C1CN(C(=O)N1)CC=O,5.7760889974483245
O=C1CCC2OCC=C12,4.981362710376209
COC1(CC=O)CC1O,5.9802911683838
CC1(C)C2C(CN12)C=O,5.7075266973983485
CCCC(CC)CC#C,8.621934623848855
CC12OC3CC1CC3O2,8.913757457997283
CC#CCN=C(C=O)N,4.83962873768217
COC=NCC1CC1,7.287507193223211
C1CCC(=CC1)CC#N,7.0006943329422775
O=CC12CC3N=CN1C23,5.418661343979938
OC1CC[NH2+]C1C([O-])=O,7.258195822728456
O=C1C2CC3CN1C23,6.475982596704734
CC1CC2CC(=O)C12,5.971287412805507
CCC1C(C)C2CC12C,8.919309161709352
O=C1CC23COC2CC13,5.810190193624979
O=CC1OC2(CC12)C#C,5.723258678900814
OC1C2CC3(O)C2CC13,8.562450427715616
C1OC11COC11CCC1,8.283185688588024
CC1C2CC2N1C=O,6.9186791334943
CCC1C=CC2(C)NC12,6.608025282577422
C1CC1CCC(=O)C#N,5.440579042828956
C1C2OC3=NOC=C3C12,6.11227527963793
N=C1CCC(O1)C1CC1,7.7564956276283805
C1CCOC(OC1)C=O,6.07201144143306
CC(C)(C(=O)C1CC1)O,6.120060380232207
O=CC12C3CC1COC23,5.960120166577914
CCC1CC(OC)C1O,8.467253272820063
OCC12CC3OCC1C23,8.294194820749329
CC1CC2(CCC2C)O1,8.459248681876673
CC1C(=O)C2OC2C1=O,5.146319172988352
CCC(C1CO1)N1CC1,8.63862575920797
COC1CCC11CC1,8.728849940479675
CN1CC1C1=NOC=N1,5.868837391017049
N=COC1C2CCC12,7.543254664288888
C1CC2OC2C=CCO1,6.686991368178108
CC1OC1C1CN=CO1,7.349016273860874
CC1C(CO)CC2CN12,8.031948293814857
CCc1cc(oc1)C#N,5.728311884622073
CCN(C)C(=O)C#C,6.117945228347444
CC1C(C)C2=CC=CN12,6.507471881417185
CC12CCC3C1OC23,8.71957974695377
C1CC12COC(=O)C2=O,4.895862380013067
CC1COC2CC=CC12,7.031814745560943
C1C2C3OC4C3N2CC14,7.851073997483639
OC1C=CC(O)C11CN1,6.611238101745409
N#CC1CC(O1)C1CC1,7.769927121121812
CC1(CO)C2COCC12,8.308874178128125
CC1(N=CN2CC12)C#N,6.560670679203538
NC(=O)CN1CC1C#N,6.825486891777199
OC1C2OC1(C=C2)C#C,6.2323322191064605
O=CC1OCC(O1)C#N,6.0004771767392535
CC1OC2C(CC12)C#N,7.760606366142387
CC1COC(=O)CCO1,7.1816313611720375
CC(O)C(C)(C#N)C#N,8.076097128177073
CC1=C(C)C(CC1)C=O,5.792446643293055
C1CC11C2OC1C21CC1,8.364971477083461
CCC1(CO)COC1C,8.36193580570492
O=C1NC2C1CCC2=O,5.89303727678102
CC1C2NC1(C#N)C2C,7.180360792457545
CC1CC2NC2C1O,8.340517628638011
c1cc([nH]c1N2CC2)O,6.251038901196262
[NH3+]CC(O)[C-](C#N)C#N,6.489865242331657
C1C2CC3CCC(O3)C12,8.501820532163856
[O-]C(=O)C1[NH2+]C2CC1C2,7.2182745864583335
CCc1cc(c[nH]1)C#N,5.903321779486115
N=C1OCC2OC12C#C,6.964990307707993
c1c2c([nH]n1)N=COC2,5.632148543644715
CCCC1(O)CCC1O,8.411063868748048
COC12CN3CC1C23,8.023988079572176
CCN=c1cnonc1,4.5301864047513
CC1(C)NC1C(=O)C#C,5.203674672360165
ON=C1C2CCC1CC2,6.729535484362114
C#CC1CCC2CC2O1,7.790856212162334
OC1C(O)C(C#C)C1O,7.314145661504611
CC12CC1OC(=O)N2,8.197770365348099
OCC12CC(CC1)O2,8.605133037042588
CN1C2CC1C(=O)C2,5.626438756984098
OC1CNC11COC1=O,6.701506566034405
CC1CN2C=CC=C2C1,6.488056893066038
N#CC12CCNC1CO2,6.9344771443559505
Cc1cc(cnc1O)N,5.219047404654995
COC(C)(C=O)C1CN1,5.845743640959688
OC(C#C)C1CCOC1,7.721537165693225
CC(C#N)(C#N)C1CO1,7.926644512899013
CC(OCC#N)C1CC1,8.074773577436165
CCC12CC1C(C)C2O,8.498442753370213
CC1(OCC11CO1)C#N,7.423575417406317
CC1OC2C(O)C2(C)O1,8.208227552251842
O=CCCC1CN1C=O,5.850851906806316
[NH3+]CCC1=NOC=C1[O-],5.3682501313595425
CCC12COC(CO1)C2,8.671877839191195
CC1=CCNC(=N)C1=O,4.406719491443655
CC1(COC1)C(=O)NC,7.235705017279849
CC1CC2OCC1C2=O,5.74641973381771
c1c2c(n[nH]1)CCCC2,6.696107938687793
N#CC1CC2(CO2)CO1,7.943933522229889
N=C1OC2C(C3CO3)C12,7.14783553358298
[NH3+]C12CC(C1)(C2)C([O-])=O,7.1311374254307065
NC1(C#C)C2OC(=N)C12,6.794611823792145
CC1C2C3CN2C13C#C,6.9246481786056115
CC(O)(C#N)C(O)C#C,7.645177023965864
O=C1CC2NC1C2C#C,5.832824936999954
CC#CC1CC2OC12C,7.639239168267489
COC1C(=O)C2CC12C,5.908117195615606
CC1C2(CO2)CC1(C)O,8.665891863446308
OC12CC(OC1)C2C#C,7.50981201960634
CC1OC1C1=CON=C1,6.483904063010968
OC1(CC1)C#CC1CN1,7.038745382413168
CC(=O)C1(CC1)OC=N,5.9792981183918545
CC1C2C(O)C=CC12O,6.378943621703714
CC1C2C3C2C2(C)C3N12,8.134574810171099
CC1OC=NC2CC1C2,7.065037235958778
N#CCC(C#N)C1CN1,7.599372622760015
OC1CN2C=CC(O)=C12,6.1471357715921435
CC(C#C)C1=NON=C1,6.751562367527087
O=CCC1CCN2CC12,5.8035015638844225
CC1(CCOCO1)C#C,7.813613550350961
COCC(C#N)(C#N)N,7.380870136482894
CN1C2C3OC2C(=O)C13,5.608275127504759
O=C1CCC2CC12C#N,5.971657046954005
CCC1(OC)C(C)C1C,8.586760654068572
Cn1cc(cn1)NC=O,5.769486471687448
CC1CC11OC(=N)C1O,7.419724060603897
NC(=O)C1OC1C1CC1,7.19272102803874
CC1(CC1)C1CC1CO,8.82063279938599
O=C1OCC2C=CCN12,6.543654694058503
CC1=CC2(C)CC3C1C23,5.953671542240709
OC1CC2C3CC3C12O,8.11039474506077
CC1=C(CCC1)NC=O,6.060458699176249
CCCC(C#N)C1CN1,7.690004439053007
c1c2c(co1)NC=NC2,5.392882200676668
CC(=O)C12NC1CC2O,5.918892167514647
CC1CCC1(O)CC#N,8.259595498582563
CC12CC1(CO)C(=N)O2,7.430025016889862
OC1CC(C2CO2)C1=O,5.875837588671841
ON=C1CC2(CCO2)C1,6.562089952691823
CC1C(O)C1OC1CC1,8.160403318738112
C#CC12COC1C=CC2,6.616344571410364
Cc1cnc(cn1)NC,4.942150905884197
CC(O)C12NC1C1NC21,7.213531609098669
CC12CC3C(C1)C3O2,8.866612611871776
CC1OCCOC(=N)O1,8.066200260266543
C1C2CN1C1=CNC=C21,5.805903289107534
N=COC(=O)NCC#N,6.981629639748583
CCCC12CC3C1CC23,9.492300933419319
CC1CC2C3C(CN23)O1,8.197953818340672
C1COCOCC1=NO,6.702628201410441
CC12CC(O1)C(C)(O)C2,8.4873632658579
OCC12CC1C(C2)C#N,7.930209543083506
CC1C(=O)OC1(C)C,7.631787418066407
C1COC(OC1)CC=O,6.184924877846333
CC1COC2=C1C=NO2,6.204842399920091
N=COC1OCCC=C1,6.872999307546933
C1OC1C12CC1CO2,8.41769494610629
OC(C#C)C(O)C1CC1,7.839316715780743
Cc1ncnn1C(=O)N,5.9789498861828125
C(C=O)OC(C#N)C#N,6.158077617356051
C#CC(=O)C1CCCC1,5.435027667665091
OCC#CC1CCOC1,7.45409466936651
N=C1COC(CO1)C#C,7.2713774994168805
COC12C3CC1(O)CC23,8.301894088258752
CC1C2C1C1C(O)CC21,8.27658032389856
CC(C)C1CCOC=N1,7.33152500181112
N#CC1C2NCCNC12,7.04385094750139
N#CC12COC1CCO2,7.384065027790975
C1CC1C1C2COCC12,8.65273184465024
OCC12COC1CN2,7.967167186181544
OC1C2NC(=O)C(=O)C12,4.72235587196386
CC1CC1(C)OC(N)=O,8.391834173531972
COCCNC(=N)C=O,4.7598434296897985
CC1=C2CC3C(C1)C23C,5.374073799998422
CC1CC(=O)OC11CC1,7.5693293306755205
CC1(CC#CC#N)CN1,6.192631705050022
CC1NC(C#N)C11CO1,7.449666611133295
c1c[nH]cc(c1=NO)O,4.673106129401072
CC1CC1([NH3+])CC([O-])=O,7.255042512408112
C(C1CN1)C1=CNC=N1,6.819011536492193
CC1(O)C(O)CCC1=O,5.908263040589024
CCC(O)CN=COC,7.151470618030874
CC1CC2=C(N1)OC=N2,5.918382786126757
CC(C)C12CC3C1CN23,8.359402191048133
CC12CC=CC1CC2O,6.7983327938855656
O=C1OC=NCC2CC12,6.333349910303064
OC1C2(O)C3CC1(O)C23,8.091829047324419
O=C1C2C3C4OC1C4N23,5.605489090566996
CC1C2C1C(O)C2O,8.161393869030817
CC12CNC1(C)C(=O)O2,6.720951050506006
C1C2C3CCCOC1C23,8.474064900117547
CC1CC(C)C2(CC2)C1,9.274787316075528
CN=C1OC(C)OC1=N,6.250980713782127
CC12OC=NC1C2CO,6.94724002204226
CC1(CC2CC1C2)C=O,6.116164480076867
CC1(O)CC11OCC1=O,5.765431674577043
CCNC1(COC1)C=O,5.507384955095518
C1C2CCOC3CC3C12,8.445962376998393
CC1C2C3C=C(C)C1N23,5.727114946585557
CC1CC2(CN2)C(C)=C1,6.668835858862811
CCN=C(C#N)OCC,6.268936440866528
O=C1NC2CC1C1NC21,6.92514919023564
CCC12CC(C1)C(C)C2,9.705521138195174
c1nc(c2n1CCO2)N,6.025124130410935
O=COC1CC(C1)C=O,6.1101507480099055
CC1=C(C)C(=N)OC1,6.089109599541897
O=CCC1C2CC1O2,5.948001575068474
CC1CC23CC4C2C1C34,9.033332674644337
c1c(nc([nH]1)CO)C=O,5.083813675014639
CC12OC3C4C(OC13)C24,8.101595687100723
COC1(CO)C(C)C1O,8.143673916953496
O=C1CCOC2COC12,5.630453163839238
C1COCC2(CO1)CO2,8.739845797851288
CC1C=CC(O)C1=NO,6.348674244519926
CC1(CO)OC1(C)C#C,7.675303641517617
CC12CCC(C1)OC=N2,7.269795823162272
OC1CCC(C=O)=CC1,5.21923499235258
CC1(C)CC2OC2C1,9.285254296113719
CC1C2CC3(COC3)C12,8.59812311261366
CC1C2CC(C2O)C1=O,6.1642673430367685
CCCCC1CC2CC12,9.189306829804261
CC1CC1OCCC=O,6.119621764542542
COC1C2CC2C1C=O,5.9665836671850485
OC12CC3(NC1C23)C=O,5.751528628991783
C1CC(C1)C(=O)CC#N,6.077239649485373
COCC(C)(CO)C#N,8.069504879579993
CC#CC1C2CC1(C)C2,8.033046204864213
CCNC(C=O)C#CC,5.694209679818611
CCC1(C#C)C(O)C1O,7.472221921335943
COC12CN(C)C1C2C,7.782611688937649
N#CCN1C2CCCC12,7.214813596459393
CN1C(=N)CN=C1C#C,5.370314852892448
COC=NC(C)C#CC,7.279804373253105
c1c2c(no1)C=CCO2,5.1498702008440835
C1COCC12CC(=O)C2,5.9159697975568335
OC1C(=O)C2CN2C1=O,5.202143249042251
CN(C)C(=O)NCC#N,7.4648210612034145
CC#CC(=NO)C(C)O,5.722904255920917
COCc1cc(oc1)N,6.050151723262442
O=C1CC23CC(C2)C3O1,7.451138319211513
CC1OC2COC=NC12,7.187198226839909
CCCN1C2C3NC2C13,7.800051717209801
C1CC1CCOC=O,7.678078593395418
CN1N=NC(C)=CC1=O,4.707926229966944
CCC#CCC(O)C=O,5.962821219904147
CC1CC(C1)C(=O)CO,6.1506459598587115
NC1C(OC1=N)C1CN1,7.098583334283484
CC1=CC2(O)CC1C2=O,6.289813995645169
ON=C1C2CC(O)C1N2,6.518946268306939
O=CC1=CC2COC1C2,5.054009908444895
CC1C(C)N1CC(C)=O,5.906026098206914
OC12CC1(O)C(C2)C=O,5.933212900846777
NC(C#C)C(CO)C#N,7.569511463511461
OC12CN3C4CC(C14)C23,8.022078221460184
OCC1CCOC1C#N,7.650360903129759
CC1CC1CC(O)C#C,7.97370743038486
OC1C=CCC11CCC1,6.942596487567096
CC1CCC=C1C1CO1,6.71036208192732
OC1CNC2=C1N=CN2,6.050912973210219
c1[nH]c(c(n1)O)N2CC2,6.165726583275555
CC1NC1(C)C1CO1,8.746941813349306
Cc1[nH]c(cn1)OC=O,6.074107311897423
CC1(C)C(O)C=CC1O,7.011941845947491
COC1C2NC2CC1=O,5.614623477560373
C1C2C1C13COC1C2C3,8.635680773377592
CC12C3CC1N3C2C=O,5.602106990768932
OC12CC1C1NC21C#N,6.651462558249648
CC1N2CC1(C)OCC2,7.8936984809643995
CCC1=NC(C)C(=O)N1,6.336458226720715
CCCCC1OCC=C1,6.9874407621271075
CC(=O)C1CC2CCC12,6.05588173897826
CCC(=O)C1COC1C,6.048621457361891
O=CC(CC1CN1)C#N,5.899110686461671
OC1C2CC1C2CC#N,8.298849538505802
C#CC12CN1C1CCC21,6.953595556133525
Cc1cnoc1C2CC2,6.446100540912685
CC1CC2OC12CCO,8.79544309867899
CCC12C(C)C3C1CN23,8.347189614144515
CCC1=C(C)CCC1C,6.919211351376355
OC12CC1N(C=N)C2=O,5.995728274365863
OCC1(O)C2C3CC1N23,8.07536853220799
N#CC12C3NCC1OC23,6.851477288361123
CC1CC(C)(O)C(=O)N1,7.228227307923616
CC12NC1C(O)C1OC21,8.104766676550732
CC12COC1C2(C)C=O,5.887024209523271
C1C(CO1)OCC(=O)N,7.230639135723747
OC12CC1C1C2N1C=O,6.663684747379625
CC1(O)C2N3CC3C12O,7.468303610745765
C1CC1C2CC(=O)C2,6.09996402071218
O=C1OCC2(CN2)C1=O,4.690751664678352
NC(C#N)C1C2CC1C2,8.00961560045744
CN1C2CC(O)C12C#N,7.021689204098504
CCC1(C)OC2C(C)C12,8.377598864042048
C1COC(=N1)CN2CC2,7.06889834573372
CCC(C)(C)C1(CC1)O,8.656889155676211
CCCC12OC1C1CC21,8.476312335387028
CC1C(O)C(C#C)C1O,7.72468913044281
OC12CC1C1(CO1)CC2,8.64629772764937
CC1C2N1C(=O)OC2=N,6.825750171601746
CC1OC2C1CCC2=O,5.755675513391076
CC1C2COC2C1C=O,5.81518256808384
CC12C3CCC1CCC23,9.068748714136426
CC(=O)C1CC(O)C1,6.200829704455195
CC12CC(=O)C1C1CC21,5.813288853108236
CC12OC3(C)CC1C23C,8.336526650812383
CN1C2C3CC(C3)C12C,8.185884785294654
Cc1c(non1)N(C)C,5.837093249498087
CC1OC2C1CC2=NO,6.538060166874696
CCC#Cc1c[nH]cn1,5.8861152763274545
CC1N2CC1(C2)C1CO1,8.427546646416257
CC(=N)OCCC=O,6.205130071877081
C#CC1OCC2COC12,7.444485626792774
O=C1CCC2CC(C2)O1,7.2521289917258605
CN=C1NCC1(O)C=O,5.294478267419137
OC1C=CC2CC=CC12,6.588705312444871
CN1C2CC(C)(CO)C12,7.931841117830018
Cc1c(c[nH]c1CO)O,6.137357871505839
C1CC23CC(CC=C2)C13,6.824534779846329
C1CC1C(C=O)C=O,5.622623424340512
OCC1=CNC(=N)C=N1,4.679360999896025
CC1CC2CC12C=O,6.01893864812811
CC1C(C#C)C1C1CO1,7.88185854505352
CC1=C2CCC2OC1=O,6.051518186146458
NC(=O)C1CC(C1)C=O,5.985167992320943
O=C1OCC2C1C1CN21,6.757239063450942
CC1(COC1)N(C)C=O,7.227726952669047
CC(O)C1CN=C(C)O1,7.3601333543378
O=CN1C2CC3(CC3)C12,6.7014933698997705
CN1CCOC(CO)C1,8.03895713871994
ON=C1C2OC2C11CO1,6.533008046019135
NC(=[NH2+])[C-]1N=COC1=O,4.628611643843513
CC(O)C1=COC=N1,6.670923122713376
C1C23CCOC12COC3,8.223436399935252
CC12CN3C(C13)C21CO1,8.487445855604403
CC1CC2CC3C2OC13,8.50179847333043
Cc1[nH]cc(c(=O)n1)N,5.108766824461213
CC(CC1CCO1)C=O,6.045530657831384
C(C1CO1)N1C=CC=C1,6.583987626934402
OC1(CCC=C1)C1CN1,6.7832766034878835
N=COCC(C#C)C#N,7.467808352656689
CCC(C1CC1)C(N)=O,7.512769374602815
CC1=C([O-])OC(C[NH3+])=C1,5.065050731620612
C(C1CO1)C12CCC1N2,8.645423416991505
CN=CN1C2CC1C2=O,5.734481336393838
CC1CC2CC1(C2)C=O,6.092934459296549
Cc1nc(no1)C(C)C,7.066882554334858
CCOC1(COC1)CO,8.507594040865552
Cc1c(c(n[nH]1)O)C=O,4.980702283702057
O=C1CCC2NC2CN1,7.217382749943719
CC(CC#C)C1(C)CO1,8.435934590542303
CC1CC2CC2C1(C)O,8.71298679738619
ON=C1C2CC2OC1=O,5.670225001589213
CC#CC1=NCC(C)O1,6.050803486874471
CC(=O)C(=O)OC1CC1,4.941648961921911
N=C1NC2C3OC12C=C3,5.754807826865596
CC1(O)C(O)C1CCO,8.30082466771835
N=C1OCC2CC2C=C1,5.560151899240644
CCC12CC3CC1(O)C23,8.254976172207774
C(N=C1CCO1)C1CN1,7.208089771036945
CC12OC3=NCC1C23O,6.193009549649186
CN(C)C(=O)COC=O,6.82896965663305
CC1CN1C(=O)C1CN1,6.714632445271604
CC(O)C1=CC=NO1,6.784161111407691
CC12CC1(C)C(C2)C=O,5.984938416365241
OC(CCCC#N)C#C,7.901496103327496
CC12CCC(O)C1C2O,8.34110259554565
CCC1CC=CC=CC1,5.534241843532079
OC1(C=O)C2C3CN3C12,5.6485833466938065
CC1C2C1C1(C)CC2C1,9.250388002445952
CCC1OC(=NC)C1O,7.3835899214956395
CC1OC2CC2(O)C1C,8.273526140442987
COC12CC3(C)C1OC23,8.24887636429068
CC(=O)CCCNC=O,6.184152687936009
CC12OC1C1CC2C1=O,6.185694810594872
CC12CC(C1)C1(CC1)O2,8.709386178371211
CCOC1CC2C(C)C12,8.668271081664958
CC1C=CC(=O)C1C#C,5.062547086777405
CCC1CC(C=C1)C#C,7.041805131275969
O=CC1C2CC1C1OC21,6.12271469340217
C[NH+]1CCC1C([O-])=O,6.836281323634699
O=CC(=O)NCC1CO1,4.870424261633236
CC1=C2CC3OC(C1)C23,6.010003366322654
CC(=O)CC(=O)CC#N,5.662465226838752
CC1=C(O)N=COC1=N,4.757525600551352
CC1CCC(O)C1C=O,6.093366962227362
CCC(O)CC1CCC1,8.948516318818925
N=C1CC2(CCO2)CO1,7.540809693801137
CC1C2CC=CCC1O2,6.98066377814208
OCC12CC1C1COC21,8.183257771705874
CCCc1cc(n[nH]1)C,6.938505783464227
NC1=NCC2COC1O2,6.883834760416052
C#CC(=NO)CC1CC1,5.708582566874018
CN=C1CC2(CC2C)O1,7.335640878674491
CCc1c(onn1)C,6.338585876865281
CC(C)(C#C)C(O)C#N,7.8485078175691125
O=CCC(C#C)C1CN1,6.056148967872373
N=C1OC2CC1C2C#C,7.370194566642077
CC1OC1(C#N)C1CO1,7.634475858098398
CCOC1(C)C2CC1C2,9.09075419520315
CC1C(NC1=O)C(N)=O,6.668375545981259
C1CC(=O)CCOC1,6.124082729071404
C1COC(=N1)C#CCO,6.077469396086958
CCC1N2CC3C2C13C,8.158982781550286
OCC#CC12CN1CC2,7.0022239674926485
CC1=CC=CCC(=O)C1,5.183099675004452
CCC(O)C1CC1C=O,6.11272962591608
COC=NC12CN(C1)C2,7.15623218177761
OCC12CC1CCC2,8.881306623707863
CC12OC1C1OCOC21,8.11531235279947
CC1=CN(C=O)C(=N)O1,5.18270245095068
CC(=O)C(C#C)C(N)=O,5.593587295748699
Cc1cnn2c1CC=C2,5.482815048249469
CC1COC1C1(C)CN1,8.350206538519576
C1CC1CN=CNC=O,6.152363844643638
CC1C2CCC12C(N)=O,7.301297867380502
CC1COC(=O)C1(C)C,7.519253758236911
C1CC23CC4C(C12)N4C3,8.316303907880016
CCC(=NO)CC#CC,6.830010949379571
C#CC(=O)CCCCO,5.462405449391371
CC1CC11CC(O)C1=O,5.90105955692975
CNC1=C(N=NO1)C#C,4.761801374869724
COC(C)(C)C1CCO1,8.670080401887464
NC(C#N)C1(O)CC1O,7.383037411649801
OCC12CCC1C2C#C,7.772581991976453
COCC12CN1C(=O)C2,6.854404474668576
C1OCC2OC1C1OC21,8.40702153591992
O=CNC(CC#C)C#N,7.219255260215439
CC1C2CCOC(=O)N12,7.712567673026966
O=CC1COC(C1)C=O,5.641521027709698
CN1CC11C=CNC1=O,5.485000354546607
C1CC2CC1COCO2,8.890070315135183
O=C1CC2NC2CN1,7.233184844967129
COC(=O)C(C)(N)C#C,6.831774364175686
CC1C=CC2OCC12C,6.762167755331804
OC1(CCOC1)C1CN1,8.263136901033857
COC(=O)c1[nH]ccn1,5.930829951284481
CCOC1CC2OC2C1,9.001395494785127
OC1COC2CCC12O,8.211312356167369
CC1CC(CO)OC1C,8.606456298875628
OC12CC3C(C1)C3CC2,8.932191515466188
CCCC1(CO)OC1C,9.014302394324256
CC1(C#N)C(O)C1O,7.573400415497349
CC1=CCC2(C)OCC12,6.818944271470545
OC1COC2=CON=C12,6.064025458205572
CC1C2CC(O)CCN12,7.828376626862488
CC#CCC12CCC1N2,7.646275964955747
OCC1CC2CC(O)C12,8.566076122426708
CN=C1OC2(CC12)C#N,6.803656432589044
N=C1OCC1C1CCO1,7.535045938969654
OC1C2OC3COC3C12,8.093310442584327
OC1CN2CC3NC3C12,7.656726409727423
CC(C1CO1)C1(O)CC1,8.821394047861371
O=CCC12CC3C1OC23,5.902090929416679
C1CC2CC3OC(C2)C13,8.445813869607544
O=C1CC(NC=C1)C#N,5.016635037996003
CC1(O)CCOCC1=O,5.716098246335827
COCc1c(c[nH]n1)N,6.1415452924715
C1CC1OCCCC=O,6.120932290576961
CC1(C)C2CC1C2(C)O,8.79584526722307
CC1(CC#N)CCOC1,7.984071576927715
CC(=O)C1CC(CO)C1,6.2527442097284425
N=C1OCCCC2OC12,7.319357033642298
N#CC1CC2CC2CO1,8.027884672681674
CCC(C)(C#N)C(C)=O,6.263004940840235
CC1CC2(C)CC3C1C23,8.958538355852715
CCC1C=CC(C)C1O,7.089956487308495
CC1N=COCC1(C)O,7.2399380335724555
NC1(C=CCC1O)C#N,6.596585430729524
CCOCC(CC)C#N,8.240619119674994
CN=C1OCC1C(C)C,7.517620165018744
COC(C)(C#N)C#CC,7.4362475729536275
CC1C2CCC2NC1=O,7.321300795855901
COc1c(cco1)N,5.997474836216525
C1C2OC2C2=C1NC=N2,6.3093876516361265
CC1OC11C2C3CC1C23,8.796200839132712
CN(CC#N)C1COC1,6.871294166554806
NC12CC(OC1)C2C#N,7.44666134904195
CC12CC(C1)C=C2CO,6.532837247871624
CN=C(NCC#N)OC,6.916389659985342
COC1C(O)CC11CC1,8.325214605238585
CC12CN1C1CC2(C)C1,8.503149061099021
O=CC1C2C3N=CN1C23,5.358141950139026
OC12C3CN(C13)C21CC1,7.879707827292737
CC1CC11CC2CN2C1,8.420930414695142
CC1(CC1)N(C=N)C=O,6.131791256294399
OC12C3CC1OC23C=O,5.7502610226160735
CC1C=CCCC1(C)C,7.19819186338383
C1C2C3COC1CN23,8.259473611006912
CCC1OC1C1CC1O,8.690025373433665
CC(CO)(CO)C1CC1,8.729116239412559
CC(O)COC(=N)C#C,6.547103882786997
CCC1OC1(C=O)C#N,5.902377695823217
CC1(O)CC2(O)CC12,8.383289687356744
OCC1(CN1)C(=O)C#N,5.012276509393036
COC(C)(C#N)C(N)=N,6.862687436198043
CN1CCc2c1[nH]cc2,6.0361758069548905
CC(CC(C)=NO)C#C,6.983104490101937
CC1CC2CC2C(C)=C1,6.828734710703515
COC1CC11CC2CC12,8.637024468633925
CCCCC1=CCCC1,7.025264728969917
c1c(c(c([nH]1)O)N)CO,6.0466946706727285
COC(=O)C(C)C#N,7.493340099410767
OC1C2OC3C(O)C1C23,7.94340040095337
CC(C)(C)C1(CCC1)O,8.60446847925007
O=C1CC2CC3OCC123,5.749938643993255
O=C1CC2(O1)C1CC2O1,7.0991382858601515
CC12CCC1COC2=N,7.732625748648511
CC(O)C12COCC1O2,8.721624653080298
CC12CC(C1)(CC2)C=O,6.087230084731577
C1C2C1N1CC3OC2C13,7.859215337833035
CC(C1CN1)C(C)=O,6.150625160317384
CCc1cocnc1=O,5.131927715113225
CC1(CO)CCC=C1,7.178261370067645
O=CC12NC1CC21CO1,5.830682165283704
COC(CO)C#CC=O,5.445865124035126
O=C1OC2CC1CC=C2,6.644594366936533
CC1C2OC1(C=O)C2C,5.655776051086186
OCC12CCC1(CO)N2,8.160824756520707
O=CCC1OC1C1CN1,6.006379724469488
Cc1c(c(no1)N)C=O,4.744374361281711
CCC(O)COCC#N,7.950792288763418
CC12CC3C1C2(O)C3=O,6.490324558041174
CC1(C)NCC(O)C1=O,5.7797102771857976
CCC(=N)NC(=O)C=O,4.632066539413191
C1CC11C2C3CC1CC23,9.023344753444329
CC1(C#C)C2OC(=N)C12,7.105962725686833
CC1CC=CC(C1)C#C,7.044329048428528
CCCC12CC=CC1O2,6.769672797642602
CN1CC11CC(C)(O)C1,7.997305685633485
CCC(CO)N(C)C=O,7.287465359384697
CCc1c(ocn1)N,6.038344841457824
Cc1c[nH]nc1C2CC2,6.740942234870121
N=COCC1COC1=N,7.204274005630259
CC1OCC23CC(O2)C13,8.352404143001818
CCc1ccoc1CO,6.3268524313743715
CN=C1ON=CC(N)=N1,4.514024166017034
C1NC11C2C3N2CC=C13,4.752233338930611
COC(=O)C1CC(C)C1,7.488518291376318
CC(O)C1=CC=C(N)O1,5.879667465544286
C1CN1c2c(nn[nH]2)O,6.017120949140758
COCCc1ccno1,6.661098669157118
OC1(C#N)C2NC1C2=O,6.222384162317063
CC1(CC([O-])=O)C[NH2+]1,7.321599281423639
COCCC1CC1C#N,8.107744177877214
ON=C1C=CC2CC12,5.325433309631332
O=C1NC2CC2C2CN12,7.372389117104568
O=CC1=CC2C3CN2C13,4.624770573905352
Cc1ccn(c1)C=O,5.284966938299026
CC1COC(CO1)C#C,7.638463399876258
Cc1c(nc([nH]1)OC)C,6.480559411060091
CC#CC(C)(O)C=O,5.814885813416991
CCC(=O)C12CN1CC2,5.757425118359951
CCC1C2CC2C1CO,8.849352174111683
CC1C2COC(O2)C1O,8.604361716554774
CC1CC2(C)CC1C2O,8.820861389085907
OC12CC3C4CN(C14)C23,8.063401779460705
c1c(cnc(n1)C=O)N,4.118238787039145
c1cnoc1CC2CC2,6.6826695101364
OCC12C3CC1(O)CC23,8.30060551198359
Cc1c(nn(n1)C)C#C,5.883901197880961
COC12CN3C1CC23C,8.121563106803805
N=C1OCC=C1CC=O,5.518150918707454
CC1CC2C1=CCC2=O,5.8233602212276825
CC(C)(C#N)C(=O)C=O,4.1787006579729145
CC12CC(O)(C1)CC2=O,6.2453966458147505
C1C2C3C4C5C(C2N15)N34,7.47673402274574
CC12COC1C=CC2O,6.682577000302529
OC1=CNC=C1OC=N,5.3657331409888664
Cc1coc2c1CC=C2,5.278546272358526
OC1=C(OC=N1)C1CO1,6.049490158300404
CCCC1NC1CC#N,7.690167139935187
NC1=NC2C(O)C2CO1,7.086392456782162
CC[NH+](C)CCC([O-])=O,6.873103255621694
CC1OC1C(=O)N1CC1,6.678606578390305
CC1OC1C1CCCC1,9.2254332663102
CC12CC(=O)C1C2CO,6.12673676994683
CC12CC1(COC2)C#N,7.643578427675962
CC1OCOC1C(N)=O,7.287044739577212
CCC1=NCC(C)O1,7.334559139261856
CCC1NCC(=O)C=C1,4.949624048192282
CC1C2CN2C1CC=O,5.819873467441414
OCCCC12CC1CO2,8.355934527734203
C#Cc1cc([nH]c1O)N,5.373642428078863
OC12CCOC1C2C=O,5.858634969177562
O=C1CC2(N1)C1CC2C1,7.324748727632429
CC1CC1N1C=CN=C1,6.679673291942045
CC1(C)C2COC1C2O,8.239272463563433
OC1CC23CC(C2)CC13,8.893101474073992
CC(C)C12CC(O)(C1)C2,8.921064056224875
COC1COC1(C)C=O,5.717443416635041
CC1=CC2NC2(C1)C#N,6.286580989894231
CC1C(O)C=CC2CN12,6.385130987843634
CC(C)(C#CC=O)O,5.446161178287901
CC(=O)C1(CC1)OC,6.074885316407658
C1C2CC1N=COCO2,6.945855797989539
CC1C(C)C1(C)CC#C,8.178797190071244
COCC1CC2C(C)N12,8.19353970543889
O=CC12CC(CO1)CO2,5.874415702460589
O=CC12CC1C(=O)NC2,5.905502259694931
O=C1CC(N=CN1)C#C,6.162201714319511
CC12CC(CO1)C=CC2,6.993864063503702
O=COC1C2CC(=O)C12,6.050265797086727
CC#CC(O)CN1CC1,7.284054584425164
CC1OCC11CC2OC12,8.494661555665234
O=C1C2CC1(CC#N)O2,6.211479143618108
CC1(C)CC2C(C=O)N12,5.681758324310724
CC1C2N3CC2(CO)C13,7.992215569194759
CC(CC#C)C(=O)C=O,4.311805605543411
CCCOC(C=O)C#C,5.939936025415488
C1C2CC3CCC3=CC12,6.673488608686353
COC1C(O)CC11CN1,8.145407848851768
OC12CCC(OC1)C=C2,6.744660427024462
CC1CC=CC(=O)N1,5.7297729827443895
CC1OC1C(=O)CC=O,5.555246061804231
CCC1COCC11CO1,8.851182750262415
CC1=C(C)C(CO)CC1,6.9174170594461115
C#CCC#CC1COC1,7.459143161740936
CCN1CC(C=O)C1=O,5.746105191629139
OC12CC=C3CCC1C23,6.010073802936474
CC1CC2OC2C1O,8.872955742190385
O=C1CCOC2CC12,5.9855125472777
CC1OCC2OC3C2C13,8.269587487716828
C#CCc1c(onn1)N,5.569079641567644
CCCC(OC)C#C,8.062780089795941
CCN=c1[nH]cc(o1)N,5.86817443206227
CC1=CC(=O)OC2CC12,5.89000536003077
CC1=CC2(CC1N2)C=O,5.545254074799336
[NH3+]CC1=C([O-])C(O)=CO1,4.704154118168357
CC(O)CCNCC#N,7.488790896935128
CCN=COCCC#N,7.332306007101843
O=C1C2CCC1OCC2,5.693253805604687
CC(=O)C1(C)CCC1O,6.059718363673952
C1CC23OC=NC2C3O1,6.836760786592982
O=C1CC(CCC#C)O1,7.605553772794735
OCC12C3C1N1C3CC21,7.961542597528568
C1OC2OCC1C=C2,6.786620816882536
CC12CC3C(N13)C2=O,6.315745312116069
O=CC1OC2CC1C=C2,5.889139043197291
CC1C(O)C=CC11CC1,6.702248096048687
CC12CCC3CC1(O)C23,8.381189979597881
O=CC1CC=CC2NC12,6.001013690721914
CCC1OCC1(C)OC,8.581693910927747
OC1=C2CCN2C(=N)O1,6.000046759264652
CNc1cccc(c1)N,5.472665278668177
CN1C2C(O)C1C2C=O,5.321374100652379
C1C2COC3CC2C13,8.734424409914578
CN1CC(NC=O)C1=O,6.709639885977586
CC(C)C(C)(CO)C#N,8.480980210410598
CC1COC(=O)C=C1,6.067576172810688
OCC12C3C4NC1C4N23,7.329743071636908
CCC1CCC(=O)C1,6.067717909394038
CNc1cc(c[nH]1)C#N,5.530578846767449
COC12CC1NC2C#C,7.047111611504894
CN1C2CC(CCO)C12,8.027985713427661
C1CN1C1=NCC2NC12,6.191987958810371
NC=[NH+]CC(=N[O-])C#N,4.985288038586324
CC12CC(C1)CC2(C)O,8.912648907338724
OC1C2CC1N=COC2,6.9526321353699725
CC#CC(=O)N(C)C=O,5.438022692462162
C#CC12CCCC1CO2,7.595652697605439
c1c[nH]c2c1NCCN2,5.920647545729432
Cc1c(c(co1)N)C#N,5.447137034688502
OC12C3C1C1CC2CC31,8.539031025504556
CC1C2C3C4OC4C2N13,8.27970294155192
CCC(C)(CC#C)OC,8.275999252753785
Cc1ccnn1C(C)C,7.072948200892907
CC(OC=N)(C=O)C=O,5.337739140078936
CC1OC2C(C)OC12,8.37596892746857
CC(C=O)C(C#C)C#C,6.0650461534502735
CCc1ccc(o1)C#C,5.5741223968906
CC1C2CC3CC2C13O,8.791491169263441
CC(O)(C#N)C(N)C#N,7.713060531847287
O=C(OCC1CN1)C#N,6.2680039018822855
CC1CC2(C)OC2(C)C1,8.870761147223941
C1CCC(=NO)C=CC1,5.502921013998374
COc1ncc(=O)[nH]n1,4.807216680384041
Cn1c2c(cn1)CCN2,6.0430172253655146
CC1(CO)CCC1=NO,6.723703642084137
CC(C)(C)OC(=O)CN,7.322205258735055
OC12C3NC3C1NC2=O,6.789221609831284
N#CC1C2NCC3C2N13,7.043473115663144
O=C1OC23CC12CC=C3,6.217174741066801
CCC12CCC1OC2=O,7.489710792058719
CC1COC(C)C11CO1,8.85438765844941
CC(C)C(C#N)C(C)=O,6.316271769779733
CC1C2N=CN3C2C13C,6.369213571728276
C(CCO)CNCC#N,7.512659825264974
CC1NCC1(C#C)C#N,6.967286749751073
O=C(C#N)C1COC=N1,5.228236694644049
[O-]C(=O)CC1=[NH+]CCN1,6.006633394741861
O1C2C3C=CC4C1C2C34,6.258658732076578
CN1CCCCNC1=O,7.6967907031904685
CC(O)C1COC=N1,7.274253703918414
OC1CC1C12CC(C1)C2,9.01158162730361
CC(=NO)C(C=O)C#C,5.707552695830651
CCC1(CC1)C(=O)NC,7.456413365187699
OC1C2CC3N2C13C#N,7.0866305737599795
C1C2CN=C3OCOC123,6.880195403491241
[O-]C(=O)C1CC2(C[NH2+]2)C1,7.075155154694117
OC(C#C)C(=N)N1CC1,6.728771076985291
CCC1(NCC1=O)C#N,5.794789504050797
CC1C(C=O)C1(C)C#C,5.882211082538624
OC1CC(CC1O)C#N,7.994642361025402
CC12C3C1C1C3C3C2N13,7.781947363105359
C1CC23CC4OC2C4C13,8.395952710093066
COC1C2CC(=O)C1N2,5.690511469846225
OCC12C3NC1COC23,8.00152890134312
C(C1OC2CC12)N1CC1,8.351751176193122
CC(=O)OC1(C)CC1O,7.4504799285301395
c1c[nH]c2c1c(n[nH]2)O,5.828235648717309
CC1C=CCOC1=N,6.918368316301343
OCCN1C2CC2C1=O,6.938714970972034
C1COC(O1)C2COC2,8.86014204973257
CC1(CC1)c2cnn[nH]2,6.73847175828493
COC(=O)C1(CC1)C#C,7.21879956303192
CC1(C)OC2CCC1C2,8.611109925545254
CC1OC(C)C2(C)NC12,8.30422174113884
CC12CCC1(CO)CC2,8.830847163044048
C1C2C3CN=COC2C13,7.155184999505902
COCC12CN(C1)C2C,8.220435371626774
CC(=O)C1(COC1)NC,5.595303837633803
CCC1(CC)NC1C#N,7.483579094164391
CC12CCC1NC2C#N,7.048952979487929
OCCC1CC2CN12,8.273042562356999
OC12C=CCC11CC2C1,6.399392878233797
C1CC1CC(=O)CC#N,6.287993151287036
CC(O)C1OCC11CO1,8.587676005787515
COCC#CC(O)C=O,5.914612014468812
CC1CC23CC12N=CO3,6.621337230677718
CC(=O)CC(=O)C(=N)N,4.780924165521645
CCC1C=CC2C(C)C12,6.804389890525009
CC12CC1COC=NC2,7.061016476954478
CC1CC(C#C)N2CC12,7.404108768007515
O=CC1=CNC2CCC12,4.9429835616152
CC1(CO)CCC11CC1,8.794724110573663
CC1CC=CC(O)C1,7.138863562220828
OC12C3NC1CC(=O)C23,5.933704080351281
NC1(CC1O)C#CC#N,6.016865890189548
CCC(C)(O)C(N)C#N,7.88722754407225
c1c(c(c([nH]1)N)CO)O,5.990779794804236
CCCc1cnoc1N,6.104267112810257
COC1CCNC1C#N,7.189904783062434
CC1OC=NCC1C=O,5.867632755512786
c1c(cnc(c1N)O)N,5.162293265161141
CCC12NC1CC2C=O,5.886585773038705
C1C2CC34COC23C1C4,7.890948506578027
O=CCOC12CC1OC2,5.8954158787461175
OC1C=CC2(O)COC12,6.610372532932519
COC1C2CC(C2)C1O,8.578527842286174
O=COCC1COC=N1,6.965469303454151
CCc1c(con1)N,6.116359454897706
C(C1CO1)C1=NNC=C1,7.097896557117586
CCc1c(cno1)CO,6.557844949707243
NC1=CC(=N)N=C(O)O1,5.39872168615495
C#CC1OC2C3OC3C12,7.152479686851387
CN1CC1COC(N)=O,7.619186122289898
Cc1c(c[nH]c1CO)N,6.014593108542154
O=C1NCCC11CCO1,6.922180115377708
COC1CC2(C)CC1O2,8.734629829911585
CC12CN1CC(C2)C#N,7.43574788041979
CC1(CO)CCNC1=O,7.349134358109287
NC(C#N)C1CC1CO,7.731249003365173
CC1(CCCOC=N1)C,7.104714530720125
CC(=N)N(C)C(=O)C=O,4.60270830047891
CC1(O)CC11CC2CN12,8.082129291490853
NC(=O)N1C=CCC1=N,5.842435745200099
COC1C([NH3+])C1C([O-])=O,6.760353471589744
C1NC1C1=NCCO1,7.010452265179493
OCCC(C#C)C1CN1,7.839871914990974
OC1C2CCOC1CO2,8.370361192595526
CNc1cc(co1)OC,5.956917836014655
CCn1c(ccn1)O,6.774727727710907
CC1=CCC(=O)N1C=N,5.3428965881995065
C(C1CO1)C1CC=CC1,7.219928629695156
CC1(CC1)COC2CC2,8.825358485204942
C1CC1(C=O)C2(CC2)O,6.0896961317724525
OC1CCCC2(CC2)C1,8.869471758778156
C1C(CN1C=O)NC=O,6.73833106030394
C1CC11N=C2NC3C2C13,5.623906046345461
CCC1CC=CC(O)C1,7.093042110978175
CC1(OCC1O)C1CO1,8.604192599922413
CC1=NC(OC=N)=CO1,5.936407476870034
C1CC11COCC2OC12,8.66027075689918
C1CC23COCC2(C1)N3,8.393513806049102
OCC(=O)N1CC1C=O,5.7644425222281965
CCOC(C)CCC=O,6.226377384116431
COCC1OC2(C)CC12,8.431513861636489
CC1=CC2NC2COC1,6.6099654628823306
c1cocc1OCCO,6.226123975253853
CC12OC3CC1C2C3,8.770798143192346
C1C=CC2(O1)CC(=O)C2,5.865027822723205
CCCN(C=O)C=O,6.151472276195799
OCC1(C=O)C2CC1O2,5.724860494989796
COC1C2COCC1N2,8.22011796408578
OC1CC(=O)CC2CC12,6.1222250167351095
O=CC12CC3C(C1)C3C2,6.170247057351429
O=C1C2C=CC1C21CC1,5.910938447292688
CC12CC3CC1C1C2N31,8.184668759303594
O=CC1CC2OC1C2=O,5.5529334494694
C#CCNc1ccon1,5.950660121042603
OCC(CC=O)C1CN1,6.113449598339816
CN1C=NC(C#C)C1=O,5.998807086759982
CC#CC12CC1C(=O)N2,6.6868640965394475
CC12CC3C(OC1)C23,8.591468463550722
OC1CCC(=C1)C1CO1,6.660826697542129
CCC1C2CC=CC1O2,6.747880896821373
OCC1(CC1O)NC=O,7.283175514942348
CC12CC3N1C3(CO)C2,8.311185238001976
OC(CC#C)(C=O)C#N,5.863832503600253
OC12CC34CC=C(C13)C24,5.499577204685671
CN=c1ccnc(o1)N,4.806516221120014
CCC12CC1C(O2)C#C,7.2507395309866745
C1C=Cc2c(nno2)N1,4.5660432495684855
O=C1CC2NC3C2OC13,5.438651982597225
C(C#CC=O)OC(=O)N,5.8226503552653055
CC(=O)OCC#CC#N,6.4590635489758785
CC1C2OC(=N)C1C2C,7.652549873618044
NC1C2OC1(C=C2)C#N,6.171296558086474
CCOC(=N)C(O)C#N,7.30200342883842
CCC1CC2(C)CCC12,9.243035757264295
CC1CC2(C1)CC(=O)O2,7.6251092959901285
OC1C2COC(C2)C1=O,5.737790579850141
CCC12CN1CC21CO1,8.473894935958885
C1OC1C12CC1COC2,8.60215984863257
C1C(CO1)C2COC2,8.601575022817537
N#CC1C2NC1C1CC21,7.4220315257240905
OC12C=CCC3CC1C23,6.444757802109715
CC1CCCC=CCO1,6.93324012077776
O=C1C2OC3C=CN1C23,5.414520445510514
CC1CC2OC2(C)C1,9.166074388734703
CCOCC1(COC1)O,8.42488899666459
CCc1c(n[nH]n1)CO,6.803474941273018
CC(C)CC1C2CCC12,9.134446278911195
CC(=O)N(C)C(=O)C,6.1098148208486025
CNC(=O)C12CC1OC2,7.058440567057029
COC(=O)CC1(CC1)O,7.287599702627462
O=C1CCCN2CC12,5.54855996268194
CCC1CC(C#C)C1C,8.25922077139254
CC12CC3CN1C3C2O,8.024130333944957
CC(C)C(=O)C1(CC1)C,6.167820216207109
CCC1=CCC(CO)C1,7.045447294045374
CN=C1OC(C)C11CC1,7.259067684261005
CC1(C)CN2CC1(O)C2,7.972326155651308
CC(=NO)c1cnc[nH]1,5.363752668921608
CC1OC2C3CCC2C13,8.785487470915783
CC1OC2CCC1C2=O,5.815742918190325
C1CNc2c1onc2O,5.953169940853421
C#CCc1cc(n[nH]1)N,6.1306318308408105
C#CCC1COCCO1,7.976236812292237
N=C1CC2NC2CCO1,7.185997818196693
O=COC12CC1CC=C2,6.510878253707032
C1CN=COCCC#C1,6.895740645702162
CC12C3N1C1CC3=CC21,4.185319051103656
OC1CCC=C(C1)C#C,5.762417970662793
CC(=N)OC1=NON=C1,6.100395436763193
O=C1CCC2(CN2)C1,5.970751343524531
CC1OCC2C(C#N)C12,7.838284410689786
OC12CC1C(=O)COC2,5.743322474180362
O=CC12CN(C1)CC=C2,5.417957086143665
CCC(CC=O)C#CC,6.006348727244332
CC1=C(C=O)C(=N)OC1,4.963877999191563
COCCC1OCC=C1,6.913986094597023
c1c[nH]cc1NC2CC2,6.129605027830676
OC1C2C3NC3C(O)C12,7.863609308534734
CC1OC2CN3C1C23C,8.280845182014676
CC([NH3+])C1=CN=C([O-])O1,5.548753842755343
CC1CCNC(=N)C1=O,4.868285795982124
CCC1C(=O)OC1(C)C,7.573450473434098
CCc1cc(co1)C=O,5.125187852222128
O=C1CC2(CO2)C2NC12,5.779376325257514
CC1(O)C2CC3CC1C23,8.592812931322914
CC1C2OC(=N)C(=O)C12,5.176290430411418
Cc1conc(c1=O)O,4.967272869409903
CC12CC1(CO)N1CC21,7.897626855955737
CCOC1(C)CN=CO1,7.393073063336669
CC12CN1CC2(C)C#N,7.2655879622615895
CCCOCC(=N)OC,7.5757506515943795
c1coc(n1)CCO,6.65540230866138
CCC(N1CC1)C(N)=O,7.023665123659054
NC(=O)C(CO)CC#C,7.088023763720481
COC1C2CC(O)CC12,8.470213422082107
CC12CCC(C=C1)C2=O,5.956130932403582
CC1COC(=O)C(=N)O1,6.10182880354921
OCCC12C3CC1CN23,8.281648586267734
CC(C)(C)n1cccn1,7.111574347197963
CC1OC1(C)C(C)=NO,6.7202189378021755
OC1CC2COC1C2O,8.254125716853078
O=CCCC1CN=CO1,5.969517930978574
CN1C2C(C1=O)C2(C)O,6.704221182719446
C1N=CN2C3C4NC3C124,5.74454818746427
COC1C2CC2C=C1C,6.575958750549949
CC#CC1C(O)C1O,7.2513872770546905
OC1CC=C(C1)C1CC1,6.766901457396649
COC1CC1C(C)C#N,8.129957365164152
CC1COC11COC1=N,7.239051308841782
CCC12OC3C(C13)C2O,8.024072553189423
CC1CC2CC(O2)C1=O,5.719461041564404
O=CCCC1CC2CC12,6.191640928857479
CC(O)C(O)C(N)C#N,7.8110001362437345
CC(CO)(C#C)C1CO1,8.09704337603182
CCC1OC2CC(=O)C12,5.878658256325362
OCC1C(OC1=O)C#C,7.174909160264227
O=CC1=NC2CC(C2)N1,4.547149738331682
OCCC1C2CC1O2,8.51846543871336
NC(=O)N1CC1C1CN1,7.6189391114795
OCC1(O)C2CC1C2=O,6.46083444546311
OC1C2CC1C(O2)C=O,5.857139972443003
Cc1c(ccn1C)C#N,5.8430790291393935
COC1CN2CC2C1C,8.204247560844191
OC1C2CC1C1CC2O1,8.030313706137774
OCC(O)C1=NNC=C1,6.952066687087643
CC1C(O)C(O)C1C#C,7.783658522546684
CC1C2CC3(CCO3)C12,8.416893221441937
CC1C2N=COC12C=O,5.736125440655009
CC12CC(O)C1OC2=O,7.424854471807647
CC(=O)NC(=N)C1CN1,6.16567904428578
CCc1[nH]cc(n1)OC,6.420692243336202
CN1C(C#N)C(N)C1=O,6.608050831062913
N#CC1CCC1C1CC1,8.693087571393319
CCC(NC=O)C1CC1,7.595790295120372
N=COC1=CNC(=O)N1,5.401495706216802
CC(C)OC1CC1C#C,7.989469409587416
OC1C2CC1(O)C1OC21,8.45111883219678
CCC1(CC#N)CO1,8.421384624805018
CCOC1(CC1C)C#C,7.490076492941326
O=CCC1CC2CC2O1,6.115160786023435
CCCC1CC(O1)C=O,5.915580725086052
COCc1c[nH]cc1N,6.184597247335557
CC1=C(C(=O)NC1)C#N,5.305185877338344
CC1COC2(C)CC2C1,8.539627109640405
CC1CC2(O)COC12C,8.265212495312127
CC1([NH3+])CC1C([O-])=O,7.2063580615276965
CCC(=O)OC=NCC,6.714825228680901
COC1(CN2CC12)C#C,7.035537719817128
CC1C2C3C(O)C2(C)C13,8.755693223239245
CC(=O)CC1CC1C#C,6.250214891226798
O=C1CC2NC1CC2=O,5.347981379727998
C1C2OC=NC3COC123,6.831085529383115
Cc1coc2c1OCC2,6.054956226870501
COC1(CC=CC1)C#N,7.036910423256181
CC1CC11CCC1(C)C,9.01536543329
Cc1cc([nH]c1C#N)N,5.674199645416969
CCC1(C)COC1=O,7.6284422807886
CC12CC3OCC1C23C,8.377177365872111
CC(C)CCC(O)C=O,6.190079129157472
CC1OCC(N)=C1C=O,4.98620624978178
CC1(CC#N)C2CC1O2,7.68462372808667
N=C1NC=NC1C1CO1,6.17166210340293
CC1=CC2C(C1)C2(C)C,6.614108255107853
Cn1cc(cn1)CCO,6.85434856618429
OC12CCC3C1C=CC23,6.47799233822283
OCC1CC1(CO)C=O,6.057152885898764
C1OC2C1C1COCC21,8.185009051306215
CCN1CCNCC1=O,6.937928613483155
OC1C2CC1N2CC#N,7.207310828123985
OC(C#N)C1=CC=NO1,6.572025975138924
OC1C(CC#N)C1C=O,6.067559278314122
COC=NC1(C)CC1C,7.13748389331402
COC12CC1CC2CO,8.500365994778674
CC(CC1NC1C)C#N,7.784794838203654
CCC(C=O)C1CO1,6.065493296226592
CCCCCC(C)C=O,6.359960647737648
CC1C2C3N1C(=N)C23O,6.694202062015125
C1OC2CC1CCC=C2,6.803437273375332
Cc1cc(nc(=O)o1)O,5.334294204139313
COC1CC2OC1C2C,8.635921747386288
OC(C#C)C1COCO1,7.711844139283584
C1CC1C(=NO)CCO,6.679789570108924
C(CN=C(C#N)N)C=O,5.448544264073615
CCC12CC(O1)C(O)C2,8.401158436539617
CC(N1CC1)C(=O)C#N,4.78893216921467
COCC1CC2(O)CC12,8.585101515438964
CC12CC3C4CC3N1C24,8.335550791150968
O=C1CCC11COCO1,5.631220428274909
CCC1=C(C)COC1=N,6.0710428409157435
CCCC1(CN1)C=O,6.011075756403275
O=CC1C2OC2C11CN1,5.872329931017255
CC#CC1C(C)C1(C)C,7.662579864821151
OC1C2CC11OC(=N)C21,7.29930915650766
OC1C=CCCC1C=O,5.964790206088796
C1OC2COCC22NC12,8.41709529300904
C#CC12CN1CC21CC1,7.030482083874144
OC1CC11CCOC=N1,6.925904456201605
CC1CC2C3CCC3C12,9.030730482402923
COC=Nc1c[nH]cn1,5.398535797039302
CN1CC1C1CN1C=O,6.66981319151906
CNc1cc(on1)C#C,5.060618640788122
OCC1NC2C1OC2=N,7.012084279303104
C1OC23COC12C1NC31,7.801368059171812
CCC(O)C(O)C1CO1,8.710366405192694
c1c[nH]nc1CCC=O,5.935181937315008
C1OC11CCCN2CC12,8.369144960708091
CC1CC2CN2C(=O)C1,6.816822447587707
CC1OC(C)C1C#C,7.865250874233503
OC1CC11OCC1C=O,5.723907228328969
OC(C#N)C12CC(C1)C2,8.185089972240059
CC(=O)C(CO)CC=O,5.787235708558608
OC1CC2(C1)OC1CC21,8.19247786624892
CC1(CO)C(O)C2CN12,7.969137224285992
Cc1cc(on1)CCO,6.55812611698977
COC1C=C(C)C2NC12,6.4153897977667755
OC(C#N)C1C2CC1O2,7.43694372376258
CCC1(CO1)C(=O)C=O,4.087760175475562
CNC(=O)C1CN1C=O,6.594249467131702
O=CCC12COC1CO2,5.783930213457245
O=CC(=O)C12CC(C1)C2,4.458621466564754
CC1C2C=CCC(C)C12,6.94726443427839
CC1CC(O1)C(=O)C#C,5.104801262064243
CC1=CCN(C(=O)C1)C,6.660415064493603
CC#CC1=CCC(O)C1,5.747554566142053
CC1OC(=N)NC1C#C,7.111758946824207
CCC1(CC(C)C1)C#C,8.225936525244906
CC12CC(OC=N1)C2=O,5.817479343093097
CC(=O)C12CC3C1CC23,6.338308487613229
CC(O)C1=C(N)N=CN1,6.1437850192796155
CN=C1ON=CC(C)=N1,4.502105948969172
CC1OC2(CC2O)C1=O,5.783856435514936
CC12OC(=O)C1C2C#C,6.908818951996796
CCC1(C)OCC1OC,8.55983151223862
C1C2CCC3CCC3C12,9.104166622654098
CC1C=CC(C)(C)C1C,7.187171649730852
Cc1c(n(c(n1)O)C)O,6.198094800394384
O=C1C2CC3CC1OC23,5.73650093458523
O=C1NC2CCC3C2N13,7.2978995747167055
OC1C=CCC2OC12,6.805499313765555
CCC(C)C1CC1C=O,6.168137246766757
OCC(C=O)N1CCC1,5.591141710011502
C1C2CCOC1C=C2,6.825884882781495
CC1OC2C3NC3C2=C1,6.309415903694251
CC12C3C1C1(C)CC3N21,8.279752835820934
CC1OC2(CO)C(O)C12,8.013420459592332
CC12CN3CC(CC13)O2,8.005936030071407
CCC1(CCC1=O)C=O,5.59149789931069
CC(=O)C#CC1CCC1,5.50614010047199
CC1(C)C2CCC=CC12,6.751723738881516
CC1(C(N)C1[NH3+])C([O-])=O,7.164570625574272
CC(=O)OCC(=O)C#N,5.4524359793817
Cc1c(cnnc1N)O,5.374710403339767
OC(CCC#C)CC=O,6.1652480027143675
CC1CC1C1CC(=O)C1,6.084624474013927
N=CN1C=CCCC1=O,5.394785171200638
CNC(=O)C1(COC1)N,7.1056389950351395
CC1OC2COC2C=C1,6.808617234349414
CC(=NO)C(O)C1CC1,6.720166053052202
Cc1c(nco1)OC,6.186625595588213
CC1C2OC2C11COC1,8.424819547793343
C1C2CC3CC2C1OC3,8.61522599371885
CC12CC3N1C2C31CO1,8.560308338737132
C1C(CO1)C2(COC2)O,8.221340459781956
CC1=CC2C(O)C2(C)C1,6.469113712709074
OC(CC=O)CC1CC1,6.156292761950301
C1CN(C=C1)C(=O)C#N,5.340010806849142
CC12CC1COC(=O)N2,7.914012998414506
OC12CN(C1)C21CCC1,7.911589363935064
CC1C2CC(C)(C#N)C12,8.249672952646689
CC1CN2CC3(O)C1C23,7.793631108564468
CCC1CCC(O1)C#C,7.86439577256333
N=C1OCC2CC2C1=O,5.161917153596968
OCC1(CO1)C(O)C#C,7.57312027239958
OC1CC1COCC=O,6.099658908126743
CN1C(CC11CC1)C#N,6.848613366485664
CCCC1=CC(C)CC1,6.9722967610803375
OC1CC=C(C1)C#N,5.976464029135012
c1c2n(cn1)CCC2=O,5.151331693147714
CC12CC3C4CC(C14)C23,9.312242495261817
N#CC1CC2N=COC12,7.131573561092871
CC1CC2(O)C(C)OC12,8.284560126563921
c1c2c([nH]n1)C(=O)NC2,5.900589958195329
CC1CNC(=O)C(O)C1,7.2663605062112
CCC12C3C4C3C1(C)C24,8.085961763857751
CC1(C)OC11COC1=N,7.325561662342059
OC1CCC(=O)C1C#N,5.981386261008645
CC12CC(C1)C1(CC1)C2,9.427310635025558
N=C1CC2(CN2)C(=O)O1,6.506065568094618
CC#CC1CCC2NC12,7.643585940476354
CC(C)C(C)C1OC1C,9.128447024662398
CN1C(=N)OC=NC1=O,5.328230833998681
CC12NC(=N)OC1C2O,7.154492093153703
CC1(CO)CCC(=O)O1,7.54696824167295
CC1=CC(=O)CN2CC12,4.729467445695633
Cc1ccoc(=NC)c1,4.4391063408910645
CC1COC(CO)=N1,7.256057504149352
CC1OC(C)C1OC=O,7.413717671615095
OC1CC2CC12N1CC1,8.111859501502229
O=CCC1=CC2CN2C1,5.587391733257955
CCCC1C2C3OC3C12,8.54949448472857
OCC1CC2(O)CC1C2,8.820977119246756
CCC1(CCC1)C(=O)C,6.127357354138102
CCN=C1OCC1C,7.507771798109754
O=CCN1C2C3CC3C12,5.767914524168965
CC12CCC1CNC2=O,7.367709961094077
Cn1cnc2c1OCC2,6.227891117445717
ON=C1CCCC2CC12,6.751677897636683
N=COC1=NC=NC=C1,5.425383530093411
CNc1cc(no1)CO,5.987700764280878
CCC1=CC=NOC1=N,4.716270387295267
OC1CC2(COC2)C=C1,6.7528457482379025
CC12C3C4CN(C14)C23C,7.98365933432677
CC1CNC2=CON=C12,5.752312083348937
CC1C2C(C3CN23)C1=O,5.580000469796472
N#CC12NCC3C1CC23,7.156990400197236
CC12NC(C1C=O)C2=O,5.574886071415367
OC1CC2COC=NC12,7.185873334463845
C1NC1C1COCO1,8.756692653865809
CC(C)n1c(=O)[nH]cn1,6.439394118437528
O=C1CCC(O1)C1CC1,7.531820928495955
N=C1OC2C3CN3C2=C1,5.550494591161389
COCC1(C)NC1C=O,5.8824501181051545
COc1coc(n1)C#C,5.349114465973752
N#CC1CCCN=CO1,7.12990054837456
OCC#CC1C2CCC12,7.3336644171610885
OCC1CC=C(C1)C#N,5.969470363268676
CC1OC1C(O)C#N,7.880343948257171
CCc1cc(co1)N,5.979427253645649
CCC1C2N(C)C1C2=O,6.332645164126907
COCCCOCC=O,6.248731646304777
CC(=O)CC1NC1CO,6.259555892582815
COC1(C)C2NC2C1=O,5.663506626765948
NC(=O)CC1COC1=O,6.954033431187886
C1CC(O1)C1=NNC=C1,6.888301938369772
CC12CC(C)(O)C1O2,8.635886567269543
CCC1OC=NC1C=O,5.838627360043135
OCC(O)C1(CN1)C#C,7.3900743211997
C1C2C3C4OCC3N1C24,8.055836426672453
COC1CC(C1)C1CO1,8.964331229579674
OCC12COC1C2C#N,7.457832229050284
COC1(CC1)C1CC1C,8.640192140846956
CC1(CC#C)COC1=N,7.69730326714045
CCC1C=CC=CC=C1,5.116643007422088
COc1c([nH]nn1)C#C,5.5429328400273885
CN1CCOCOC1=O,7.774986724432638
CC1C([NH3+])C1CC([O-])=O,7.256499627731156
O=C1COC(CC#C)C1,5.978248793033649
c1c(ocnc1=O)CO,5.365182069308204
C1OC1C1=NCCCO1,7.187488173762753
CCC(C)(C)CC(=O)C,6.333614693045684
c1c(c[nH]c1CC=O)N,5.006812348013343
O=CCCC1COCO1,6.251548663169535
c1c(nno1)CCCO,6.390178467236986
CCC12CC(C1)C2C#N,8.761404216530616
CCn1cncc1C#N,5.991471357796984
O=C1CCCC2CC2C1,6.087288602616679
C(CC(C=O)C=O)CO,5.5661472435676895
CC1(CN(CC1=O)C)C,5.416435084574972
Cn1cnc2c1ocn2,5.850027456222596
CCN=C(CO)NC=O,6.084036061347372
C1C(=O)CC1(C=O)C=O,5.928251758462867
CC12CC3C(C13)C(=N)O2,7.401666143129726
CC1(CN2CC12)OC=N,7.184389853309252
O=CC12NCC1CC2=O,5.33158584835911
C1CC(=O)C2(C1=O)CN2,5.1591302991815535
CCc1cc2n(n1)CC2,6.889858924800166
CCC1NC1C(C)=NO,6.580649235256473
C1CC1C1CC2CCC12,9.277583264439244
CCC1=CCC(=O)C1,6.003142430913289
CC1C2C3C4C2C1(C)N34,8.297619032856888
OCC1CC(C#C)C1=O,5.852190601493412
CCC1(C)CC2CC12O,8.48881684074788
N=C(C#C)N1CC(=O)C1,4.993554719136728
COC(C)(CO)CC#C,8.09476116774636
OC1C2C3C4C1C2CN34,8.084022804846873
CC1C=CCC(O)C=C1,6.464249159310288
O=C1CCC2C1C1CN21,5.814356580707855
O=CC12CCC1OC2,5.79871438488018
CN=C1OC2C(CO)C12,7.0288093188211995
Cc1c(nco1)CCO,6.45786362143812
CC1N2CC1(C#N)C2C,7.20652930798226
O=C1CC2C3NC3C2C1,6.01505236562534
OC1CC2CC(=O)C1N2,5.917686572260278
CC12CC3(CC3)C1CO2,8.461470545528254
CC(C)OC1(CC1)C#C,7.673240256924778
CCC(O)C1(CO1)C=O,5.848992696493994
c1coc(=O)c(c1N)N,4.375263116665647
ON=C1C2C3C2C1C3O,6.442686385477848
O=C1C2CC3(COC13)O2,5.640713867605048
CC12CC(C1)C(=O)NC2,7.233122592645895
CC(CCC#N)CC=O,6.21869574991178
C1C2OC22COCCC12,8.67992041881739
CNC(C)(C#N)C1CO1,7.544480711290756
CC1(O)C2CCC1C=C2,6.823781828036239
Cc1cnc(o1)NC,6.1410764940739915
OC1C(O)C1(C)C1CC1,8.172664363490773
C#CC(=O)CCC(=O)N,5.2229726197317925
OC1CC11C(O)CC1=O,5.898501599275825
Cn1c2c(cn1)nco2,6.001388838005323
c1c[nH]c(=O)cc1C=O,4.469700448210414
CC1CC2=C(O1)C=CN2,6.179346488714302
C1OC2C3CC1COC23,8.332451751080036
OC1CCN(C=O)C1=N,6.2389105787580466
CC1CC(O)C(C=O)=C1,5.082143702042305
CN1CC(C=O)C1C=O,4.923835041544829
CCOC1COC1C#C,7.4128999754841995
CNCC(C=O)C#N,5.623765722055138
CCC(CC)C(=O)OC,7.570186412400462
CN1C2C3OC2(C#C)C13,6.643278406209687
CCC1C2C=CC(=O)C12,5.037608988346589
C1C2C3C2C2CC3OC12,8.533429265269612
CCC1CNC(=O)C1=O,4.6541985607378065
CC1(CCC11CO1)C#N,8.092503502908713
CC12C3N1CC2CC3=O,5.777603342608249
CC1CCOC2CC1C2,8.614221915772648
[NH3+]C1C=CCC1C([O-])=O,6.480851859015244
CCC12CN1CCC2O,7.993602807373632
OC1C2CC1(O)C(O)C2,8.315478249442194
ON=C1COCC11CN1,6.389106836158103
C1C2CCOCCOC12,8.445669705777245
CCC(C)(O)C(C)C=O,6.1037731210870305
CC1=CC(C#C)N2CC12,6.020538280505152
OCCOC1CC(O)C1,8.491954106261565
CC1C2C3CC2C2C3N12,8.391156508920304
CCc1c(cc([nH]1)C)N,6.039632768459807
NC(=O)C12CC(C1)O2,7.174940860249846
CN1C=NOC(=O)C1=N,5.194288467597979
CCC1CC2CC(C1)O2,8.627610735307432
CCC(O)(CC)C1CO1,8.861401762033001
OC1CC11CNC1=O,7.162651896832537
CC(=O)CCC(=O)CO,6.049733156847488
CCC(=NO)C1OC1C,6.6260541137741145
COCC(O)C(C)C#C,8.041915308352493
[NH3+]C1(CC=CC1)C([O-])=O,6.601017883689614
C1CN1C1C2C3CC1N23,7.951796564243349
OC1=CC(=N)C(O)=CN1,5.025461336479101
CC(C)(C(=O)C(=O)N)O,4.814394709842432
OCC1NC1(CO)C=O,5.967054636777328
CCC(=O)CC(C)C=O,5.938287501572335
CC(C)N=C1OCC1N,7.169097104749939
CC1=NCC=CCCO1,6.591960698981252
C1CC(C1)OC2CC2,8.846147977221037
N#CCC12CC1CC=C2,6.711588772785364
CCC(C)N(C=N)C=O,6.242088241267844
OC1C2NCC(=O)NC12,6.821510662553562
O=CC12C=CC3CN1C23,5.36292219808781
CCNC(=O)C1CCO1,7.254823760245952
CCOC(C=O)C(C)C,6.025973571857881
C1C=CC(=O)CNC1=O,4.929728310911784
C#CC1COCCC=C1,6.828955767412406
CNc1cc(cnc1)O,5.367035614224614
CCC1=CCOC1=O,6.126204053436457
CC(O)CC12CC(C1)O2,8.406030819694799
CC1=CCOC(=N)OC1,6.683078387646078
OCC12NCC1OC2=N,6.98433499913918
c1c(cn[nH]1)C(=O)CO,5.371008305296572
CCN1CC(=NO)C=C1,5.064761366634336
N#CC1N2CC2C11CC1,7.254647873133125
Cc1[nH]c(=O)c(cn1)N,4.851461214015421
c1[nH]c(c(n1)O)NC=O,5.470039703610864
OC1COCC(O)C=C1,6.718002913646613
CC12OC3(CO)CC1C23,8.227845905415494
Cc1nc(co1)NC=O,5.61000040549009
C#CCOC12CC1CC2,7.6506415440558175
C1CCC(C1)OCC=O,6.121851411699394
COCC1CC(C)C1=O,6.011027988133641
CCN1C(C)C1C#CC,7.075670821352489
CC1C2C(=O)C(O)C12O,5.946707036982878
CCCc1cocn1,6.727973429617819
CC1(C)OC1CC=O,6.154703996310817
NC12CC1(OC2=O)C#C,6.4498321135452725
CC12CC(C)(C1)C1NC21,8.460694294506384
N#CC1C2C3CC1OC23,7.851965012152272
CC(C)(C)C1OCC1=O,5.878239948532985
OC1CC1C(=O)CC#C,5.97844805614076
COC12CC1OC21CC1,7.990023044021095
CC12NC1C1C(C#N)C21,6.823636167578492
CC(O)C1CC2(C)CN12,8.030409079802102
C1CC2C=CC3NC23C1,6.5750505856035435
CC(O)C12CC1C1NC21,7.6810163345279605
N=C1CN(CCO1)C=O,6.687944656246127
COCc1nccnn1,5.265126297819189
CCC1=CC(=NO)CC1,5.537200565786094
CCOC1C2NC2C1O,8.084202250445435
CC(CCC#C)N1CC1,7.936502069155823
OCC1=CC(=O)C(O)C1,5.1761076396395955
CN1CC11C2CC1O2,8.303738528285535
O=C1NC2C3N=CN1C23,6.297403402729584
CC1C2CC2(CO)C1C,8.665362615326591
CC1CC(O)C(N1)C#N,7.324684951549837
CC1(COCC1=O)C,5.862997440667699
CCC1CC2(CC2)C=C1,6.878606743319809
CC12CC(C1)NC2=O,7.160592168790866
C1C(=NCC#N)OCO1,7.241278730190724
CCC(=O)COC(C)C,6.200542192509513
O=CC12C3OC4C(C14)C23,5.729571590639328
CC12OC1CC=CC2O,6.650599677666525
O=C1CNC11CC2CC12,5.756020604683853
C#CC12CC1N=COC2,6.833298135418029
CC1=CC(=O)N(C1)C=O,5.355336877531561
O=CCC1C2CN1C2,5.729088243464011
OC12C3CC1C=CC2O3,6.439611895497122
C1CC1C(=O)C(=O)C=O,3.7290143464209695
CC12OC3CCC1C23C,8.296558889745658
CC(C)C1OC1CC#N,8.373252646823426
COCC12OC1CC2=O,5.7867861260090185
CC12OC1C1CC21C#N,7.281520432450767
COCC1CC2(CO2)C1,8.942047108525024
CC1C2CC(=O)N(C)C12,7.002985802114177
CC12CC3(C)C1C1C2N31,8.32151271496157
CC1(OCCCO1)C=O,5.831365402884144
CC1C2N1CC2(O)CO,7.805026769145112
N=C(C#N)N1C2CC1C2,5.887489154122267
OC12C3N=C4CC1N4C23,5.15495516274131
NC1=C(C=CO1)C1CO1,5.872408391242662
C1CC(C1)OC(=O)CN,7.209468484445669
C1C2CCOC3CC2C13,8.539847998250398
CC1=CC(=O)C2(O)CC12,5.067159863573995
CC1C2NC=CC(=O)C12,4.977417570395203
CCC1NC1C(=O)CC,6.090874209380772
C1OC23CC(CC=C2)C13,6.506118992392221
OCCC(=O)C(O)C#N,6.1160672041209185
O=CCC12CN3C1CC23,5.709001001578969
CC1(O)CCC(C)(O)C1,8.632354699229499
N#CC1NC2C3NC3C12,6.872669606430987
C(CO)N=COCC=O,5.889525660733129
CC1CC23NC12CC=C3,6.205214067440789
CC(O)C(C#N)N1CC1,7.347181502908443
C1OC2CC1OCC2,8.681658858970522
OC1C2NC3C1(O)C23O,7.508047659438492
Cc1cc(nn1C)CO,6.7818014301361655
CC1(C)C2OCOC12,8.722688747544273
CC1C(=O)CC1(O)C#C,5.844218716190011
O=CC1=CC2CCC1C2,5.106753026126351
CC12COCC1N=CO2,7.256396216473715
O=C1OC2C3CC=C1C23,5.753941173981626
CC12C3C1C1CC3C2C1,8.940587202061138
CCCC1C2OC2C1O,8.717877223240372
CCN=C1OCC1O,7.353246863082954
CC1=CCOC12CC2,6.491274124910182
CC1=CC2CC1C(=O)O2,6.569943382814905
CC(O)C12CC(C)(C1)O2,8.466138759677717
CCC(CC#N)C1CC1,8.997993984051202
c1c(n[nH]n1)CCC=O,5.964085510695183
CC1CC2(CC2)NC1=O,7.343425080076695
CC1(C)C2N3CC2(O)C13,7.848215119223862
O=C1COC2(CC12)C#N,5.774605326074686
OCC1CN(C=N)C1=O,6.291222600983968
CC1CC=CC2(C)OC12,6.779209397138503
COC1(C=O)C2CC1N2,5.467672560929356
C1CCN(C1)C(=O)CO,7.255719250420004
CC(=NO)C1CC(=O)O1,6.635912941800503
CC12C3C(O)C1(O)CN23,7.826490072280748
O=COC12CC1C(=O)C2,6.0619002920270955
CC1C2CC3OC2C13,8.81564221630874
CNC(=O)C1CNC1=O,6.828975555967453
CC1(CC(O)C1=O)C#C,5.786969659578069
CC1=CC2COC1CO2,6.636432989197047
OCC1(O)CCC11CC1,8.407737836231167
CN1C2CC3(O)CC3C12,7.830058981058219
C1C=CCN1CC=O,5.625132319812748
CC1CCOC(C)(C)C1,8.58826503714142
C1CC12CC=CCC2=O,5.944611779968168
COC(C#N)C1(N)CC1,7.480039827572638
CC1OCC(O)C1(C)C,8.350424638003892
CC(O)CCC#CC=O,5.595252151402479
CC1CC2CC2CC1=O,6.061215274326763
N=C1CC23CC2(CC3)O1,7.462937077603597
CC1=NC2CC2CCO1,6.915224860154716
CCC1CC(=O)C2CN12,5.65336174003441
CCOCCNCC#N,7.349743036446871
CCC1(C)CC1C#CC,7.840505451098362
OCC1OC2C(C#N)C12,7.52407502017157
OC1C(=O)CCNC1=O,5.713207238872235
c1c(c(on1)N)C2CC2,6.0358768013200566
CC1CC2(O)CC2(C)O1,8.244766807226082
COC1CC2(O)CCC12,8.495608994623053
CC1(CO1)C(O)CC#C,8.182954402985883
OC12C3NC3C3C1CC23,8.285666671346494
Cc1cc([nH]n1)COC,6.930118999074139
OC1CC2C(C=O)C12O,5.961992744411799
CC1CC(C#C)C(C)O1,8.143749367595378
N#CCC1C2C3NC3C12,7.147448618744674
CC12CCC(O1)C2C#N,7.720135686502497
O=CCCC1(CO1)C#C,6.059591631325442
CCOC1(CO)CC1O,8.28203742655223
O=CC1CCC11CCO1,5.8566130049408125
OC1CC23CC4N2CC134,7.478378762473121
Cc1cc2n(n1)CCO2,6.4755255813099275
CC(C1C[NH2+]1)C([O-])=O,7.378400875864619
N=COCC#CC1CC1,7.31168882133868
CC12CN(CC1N2)C=O,6.90782312671172
CC1C(=O)NC11CC1O,7.153716831153192
CCC(CC)OC1CC1,8.92275295660626
COCC1(C)C(O)C1O,8.115395921943907
Cc1cnc(nc1)NC,5.193258444430331
COC=NC1CC=CC1,6.755293039448046
CNC12CN=C3NC1C23,5.74290183262022
C1C2CC3OCC=C3C12,6.388986270752394
OC12CC3C(C1)N3CC2,8.009761041721216
CC1OC23CC12C=CC3,6.18676337568064
CC1CCCOCC1O,8.54255615711474
C(C1CO1)C1=CON=C1,6.628280262382278
NC(=O)OC12CC(C1)C2,8.374640756431308
CN1C2CC1C2(C)O,7.736641303696083
C1C=CC(=O)COC=N1,5.250165441571767
N=COC1CC2OC12,7.526801723523943
CC(C)(C)NC(=O)OC,8.396263692670031
CC(CC1(O)CC1)C#N,8.40861935268629
O=C1CC2OC3CC12C3,5.959408414277526
CC1N2C3C2C1(C)C3O,8.117255888560166
C1OC=NC2C3OC1C23,6.779946563373848
NC1=C(NC=N1)OC=N,5.602998951419542
OCC1=CCC2CC1C2,6.872606514052766
Cc1ccccc(=O)c1,4.398988390540108
CCN=C(CCO)OC,7.252403443810014
O=C1CCC(OC1)C#C,5.902409109049639
CC(C)C1(CC1)C(=O)N,7.462008511638867
CCc1c(c[nH]c1C)C,6.510320531472002
CCC12CCC3C1OC23,8.6326901800297
CC1CCC2=CNC=C12,6.423139813585028
CC1C(NC=O)C1C=O,5.897180543002139
C1CC2C1C1COC2C1,8.632272156909957
CCC1=CCC(=O)NC1,6.6649970579920605
CC1OCOC11CC1,8.968032843002973
CC1CC(C)=CC1CO,7.0410529025955135
Cc1c([nH]cn1)CO,6.620845916426289
CCCC1(CC1)OCC,8.820531114239076
CCC1(CO)C2COC12,8.244074160260194
CC1C2CCC(C=O)N12,5.8138969921207355
CCCC12CC(C1)C2=O,6.561372172759654
CC1C2C=CC1(O)C2O,6.442920289826618
NC(=O)C12CCC1CC2,7.436364937049717
CC1(O)C2C3CC2(O)C13,8.30972574687635
CC12COCC1OC2=N,7.537894657035098
CC12CN1C(CCO)C2,8.16392019663592
O=CC1C2NC2C11CN1,5.84385421911644
CN=C1ON=C(O)C=C1,4.4922214458529455
CCC1=NC(C)CCO1,7.292127911572638
C1COC(=O)CC(=O)N1,6.614697752924555
COC12CCC3C1OC23,8.484955324970366
CC1C2OC2CNC1=O,7.201853055360722
C1C2OCC3C4CC23N14,7.8083773453453365
C1CCCC2(CC1)CC2,9.237722998512366
CCC(=O)n1cccc1,5.399442085417899
CN(C)C(=O)C1CN1C,6.767280040832583
CC(=O)CC(C#C)C#C,6.277054166686616
OC12CC3(O)C1CC23O,7.7099521216293345
CC1C2CC1C2C(C)=O,6.363430899483964
c1nc(c(n1C=O)N)O,4.78870596800309
CC(C1OC1C)C(N)=O,7.279315774123279
CC12CC(C)(C1)C2C#N,8.619988896257052
OC1CC(O)C(=O)C=C1,5.126307650512944
C1CC2CC3NC3C2=C1,6.546809447148404
CC1C(C)N2C1CC2=O,6.760323595293595
COC(=O)n1nccn1,6.0007059267846135
OC1CC2C(=O)CC12O,5.965336222831498
CC12CN1CC(=O)C2,5.713450218315602
OCCOC1CN=CO1,7.341638003552085
OC1(CNCC1=O)C#N,5.5232519961227275
OC12CCC3C=CC1C23,6.464337334026018
OC12CC3(O)C(CC13)C2,8.357994249393238
OC1CCC2=C1ON=N2,5.830379163574562
CC(=O)C1C=CNC1=O,5.152786141902487
COC(C)C1OC1(C)C,9.014310677076478
C1C=CC2COCOC12,7.044298561842225
OC1C2C(=O)CC12C#N,6.041729612579465
OC12CNC1=NCC2,6.569490917201729
CC1=NC(=N)N=C(N)O1,5.530210890608565
C1CC1CC(C=O)C=O,5.5907409267023205
CCC1N2CC1(C2)C#N,7.107860128605857
Cc1cncoc1=NC,4.698973765341582
CC1(CC1)C1(CO1)C#N,7.770873038147569
CC1CCCC(O)C=C1,7.005420947221271
CC1(C)C2CC1(CO)C2,9.051423017615155
COC(C)(CO)CC=O,6.099033863493678
CC(O)CC1=CN=CN1,6.815806860858593
Cc1c(n2c(n1)CC2)O,6.366928642375298
CC(CO)C1(CN1)C=O,5.9659465587441165
CC1=CC2C3CCC1C23,6.495083832599212
c1cc(oc1CCO)N,5.891795762901358
CC1=CNC(=O)CCC1,5.787029054788435
CCCC(CO)C#N,8.373579723573094
CN1C=NC2CC12C#N,6.409227114746611
CC12CC(N)C1(O2)C#N,7.063057410284335
COC1(CC1C)C(N)=O,7.209648369861968
O=C1CN2CCC1C2,5.429628459802702
C(C=O)N=CNCC#N,5.853682752986448
CC1OCOC1C#C,7.855092237721897
C1CC(=O)C(C(=O)C1)O,5.527476294543814
COC1CCOC=NC1,6.882451566705831
C1N2C3C=CCC=C1C23,5.639709519393547
Cc1c([nH]nc1O)C,6.568955599895844
OC1C2CC2C2CC1C2,8.920402049507171
CC1OC2CC(C)CC12,8.554880802196497
C1OC2C3CNC12CO3,8.254463800861142
ON=C1CC2(CN2)C=C1,5.2832430850654495
NC(=O)C12CC(O1)C2O,7.130608241323797
C(CCC(=O)N)CCO,7.458417760018012
CCC(C#C)C1CC1O,8.192864403859986
N=C1NN=C(C=O)C=C1,4.5191093422958915
OCC1(CC2CC12)C=O,6.021047223630098
CC1(O)C=CC2OCC12,6.789965930797081
CN1CC23CC(C)(C2)C13,8.001974310574585
CC12CC3N1C2CC3=O,5.908767430362248
CCC1CC1C1CCC1,9.294005490223245
CC1(O)CNCC1=O,5.6954122513647825
OC1C2NCC1(O)C2=O,5.578632154025114
CC1(CC(C1)C2CC2)C,9.316571309138657
C1CC1(CO)C(=O)C=O,4.1709856774520295
CCC(=NO)C1(CC1)C,6.757921663060754
NC(=O)N1CC2CC2C1,7.648416594997297
CNC(=O)COC1CC1,7.247744754680712
C1NC1C#CC1CO1,7.158222296281628
CC1COC1=NCC#C,7.300679768605891
NC1(CC1(O)CO)C#N,7.311906010682538
CCC(=O)C(C#C)C#N,6.033147017659097
CN=C1OC=NC(O)=C1,4.717558357510925
CC1=C(C)C(O)CC1O,6.817435089498066
C1C23CCOC12C=CC3,6.344042719380655
CC1(O)C2CC(CO)C12,8.413840916145093
C1OC11CN=C2NCC12,6.4136862096258564
COC(CO)C1(C)CC1,8.693361887480629
CC1=NC(CCO1)C#C,7.209872562951681
CC(O)C1=CC2NC2C1,6.563009586704518
CCC1(O)C=CCC1O,6.996959602430694
CC12OCC1C2CCO,8.315434032914531
COC1C2CC=C(C)C12,6.500117927243515
Cn1c(=O)c(=O)[nH]cn1,5.3240659734690094
CC1CC2(CN2)C2NC12,8.134639767666023
CC1C(O)C(C#C)C1=O,5.771972343657678
CCC1COC1C=O,5.806246778909999
COC1C2CC=CC12,6.538748623129353
CC1C2C1C(C)CC2C,9.208018613876632
CC1CC(=O)C=CC=C1,4.768093887953724
CC1=CC(=O)C(O)C1=O,4.343638145224944
CC1=CC(=O)C2(C)CC12,5.1180966263255785
C1CC2OCCC3C1C23,8.529886737210422
CCn1cncc1C=O,4.9608017650235645
CC(OCC1CC1)C=O,6.0808967289647935
N=COC12CC1OC2,7.355245650080599
N#CC12CN3C(CC1)C23,7.32558040778566
C#CC1=CC2OCC1O2,5.69714460174817
CC1(C)CC2OC=NC12,7.252548025200078
CC12CC3C1N3C21CC1,8.424229357441117
CC1C(C)C1C(O)C=O,6.0195315817237764
COC1CC23CC(C2)C13,8.861677339931905
CN(CC=O)CC#N,5.60005302271145
CN=C(C#N)N1CC1C,5.531002159358827
CC1C2C3N2C(=O)C13C,6.598588799669452
CC12OC3C1C(C=O)C23,5.836756892559692
CC(O)C1=CCOC1C,6.735890544400744
CC1NC2C1OCC2=O,5.531830084575934
CC1(CN1)C1OCC1O,8.213917026922529
O=C(C#N)C1CC2OC12,5.079468563993623
c1cc(c(=O)cnc1)N,3.979557802099153
Cc1cc(=O)c(c[nH]1)N,5.028247749574023
COC1CCOC(=N)O1,8.202137353724797
OC1CCC1(O)C1CN1,8.198717571686556
OC1C2CC2(O)C11CO1,8.23270881341559
COC1CN2CC12C#N,6.939654708609205
CC1C2CC3C2N3C1=O,6.495961950812325
CN1C2C1C(=O)CC2=O,5.052074826298339
CN1CC2(C)OC(=O)C12,6.431294710857103
CC1C(O)C(=O)C11CO1,5.570401888766876
CC12COC(C)(C1)C=C2,6.694629684788517
O=C1CC23CNC2C1O3,5.471947396012092
CC1(C#N)C2C3CN3C12,6.904039215694812
OCCCOC(=N)C=O,5.182110823637997
CCCN1CC1CC#N,7.383904607835827
OCC12OC1CC21CC1,8.630013647641094
CC1=CCC2OCC12,6.737745159676669
COC=NC1CC1(C)C,7.111492474700852
C1OC2CCC=CCC12,7.02522278208707
Cc1c(c(n[nH]1)C=O)O,4.978075222415653
COC1(CC1)C1NC1,8.469103065641136
C1COCC(CO1)CO,8.569541252451925
c1c2c(c[nH]1)CC=CC2,5.840524872438618
O=CC1C2CC1C2C=O,5.606721919544664
COC1CCCC(C)C1,8.822772007491395
CN=C1OC(=O)C(N)=C1,5.345533569588598
COc1ccc(o1)OC,6.161788447933498
COc1coc(c1N)N,5.89744915848902
CC(C=O)C1CC1CO,6.162364167092041
CC1C(CC1=O)OC=N,6.014229717876056
CN(CCC#N)CC=O,5.575780577749352
COCC1C2OC=NC12,7.010149772080944
C1C2OC3COCC3C12,8.486282577663
c1c2c(no1)CCOC2,6.432473334154585
CC12OC1CC2(O)C#C,7.302515356799004
N=C1CC(=N)OC(=O)N1,6.419233195661247
CC(=O)C12CC1(C)OC2,5.968256704334382
CC1(C2CC1O2)C(N)=O,7.140935361988099
C1CC1(CC=O)C#N,6.158541766216083
O=C1C2NC3CC2NC13,5.6905728873153745
C#CC1C2NC1C1OC21,7.385202532031917
OCCC1C2C3OC1C23,8.38805447794354
CC(=NO)C1(CN1)C#C,6.450459694433093
OC1CC(CC#C)C1O,7.948325880047094
CC1C2C=C(C)CC12C,6.6053863800403745
CC(C)(O)C1CN2CC12,8.046240922866568
C1CC(C1)C1CCCO1,8.653718782336625
CC12C3CN3C1CC2=O,5.565671745894307
CC1(CC1)OC(=N)C=O,5.1137404514866
COc1nccc(n1)O,5.555243199733962
C#CC1CC2OCC=C12,6.325792045345447
CC1C2CC(C2)C1O,8.93098118995007
CN(C=O)C(=O)COC,6.100345397471216
COCC(=O)NCC#N,7.195832862699594
NC1=NC2CCC2O1,7.405391180962585
CN1C2C3C=CC1(C)C23,5.9071331029916685
CCN=C1C(CO1)(C)C,7.476399946300507
CC12CCC1(O)CC2O,8.33737098198208
CC1C2(C)CCC12CO,8.493807245622996
CC#CC1CC=CC1=O,5.137449811496781
CCC1(O)C(O)CC1=O,5.867248962458666
C1CNc2c1onc2N,5.896723577721763
C1CC(=O)C(=C1C=O)N,4.8155258293257965
O=C1NCC2OCOC12,7.136046801381908
N=C1OCC2CCC2=C1,5.836095367305191
CC1CC2(C)CN3C1C23,8.240372678193811
O=C1OCC2CC12C#N,7.0558733782648355
CC1OC2C3CCC3C12,8.359230977364083
CC1=NN2C3CC3C2=C1,6.364507605447715
CC12COC1(CO2)C#C,7.014088681905455
CC1CN=C2OCC12,7.176226160065832
CC#CC(C)C(O)C=O,5.976004305206236
CC12OCC34CN(C13)C24,8.008758655903058
Cc1c(ncoc1=O)C,4.937024017976994
COC1CN2CC12CO,7.948803987474609
CC(CCO)C(=O)C=O,4.273295100517675
CC(C)OC(C)CC=O,6.125561038544322
O=C1CC2NC2(C1)C#N,5.9266868128522585
COC1C2CC1(O)C2O,8.365814328877407
CC1CC2(CC2)CC1=O,6.082047914927529
c1cc(oc1)C#CCO,5.616184818025353
C1CC2(CC1=O)COC2,5.9326681305281035
CC1C2CN1C2(C)C=O,5.54133809349443
CC1CCC([NH2+]1)C([O-])=O,7.371513751575748
CC1(O)C(NC1=N)C#N,6.8081480299414014
CCC#CCC(C)CC,8.145914805293557
CC1N=COC2C(O)C12,6.993450659224413
CC#CC(CCO)C#C,7.696057505351925
CN=C1CCC(CO)O1,7.391468658893173
CC1C2C1C1C(C)OC21,8.32529284358765
C1C2NC3=COC=C3C12,5.837570734329889
N#CC1C2C3CCN2C13,7.2175920053466385
COC1CC11CC2NC12,8.29861167898098
OC12CCC1NCC2=O,5.5665746322368665
C1CC1C12C3C4C1N4C23,7.661086079903466
O=C1CC2NC2C2CN12,6.615940663696721
OCC(=O)C1CCC=C1,5.972852516940111
OC1CC2OC12CC#N,7.7119155180058705
C1CC11CCC2(CO2)C1,8.980103414507475
CC1C(CC1C=O)C=O,5.73223378201562
CC12CC1C=CCC2O,6.72921620680773
CC#Cc1c(con1)C,5.650152355513082
CC(=O)C1(CC1O)C#C,5.933789292663519
N#CC1CNCCCO1,7.1344696452057645
CC1C=CC2OC2C1C,6.765043606142326
OCC12CN3CC(O1)C23,7.383869700370187
CC1CNC(=O)C1O,7.386969965724388
CN1C2C1C1OCOC21,7.826902045657398
OC12COC1CC21CN1,7.915750620814835
Cn1c(cnc1O)C#N,5.499706124862424
CC1CC(CO)CC=C1,7.152269258766644
CC1(CO)OC11COC1,8.544461799431586
O=CN1CC(C1)C1CO1,7.244942611104339
CN=C1C(=NO)CCO1,5.598449627130586
CC1COCC11CN1,8.458542877684025
COC1C(NC1=N)C=O,5.578520685115958
CCOC1CCC(C)C1,8.873323165780477
CC1OC2CCC1(C)O2,8.914340979588163
Cc1ccc(o1)NC,5.777866557752493
CC1COC(=O)C1C,7.57929311145749
CC12C(CO)C3C1CC23,8.985249268584441
C1N=C2OC3C4NC13C24,5.696842917791249
OC1CCC(O)C1C=O,6.082833049125056
CC1C2C3OC3(C=O)C12,5.799977517716139
CC1(C)C(O)C1C1CO1,8.663669702449445
CC(=O)CC1COC=N1,6.083170587018885
CCC1C(C)C(C)C1O,8.584483436145991
CCC1(C)CCC=CC1,7.253526352724602
CC1(O)CC11OCC1O,7.940086802116706
CC(C)(C#N)NC(=O)N,7.711150295416763
COCC1OCOC1=N,7.607991459465497
CC1(O)CCC(CO)C1,8.861906926729793
OC1CCC2(CC2)C1,8.913887796793396
C1N=C2OCCC3C1N23,6.809604374404612
O=C1C2CC3C4C3N2C14,5.762147210938777
CC(C)C(O)C#CC#N,6.497228495566391
N=COC(=O)CCC#N,6.929579290037722
O=CC1C2CC3(CC3)N12,5.765194710975816
CC12OC1C1C(O)CC21,8.39016454523826
OC1C2CC(O2)C11CC1,8.38386605803929
CCC1CC2OC2C1,9.314858036114304
CC1CNCC(=O)C1O,5.503887991047281
C1C2CC3NC3C1O2,8.34483161948953
CC1(C)C(CO)C1CO,8.503742863958637
CC(=O)CC1=NCCO1,5.942737204956124
CCC1CN(C1)CC#N,7.084235167310391
COC1C(C=O)C1C=O,5.717577830106967
CC(CC=O)CC(N)=O,6.051792511931123
CNC1=CC(=N)OC=C1,4.596694805206732
CCC(C#C)C(=O)NC,7.345705615970791
CC1NC1(C=O)C1CC1,5.9109999078803765
NC(=O)C(CO)C1CN1,7.2073413659715415
CC1(CCC1)OCCO,8.73966272603504
CC1C2OC(=O)C1C2C,7.47347001969342
CC1CCC2(CO2)C1O,8.83174573383686
C1CC2(C1)COC=N2,7.241156627661891
C1C2CCC3=CCOC123,6.193280608116159
OC12C3C=C4CC1C4C23,5.036630312150361
CC1N2C3C(O)C2C13O,7.778348642512061
CCC1OCCC1=NO,6.706417089105419
CCC1C2C3C1CC23O,8.419388619298077
COC1C2(C)CC1(C)C2,8.988015509933494
CC1=CC2CC(O2)C=C1,5.06850696438475
O=C1CNCC1C#C,5.614275596064621
CCC1(CC#CC)CO1,8.128354773154365
CN=COC1COC1=O,6.823519949723302
CC1C2C(=O)C1C21CN1,6.297561768590876
CCC(N)(C#N)C(N)=O,6.949863256630753
OCC1CC2(CO2)C1O,8.60749282406436
COC(C=O)(C#C)C#C,5.923564127557707
CC1(C)CC1OC1CC1,8.636448519528525
CC12CC3(C)C1C=CC23,6.229712999807612
CN=C(C=O)OCC=O,4.8065027695381435
c1nc(c(o1)N)CC=O,5.03706348470729
O=C1CCC(=O)C2CC12,5.679939211468286
O=CC1CC2(CO2)C1,6.076562587286993
CCc1cc(n[nH]1)O,6.6239547290189895
N#CC12NC1C1CC2C1,7.220212005167131
C1C2C3CC4C(CN24)N13,7.480005922140032
CN=C1OC(C)C1C#N,7.262055863203413
CCOC1(CCCC1)C,8.75020030414892
C1CC1OCCOC=O,7.5279678156201655
CC(C=O)C1=NC=CN1,5.425517277924198
CC1(CN(C1)C=O)CO,7.297376981868423
CC1CC(CO)(N1)C#N,7.3454590755979785
CC1=CC2OC2CCC1,6.744353414408657
O=C1C(C#C)C2CCN12,6.423997607578714
CC1C=C(C)CC1O,7.04163183578682
C1C2CCOC=NC12,6.917627867834987
CC(OCC1CC1)C#N,8.116232521787426
CCC1(CO)NC1C=O,5.909355629899752
CC12C3OC3C1NC2=O,6.794468707192717
CC1NC1C(=N)OC=O,6.360265309181463
COCCC1CCC1C,9.08340819407221
CC1=CC(=O)CCCC1,5.212914457076604
N=C1OCC2OC(=O)C12,6.758172993682914
CC1C(O)C1C(O)CO,8.176672070708646
Cc1cnccc1O,5.948492155378165
CC1=C(CCC1=O)N,5.491608488358664
CC1(C)CCOC1C=O,5.89484606917311
COCC12NC1CC2=O,5.838853374303774
COC12CCC1(O)C2C,8.195283464747394
CCN=c1ncnno1,4.7213522915259
CC1CC(O)C(=O)N1,7.3660359745254755
CCOC(=O)C(O)CC,7.416689328383915
O=C1CC(CC2CO2)C1,6.109362796101927
CC1OC2CCC12C=O,5.744239916462749
CC1C(O)C1(N)CC#N,7.618444761228833
CC12CC1N1CC21C#N,6.659742755098178
CC12C(CC1=O)N2C=O,5.743434068632672
N=C1NC(NC=O)=CO1,5.117345464719666
COC(C#N)C(C)C,8.175542013603742
N=C1NC(C#N)C11CO1,6.827408767624009
OC1C=C2CN3C1C23,5.49171515603849
CC12COC1(C)C(=O)C2,5.674102189112369
CC(O)C(C)CC#N,8.495304913005759
O=C1CC2CCC(=O)N12,6.147018243629174
CC(OCCC#C)C#N,7.755999348460903
CCC1C(O)C2(C)CN12,7.906770570758474
CC(=O)Cc1cnn[nH]1,5.837118277718801
COC12CN(C1)C21CC1,8.227256146749578
CC12CC3C1OC(=O)C23,7.1730641710071765
Cc1c2c(c[nH]1)onn2,5.330455026343052
OC1CCC(CC#N)=C1,6.924741743271165
CC1(O)C2CCCOC12,8.335734323178501
CC#CC(=NO)C#CC,5.1930216433898755
c1conc1C2COC2,6.575292197594364
CC(=O)C#CCNC=O,5.37899965554862
N=C1OC2CC3CC12O3,7.1070246333568186
CCC(C)(O)CC#N,8.496692812102413
C[NH+]=C(N)C(C)C([O-])=O,6.45441875374593
CC1(OCC1=O)C1CC1,5.949109144090929
C1CN1C2(COC2)C=O,5.616299102518891
CC#CC(C)OC(C)C,7.822152852948964
NC(C#N)C1COCO1,7.5747563432359035
C1OC2CCCC3NC123,8.333088820126859
CC1=C(C=NO1)C1CN1,6.333257055018286
C#CCC1COC1C#N,7.385983148996388
c1nc(on1)C2CCC2,6.76620895344149
CC1(NC(=O)C1O)C=O,5.706691223435211
CC12CC(C1)(O2)C(N)=O,7.213495957295391
CCC1CCC2CC1O2,8.60922453020165
OC1CC2(O)C=CCC12,6.6502636268182425
COC(C)C#CCO,7.613399506929312
CC1OC2CC12CO,8.299812499135081
OCC1C(O)COC1=N,7.450774523424285
CCc1ccncc1O,5.849810953531084
C1CC=CCC(=NO)C1,6.6760292028886425
NC1=NC=C(O)C(=N)O1,4.747546392565381
CC1CCC(O)C2CN12,7.848176574379652
CCC1CC2(C)CC12O,8.436161792921148
CCOc1c(c[nH]n1)C,6.523984451782212
COCC12CC(C1)OC2,8.678491437552035
c1c2c([nH]c1N)C=CC2,5.1343166155670925
CCC(CC(C)=O)C#N,6.34521251712561
COC12CC3OC1C23C,8.132975486124803
OCC1C(CO)C1CO,8.342955172380009
N=C1CN=C2OCC2O1,6.77127017189245
OC1C2CC1NC(=O)N2,7.669103563334554
CC1C2CC(C=O)C12C,6.023199423430659
CC1(C)C2CC(=O)NC12,7.290392695684429
C1C2OC3CCC1OC23,8.480496113306966
OC1CC=CC1OC=N,6.815071737792492
c1c(c2c([nH]1)CCO2)N,5.899990092947019
CC1(C)OC2(CC2)C1O,8.339241377409902
CC12CC3CC4C(C13)N24,8.300838711747419
CC12NC3(COC13)C=C2,5.942866510530484
COC1C2OC1C2C#N,7.363560952547084
ON=C1C2CC(C2)C1=O,5.035292811860677
OC1C2CN2C1C1CO1,8.241632903506883
OCC1CCOC1C=O,5.917726108120128
CC1OCC2C3CN3C12,8.043584161621514
N1C2C3C4C1C2N=CN34,5.798993527898523
CC1OCOCCC1O,8.800617493991018
COCC1(C)CC2CC12,8.920603214642101
COCCC(O)C#N,7.960173820280717
CCCc1ncco1,6.696543330377087
CNC(=N)C(OC)C#N,6.59254860736436
C1CC23COC12CC=C3,6.47233359776763
CC1(N)CC1(O)C#N,7.213627700410862
CCC(CO)OCC#N,7.845341493171997
CC1OC=NC2C(O)C12,6.993054387905943
OC12C=CC3(O)CC1C23,6.146237913458082
Cn1ccc2c1C=CC2,5.184429504169737
OC1CC2C(C#C)C12O,7.369492948907362
N=COC1CN2CCC12,6.977655247735364
COC12CC(CC1)C2O,8.617979291686046
CCC(C)C12CC(C1)O2,8.496839615214977
CCN1CCCC1=O,7.224336411784131
O=C1CC2(CC2)C2CC12,6.050512505545207
OC1C2CC11OCC1O2,7.924484812562181
C1C23COC12CC=CC3,6.59606771328945
O=CC1CC(C1)N1CC1,5.8016250685257225
OC1(CCCC=C1)C=O,5.740238791835104
C1CC2OC2C2OC12,8.749927756968932
C1CC1CCCNC=O,7.6521402160615555
CC1CC2C3C2C2C3N12,7.970881630750037
CC1=C(C)C2OCC2C1,6.625018668465332
CC(C)n1c(ncn1)O,6.848114497048288
OC1CN(C1)C(=N)C=O,4.613869882194869
CC(CO)COC(C)=O,7.61437758772624
CCOC(C)C#CC=O,5.479209511237491
N#CC1CCCC11CN1,7.642770146276034
CC1(C)COC(O1)C#C,8.041521313237563
C#CC1CN=C2OCC12,6.921778561659892
CC(=O)c1c(cc[nH]1)O,4.902802969794459
COC(C)C1(CC1)C=O,6.121962861980172
CC1(CC[NH2+]1)C([O-])=O,7.182161559516459
CC1COC1C1CC1,8.716915323085377
NC(C#N)C12CCC1N2,7.1452789667972265
c1cn(nc1O)C(=O)N,5.470318222140425
CC(OC=N)C#CC#C,6.263225656231414
CCC1(O)CC(=O)C1C,5.9556763675286115
CC1CN(C=O)C(C)=N1,6.128187091434753
CN1CC(O)C(=O)C1,5.623297267545324
O=CC1C2CN3CC3C12,5.700123638339587
CC1NC(=O)C1CC#N,7.3826230601369165
COCCCOCC#C,7.903291457266142
CC1(CO1)C1(CO)CO1,8.796187825838363
OC12CC1C1CCC21O,7.939165123682734
OC12CC1OC1CC21,8.138633529342528
CC1CC2(CC2)C(=N)O1,7.684880316030959
N=CN1CC11COC1=O,6.534377729327462
O=C1CC2(CC12)C1CC1,6.09418133850926
CC12CC1C1(CO1)C2O,8.551728445763212
ON=C1C2CC1C(O)C2,6.726981412926275
CC1C2C3OCCC3N12,8.119903825954818
CCCC1=CCCC1C,7.00114916089621
CC(O)C(=O)CC(C)=O,5.79279870394827
CC1C=CC(C)C2OC12,6.942773588223304
C1CC11C=C2CN3C2C13,4.796151051559371
CCC(=O)c1ncco1,5.244599055523086
OC1(CC1)C12CC(C1)O2,8.224631247007434
OC1(CC#C)CC1C#N,7.621926692690986
CC1C(=O)CCC1(C)C,6.043607543416876
OC1CC2C3CC12OC3,8.326141674334258
C1C2OC=NC3CN1C23,6.761151199593248
C1N2CC11COC3C2C13,8.249404908457846
CCC#CC1CC(=O)C1,5.982992035929236
COC=NC(CO)C=O,5.722578750395915
O=CC1OCC(C=O)=C1,4.994992256701039
OCC12C3CC1COC23,8.311981711854138
OC1C2OCCC(=O)C12,5.895538793307505
CC1OC(=N)CC11CO1,7.529981032195148
OCC1=CCC2NC12,6.561648200737085
CC(=O)NCC#CC#C,6.084090805493833
CC1(C)NC(=N)NC1=O,6.365549691230502
CC1C=CC(=O)CC1O,5.115532214715811
CCOC(C#N)C(N)=N,6.985595778485063
CN1C2C3(C)CC1C23O,7.582723813927407
Cc1c(cno1)C2CC2,6.428973501216506
O=C1C=CC2CCC1O2,4.981457938852361
O=CN1C=CC2CCC12,5.732045063695287
C1CC(C1)(C2CC2)O,8.823428889413439
CCn1cc(cn1)CO,6.927178820759966
COC12C(C)C1OC2=N,7.250152076603827
OC1C2CC=C(C#N)C12,5.5479336068527045
CC1(NC1CO)C1CN1,8.252193689138878
COC1COC1C#CC,7.3797944734373715
C1C2NC1C1=C2NN=C1,6.2077877817086256
C1NC1C12CC3CN1C23,8.105937290238977
CC1C(O)C11OCC=C1,6.3270493393743035
CC1C=C(C)C2CC1C2,6.864966320173986
N=C1NC(=O)CC2NC12,6.350757041506499
CC1C=CC=CCC1O,5.585640288724065
CC(=O)C1CCC1(C)C,6.138642185089898
CCOCC(C)(C)C#N,8.290936435380031
CC(C)OC(C=O)C#N,6.0597748063716415
CCC12C(C)C1NC2=O,6.9230020058472554
Cc1c(c(ncn1)N)O,5.565062989200314
OC1(COC=N)COC1,7.245046418214607
CCC(C)N1CC1C=O,5.689089112294187
N=C1OCC1C(=O)C=O,4.448107189350972
C1C2CC3C1C21COC31,8.647228917272745
Cn1cc(nc1CO)O,6.129112032831802
CC(C=O)N1CC(O)C1,5.593130303583726
O=CC1=CC(CC1)C#C,5.179530547095631
CC1(NCCC1=O)C#C,5.638019439298203
CC(O)CC1(CC1)C=O,6.120186953619734
N=C1N(CC11CN1)C=O,6.138172093804318
C1CC(O1)C1=CC=CO1,6.304058957419289
c1cnc(c(=O)[nH]1)CO,4.915178152980974
CC12CC(C1)C(C2)C=O,6.089724011442065
CC12CC1(O)CC2C=O,5.977309831877911
CC(C#N)C1CCC=C1,7.213564439941331
N=C1C=CC=COC1=O,4.35735391450601
OC12CC(C1)OC2C#C,7.435968152074167
CC1CCC2(CCC2)C1,9.432810986574676
CCC1COC(C)=NC1,7.39044913887522
CC1N=C2CCN2C1=N,6.151683114642408
CN1CC1(C=O)C1CC1,5.609302877055354
OC1C=CC(=O)C11CN1,4.938420912618705
CC1=C(ON=N1)C1CO1,5.8485354752608245
OCC(O)C1=CON=C1,6.610554302210536
CN(C)C1=COC(=N)O1,6.319884449926629
CC1N=CN2C(CO)C12,6.613866444417061
ON=C(C#C)C1CCO1,5.754764245788369
CC1CC2COCC12,8.774994178186803
CC1=C(N=CN1)C1CN1,6.553582507538458
C1C2C=CC3OC12C=C3,5.894247179193496
CC1(CC(=O)C(=N1)N)C,4.946340135920389
CC1CC1(O)C(N)C#N,7.603182334000513
CCC(C)C(=O)C1CO1,6.055382165596944
CC1C(O)C1(C)CC=O,6.0599871417702165
CC1C2COC2C1=NO,6.520990344605799
OC1CC(=O)C1CC#C,5.948038786644954
CCOC(C#C)C1CO1,7.650112522275052
Cc1cc(=O)[nH]c(n1)O,5.474424417241442
CCC12CC(CC1C)O2,8.665565472016963
c1c(noc1N2CC2)N,6.102624389485663
CC1C(C)(C)C1(C)C#N,8.294289877094286
O=C1CC2CNC(=O)N12,6.571390557280444
OC12CC(C1)C2CC#N,8.254634421067223
CC1(CC(O)CO1)C#C,7.745971363603664
OC12COC11CCC1C2,7.999694496657591
CCC1OC(=O)C1N,7.106618643386333
CCNC1CC1(O)C#N,7.10881069196158
CC(C)(CC=O)C1CC1,6.153006290070731
CC1(O)CC(C=O)C=C1,5.940952398934588
CC1C(O)C11CC(=O)O1,7.4123819431154505
CCC1C2CC1CCC2,9.529024135941233
CNc1cc[nH]c1CO,5.967199017384029
CC(C)(C(=O)N)OC=O,6.7700902554466325
CC#CCN=COC,7.24814914696834
CC1C2CC(C)C1(C)O2,8.65451023164723
CC12CC1C1NC(=O)C21,6.90894475803623
CN=COC1CC1C#N,7.2200907069491755
CCn1cc(nn1)OC,6.212004591359017
CCC1(C)OC(=N)C1N,7.432279238934321
C1CC(=O)CC2(C1)CC2,6.159693619245221
N=C1OCC(=O)C2NC12,5.785135304615542
COC1(COC1)C(=O)N,7.046738667875118
C1C2C3CCOCC3N12,8.041276877438547
OC1CC(CC=O)C1=O,5.71957843826853
CC1CC2C3CC2C1O3,8.714047457225577
OCCCC1CC1C=O,6.2017028951514614
COc1ccn(c1)C=O,5.402884838103316
CC(C)(C#N)C1CO1,8.441796991290932
C1N2C3COCC=C1C23,5.962050841451522
CC1(CC2(O1)CC2)C,8.496797857265678
CC1(CC2(C1)COC2)O,8.317757827696534
OCC1=CCOC(=N)C1,6.744081825933138
C1OCC11C2C3OC3C12,7.961684685728818
CC12CN3CC(OC1)C23,7.9501340956373445
Cn1c(ccc1OC)N,6.1776253952542
OC12CC1N(C2)C=O,6.983812269684572
OCC1(CC1)C1CCO1,8.366934569923501
CCC12CC(=O)C1C2C,6.0800219611001065
Cc1cc(c([nH]1)N)C=O,4.634946491940405
O=C1C2CC1C(=O)NC2,5.829773499469039
OC1(CCN2CC12)C#C,7.195360529155106
COC12CC1(O)CC2O,7.958294575157561
CN1C2C(=O)NCC12C,6.6604761143314715
CC(=O)C12C3CC1CN23,5.933313820246674
CC1CC2(C1)OC2C=O,5.929959363423299
C1C2C3OC4CC13C2O4,8.116603131415182
CC(C)c1c([nH]cn1)O,6.531980494465404
OC1C2CC3(CO3)C12O,8.228438864257093
CC1(C)OC2CC12C#C,7.1771301852587825
C1C=CC(=O)C=CCO1,4.739062692630908
OC1C2CC2(O)C1C=O,5.954488204595231
CC1OC2C(O)C12C#C,7.156606756541876
CC1NC(=O)NC1C#C,7.527003642868646
CCN=C1C(=CCO1)C,5.860409071821685
COC12CC3CC1(C)C23,8.4834424158159
OC(CC#C)CN1CC1,7.513836159434625
CC12CC1C1C(C#C)N21,6.801483782200121
COCC1(O)CCC1=O,5.793816621007484
N#CC1CCC2CC1C2,8.91398172501021
Cc1cc(=O)[nH]c(=O)[nH]1,5.487111191581636
CC(C#C)C([NH3+])C([O-])=O,7.259454079216505
CCCOc1cnco1,6.456234692629513
C1CCN=C(C1)OC=O,6.410071206471041
OC1COCC2CCC12,8.51019059562877
CC1=NCC2NCC2O1,7.069246443680575
CCCC1=CCC(=O)C1,5.953144095996537
O=C1CC23CC2(CC3)O1,7.367357854249002
CCC1(C)CC(N1)C#N,7.334648164560759
