smiles,gap_eV
CC1(CN1)C(C#C)C#N,7.343281215020958
C1CC11C2OC2C11CO1,8.358677384171482
OC1CC1C1CC(O)C1,8.590730358737844
OC1C=CC2COC12,6.65572376965995
CC1OC1CNC(N)=O,8.074987845713345
O=C1CC2OC2(C1)C#C,5.859569438883885
C1C2CC3(COC3)C12,8.640782219382833
CC(C)(O)C(C#C)C#N,8.012325155730114
CC1COCOC1=N,7.6175860933776525
CC#CC1(O)C(C)C1C,7.273508734799268
OC12CC1CC2CC#N,8.055293487795147
CC1C2C(=O)OCC12C,7.398607760956441
CC12OCC3OC1C23O,7.572483346030813
CC1C2C=CC3(CO3)C12,6.5441319805106595
OCC12NC1CNC2=O,6.90653137176837
OC12C=CC3C(C=C1)C23,5.895614932624996
c1cnc(cn1)CCO,5.571611866271444
CN=C1OCOC2CC12,7.120376907674688
CC12CC(N1)(C=O)C=C2,5.554367702310848
CC1CN1C(=O)CCO,6.952323137177528
Cc1c[nH]c(c1O)OC,6.2630340357600485
CN=C1OC2C3CC3C12,7.190880962449457
CCCC1CCOC1C,8.73628403881278
CC1(OC1C1CN1)C#N,7.198911931625158
CC1C=CC2OC12CO,6.679997147255452
CC12C3N=C4NC1C4C23,5.078090739205074
C1C2C3NC3C3(CO3)C12,8.051768356056813
CC1=CC(O)C2(CN2)C1,6.7119435377500665
N=C1C=COC(=O)N=C1,4.777702855746661
NC1=NC2COC2C1=O,4.645696226421749
C1OC11CC2OC3C2C13,8.286156784579553
N#CC1NC23CC(C2)C13,7.1669230678936575
N#CC1OC23CC(C2)C13,7.239345033038443
CC1CC2CNC12C#N,7.008392953452938
NC(=O)C1(CCO1)C=O,5.611459533803137
CC1(CN1)C1(CC1)C#N,7.5051476421421786
C1C2COCCCN12,8.365135084866912
CC12CC3(O)C1NC23,8.001473741849964
CC#Cc1ncn(n1)C,5.911005190104237
OCC12CN1CC=C2,6.327626287621396
CC1(O)C2COC1CO2,8.312002280502771
CCC1OC(=O)C=C1N,5.912960135740527
CC1(CO1)C(=O)NC=O,5.9381345033536785
CC1=CC(=NO)CN1,5.070229432083227
CC1C(N1C)C(=O)C#N,4.705058695574232
OC1CC=CC(C1)C#N,7.179411903936302
C1OC1C1OCC11CO1,8.613807006316154
O=CC(=O)NCC1CN1,4.952242310097232
C1C2=C(COC2)C(=O)N1,5.634422174764099
CCC1COCC=CC1,6.9077863748729715
Cc1c(oc(=O)cn1)C,4.888020364777951
CC1C2CN1C(C)CO2,7.893323401662476
CCCC1CNC(=O)N1,8.011767840543175
O=C1C2CNC1CN2,5.376214944657246
NC1(C#N)C2CCCC12,7.60721147722106
NC(=O)N1CC1CC#C,7.407791090848318
CC1CC=CC2OCC12,6.910793643324386
CC(C#N)N1CCCC1,7.194219619558847
CN1C2C3NC3C12C=O,5.354304046761054
CC(C#N)C1=CN=CO1,6.503563153840554
CC1=NCC(O1)C#C,7.197160916925454
CC1OC(C)(C#N)C1=O,5.831609968138011
NC(=O)C12OC3C1CC23,6.912016504511118
CCC1=CCOC(C)C1,7.057146586740721
c1c(onn1)CC(=O)N,6.133541192987547
OCCC1CCCOC1,8.710458208073849
CN1C2CC=CC1C2O,6.214837254381862
C1OC2C1CC1OCC21,8.367938857657887
CC12NC1COC2C=O,5.766322958742517
CC1CCC=C1C(N)=O,6.067036730491344
C1C2CC3OC2C1C=C3,6.642762539231164
OCC#CC(CO)C#N,7.436151207831212
CCCC1OCC11CN1,8.347126592571389
O=CC1OC(C=O)C=C1,5.432004018009575
CC1(O)C2CCC12C,8.44642505308532
CCC(C#N)(C#N)OC,7.658602431870539
CC1(CO1)C1(CO)CN1,8.547556090173687
O=C1NN=C(N1)C1CO1,6.4253792462746615
COC12CC3C1C2N3C,7.965581609700891
COC1=CC(=O)NN=N1,4.691557950574107
OC1C2C3CC3C12C=O,5.643004441365072
COC1(C)CC1(O)C#N,7.461746171286661
CC#CC(CO)CC#N,7.898012040640143
CCC1=CC2C3CC1C23,6.233093787670123
CC#CC1C2C3CN1C23,7.007978249437441
c1c2c([nH]n1)COC=N2,5.577731292344554
CC12OC3C(C13)C21CN1,8.092446045866154
OC1CC=CC(=O)C1,5.193944949562297
C1C(CO1)C(CO)CO,8.352328196288209
Cc1c([nH]nn1)C(=O)C,5.349273200943825
COC1(CCCO1)C=O,5.836947355659946
C#Cc1conc1CO,5.770211447263351
C1OC2C=CC3C1OC23,6.363556691263964
COCCCN=COC,7.233467839044088
CC1(CN1C=O)C1CC1,6.865175259502401
CC(=O)CC1(CO1)C#N,6.177089498097764
CC1CC1CCCCO,9.194267532172379
CC1OC2CC(=O)C12,5.856893634079644
N#CC1CN2C3CC3C12,6.945812086638417
C1N=C2OC3C=CC1C23,5.86255885084227
CC1(C=O)C2N1CC2=O,5.5436906049996555
C1CC12CN=COCO2,6.988218231884856
OC1(CCC1C=O)C=O,5.57339766064335
CC#CC1(CN1)C1CC1,7.369287150623391
CC1CC2(C)CC2(C)O1,8.419822678075786
CC1CN2CC1C2C=O,5.58203546149399
CCCCN=COC=O,6.561595265584426
CCOc1coc(n1)C,6.191076577874001
CCC1CCC=CC1=O,5.171356860813735
CN=C1C=C(O)NN=N1,4.610548226215463
N#CC12CC(C1)C21CN1,7.559041685672644
OC1C=CCNCC1=O,5.516608205051913
CC1C(CC#N)C1C=O,6.107722537362493
CCC1OCC(C)=C1C,6.749121788829683
CCC1CC(C1)C#CC,8.111862747058593
CCC(C)C1=CN=NO1,6.611159213900866
OC1C2OC3C2C13C#C,7.049523939119728
CC1OC2C1OCC2O,8.255485670550756
CC12CC1C(O)C1CC21,8.386942829891659
CC(C)C(C)C(O)C#C,8.174303632342852
CC1=NOC(=N1)C1CN1,6.097631600483279
CC(=O)C1CC1(O)C#N,6.113219327307034
Cc1cc(n[nH]1)N2CC2,6.335531496674305
CC#CC1C2CC1CC2,8.154672028751499
C1OC2C1C1C3OC3C21,8.085699720636892
OC12CC3C(CC1=O)C23,6.105738184535966
NC1=CN=C(N1)C1CO1,5.827329152014453
C(CCOC=O)CC#N,7.4789158933269295
CC1(CCOC(=O)C1)C,7.5008650716843945
OC1CC1C1(CC1)C=O,6.100939715819452
ON=C1CC2(O)COC12,6.608744526360544
CC(C=O)N(C)CC#C,5.554259391640885
c1c(c(n[nH]1)N)CC=O,5.030194147203982
CCC(C#C)C1CC1C,8.339959095257193
OC12CN(C1)C(C2)C#N,7.068755596438018
[NH3+]C1(CO)CC1C([O-])=O,7.269443796119834
C1NC1C1=CC=NC=C1,5.86016159545531
CCOC(=N)C(=N)OC,6.14934113582872
COc1ccc(=O)[nH]n1,4.776640356555181
C1CC12COC23CC3,8.251223621863772
c1coc2c1CCCO2,6.10012906798557
c1nc(c(c(n1)O)N)N,5.517682126636759
N=C1NCC2(CN2)C1=O,4.817834392936621
CC1CC(=O)CC1C,6.051572005406718
COc1ccncc1N,5.461693370910753
CCC1CCC1(C)C=O,6.083766433448504
CCCC(=O)NC1CC1,7.461098157891943
CC1CCOC(=O)C=C1,5.990503427460572
CC12CC3(C#N)C1NC23,7.156784567771546
Cc1c(ocn1)N2CC2,6.104577539222685
OCCC1C2C3CN1C23,8.144118452061845
CC1OC2C3CC1C23C,8.428894758465201
O=COCC1OCC=C1,6.663509193005131
C1C2CC1C1OC1C=C2,6.750626039360049
CC1CC2(COC2=O)O1,6.990447978073174
OCC1C2C3CN1C23,8.109521054349099
CCC12OC1(C)C1CC21,8.3612429682903
CCC1C2CC1C(C)O2,8.657473774929588
OC1COCC(=C1)C#C,5.629965653827321
CC(C)C1(C)OCC1O,8.346345278062348
CC([NH3+])C1=COC([O-])=C1,5.031231352207623
CC12CC(OCO1)C2=O,5.6919043057971574
N=C1COC2CC2CO1,7.310595533812858
CC12OC1C1OC2C=C1,6.6253408853345
CC1CC2OC2C1CO,8.829704337760429
CC1C2CC3OC3(C)C12,8.834451391811061
O=C1CC2OCCOC12,5.560480175843069
N#CC12CC1NCC=C2,6.485837872517331
OCC1(CO)CC1C#C,7.922591022744923
O=CN1CC2OCCC12,7.121039624285795
CC1=C(OC=N1)C1CO1,6.25295461168718
CC1=CCC2OC12CO,6.624819334577438
COC(C#N)C1CC1C,7.898798370199675
CC1CCC=CC11CN1,6.7256262900348975
CC1CCC(C)(O)C1C,8.800457045134435
C1CCC=CC=CCC1,5.757387680414426
NC12CC1N1CC21C#N,6.624038844005193
CC(=O)C1(CN1)C(=O)C,5.460295779739066
CC1CC2(C)OCC=C12,6.541938185066179
CC1CN2N=C(C)N=C12,7.042821134592093
C#Cc1c(nc([nH]1)O)N,5.39414922041386
NC1=CC=C2C3CC3N12,5.991636397324964
COCC1C2CC(O)C12,8.440629591263093
OCC1C(C#C)C1C#C,7.330371753512159
CC1(C)COCC2CC12,8.628846980213954
C1CC2CCCC=C2C1,6.975178832640926
C1C2OC11CCC=CC21,6.679587455641224
CCC12CC1C(C)(O)C2,8.575672918469898
CCC(N)(CC#N)C#N,7.713629524121098
CC1OC(CC#C)C=C1,7.002057462204432
CC(=O)C(CO)C1CN1,6.104897233772961
c1c2c(cnn1)CCC2,5.765703186705701
CC1C(C#N)C1C(C)=O,6.252143825150876
OC1C2CC2(C#C)C1O,7.346848291359587
CC(O)CCOC(C)=N,7.820877851285107
CC(O)C1(C)OC2CC12,8.255277641683934
CCC(=O)N1CC1C=O,5.773291171645072
CC12CC3CC1(C=O)N23,5.864637118706258
CC12CC3C(O)C(O1)C23,8.173864599068722
CC1(CO)CC2OC12,8.772186525551072
CC12C3CC4CC1C4C23,8.749590847898327
CC1CC(=O)C(C)=C1N,5.555824551239058
CC12CCOC1=NCC2,7.237127395488377
C1C2C=CC3CCC12O3,6.466684532034654
O=CNCC1CCCO1,7.482980941181787
CC1COC1(C)CC#N,7.877190009249901
CC(=O)CC1(O)CC1O,6.1991483014376705
CC1C2CC(C)C1O2,8.829963528205369
OC1(C=O)C=CNC1=O,5.09373392676126
C1OC2CC34CC(C3)C124,8.147052202027602
CC1C(CC=O)OC1=N,6.149252513349766
CCc1c(nc[nH]1)O,6.443799508435238
C1C2OC2C2=C1N=CO2,6.22434502753187
CCC1OC(CO)C1O,8.281090652899538
OC12CC(=O)N3CC1C23,6.510775347613501
CN1CC(O)(C#N)C1=O,6.7037803146803085
CCC#CCC(=O)OC,7.341263144153933
O=C1C2OC3OCC2C13,5.871143210027129
CC12C3N1C1C3(O)C21O,7.295007858782963
CN1CC1CCC1CO1,8.467430833400543
CCOC1CC(=O)C1O,5.911665229476741
N#CC12CC3C(C1)N3C2,7.5271326260103155
CCC1(CCCO1)OC,9.099960600857605
CCC1(O)CC2(CO2)C1,8.63996478174479
OCC1CC2CC1CO2,8.52871266196285
O=C1CC2C3CN3C2C1,5.862777774218444
CNC1COC(=N)C1=O,4.779175282393801
CC12COC1CC21CC1,8.375761040674387
N=C1OCC2OC2CO1,8.06939759245908
CC1CN1C(C)(C)C#C,7.530881895324102
CCC(C=O)C(C)=NO,5.838310581834206
C(C1CO1)C1=NC=CO1,6.660121703645377
C#CCC#CC1(CC1)O,7.052446109151784
O=CC1(CN=CN1)C#N,5.5636061795782945
CCC1C2CC(O2)C1C,8.701294520603913
CC1C23CCC12OCC3,8.139465607558028
CCCC1(CO1)C1CO1,9.040808817242823
CC1C2OC(C=O)C12,5.749937720596367
C#CC12CC3CC3C1N2,7.162244586424242
CC1CC(=CN1)C(C)=O,5.236075779805732
CCOC1CNC1C#N,7.099169718618366
CC1C(N1C)C(C)=O,5.728658763547639
CC(C)(CC1CC1)C#C,8.446229331363616
CNC1=NC2CC2C1=O,4.436987159187885
CC1C2COC(=O)N12,7.764930457382166
Cc1[nH]c(cn1)CC#N,6.72496092571705
CC1OC2CCC12CO,8.269795736629934
OC1C2C3C4C1C2N34,7.884209024765563
O=C1C2CCC2C2CN12,6.612656756197403
OC1CCC2C1OC2=O,7.459554642386653
CC(C#N)C1CCC1O,8.303033731354954
CC(C#C)C1=NNN=C1,6.923543390615135
OC1CN2C3CC(=C1)C23,5.908796784105856
OC1C2CC3OC3CC12,8.66828208710883
CC1CC2(CO)CC1O2,8.480262088707217
CCC12OCC1C2C=O,5.873557938738422
CC12CC(C)(C)C1(C)O2,8.635260540176608
CC12CC(O)(CO1)C=C2,6.678378217455309
CC1=CC(O)C(C)(C)C1,6.951090133245984
CCC1COC1(C)C#N,7.726161886694447
C1CN=C(CN1)OC=O,6.19192340656598
CN(C)C1C=CCC1=O,5.291677240755423
CC1C2CC2(O)C1(C)O,8.163216461536173
CC1OC(=O)CCC1=O,6.045037041858602
CC1=CC23OC4C2C1C34,5.453213586943501
c1cnccc1CC=O,5.24076071028977
CCC1(O)CC2OC12C,8.579919119168888
CC1C(CO)C11CCO1,8.12861800106538
CC1CCC2OCC2=C1,6.794402862054054
C(CCC(=O)N)CC=O,6.095507939172439
CC12OC1C1(OC21)C=O,5.780271303798031
OC1CC2NC(=O)C12O,6.985045677654455
COC1=CC(=N)OC=N1,4.7151885173292785
CCC(C=O)N=COC,5.830628058697752
CCC1COC1CC=O,6.024585138521726
COC1C=CCCC1O,7.049825978886224
N=C1OCCC2NC12,7.132962847407244
O=C1CN2CC2C2CC12,5.644335076072343
CCC1N=COC1(C)C,7.358766827975661
CC#CCC1COC1=O,7.4054774377601325
CC1C(CC1(C)O)C=O,6.025658849779147
CN1C2C3OC3C12C=O,5.532875511280482
C1C2CCOCOCC12,8.778513578628349
CNC(=O)CC(O)C#N,7.236798657144218
OC12CC3CC1C3C2=O,6.277140331092209
CNC12C(N)C1OC2=N,6.680101644422761
CC1COC(=O)C(C)C1,7.437727644643449
NC12C(CO)C1NC2=O,6.6870503851482646
CCC12CCC1C(=O)O2,7.537570720903782
CN1C2CCC1C(=O)C2,5.47301389211604
CC12OCC1=CC1CC21,6.191912040701878
CN=COCC#CCO,7.214589441623236
C1OC2C3CC=CC12O3,6.483957258856154
CN1CC(C1)(C=O)C#C,5.157965334221163
C1OC11CCC11COC1,8.39698751897431
CC1(COC=N1)C1CN1,7.2571832846447695
OC(CC#N)C1COC1,7.7500920300874725
CC12OCC1OC2CO,8.051656359220713
C1C23CCC12N=COC3,7.030456408807208
Cc1ccc(nc1O)C,5.6968413368677915
CC1=C([O-])C(C[NH3+])=NN1,5.287363906156545
CC1NC11CC(=O)C1,5.946442980677569
CC12CC3CC4C3C1N24,8.358247651319028
COC1CCC1CC=O,6.049699883702119
O=C1CC2C3COC2C13,6.0178530578533875
CC1CCC1C(O)C=O,6.020006490145203
CC(C)C(=O)OC=N,6.978336813914604
N#CC12CC3NC1C3O2,6.737437257405257
c1c(nc([nH]c1=O)N)N,5.431364109451918
OC12C3CN4C(C13)C24,7.959292763992437
CC1(C)C2OC1C21CO1,8.542254401371267
COCCC(=O)CC#C,6.292096502524501
OC1C2C3CC4C3C1N24,8.048509609832227
CC1(O)C2C3OC1OC23,8.266115136306457
O=CC12OCC1C1OC21,5.7606897687259275
C1CC=C(C1)CC2CC2,6.9160122251000775
CC1OC1CN(C)C=O,7.219860186340448
O=CCCC1CN2CC12,5.8399627094589475
C#CCC12CC3C(O1)C23,7.5251253751565885
NC(=O)C12CC(O)(C1)C2,7.3895738851593995
CCCC1CNC1=O,7.553915561403654
C1CCC(CC1)C(=O)N,7.462930836276482
O=CN1CC11C2CC1O2,6.867674062048282
CN1C=NCCOC1=O,6.587397678714973
CC1CC2(C)OC=NC12,7.271039831375906
CC1OC(=N)CC1CO,7.721398708346117
CC12COC1(C)CCC2,8.470187635597823
CCC1C(C)C(O)C1=O,5.892684066170041
CC1=CC(C[NH3+])=C([O-])O1,4.772161621335818
OC1CC2C3CC1C23O,8.455058621590322
C1CN1C1C2C3OC2C13,8.223436563155769
CCC1CC(C)=CCO1,7.0748111919114285
CC1N2CC2C11COC1,8.199436420195646
Cc1c2c(cno2)on1,5.582722698155955
O=CC1CCCOC1,6.087555503631842
c1cnc([nH]1)C(=O)C=O,3.994554053843628
CC#CC#CCC1CO1,6.103074103560981
CC#CC1OCC1C#N,7.219038558765729
Cc1c(ncnc1O)O,5.632844925753606
O=C1OCCC2NC12,7.009673271639208
O=CCC1CC1CC#N,6.202072647807932
CN1C2CC1C(=O)C=C2,4.729212974387751
CC(C#C)C1COC1=O,7.441910285258555
CC(O)(CO)C#CC#N,6.449792245966973
CC1CC1C(O)C(C)=O,6.312001756561346
CC1(CC(O1)C#C)C#N,7.221371042895914
CC(=O)c1c(cno1)N,4.745923951233145
CC1CC(CO)C2CC12,8.915302150669447
OCC12OCC1C1CC21,8.24476530698091
NC1=COC(=N)C(N)=N1,4.597401006720974
c1cncc2c1CCO2,5.921097948453101
CC1CC1C1(O)CC1C,8.494298453379113
OC12CC3C(NC13)C2=O,6.08170247921541
CN=C1OC2COCC12,7.224501375483147
CC1CC2CC(=O)C2O1,5.7623945202098845
CCC12CC(C1)OC2C,8.657518702406929
Cc1ccc(oc1=O)O,4.6593691335453205
c1c([nH]c(n1)NC=O)N,5.728325910237681
CC1C2C3C2C2(CC2)C13,8.719754328669737
CCC1(COC1)C#CC,7.660601549865525
C1C(=O)C=CC12COC2,5.110649778302909
CC12COC3CC1CC23,8.836131752776735
N=C1OCC23CC(N2)C13,7.040949024176822
CC(=N)OC1CCOC1,7.626610183665189
CC1(O)C(=N)NCC1=O,5.421375760250365
CC1=NC2COCC2O1,7.196256820310246
OCC1(O)C2CC1C=C2,6.5657845066058815
CC(=O)C1CC1(C)C=O,5.831933466214059
C#CC12OC1CC1OC21,7.158321854764836
CNC1CCC1(O)C#N,7.046779812993426
NC1=CNC(O)=NC1=N,5.0212934980514525
NC1CC(CO)OC1=O,6.989943586106386
C1C(=CC(=O)C1=O)CO,3.899327750068365
ON=C1CC2(O)CNC12,6.40032801939034
O=C1OC2C3CNC1C23,6.64535543162389
CCC(=O)C(O)C#C,6.10444800947726
CC(CCO)C1COC1,8.55535084476531
CCC1(N)CC1(O)C#N,7.273180223040713
CC(OC(=N)C#C)C#C,6.360043859264799
Cc1cc(c(o1)OC)O,6.026099566782762
CC(C)(CC#CC#N)O,6.627617759293264
CC(NC=O)C(C)=O,5.855326819513137
CC1=CC2N3CC2(O)C13,5.513397461944484
Cc1c(con1)C(C)C,6.6772017445057665
CC12CC1C1(CC1)C2O,8.456501053937643
CC(C=O)C1NC1(C)C,5.993478356271846
CC12CCCC1C=CC2,7.095205279880384
O=C1C2COCC1N2,5.595247032873285
CC1NC=[NH+]C1C([O-])=O,6.474714596682686
ON=C1CC=C2COC12,6.08526921844701
CC#CC(O)CC(C)C,7.951521404376724
CCC1CC2COC1C2,8.590383796811963
OC12CC1N1CC21C=O,5.595915966610201
CCC(N)(COC)C#N,7.807059967647254
CC#CC1OCC1C=O,5.883825546235352
CCN1CC(C#C)C1=O,7.081025637190642
c1cnc([nH]1)C2(CC2)O,6.547899634247182
C1N2C3C4OC3C2C1=C4,4.9888033173802695
CC1=C(COC(=O)C1)C,6.90169580338309
CC12OC3C4OC4C1C23,8.031528802295512
CN1C2CCOC2C1=O,6.799256287211297
O=CNC1C2C=CC1O2,6.408745962361754
CC1=CC2(CC2)OC1=N,5.731349652954577
CCC(C)C1OC1C=O,5.967136828025819
CC12CC(=O)C(O1)C=C2,5.809676589118039
C1C2OCCC3OC2C13,8.238209560194887
OC1C2CNC(=O)OC12,7.969050250498581
CC(C)CC(C)C(C)=O,6.276647213496843
CC(C=O)C(=O)C1CO1,5.521140833785128
Cc1c(c(ncn1)O)O,5.580802546750779
OCC1C2C=CCCN12,6.367298497805336
O=C1C2C3CC4C3C2C14,5.837222418209339
CC1C2OC1C1CC2C1,8.476054567634172
COC1CCOCC1C,8.741099310373084
N=C1CC2OC(O1)C=C2,6.591946570733232
C1OC1C1CCCOC1,8.904416866501734
CN(C1CC1)C(=O)CO,7.08489211942096
N=C1NC(C=O)C1C#N,5.969591678691908
CC12OCC1CC2C#C,7.651284488364361
Cc1c(ccc(n1)O)N,5.174092785147482
CC12NC1CC(O)C2O,8.187278511272632
CC1(O)CC(O)C(=O)C1,6.028316410828181
OC12C3CC1C1(CC1)C23,8.270262288949143
CC(C#C)C1OCC1C,7.958201622592327
CC1(CC(CO)O1)C#C,7.567040252497889
CN1CC2CCC12C=O,5.193603130057441
CCC1C(NC1=O)C#C,7.288905867019233
CC1=CC(O)C2CN2C1,6.32835339757309
C1OC11CCC2OCC12,8.633784966744518
C#CC1(CCO1)C1CN1,7.300943820869602
CCC12CCOCC1N2,8.39425741678141
CNc1ncc(o1)C#C,5.094763908758923
CC12CCCC1CO2,8.674095699986678
CN=C1OC2(C)CNC12,6.98119055649493
CC12CC1C1(C)CC21O,7.867228162084029
CC(C)CC(=O)OC=N,7.038328097734979
CCC1=CC(=O)CCN1,5.290790912306781
CC(=O)CCC(=O)N,5.996546640473259
COCC1C2CC(=O)C12,6.164497705569916
CN1C2C3NC2C3C1=O,6.488260432677135
CC1(C)CC(CCO)O1,8.599787663460624
OC1(C=O)C=CC2OC12,5.651095963931524
N=C1CC(OCO1)C#N,7.557908176572319
OC1C=CC(=N)OC1=O,5.552350750659217
CC(O)C#CC(C)O,7.706526191527013
CN1CCCC(=O)C=C1,5.010168898256552
CC1=COC=C([O-])C1=[NH2+],4.469941569418939
C1C2OC2C11COCO1,8.563386772408334
OCC1OC1C#CC=O,5.470944576468664
CC1NC(=O)C1N(C)C,6.745353864228486
CC1OC(=O)NC1C=O,5.928616273507638
CC1(CC1)C1C(O)C1O,8.141920592090475
CC1(CN1)C1CC(=O)O1,7.360247471089416
C1COCC=C1CC=O,5.960140863379097
CNC(=O)CCC1CO1,7.466757010164781
CC(O)C1OC2CC12O,8.091435866840401
O=C1COC2C3OC3C12,5.657747549553074
CC1=CCC(=O)C12CC2,5.879911182785834
CC1C2CC1C(=O)N2,7.165025130702403
CC1CCN2N=CN=C12,7.110429538988657
Cc1c([nH]c(=O)o1)CO,6.4123134559282455
N=C1OCC1(C=O)C#C,5.975384367564104
CC1(CCOCC1)C#N,8.123420995350898
CC12CN1C(=N)C2O,6.790918035402775
CC1OC1(C)CC1CC1,9.167174653082919
O=C1N2CC2CC11CN1,6.446635534067766
OC1CCC2CC3C2C13,8.750032661813519
CC(C#N)C(=N)NC=O,6.2208967778394335
OC12COC1COC2=N,7.174690641070169
C#CCCc1cnc[nH]1,6.754774228716423
OC12CC1(O)C(C2)C#C,7.457228431816108
O=C1C2CC2C1CC#N,6.15905503933379
CC1OC2(CCC2)C=C1,6.717912206326936
CC(O)C#CCCC#N,7.6518029551219495
COCC1(CC1C)C#C,7.855480896663163
CC1=COC(=N)N=C1N,4.709201168059022
CCCC(=O)CC(=O)N,5.869852045776793
C1C2CC3=C(NC=C3)N12,6.000228952781329
CCC1C2C3CCC1C23,9.002651375338889
C#Cc1c(cc(o1)N)N,5.226763299844222
CC1C2NC(=O)C(O)C12,7.072105188657276
OC12CC3CC1(O)C23,8.105155743832864
CC1CCC(O)C11CC1,8.78178968579549
c1cnoc(=O)c1CO,4.935070943930173
OC1COCCC11CO1,8.488906877071098
c1[nH]c(c(n1)NC=O)O,5.5055813720455715
CC1(C)C(O)C11CCO1,7.9519990982177795
C1CC23C=CC4C(C24)N13,5.634689778332693
ON=C1CC(C1)OC=O,6.59891374887116
OCC(=O)C#CC1CO1,5.3343894666607
[O-]C(=O)C1CN(C1)C=[NH2+],6.3547585150683865
CC1C2C3C2C2(CC2)N13,8.360234371707332
CC12OC(N)=NC1C2O,6.943874924535011
CC12CC(C)(C1)C1CC21,9.335233452756304
CC1C2(C)CC1(O)C=C2,6.523644517589082
C1C2OCC11OCCC21,8.545163150651096
O=C1NCC2CC1C=C2,6.545349845565041
Cc1c(oc(n1)C)OC,6.3385216188695255
CC(CC#C)C(O)CO,8.125942469476572
O=CCC12CC1OC2=O,6.156633055858752
CC1COC2CC1C2=O,5.670628982263366
CC12C=CC(O)C1C2O,6.359436947885618
CC#CC1C2CC1(O)C2,7.6472702007586175
OC1C2C3C4CCC13N24,7.917220173056458
CN=C1OC(C)C1CO,7.392924712560676
CN=CNc1ccco1,5.612291273938537
OCC1C2COC12C#N,7.08001704472976
CC12OC3C1CCOC23,8.286128655887309
C1OC23CC(COC2)C13,8.353187729630111
COC1CC1(C)C1CC1,8.734495359549312
CC1C2N1C(C)(C)C2=O,5.921558770096899
CCC1(C)OC11CCC1,8.842729331707405
CCC#CC(O)C#N,7.609333678698093
C1CC11OC2CCC12,8.412703013419222
CC12CCCC(O)C1O2,8.82576549297685
[O-]C(=O)C12CC([NH2+]1)C=C2,6.27496591324721
CC1(CCC1)C2(CC2)C,9.168228662033975
OCC12OC1C1(O)CC21,8.001742944472708
CC(CC(C)=NO)C=O,5.966077334397823
NCC1(CC(=O)O1)C#N,7.014191310896141
O=CC1C2CCCCN12,5.70725210311188
OCC1C(C#C)N1C=O,6.8443588151729315
CC1C2N1C1C(C)C21O,7.52128887444214
CC1(C)CN1C1CC1O,8.035615969813723
CN1CC11CC2C(O)C12,7.972969828455967
OCC1C2OC1C21CN1,8.2751312916094
C1CC(C1)C1CCC=C1,7.152877529989859
C#CCCc1cocn1,6.618563634950887
OC12COCC1C2C#C,7.294214438385881
O=CC12CN=C3NC1C23,5.1807129717958755
CC1CC(C)C=CC=C1,5.60542801878279
CC(NC1CC1O)C#N,7.237174826890559
CCC12C3C4N1C2C34O,7.278621211954082
Cc1cc(c([nH]1)C#C)O,5.394742015130724
C#CCc1[nH]c(=O)on1,6.103515882098014
CC(C)C12CC1(C)CO2,8.300625243438953
OC12CC3C4C(C14)N3C2,8.074980789070185
OC1C2CCC1C=CC2,7.016483953256518
Cn1c2c(cn1)OCO2,6.065361930789235
CC1(CC2(C1)CCO2)C,8.511358784960613
CC1CN(C1)C(=O)C#C,6.097538540552266
C#CC1COCC=CC1,6.891044472739065
C#CC1C2CC1C2(C)C,8.238887442624055
CCc1c(cno1)C#N,6.007197594699107
CN1CCOCC(=O)C1,5.356836352629605
COC(C)CC#CCO,7.718476379522455
C1C2CC34CC3(OC4)C12,8.07079665940275
CC1CCCC1(C)C#C,8.279367552272095
COC1C2C3OC3(C)C12,8.166503000280539
CC1=CC(=O)CC2CC12,5.098107009292315
[NH2+]=C1NC[C-](C=O)C1=O,4.19672393717938
CC1(O)COC2CC12O,7.958938457515558
CC1N=COC(=O)C1C,6.719704919977328
CN=CNc1cnoc1,5.610019704656429
OC1C2CCCCC12,8.584113402398469
CC(C)CCC1(CC1)O,8.815587066222866
CC1C2C3CC=C1C23O,5.737302574343682
CC(=O)CCC(O)C=O,5.901598204617747
CC(=N)OC(C#C)C#C,7.227303537751839
CC1(CC(N)=O)CC1O,7.374487170879777
C1C23CC=CC12C1OC31,6.033624125635902
C1C2C1C1CCC2CC1,9.16911510808312
COC(C)CC(=O)OC,7.195470959583645
OC(C=O)C1C2CC1O2,5.826931373070831
CC12C3CN1C3C21CN1,7.991126321909796
CN(C)C(=O)CCOC,7.326416554366641
CC1(N)C(CO)OC1=O,6.786344184428896
CC1(COC=N)COC1,7.397326424521826
CC(CCC#N)C(C)=O,6.314867356144385
CC(C#N)C1=NOC=C1,6.77093026018588
COC1=NC2CC2(C)N1,7.155832270596366
O=CC1C2OC2C1C=O,5.603644574897982
CC1OC(CO)OC1=N,7.715040205985106
CC12CN3C4C1C2C34C,8.021121162638032
CC1(O)CC2C=CCC12,6.884933476717517
Cn1cnc(c1N)CO,6.106583957945698
C1CC(C1)NC(=N)C=O,4.691728546410269
O=CCC1CN1CC#C,5.85168558216561
CC(=O)c1c(cc[nH]1)N,4.728976179289636
O=CNCC1CCC1=O,6.0129436145862085
NC1C(COC1=O)C#N,6.803988322810696
CC1CC=CC2CC12O,6.803367150547608
O=C1NC=CCC1C#C,5.659149722270971
CC1OC2(CC12)C1CO1,8.425994568314955
OC12CC(NC1=O)C=C2,6.263035887079057
O1C2C3C4C5C4C(C23)C15,8.127526690454314
CC1CC(C1)NCC#N,7.407879597485616
Cc1c[nH]c2c1ocn2,5.682901743576388
CCC12CC=CC1C2C,6.67987718577237
CCCN1CCC1C#N,7.0929381182196325
CCC12OC(=O)C1C2C,7.464519142831473
CC1=C(C)C(=N)N=NO1,4.594254681551949
C1CC11C2C3OC1OC23,8.56291724148756
OCC1(CC=CC1)C#C,7.06879529638938
C1C2N1CC1=C2C=CO1,6.0885135242462205
CCC1(CC1C#C)OC,7.821479307657723
OC12CC(C1)CC21CN1,8.399495407847589
OC1CC1(O)COC=N,7.295786514401227
O=C1CNC11CCOC1,5.4979848458079195
CC(CO)C1CN2CC12,8.131565155414169
CC(=O)NCCC#C,7.474571173868111
CC(O)CCC1(O)CC1,8.762204979585123
CC(=O)OCC1(CC1)O,7.501024036628724
CC(=O)CC(C)(C)OC,6.24475096343779
CC1CC(C)(C=O)C=C1,5.859308906746816
CN1CC1C1CC(=O)N1,6.984739089764593
C#Cc1cc([nH]c1)CO,5.789329101764837
C#CC1CC11OCC=C1,6.347120513710953
Cc1cc(=O)cc([nH]1)N,5.398177141194216
CC(C)NC(=O)CCO,7.426774647214922
CC1NCC(=O)C2OC12,5.478461056291465
C1CC(=NO)C=C1C=O,4.76467642671352
CC12CC1C(O)CC2=O,6.083998302601559
OCC(C#C)C#CC=O,5.454625004647453
Cc1cc(no1)C(=O)C,5.39166740946298
c1c(c(c([nH]1)O)C#N)O,5.532078884415279
Cc1cc(oc1C)NC,6.000359144684684
CC1OC2(C)CCC12O,8.316392994582168
OCC1C2CC1(O2)C#N,7.310489108399921
OC12CN3CC1C23C#N,6.825024571982503
CC(C)C1(O)CC2NC12,8.121927282105647
C#CC12CC3CC1OC23,7.296189967609402
CC(C)Oc1ccco1,6.273786375872167
OCCC1OCC2CC12,8.582787649284864
CN=C1OC2C(C#C)C12,6.664240086191096
NC1C2NC2COC1=O,6.722838076706752
CC1=CNCC(O)C1=O,5.032501601688319
CC1=NCCNC(=O)N1,6.658199881023441
CC1C=C2COC2C1O,6.542332051915513
CC(=O)N1C2CC1C2O,6.7930975383284355
CCN(C=N)C(=O)OC,6.804498983193017
CC1CC2OCC(C)=C12,6.46845133909099
N#CCC1CC2OCC12,7.901615692952287
CC#CC1N2CC1(C)C2,7.046718843313208
C1OC1C1CC2COC12,8.571546984855917
OC1C(=O)C2NC2C1=O,5.187605027366624
NC(=O)C1C2NC2C1O,7.002260737733058
CC1C(OC1=N)C1CC1,7.802638634763184
OC1CCCC2CCC12,8.873330250364758
CC(CCC(N)=O)C#N,7.39824619184774
C1C23COC12CCOC3,8.176411433762713
O=C1CN2C3COC3C12,5.306766507814055
C#CC1(CC1)NCC=O,5.894257651904071
CC1CC1(CC#C)C=O,6.034935394556605
OC1CC2OC12C1CO1,8.442113587771253
CC1C2C3NC3C12C=O,5.699676974686285
CC(=O)C(C#C)N1CC1,5.778124513094861
C1C2OCC3COC1C23,8.445042664133645
CC1C2N(C=O)C1C2=O,5.904602618923641
CC1OC2C1=CCC2=O,5.789345645195645
CCC(CC1CO1)C#C,8.497693058141495
N#CC1OC2C=CCC12,6.601706864080223
Cn1cnc(nc1=O)N,4.989488311680306
CCC(C)NC(=N)C=O,4.587441306473411
CC1=C(OC=N)ON=N1,6.090613378470286
O=C1CC2(CC1N2)C#C,5.943701886753475
CC1(C(=O)C2(O1)CC2)C,5.963782722982277
CC(O)(C#C)C(=O)C#N,5.096588417209
O=C1CC2C3COC1C23,5.738830638690145
O=CC12C3COC1CN23,5.619539387988368
CC1CCC11CC1C=O,6.041029076829729
CCC(CC(N)=O)OC,7.4790010759588075
CCC1(C)C(O)C1C#C,7.780876477630706
CC12CC3CC(=O)N1C23,6.520477086977936
CC1(C)CCCC(=N)O1,7.728440941473261
CC(=O)C12NC1CC=C2,5.712093523577066
NC(C#N)C1OCC1O,7.312033647121148
O=C1CC2NC11CNC21,5.536420845080977
CC(=N)Nc1ccon1,5.7734247896708215
C1C2C=CC11CCCC21,6.550772418321211
CC12CC1(C#C)C(O)C2,7.501854364981803
C#CCC1=CCC(=O)C1,6.035652641096702
CN1CC2(C)C3C1CN23,7.529641731961073
O=CC1COC(C=O)=N1,4.861040905945524
OCC1CC(O)(C1)C#N,7.866556889356479
CC1COC(=O)CC1C,7.460216636602556
CC1(COC(=O)CN1)C,6.748768976954146
OC1C(C=O)C1(O)C#C,5.640702722116815
CC1CC2(OC12)C1CN1,8.51442506118199
CC1CC2(C)C(C)OC12,8.431869314166496
CC(=O)CNC(=O)CO,5.887024422135229
CC(CO)(C#C)C1CC1,8.282728066320002
OCC12CC1C1NC1C2,8.208950129294
CC1(C)CC(O)C(=O)C1,6.025226161434718
CC(NC=O)C1NC1C,7.388159094628767
NC(=O)C1CC2OC2C1,7.384813648103594
CCC12CC1(CO2)OC,8.197375340293117
CC1C(OC=N)C2CN12,7.244232923393625
O=C1CNC2CC12C#C,5.6520842036150185
CC#CCCC(C)C=O,6.014865351714626
CC(=N)Nc1cnno1,5.683527406723695
OC1C2NC2C11CN1,7.990705167260707
C1C2OCOC3CC12C3,8.60819021527913
CCC(C#C)C(O)C#N,7.847127286050107
CC1C2CC2CC11CC1,9.201575772166365
OC1C2CCCC1C=C2,6.969191868962972
N=C1NC(=O)CN1C=O,5.836801077638475
CC1(C)NC(=O)OC1=N,7.050626972166725
CC1C(=O)C(C)C11CC1,5.939774777152605
CC1(C)CCCC1(C)O,8.71648876025349
CC1CCCCCCO1,8.745583350877977
COC(C)C1(CO1)C=O,5.881275307087305
CCC1C(C)CN1C=O,7.190104051715048
N=C(OC=O)C1CC1,6.591286342992487
C1OCC2C3C4C3C2C14,8.556297032715559
CC1(O)CCOC1C#N,7.6902187306914485
C1C=CC2OCCOC12,6.901719371613133
[NH3+]CC1(CC1)C([O-])=O,7.234237719437877
CN=C1OC2CC1C2O,7.239412453838236
CN1CC(=O)C(C)(O)C1,5.40522134195712
CC1CC(=O)CN=CO1,5.848857945406195
OCC12OC1CC=C2,6.703691725766847
CC#CC12CC3C(C1)N23,7.099071813543702
CC1OCC(=O)OC1C,7.1748960403768995
C1C2C3OC4CN(C13)C24,8.040719396122885
CC12NC1(C)C1(C)OC21,7.946056852302673
COC(C)C1OC1C#C,7.522040023330355
c1cc(cc(c1)O)CO,5.99150689661648
CC12C3N4CC1C4C23O,7.436925686726894
OCC(O)C12CC(C1)C2,8.74653695892119
CC#CCc1cc[nH]c1,6.587209013298478
CC1CCNC(=O)CC1,7.320342950082111
CC1C(O)C(C)C1(C)C,8.52800609733336
CC1C(C)C11CC(C)O1,8.30055035951585
CCC1(NC1CO)C#N,7.597914993495287
CC12COC1(C)CO2,8.22391438420498
c1c(con1)C2CC2,6.598354121795755
CC1CCCOC(C)=N1,7.034926880448147
OC1CCC1COC=N,7.529368814490571
CNC(=O)CC#CC#N,6.129440602857135
NC(=O)C12OC1CC2=O,5.3834373099101605
CC1C(C)(C)C11CCO1,8.267093334605972
CC1OC(C(C)=O)C1=O,5.375355165613366
CC1CN(C1)CC(=O)C,5.7436937405953765
CC12C(O)C1C1CC2C1,8.652918398616963
CC1(OCC=C1)C1CN1,6.658775173335474
O=C1CCN2CC2C1,5.796802733277377
NC1=NC(O)=CC(=N)O1,5.312065038068949
CCC1CC(C)C(=N)O1,7.772843897746929
CC1CC(C=O)C=C1C,5.833456659005296
CC(C#C)C1=CNC=C1,6.55930912033648
C1CC2C1C1CCOC21,8.454276515480528
CCC(=O)n1nccn1,5.8370230701803365
OC1C2CC(O)C12C#N,7.531453080873211
C1CN2CCCN=C2O1,7.017763613139415
CCCC(O)C(=O)CO,6.33251775648345
CC1C(=O)OC1(C)C=O,6.015343402938335
NC1=C(OC=N1)C1CN1,5.7630845152302665
O=C1C=CC2CN2C1=O,4.3468337844559475
C1C2C3OC4CC3C2C14,8.526683392207733
N#CC1CCCC11CC1,8.580095680192176
CCC#CC(C=O)C=O,5.544557611868726
CC(C)(C)C1(CC1)C#C,8.007386103940728
O=C1OCC2OC2C=C1,5.846228506064669
OC1(CC1)CC1OC1,8.909813738911426
Cc1cc(cnc1)OC,5.784240268610533
CCC1(COC=O)CN1,7.272643532551145
OC1(C#N)C2C3NC1C23,7.154272548868625
COC1(CO)CCC1C,8.612192052079369
N#CC12CC1OC1CC21,7.567632396484431
C1CN1c2[nH]nc(n2)O,6.779751774741518
NC1(CC1N1CC1)C#N,7.301910138315545
COC(C=O)C(C)(C)O,5.943800128428446
CC(CC=O)C1COC1,6.121131001191003
CC12CC(O1)C(=C2)C#N,5.592953341349635
CC1C2N3CC1C23C=O,5.816256577165678
CC12CC3C1N3CCC2,8.356679648580613
COC1C2CC1OC2,8.66792683015981
CC1CC2(CCO2)CO1,8.598032585425045
[O-]C(=O)C12CC1NC2=[NH2+],6.74023442083849
CN1CCC(=CC1=O)N,5.773807826861651
OC12CC1C1OC1CC2,8.670255968269672
COC12CC1N1CC21C,7.994190714309669
CC1C(OC1=O)C1CC1,7.590693064859092
CCC1OC2C(O)C2O1,8.457908315358445
O=C1CC2CCC3C2N13,6.600444972549973
N=C1CC(CC#C)O1,7.672194321009128
C#Cc1c(oc(n1)N)N,5.045047527626767
CC1OCC2C(C=O)C12,5.976864783053973
O=C1NCC2COC1O2,7.064118712183807
CNc1cnnoc1=O,4.539168710710409
CN1C=C[C-](C#N)C1=[NH2+],4.871473431038803
CCC1(C)OCC2CC12,8.593710230235319
CC1(CC=O)NC1C#N,6.016022208598266
CN1C2C1C1(O)CC21C,7.58452380664554
COc1c(cc([nH]1)N)O,6.1782440805506065
CC(C#N)C1(O)CC1O,7.964422498653557
Cc1nc(no1)CC#N,6.766568540846655
CC1COC2CC2OC1,8.614531481218615
CC12OC3CC1C2(C)O3,8.589737653013113
C1NC11CC2OCC12,8.305979875636078
CNC12CNC1C2C#N,6.788122776697545
OC(C=O)C12CC1OC2,5.712577246731304
COCC1CC(=O)C1,6.17014142722428
C1OC2C=CCC3NC123,6.588211148407658
CC(CCC=O)C1CC1,6.259969419345769
CCC1NC11COC1C,8.33293389497961
CC1(CCC11CC1)C#C,8.008361890547704
CCCc1cnon1,6.895455843519295
CCC12C3C4C(CC14)N23,8.292186242585261
C1C2CN1C1=C2C=CO1,5.793500266678452
COCC(C)C(O)C=O,6.078932313780078
CC1NC1C#CC1CN1,7.045972066965085
OC12C3C1C1CC3C2=C1,5.008614403619136
CC(=O)c1conc1N,4.870351705042141
C1C2CC=CC3NC3C12,6.636170177309303
CC1(CN1C(=O)OC)C,7.908352430489309
CN(C=O)C1CCOC1,7.189494894222566
CC12CC1CCC2(C)C,8.995753306022806
c1c(nc(o1)CC=O)N,4.928436012697643
CC1CC(C)C11COC1,8.477703130769164
CN=C1OC2CCC1C2,7.3307375435966335
CC(CC=O)CN1CC1,5.8924010099972435
N#CC1CC2CCN2C1,7.1644214273389935
CC1C2C=CC(O)C12C,6.529095340343537
CCCC(O)CCC=O,6.235510492747061
CCCc1nc(no1)N,6.347869333939569
CC1CC=C(C1)NC=O,6.079189879362234
COc1cncnc1N,5.298461565793561
OC1CC11COC2CC12,8.27096529343633
OC1CC(OC=N)C1=O,5.853887771063351
CC1(CO)CC(O1)C=O,5.87714277607341
CN=C1OCC2CC1C2,7.337010147464474
OCC12CN1CCC2O,7.954995659900645
CC1(OC1C=O)C1CO1,5.978495706685326
CC(C)c1nccn1C,6.752253854526485
CC#CC1N=CNC1=N,5.904456651602258
COC(C=O)C#CC=O,5.269118419402131
CC#CC1(CN1)C=O,5.778330758099264
CN1CC2(O)C1C2(C)C,7.342112235328585
OC12COC1CCCC2,8.423213243915319
OC1CNC1(C=O)C#C,5.538938971505086
COC1(C)CC(=O)C1O,5.859099273051859
O=C1OC2C3N4CC13C24,6.176860350570609
C1C2COC=NC1C=C2,6.404243454763369
CC1N2CC3(CC3)C12C,8.456707863620991
O=COC1CC2NC12,7.173799213111706
c1cc(c(nc1)C=O)N,4.449860843239991
CC1CNC2C1OC2=N,7.030530795121029
ON=C1CC2C(C=O)C12,5.739952056809416
C1C2N1CC21COC1,8.173348993846163
CC1C(O)C2C(O)CN12,7.6389044608375904
CC1C(C)C(C)(C)C1=O,5.981751733316756
CNC(=O)C(C)C(N)=O,6.465667945147122
CC1=CC2(CN2)CC1=O,4.971365793898499
OC1C(C#C)C1(O)C#C,6.7798580207005035
CC(C)c1ncc(o1)N,6.145103937851582
CC#CC(C)(O)CCO,7.844016064284805
CC1(C)CC2CCC2C1,9.397964777837883
COCCC1(CC1)C#N,8.155932055408133
CC1CNC2=C1C=NN2,6.051744234508204
CCCCc1cc[nH]n1,7.104368070089155
OCC1C2NC1C2C#N,7.27511525445625
CN(CCCO)CC=O,5.730781071964764
CCC1COCCC1=O,6.050333851395422
Cc1conc1C(=O)N,5.711875596949843
CC(=NO)C1(CC1)CO,6.674823567903531
CC1(CN1)C1=COC=N1,6.413825255426705
CC1CC1(CCO)C#N,8.230670820852879
O=C1OCCCC2NC12,6.889836473791135
CCC1C(C)C1C1CC1,9.037449727665816
C1CCC(=CC1)CC=O,5.928429345737756
C#CC1COCCOC1,7.758195720238005
CC1OC2=NCCCC12,7.30445823842968
C1CC1C#CCCC#N,7.601084268878355
CCC(=O)OCC(C)O,7.584377257413328
Cc1[nH]c2c(n1)con2,5.4926155166299
CC#CC1(C)NCC1=O,5.75123949455662
OC12CC(=O)C1C2C=O,5.726869966912886
CC(C)C1(CC(=O)C1)C,6.046158421109992
O=C1NC=C(O1)C1CO1,6.489089992198355
CC1C2CC1C(=O)CO2,5.759724563307525
CC1C2C(CN12)C(C)=O,5.829976712511829
CN1CC11CCCC1O,8.011854771954994
CC(O)(C#C)C(O)C#C,7.478889087323623
CCC1(O)CC2NC2C1,8.2637073310215
CC(O)C12CC1OCC2,8.268474678040766
CCOC(C#N)C(C)C,8.20081289128981
CCC(=O)NC(C)CO,7.458501450517582
CC12CC3CC1(C)C23C,8.457002463134456
O=COC1CC=CC1=O,5.231459719583284
O=CC1C2C3CCN1C23,5.550067997627858
CC1CN(C)C1(C)C#N,7.018364172774801
CC(=O)C1CCN=CO1,5.9019250126400555
CCC12CC1OCO2,8.798827469437459
C1=C(C(=O)NC1=O)CO,4.981120332078935
O=C1CC23COC2C1N3,5.566496376395974
N=COC1(CNC1)C#C,6.998658561326088
C1CCCC(CC1)C#N,9.052661003597311
CCC(=O)C#CC1CO1,5.4733758436457265
OC12CCC1CC1OC21,8.720789736345937
CC1(C)CN2C3CC1C23,8.26132550746166
CC1(CO)CNC(=O)C1,7.395532057746875
OC1CNC2=C1OC=C2,5.810266936613524
CC1(CC1)OC2CCC2,8.699532474018582
O=CC1CCCC2CC12,6.177745883624462
CNC(=O)C1CC(=O)O1,6.910970676565139
CCC1C2CCCOC12,8.605380525544163
CC(=O)C1=CC2CC2C1,5.176282515874245
CC12C3C1C1OC3C21C,8.27574628345003
c1c(c2c(o1)NCC2)N,5.825609730138481
OC1CCC2COC12,8.460932047916863
N=C1C2C3NC(=O)N1C23,6.596308960774615
Cc1c(=O)ncncn1,4.374037765943504
CCN=C1OC(C)C=C1,5.819650017721473
C1OC1C1CCC2CN12,8.478894525890802
N#CC1OC2OC1C=C2,6.622081156657287
N=C1NC2C(OC12)C#N,6.849551588839793
CC1(C)CC11CC2NC12,8.231265298901656
CC1(CC1)N=C2CCO2,7.156347688891193
CCC12OC1(C)CC=C2,6.717880495858848
CC1OC11C2CN2C1=N,6.60315351286308
COC12C(C)C3C1OC23,8.193197842113758
CC1C2CC3N2C13C=O,5.904679394520445
CC1CC2OC1C=C2,6.6578107829572835
CC12NC(=O)OC1C2O,7.89323783414145
NC1=C2CCN2C(=O)O1,6.150585303656305
C1CCOC(=O)COC1,7.0069725098528215
OC1(CNC1C=O)C#C,5.5581529692391065
O=C1CC2NC3C2NC13,5.608542832999436
CC12C=CC3CC1C23C,5.891232559880881
CC12COCC=CC1N2,6.577617764794749
OC12CC3C1N3C21CC1,7.974059954311841
CC1CC11CC(=N)O1,7.565995331606592
CC1CCC1(CO)C#N,8.302441285997045
CC(O)C1CC(=O)C1C,5.981061510201073
CC(C)CC(O)CC=O,6.197699626073011
CC1(C)CC2N=COC12,7.221964926605904
CC1OCC(C)C(C)=C1,6.948507295150754
C1OC23CC4OC2CC134,7.988375110793283
O=COC1C2C3CN3C12,6.756316518011323
C1C2OCC3=CCN1C23,5.931075029773104
CCC1=CCN(C1)C=O,6.652734215892716
CC(=O)N1CCC2CC12,7.075125796061306
COC(C)C(C)(C)C#N,8.28432077659303
OCC12CC1CC(=O)C2,6.140559221616349
CC(=O)CCCC1CC1,6.410790762180516
C1CC2NC2C=CC=C1,5.343491387753986
CC1C23CCC12OCO3,8.14144891924741
CCC1(CCO)CC1C,9.040771010315382
CC1C2OC1(C#N)C2N,6.9158243783727755
CC12NC1C(O)C1NC21,7.87785078933124
CCC12COC1C2C#N,7.533142641781767
CN1CC1C1(CC1)C#N,7.122178708359652
CC12CC(O)C1OCO2,8.469667778356289
CC12CC=CC3OC1C23,6.333484229811653
C1C2N1CC21CCCO1,8.223613625067912
COCC(O)(CO)C#N,7.710639894139618
CC1(C)CC(C=C1)C#N,7.057986834799297
OCC#CC(C=O)C#C,5.92351290794471
CC1(CO1)C1COC1=O,7.379686309494206
CC12CCC1N2C(N)=O,7.562444075983907
C1C2OCOC3CC2C13,8.582895323855672
O=CC1C2CC(C#C)N12,5.7021112128023566
CN1CC2(O)CC=CC12,6.242022934193852
CNC1CC1(C#C)C#N,6.877485162414452
OC1C2N3CC3CC12O,7.70648728545949
CC1N(C)C11C2CC1O2,8.271859242994015
CC1(O)C2OC3CC2C13,8.262136950347283
OC12C3C=CN(C13)C2=N,5.397894252472711
C1CC2(CC2)CCOC1,8.687723059427444
CC1(COCO1)C1CO1,9.02659838551222
C#CCc1c[nH]nc1N,6.0503592067393885
CN1CC1CC(C)=O,5.8619526404625955
CCN=C1OC(C)C1N,7.226613416545687
CC12CC3C1CCC23O,8.75830142826314
OCC12CCC1OC2=N,7.583534274091971
CC1C2CC(=NO)C12C,6.678753129872077
C1OC2C3NC3C2=C1,6.053730805029955
COC1C2NC2(C)C1C,8.326067719634963
C1CC(O1)C1OCC=C1,6.7819007065274715
N=COC1CC2(CO2)C1,7.54085107950362
OC1CC23COC2C1O3,7.932653311258575
CC(CC#C)(CO)CO,8.170994710450653
C1C2COC3CN1C23,8.049644375617783
OC1CC11NC(=O)C1O,6.938902348455986
CC1C=CC2C3OC3C12,6.806093854539707
COC12C3CC1CC23O,8.171171171725225
CC1(C)NC11CCC=C1,6.649458710686602
O=CNC1CC=CC1,6.93960731653087
CC1=CC(=N)OC1(C)C,6.058567696085836
CC1COCC=C1C#N,6.009224178666824
OC1CC2OC1CCO2,8.734011487535605
OC1C2OC1C2CC#C,7.6331130126831805
C1OC2C1C21CC2OC12,8.053958363345913
C#CC1=C2COC2CC1,5.385344294119545
COC(=O)C(C)C(N)=O,6.574897912226018
N#CC12CC(C1)CO2,7.578916845691168
C1CC11N2C3CC=C1C23,4.844799911759581
COCc1c(nco1)O,6.1710383562588715
CCc1c(c(co1)N)C,6.103865556546761
COCC(O)CC#C,8.082891911211844
Cc1cccc(=O)cc1,4.422821267568201
CC(O)C(C)C(C)=NO,6.866139165475394
CC1(O)CN2CCC12,7.860666226071
C1C2NC3=CC=NN3C12,6.391956341537288
CCC(OC=N)C#C,7.615210035894043
CC(C)Nc1conn1,5.550468945114228
c1cc2c(nc1)CCO2,5.838260264683685
OCC1OC11CC2CC12,8.736395915117512
CC1CC2(CN2)C(=O)N1,6.967928378330467
Cc1c(c(no1)N)CO,6.173721105635404
OCC1CC23CC(C2)C13,8.881900091177862
CC1C=C2COC3C1C23,6.095438186993022
CCOCC(C)(C)C#C,8.28763990321505
CC1=CC(=O)[CH-]OC1=[NH2+],4.80492084279212
CC1=CCOCCOC1,6.763658369526157
Cc1cc(no1)CO,6.733711220991694
Cc1cc(=O)c(co1)C,5.143937765850678
CC1C2CC=CC(=O)N12,5.471611380853211
CC1CN(C=O)C=C1C,5.829303295006472
OC1CN(C=N)C(=O)C1,6.293950835621049
CN1C(=N)NN=C1C=O,4.567394560696041
CC1=CNC(=O)OCC1,6.282980679246684
[O-]C(=O)C1[NH+]=CN2CC12,6.353250931937319
O=C1CC2OC12CC#C,5.806222629022514
CC1NC=C(C=O)C1C,5.0114455476891235
c1c2c(on1)CC(=O)C2,5.525287932295761
Cn1cnc2c1COC2,6.556177104501431
CCCC1COCC=C1,7.071049819999217
CC(CO)C#CC(N)=O,6.428715847671512
CN(C)CC(CO)C#N,7.023944911908469
C#CCOc1cnoc1,6.25446082147387
COC(C)C1(C)CCO1,8.626582326287274
N=C1C=CON=C1C=O,4.582996531625925
COC1OC(=O)C2NC12,6.95348861270451
CCC1(C#C)C2CCC12,7.672860675533476
c1c(c([nH]c1N)O)C=O,4.4920098782027456
CCOC(COC)C#N,7.893630347416013
CC1CC2(CC12O)C=O,5.927393103180059
C1CC2COCC2C1,8.831316554402854
OCC(C1CN1)N1CC1,7.985137971126139
OC12C=CCC3C1OC23,6.465156986498885
OCC1NCCCC1=O,5.633500811311469
N#CCC1OCC11CN1,7.554447299267359
CCC12CC1(CC2)C=O,5.977417461899677
CC1COCC2CN2C1,8.265254359455986
CC12C(O)C1COC2=O,7.261560871407286
CCC1(CC#N)CC1C,8.648994545161674
CCC12CC1(CC)OC2,8.26944121927387
CC(CCOC=N)C=O,6.1174797904254525
CC(OC1CC1)C#N,8.061389371204616
CCCc1conc1O,6.584572575536212
Cc1cc(c([nH]1)N)C#C,5.469434402512633
CC(CC#N)OC(N)=O,8.285817596733695
O=C1CCC2CC3C1N23,5.803382988003922
CC1C2OC2C2OCC12,8.462132460518134
NC12C3NC3C1C2C#N,6.735944887191189
O=C1OC2CC=CC2=C1,5.5524159799111175
OC12CC1(O)C1(CC1)C2,8.1071475888069
COCCN=COC=O,6.488877714098466
CC12CN1C(=O)C2O,6.471745464754175
C1CC12CNC(=O)CO2,7.051309561413054
CC1CNC1(C#N)C#N,6.888153621128872
CNC1(C)C(O)C1C#N,7.206484710958527
CC12CC3(C)C=CC1N23,5.961030470252629
OC1=CC=CN=CC1=N,4.128979308415311
CC1(C)OC1(C)C=O,6.034092874952968
OCC1CC1(O)CC#N,7.9693555301355605
O=CC1C2CC2C2CC12,6.014933383170999
CC#CCC1CCC1C,8.216829847640573
Cc1nc2c(o1)nc[nH]2,5.638803487642528
CC12CC3C1C1(CC1)N23,8.670047488214328
CC#CC12CC1CC2O,7.399002937006042
CC1CC2N=CNC2=N1,5.982661149725164
CC1C2C3C(O)C3CN12,7.666476872657222
C#Cc1cocc1CO,5.785317171191018
CC1=C(COC1)CCO,6.7033935495093715
C1C(CO1)CNCC#N,7.210602219328871
OC12CC3=CCOC1C23,5.929382108446379
CC12NC1CCC2=NO,6.488055632805349
[NH3+]C1(CCC=C1)C([O-])=O,6.465779690252537
O=C1CCNC(C1)C#N,5.649085565430648
CC(C)C12CC(C1)OC2,8.640821443274623
O=CNC1C2COCC12,7.226063817209273
OCC1COC2COC12,8.450103264194777
CC1C2C(O)C1C21CC1,8.912897166970971
CN=C1C=CC(=O)N1C,5.0718868689670575
COCC1=COC(=N)O1,6.538451999523733
Cc1cc(oc1)N2CC2,6.0475022926221005
CCC1(C)C(O)C1CO,8.303598280812697
CC1(CO)OC11CCC1,8.753737032970411
O=C1NC2CC2CCO1,7.798281864784658
CN1CC2OC3C2CC13,7.670102748148889
CC1=CC(O)(CC1)C=O,5.700093365090427
CC12CC1C1CC(C1)O2,8.602914372394995
CCC(OC1CC1)C=O,6.013658204663733
CCOC1(CC)CC1O,8.454966657496163
O=CC1NC1(C=O)C=O,5.605826437208096
CC1(C)CCC1(C)CO,8.923232578399972
CC12CC1CC1CCC21,9.108143412010856
CC#Cc1cn(nn1)C,5.764329855630218
[NH3+]CC(O)C#CC([O-])=O,6.161804239326956
CCC1(C)C2OC2C1=O,5.7979799173097675
CC#CC1CC2C(C)C12,7.868310416737051
CC12NCC1(C#N)C2N,6.8097820211145335
CC1(CC1O)C1CCO1,8.22273525620361
OC1C(=O)C2C3CC12O3,5.918840883259484
O=C1CC2C3CC3C2N1,7.245465602757826
CC1OC2(COC12)C#N,7.113001845544083
OCCC1CC2(O)CC12,8.628083531677976
COC(=O)C#CC1CC1,6.337598932217375
CC1C(C#C)N(C)C1=O,7.059360001821069
CCC1OC(=O)OC1=N,7.54980100258344
CC1=CCOC1(C)CO,6.811450701512562
OC1CC1(OC=N)C#N,7.159154795569126
CNc1cc(oc1)NC,5.966446878644936
CN1CCCCC1=O,7.253198419766065
CC1C2CN1C2C(N)=O,6.890124910260377
C1C2NC1C1=C2OC=N1,6.2849274605005965
OC12CC1C1NC2C1=O,6.186076262781178
NC1=NC(C#C)C(=O)C1,5.614563993926055
O=CC1CCC11CC1,6.035383399011192
CCC(C)C1CC1CO,9.115492554239557
CC1C2OCC3CN1C23,7.913849498936444
OC12CN=C3OCC1C23,6.3790009958372655
N=C1CCNCC(=O)O1,6.480930352993355
CC1CC2C(CCO)N12,8.056948806087002
CN1CCC2CC2C1=O,7.137371770460887
CC(OC=N)C#CC#N,6.418197128410452
CC1OCC(CO1)C#C,8.039233475009738
CC1(CO1)C1OCCO1,9.052992610550845
N=C1OC2CC12OC=O,6.865718260033577
CC(O)C12CC1CC2,8.782170022112606
Cc1c(ncoc1=O)O,4.96144135087863
CC1=CC(=[NH2+])C([O-])=CO1,4.549997734563888
OC1C(CC11CO1)C#N,7.875958449095117
OC1CC2CN2C1C#C,7.296957011885668
COC1CC2C3OC1C23,8.322133558879578
O=C1CC2CC1C=CC2,5.90637316863728
CC12OC1C1(C)CC2O1,8.698183545532466
CC1NC11CCC(=O)C1,5.972210500937286
CCc1cnccc1O,5.986153927084123
CC12OC1C(=O)CC2=O,5.155676587302939
CC12CC1(C)CC(=O)C2,6.08225626772789
C1CC(C1)OC2CCC2,8.778354712090213
O=C1C2NC2C1CC#N,5.902288422743537
CC1C(C#CC=O)N1C,5.032622932434546
NC(=O)C12OC1CC=C2,6.165037132881375
Cc1c(c[nH]c1O)C#C,5.631177985839492
CCc1c(cc(o1)C)C,6.242495901689137
Cc1c(onn1)C2CC2,6.183531700742982
NC(=O)C1CCOC1=O,6.726301412215229
C#CCC1C2CCCC12,8.227751598524662
CC(=O)CCC1COC1,6.239861913267639
C1NC1C12CC(C1)O2,8.392494104799962
CC1=CC(=O)C2CC1O2,5.0268171618529855
O=CCC1(CC#N)CN1,6.050758596053809
c1c[nH]cc1OC2CC2,6.346205770633256
CCC1C2OCOC12C,8.62531712517871
CC12C3NC11CCN2C31,7.704372777470249
OCC12C3C(O)C1CN23,8.087839502092507
CNc1coc(c1N)O,5.868601133526445
CCC#CCC#CCC,7.608719144772742
CCC(=NC)OC=O,6.56664639190244
CC#CC(C)(C=O)C#C,5.820577919060813
C1C2CC3N=COC2C13,7.117122732146886
C(CN=COC=O)C#N,6.69689729392687
CC12CC1(C)OC(=O)N2,8.168086106072966
CC12CCOC1CC2O,8.310309884011936
CCC1OC2C(C#C)C12,7.636063827358539
C1C=CC(=O)CC1=NO,5.012719801203774
CCC12OC1C1NC21,7.701463017101366
CC12COC(CC1=O)C2,5.943156212350547
CC1(C)C2CC(CO)N12,8.009678062982704
CC1(CNC(=O)N1)C#C,7.518666074032116
OCC(=O)C12CC1OC2,5.885773915648587
CC(=O)C(=O)N1CC1,4.626956758428873
CCC1(CC(=O)C1)C#C,5.961490027691232
OCC1CC2OC(=O)C12,7.367646048157088
O=C1COC(=O)C11CN1,5.290848126064037
OCC12CC1N=COC2,7.103477207492613
C1C2CC3CCC=CC123,6.871264773496705
[O-]C(=O)C1C2C3[NH2+]C1C23,6.881647529141476
CCC#CC1CC1(C)O,7.52468497188695
CCC1COCC1(C)C,8.573594797619513
OC12CC1(CC2)C1CO1,8.57485788970707
CC1(O)CCCC=CC1,7.183998157298107
OC(C#C)C1NC1C#N,7.418926938236481
C1C2CC1OCCCC2,8.329779557454428
CC1(COC1=NC)C,7.45322491219996
COCC1(C)CC2OC12,8.866421814359748
CC12OCC1C2C1CO1,8.38086330164893
C#CC12CCC1CCC2,8.114398438017641
CC1CCCC(C1)=NO,6.933556282502899
OC1C2OC1C2C1CN1,8.41986060962392
CC1N2CC2(C)C1=O,5.991732253041761
O=CNCC(C#C)C#N,7.298541515441754
OC12C3CC3C1CC2=O,5.90644942108388
C#CC12CCC1OC=N2,6.987139717951772
CC1C2C3(O)CC3C12O,7.636836766807499
CC12CC1CC2CC#C,8.188566244819508
CC12CCC(C1)C(=O)O2,7.440310974239789
CCC1NC(=O)C11CN1,7.048151933151076
CC1CC1C1CCO1,8.72816266434122
CC(=O)COCCC#N,6.279593147829555
CC1(OC2C(O)C12)C#C,7.152990402292382
C#CC1CC11COC=N1,6.77040117287913
CC(CNC(C)=O)C#N,7.423181631585749
OC1CC(C1)C1CO1,8.920235562689673
CC1OCCC2C1N2C,7.992149629879789
COC1CC1CC1CO1,9.059603293568422
C#CCCNC(=O)N,7.574959493202761
CCc1ccc(cn1)N,5.392117159606023
OC12CN(C1)CC2C=O,5.651745144519638
CC12CC(=O)C1(N2)C#N,5.903281994812473
CC(=O)OC1CC2OC12,7.460565401279995
CCC1=CCN=COC1,6.532499629906674
N#CC1C2CC2C2CC12,8.012504933244866
NC12C3OC1CC23C#N,7.019918509414413
CC1OCC11CCC1O,8.232862412574873
CCC1OC(C)(C)C1=O,5.931312965359524
C1CC2OC1CC1NC21,8.296920069890122
C#CCC1=NCC(=O)O1,6.288193491955778
O=CC12CC3C(CN13)C2,5.667134870846792
CC1=CCCC(O)C=C1,5.276038771314342
CCC1CCC(C)=CC1,7.093770964448662
NC(=O)CC1CCCO1,7.4579764675085904
CCC1OCC(C)C=C1,6.99776403929729
N=C1OC2C3NC=C1C23,5.331470425061197
O=C1CNC(=O)C2CC12,5.814965068862296
CC(C)C1OCCC1O,8.449817213984101
CCc1c(=O)[nH]ncn1,4.784445030648803
CN1CC2OC(=O)CC12,6.514071348857964
CC1NC1(CCO)C#C,7.558567107292349
COC1CC2C(O)C12O,8.082844158596899
CC#CC1(C)CCC1=O,5.836924425093773
c1c(nco1)C(=O)CO,5.410719575375182
O=C1NCCC11CN1,7.085043445760057
[O-]C(=O)C1CC2C[NH+]1C2,6.862503270665609
CC1(CO)CCC1C#C,8.204427174159234
CC1OC(=O)C2CC1C2,7.3565579468759825
OC(C=O)(C#N)C1CN1,5.779332204708584
CC1CC1(C=O)C(C)=O,5.658739181907933
CC1=CC(C)(O)CC1,7.011265775374284
CC1(CCO)COC1=O,7.356788815866425
O=C1C2COC2C1C#C,5.663054395767361
OCC12CC1OC2C#N,7.2964658047061
CCC1CC2(NC12)C#C,7.257833201361643
C1C2CC1C21CCC=C1,6.861245927855746
CC#Cc1c[nH]c(n1)C,5.563639502551432
CC1(CC1)N1CC1C=O,5.740578323383157
CC1C=C(NC1=O)C=O,4.866833873178059
OC1CC11OCC2OC12,8.25461415962311
O=CC1CC2C3CN1C23,5.590875199568917
CC1=CC(C)(CO)OC1,6.826800100647649
O=C1N2CC2C11CCO1,6.310297601034852
Cc1c(c[nH]n1)OC,6.405283376578437
CC12CC3CC1C3C=C2,6.505932487020706
COC(C#N)C#CC,7.455433957977972
NC1=CC(=O)CC1C#C,5.428489252926083
CN1C2COC(C#N)C12,7.08095239532051
OC12C3COC(C13)C2=O,5.92227933103221
CC1CCOC(C)OC1,9.04516528937704
c1c(c(c[nH]c1=O)O)N,4.788194265757232
CC1OCC(CO)=C1,6.7817252052751815
COCC12CC(O1)C2=O,6.132409264990561
CC1C(O)C2(C)COC12,8.16900431010173
CC(C)NC(=[NH2+])C([O-])=O,5.753019253362603
CC([NH3+])C#CC([O-])=O,6.164039578933664
C1C=C(CC(=O)O1)CO,6.662732666044356
C1COC=NC12COC2,7.192315296831229
c1c(c(c[nH]1)O)N2CC2,6.141780899996906
C1OC2C3CC1CC2O3,8.385233949751978
CC1CC2=CNC(=O)N12,6.202626212893722
N#CCC1NC1CC#N,7.601859651777405
OC12CC3C(N3C1)C2=O,5.796560376394533
COC12CC1(NC2)C=O,5.579833179709668
C#CC(=O)N1CC=CC1,5.683324797898334
CC1CCC(O)COC1,8.621875346258808
OC12COC1C1COC21,7.736307960284078
CC12CNC(=O)C1(C)N2,6.9033999635177
N=CN1C2CCC2C1=O,6.263984670064716
CN1CCOC(=O)C=C1,5.651029887886085
COCC#CC(C)C=O,6.052702174925176
OC1C2C1C1(CN1)C2O,7.99618610519388
C#CCC1CC=CCO1,7.098701425619373
OCC1C2CN1CC2=O,5.740677151275514
CC1OCCC2(C)CC12,8.605640259389263
CCC(C#C)C1(C)CO1,8.315426502582648
CCC1CC2(C)CC1C2,9.714962635339727
CC1CC(=N)OC1(C)C,7.809876424721196
O=C1C2CNC1C=CC2,5.520725956598116
CN1C2CC3(CC3O)C12,7.926454358555771
c1c([nH]c(=O)[nH]1)CC=O,5.1237183136867
CC1(C#C)C(O)CC1=O,5.808593110361972
CCn1ccnc1C#N,5.948815735402809
Cn1cnc2c1noc2,5.71266279624366
C1CC=CC2(CC2)C=C1,6.42990256798808
CC1CC1(C)CCC=O,6.166170714851885
CC1NC(=O)C=CC1C,5.662153911811215
CNc1c[nH]nc1C=O,4.618854149301276
COc1ccc(o1)N,6.078789594901397
CC(=O)C(=NCC#C)N,5.036091840404762
OC1CC2(O)CCC12,8.442288035921344
ON=C1C=CC2CC1C2,5.501578692323768
NC(=O)C1CC2CC2C1,7.525317863673761
CC1(CO)CC1C1CO1,8.846201397063815
CC1C2COC1C21CC1,8.71954812403833
CC1C2NC2C11COC1,8.211206642164353
CC1(CO)C2COC12C,8.118614774145746
CC1NC(=O)C(O)C=C1,6.288317218407185
N=COC(C#C)C1CO1,7.27052135003381
OCC1CCCC=C1,7.267252587428432
O=CC1CC2(CC12)C#C,5.870860599011048
OC12CN(C1)CC21CO1,8.327788408772019
CC1CN(CC1O)C=O,7.209964444660546
CC1CC2CC1C2O,8.923417940339942
CCCN=C1OCC1O,7.37639609448431
CCC12C(O)C1OC2=N,7.391390843351311
CN1C2C=CC(O)C12,6.218989829726229
CC1C2C3OC1C(O)C23,8.365474036526628
CC12CN1C(C)(C2)C=O,5.761661512468429
CN=C1OC2(C)CC12N,6.888205372536181
C(CC1COC1)C1CO1,8.976245221793402
OC1(COC1=O)C1CN1,6.843667998498747
CCC(O)C#CC1CO1,7.35968347212352
COC(C)C(=O)CC=O,5.578182945841214
OC1(CC1C1CO1)C#C,7.521371443595818
CCC1(CC1C)NC=O,7.5094719189134915
C#CCNc1ccoc1,5.876918243896891
OC1(CCC(=O)C1)C#N,5.9791529422747995
OCC12CC(O1)C1OC21,8.474149025512567
CC1CC2CCCC1O2,8.545846325744323
CNc1c([nH]cn1)CO,6.034188904496541
OC1CC11N=CNC1=O,6.051915705346923
C#CCC1COC=NC1,7.25682259602018
COCC(OC)C1CO1,8.752177844892806
CC(C)C1(C)CC(=N)O1,7.847091485698366
CCC1C(O)C1OC=N,7.432949347586437
C1CC(C1)C(C=O)C=O,5.600458758985728
COC1C(C)CC1(C)O,8.580348563347336
c1coc2c1[nH]c(c2)N,5.647084805558309
CCOC1(C)CC1C#C,7.779926016254737
COC(CO)C#CC,7.746805319422634
CC12CC3(C)C1OC23C,8.359415527514297
Cc1cn2cnoc2n1,5.587979787006783
C1C(=O)CC1(CO)C=O,5.807917768870942
CC1=C(C)C(O)C2CC12,6.502853938166881
CC1NC(C=O)C1C#N,5.678886712676638
O=C1CC2CC2N=CO1,6.351372364481101
OC1CC2(CCO2)C=C1,6.70123706529249
[O-]C(=O)C12CC(C1)[NH2+]C2,7.030569644571273
CC1C2CC(=O)C(C)C12,6.074168156334579
CC(=O)N1CC=CC1=O,5.454476806181155
CCC#CCCC1CO1,8.2125851167589
Cn1c(=O)ccnc1N,4.914836193625383
CC1OCC=C1CO,6.7831756857654755
C#CC1CCC(O1)C#C,7.568586966263104
CC1C(O)C2OCC=C12,6.4553496635906145
CCC1CC1(C)C1CO1,9.159062530839943
CC1C=CC2C3CC3C12,6.786486437716043
COC1CC(C1)C(N)=O,7.4193660586609465
CC1CC2C3CC3C2O1,8.487981979663113
CC1(NC2CC12O)C#C,6.909421014194363
CC1OCC2(C)CC12C,8.420688687949113
CC1C2C3C4N1C2C34C,8.126906219378176
CCNC(=O)C1NC1C,7.015161356968714
CC(O)C1(COC1)C#N,7.635748866345612
C#CCC1(CO1)C1CN1,7.731663884258911
C1C(=NO)C2(O1)COC2,6.500919273177496
Cc1cnc(=O)oc1O,5.026711596145309
O=C1CC2(CN2)C2CC12,6.036346821147836
OCC1CN2C(C#C)C12,7.176579417084892
O=C1CC2(CN2)C1C#N,5.775340030735355
CC1(C)CC2CC=CC12,6.886532974177072
O=C1CC2NC(=O)CC12,5.944804764668559
CC1(CNC(=O)CN1)C,7.1650421106776845
CC1(N)C(O)C1C#N,7.387826143246917
OCC12CC(CC=C1)O2,6.621108380324343
CC(=O)C1C2CC2C1O,6.073788964276431
CC1(CC11CCO1)C#N,7.568316143907607
OCC1=NC(=N)NC=N1,4.777151456608088
CC1C2CC3C4C(C23)N14,8.327757231673925
CC1OCC2CC=CC12,7.0003093522232325
CCC1C2OCC3C2N13,8.445069213428422
CC12C3CN3C1(C)C2O,7.7063431938242175
c1nc2c(o1)C(=NC2)N,5.521181790127501
OC1CC2CC1OCO2,8.65536448138285
CC12CC1C1COC1C2,8.590744713140671
CC(C#N)C1(C)CC1O,8.324836450645154
CC1(O)C(O)COC1=N,7.4182989992553745
[O-]C(=O)C1OC2C[NH2+]C12,6.893766514377111
OC1C2OC(C=C2)C1O,6.552969449475487
NC1(C#N)C2C3CC3C12,6.799679746074361
CC1(COC1)CC#C,8.01840763699434
CC12CC3OCCC1C23,8.497820125374517
O=C1NC=C2CC=CC12,5.610989937516896
CC1CNC=CC(=O)N1,5.641876870517849
C1C2OC1C21CCCC1,8.531053525526959
Cc1ccnc(c1)O,5.798294673520795
CCOC(C)(C=O)C#C,5.845822741224657
CC1C(=O)CC=CC1=O,4.776110516099676
OCC1CC=C(CO)C1,7.047584972177592
O=CC(C#C)C1COC1,5.8605547801822775
CCC1CCC(C)C=C1,7.161746214282485
CC1CC(C)(C)N1C=O,7.14218514977941
OC1C=CC2=C1N=CO2,5.136846644657726
CC#CCOCC#CC,7.428178529364
CC1C(C#C)N1CC#C,6.931050835976869
COCC1=NCC(=N)N1,6.120012509449129
CN1CC(C1)(COC)O,7.690288510599881
CN=C1N(C)CC11CO1,6.397810625132781
N=C1OCC2=C1COC2,5.783857825520792
CN1CCCCCC1=O,7.21700220928513
CC(O)C#CC(O)C#N,7.462212644428428
CC1COC2=C1C=CO2,6.087082987192435
OC1CC11C2CC2C1O,8.35680212886464
O=C1CN2C1C21CCC1,5.767645399609526
CC1C2CCC1(O2)C=O,5.833570777937068
CC1C2C3OC2C13C,8.533570059886433
CC1NC(C)C1(O)C#N,7.2115457568692864
CC1CCN=COC1,7.1631584434463065
CN1CC1(C)C(=O)C#N,4.689872261907576
CC(=O)NC(=N)CC#C,6.228119234722174
CC#CC1C2C3CC1N23,7.391581004415267
C#CCOC12CC(C1)C2,7.807935462787751
OC1CC(C#C)C1C=O,6.001883796638171
CC(CO)(C=O)C(N)=O,5.81174601982304
CC1CC2(CO)CC12C,8.605835814599875
COC(=O)C1(CCC1)O,6.986000004004828
COC1=NC=CC(=N)O1,5.041139619733173
CN1CCN2C3CC2C13,7.437652422132919
CN=COC1CC(O)C1,7.430706534108833
c1c2c(c(co2)N)[nH]n1,5.52705468083596
CC(C#N)C1OC1C#N,7.829305101840257
O=C1OC23CC12C=CC3,6.222744967553006
CC1C(O)CC1C(N)=O,7.348347639655285
N#CCCN1CC1C#N,7.321731056748651
OC1(CC=O)CC2NC12,6.0007519035177985
CCC1=CC=CCC=C1,4.9545152726725235
C1CN(C1=O)CC=O,5.818878049877499
CC1C2OCC(C)C12,8.589756721885003
O=CC1=CCCC11CO1,5.051447528644308
CN1CCC1C(=O)C=O,3.645978279815208
COc1c(cco1)CO,6.325697902211736
c1c(cn[nH]1)NC2CC2,6.108455975284544
CN1CC11C2NC2C1O,7.735895555471824
CC1(CN(C1)C(=O)N)O,7.638722120956903
CC1C2CC2CC2CC12,8.975388033389626
NC(=O)C1CCC2OC12,7.317397158891654
CC(C)C(O)C1(O)CC1,8.401614458496674
CC1(C)CC1CC=O,6.163040971952968
C1OC23C4C2C2C4C32O1,7.425191593916562
CC1(CN1)C#CCC#N,7.1878373541249845
CC1C(C)C2C3CC3C12,8.680045713912225
C1C2CC=CC3CC12C3,6.77258720473505
CC1(CC1)C(C)(C)C#C,8.163264370269657
Cc1c(noc1OC)C,6.335501957820331
CC1OCCC11CO1,8.925611269762877
C1C2C=CC11C=CCN21,5.664685844438761
OC1C(=N)N2CC12C=O,5.560888904072581
CC1COC(=N)C1(C)O,7.562647078657006
CC1CC2CC(=O)NC12,7.355227420787949
OC1C2CC=CC1C2O,6.647933740685758
CC(O)C1CC=CC1=O,5.220918835408513
CC1(N)C2CC1(O2)C#N,6.883887084249686
O=CC1CC2CC2C1,6.122955842230503
C1C2NC2C2=NNC=C12,6.366108601401901
C1C=CC(=O)N1C(=O)N,5.679933293020457
N=C1C=CN=CN1C=O,4.443081946280184
OC1CN=CN(C1)C=O,6.14589877011204
CCC1(CC1)NC(=O)C,7.4583562282742815
CC1OC2CCN=C2O1,7.366864493333937
CCC1(O)CC1C(N)=O,7.267035718668907
c1c(oc(c1N)N)C=O,4.64966688308521
CCCCOCCC#C,8.306756763351805
O=C1CC2OC12C1CN1,5.678973217538139
CC1(CO)C2CC1OC2,8.4010096479712
CC1C=CC2=CON=C12,5.28788600709889
CC1C2C3CC2C13O,8.904127198291027
COC12CC3C(C1)C23,8.659691156755198
Cc1cc([nH]n1)CC#C,6.949274209480424
CNc1[nH]c(=O)ncn1,5.026238586566437
CC(C)(C)C(C)(C)C#C,8.553590235714697
CC12CNCC1(O2)C#N,6.7869900260647285
OC1C2OC11CCOC21,7.89823238701909
CC(C)C(CC=O)C#C,6.104262600824315
CC1OC11C2OC2C1C,8.536183126232137
c1c(c(c([nH]1)CO)N)O,5.882565045293727
OCC1CC(=O)C11CO1,5.776861936201636
CC1COC(C#N)C1O,7.580851030928675
OCC#CC#CC1CN1,5.843100960790419
CC(O)CC1(CO1)C=O,5.9523211532754186
CN1C2CC1(C=C2)C#C,5.968314833253835
CNC1=NC(C)C2OC12,6.369572299929597
CC#CCC1COC1,8.025801855719086
O=C1CCC11NC1C#C,5.816796333855406
CC(C)(C)C(=O)C1CC1,6.09425143229112
O=CCN1CC1C=O,5.606200447478541
OC1CC23CC(O2)C13O,7.859994681335851
Cn1c(ncn1)C2CC2,6.747279808266336
CC(C)Oc1cn[nH]n1,6.301001663918276
CC1OC(=N)OC1C#N,7.836388689459353
N#CC12CCOCC1N2,7.4226754688679595
OC12CC1CNC2C#N,7.088304917627605
CC(C)(O)C1OC2CC12,8.234838033398493
CC(O)C1=COC=C1N,5.959523213574715
CC12COC1CCC2=O,5.852580161960439
N=COC1(CCC1)C#C,7.555986497318717
Cc1[nH]cc(n1)CC=O,5.444501105026186
CCC#CC1COCO1,7.717111675619936
O=C1CN2CCOCC12,5.380089075431844
CCCC1C(C)C1C#C,8.03852091108055
CC1C(=N)N2CC12C#N,6.827436916154932
O=C1OC2C3NC(=C1)C23,5.466250744303677
CC12CC(CC1O2)C#C,8.13890551614419
C1CC1C1C2C3OC1C23,8.496350024445723
CCC12CC1(C)CO2,8.331417865198945
CC1C(C)C(CO)C1C,8.954081500642882
OCC1NC1(C=O)C#N,5.843179112363325
CC1(NC1C1CN1)C=O,5.913428394834941
C(CO)C(C#N)(C#N)O,7.550653329688307
N=COC1CCC2NC12,7.192903231373799
O=CC1CN1CCC#C,5.848084337486302
CC1=C(NN=C1)C1CO1,6.730691764435226
C1CC1(CO)OC(=O)N,8.398777491803934
COC(C)C#CC1CC1,7.561096202205306
CC1OC(C)C(C)=C1C,6.783895009739004
O=CCC1OC2CC2O1,6.11253417233331
CC1(C)CC(O1)C1CN1,8.413500151794585
COCC1CC=CC1C,7.108392005040216
COCC(=N)OC(C)=O,6.648096446061352
N=C1N=COC=CC1=O,4.682046259543252
O=CCCC1C2CC1C2,6.266212930658455
CCC12CC1OC(=O)O2,8.414107911363773
OC1C2CC11CC(=O)C21,6.028566865698379
CC1C(C)=CC(=O)C1=O,3.8324751521206526
CC1OC(C)C1(O)CO,8.257760589444487
[NH3+]CC1NC1CC([O-])=O,7.320101083208762
CC1C2C3C4CCC13C24,8.911198315603905
COc1ncc(nn1)N,4.893759755058068
CC1CC1C1=NNN=C1,6.5954051359337065
CCCN1C2C3OC3C12,7.536201153089221
OC1CC(O)(C#C)C1O,7.314137971240045
OC1C2OCC(C#C)C12,7.726277398020393
OC1(CC1)C1CCC=C1,7.032100591700798
CC12OC(=N)C1C1NC21,7.183888144073665
CC12CCCC=CC1N2,6.806945707832971
CC1(C)OC1(C)C1CN1,8.683209569964477
NC(=O)N1C2CC1C2=O,5.9009237580468765
CC1C=CCC=CC1C,6.702323184406895
CC(C=O)C1COC1=N,6.156206342983252
CC1(CO)C2C3CC2N13,8.169231359910997
O=C1CC2CCCCN12,6.975326209453403
CC1(CC1)OCCC#N,8.08500505601016
CCC1C2NC2CC1=O,5.937886491315539
CC12COC(CC1O)C2,8.416056065157008
CC1C2CC2C2OC12,8.948212079117312
C1COC(=N1)CC(=O)N,6.664389445079169
C1C=CC(N1)(C=O)C=O,5.318038844027147
COC1OC2CC1C2,9.057690216511114
CC12CC(C1)CCC=C2,6.926422632222894
OC1CC2NC(=O)C12,7.195104339779007
O=CC(C1CN1)C1CO1,5.913597760328557
c1cc(nc(c1O)O)O,5.595328242668168
OCC1=NC(=N)C=NO1,5.010142200976388
OC12CCCC1C1NC21,8.20792728362849
OC1CC2OCC2C1O,8.274258462793627
CN1C2CC=CC1C2=O,5.516411182680149
CC1CC2(C1)NCC2=O,5.75454798630618
C1CN1C1C2C3CN2C13,7.863915310378971
OC1C2C(=O)NC12C#C,6.498606501063563
CC1CC(C)C(CO)=C1,7.010176739010725
CC(O)CC1CC(O)C1,8.819799715245631
CC(C1CCC1)C(C)=O,6.243598782193928
O=CC(=O)C1CC2OC12,4.179598145050852
CC1CC2C(O)C(=O)C12,5.836471573722827
CC1(CC1)CNC=O,7.6417517542466165
O=CC12CC(C1)N1CC21,5.831638362303074
CCC1OC2C1C2(C)C,8.34743699811509
C1OC2C1C1CC2C=C1,6.823884609190617
CCC#CC1(CC1)OC,7.449177691741667
O=CC12C3CC1CCC23,5.965196745654741
Cc1nc(n(n1)C=O)C,5.6890119991330526
[NH3+][C-]1C=CC2=C1ON=N2,5.556393410003215
COC(=O)NCC1CO1,8.35918601830566
CCC1(CO)NC1C#N,7.558434335123454
CCCC1CC1(C)C#N,8.569026657649605
CC1(C)N2CC(O)C12C,7.892842769058706
c1cc(=O)nc[nH]c1=O,4.405918377272938
CC12CC1C(=O)C(N)=N2,4.763830362424768
CC1OC2CC3C2C13,8.610166304667015
CC(=NO)C1CC1C=O,5.822406208154094
OC1C2C3CC4C(C23)C14,8.44268199625973
N=C1OC2C3NC3CC12,7.200543790772276
CC(C)(CC1CC1)C=O,6.178810334914213
CC1CN1C1=NON=C1,5.808045719882801
COC=NCC(=O)C=O,4.187199557380138
CC(=O)c1c(ocn1)N,4.756912722451488
CN=C1OC2CC2C1=O,4.899523654740327
CCC1(C)CC2OCC12,8.47340523155988
CC1C2OC3CC2C13,8.83218837724461
c1cn(c(n1)O)CC#N,6.270048191785461
CC1C2(C)C3OC1(C)C23,8.34594657323339
CC12CC(C1)C(=O)C2O,6.187941501971869
O=C1C2CC3C4C(C23)N14,6.295003669670216
N=C1CC2CC(CO2)O1,7.603742282366323
CCC12CN(C1)CCO2,7.921454059517746
Cn1c(=O)[nH]cnc1=O,5.341321316899676
CC(=O)N1CCC(=O)C1,5.806871767109647
Cc1cc(n(c1)C)C=O,5.01066111196528
N=C1N=CNC=C1C=O,4.319116341271541
CN1CC11CCC11CN1,8.01702307242943
CCC1CN1CCC#N,7.460800343606626
CCC(C#N)C(=O)NC,7.277303282361533
CC1(COC(=N)C1)C#C,7.614962930555801
CC1=CC2CC2(O)CC1,6.751403307937836
C1CC11CC2NC2C=C1,6.768511599446565
NC1=NCCC1(O)C=O,5.463909712185107
O=CC1=C2CC3C2N3C1,4.529318243797636
C1OC23CN(CC2)C13,7.8818601355035565
C1OCC2(CC=CC2)O1,7.084459229470873
CC1(CC1)C1CN=CO1,7.289182803099435
CC1=CCC2COCC12,6.822884469502877
OC1C=CC2(CC2)C1O,6.625695243375117
CC1(C)CC1(O)CC=O,6.086558504138995
C1OC2C3CC12CCC3,8.527455117051504
CC12NC1CC2(O)C=O,5.806322577970668
C1CC(C1)CNC=O,7.650329397230568
CCCc1nccnn1,5.523232725365346
OC1CC2C(O)CC=C12,6.542172828952364
CC1(CC1)NC(=N)C#N,5.72958265073666
CC1C2CCC(=O)C12,6.0766114707677605
CN1CC11CC(=O)C1O,5.595804037448364
COC1(C)CN2CCC12,8.01456125102585
CC1(CO1)C(=N)OC=O,6.595190863854583
CC1C(=O)CC11CCO1,5.790790747777073
CC12CC1C1CC2(C)O1,8.613024577292666
C1C2OC1C=CCC=C2,6.269662798071056
C1COCCC1CC#N,8.107391577823186
CC1(O)C2CC1N1CC21,8.132231255700834
O=C1NCC2(CC12)C#C,7.040007152981493
CC(C)(O)C1(CO)CN1,8.286124648563653
CNC(=O)C1(CC1)O,7.137848200653458
CN1CC(C#N)C1CO,7.107446148073657
CC1OCCC2COC12,8.607281454768787
CCC(O)CC(=O)C#N,5.360921084054224
OC12C3CC4CC1C4C23,8.42830728974569
O=C1CC2C(O1)C1CN21,7.0655798204106235
OC1=COC(=N1)C1CO1,6.029028808777772
CCC12CC(C1)(C2)C#N,8.684561355958627
CC1C2CC1(C)C21CN1,8.52468383436677
CCC12CN1CCC2=O,5.67074551644088
COC(N)=NC(C)C#C,7.20202354512741
CC(=O)C1(C)CCCO1,5.93251287142215
COC(=O)C(N)C1CN1,6.646165986680092
CC(CC(C)=O)N1CC1,5.976316410312738
CC1C2CC(=O)C12CO,6.122797992385315
CCCC#CC1NC1C,7.306527905028567
CC12C=CC34CN(C13)C24,5.681181265532173
O=C1NCCCC11CO1,6.932686059357183
CC(CC(C)=O)C(N)=O,6.018784975326603
CC(=O)C1OCCC1O,5.965807411495473
CC1CC=CC=CC1=O,4.764939067816724
CC(C)c1c(cco1)N,5.982705490607868
OC12COC(C1)OCC2,8.709715346491356
Cn1cc(nn1)CCO,6.683136777371285
CC1C2CC1COC2,8.79676185505221
CCC1=CCCC12CC2,6.713271088736915
CCC12CCC1C(C)C2,9.179860698411357
C1C2OCC3OCOC123,8.291969456135929
O=CC12CC3C1N3C=N2,5.4393558086903315
C1CC1C1CCC11CO1,9.148633659645602
C1N2CC3CC12CCO3,8.245992322704033
O=C1OC2CC3CC1C23,7.3825784812596575
CC12CC3C(C13)C(=O)O2,7.330184975123858
CC1(C)C2OC2C1=NO,6.699928610739361
CNC(=O)C1CCC=C1,6.691563320904319
CC(CCC1CO1)C#N,8.444459359402817
OCC1C2CCC1C=C2,6.903575319141741
CC1N2C3C1=CCC23C,5.255434561303239
OC1(CC2OC2C1)C#N,7.888404591656839
C1CC23CC=CC2C1O3,6.59732259373556
CC12COC1C(=O)CC2,5.69358751183028
COC1(C)C=CC2NC12,6.528753036930423
CC1CC(CO)=CC1O,6.908638089602458
CC12CC1(O)C1C(O)C21,7.659719156480328
CC12CC3CC3(O)C1O2,8.510315001251195
CCC(CC)C(O)C#C,8.1637936255671
CC(O)C1OCC(C)O1,8.86511202846091
CCC(=O)C1CCC=C1,5.94786727678197
CCC(COC)C(C)=O,6.274149393327265
CC(=O)Oc1ccco1,5.878297748581888
CC1C2C3OCC1C23O,8.109246161567846
CCC12CC1(C)C(C)C2,8.855282671627117
OCCC1(CN1)C#C,7.599780814366177
CN1C2C3NC2(C#N)C13,6.657515283132881
N=C1NC=CCNC1=O,4.9575432414233305
c1c(onc1N)C(=N)N,5.250292497358287
CC1(CC1OC=O)C=O,6.049186919350594
O=C1CC2COCC2O1,7.3595275688158495
CC1OCC2C(O)C2O1,8.5338174189962
N=COC1C2CC2C1=O,5.818420099952441
O=CC1C2C3CC2N1C3,5.636989860775306
OCC1C2C3N2C1C3=O,6.14102026547639
CC1CCOCCC1O,8.529195116739762
OC1COC2C3CC12C3,8.345280955959751
COC1=NNC=CC1=N,4.799352104919168
C1OC1C1=CCC2NC12,6.269492872723707
CC12CC3CC4C1C2N34,8.197097622206293
CCc1cnc(o1)N,6.283225907008063
Cc1c(n(nn1)C=O)N,4.89212458832342
COC1C2C(O)C2C1O,8.052390199624877
CC12C3CN1C(C=O)C23,5.624760011419715
CC12CCC(O)C1N2,8.406657752223408
CC1=CC23CCC2C1O3,6.081505788914654
N#CCOC1CCCO1,8.186691345036206
CC1(O)CNC1CC#N,7.343420747062959
CC12CC=CC1(N2)C#C,6.198540872999475
CNc1cc(on1)C#N,5.220121974915209
OC1CC(=N)OC11CC1,7.511897342990141
C1C2OC3COC(C3)C12,8.42687722727645
CC12CN1C(=O)NC2=N,6.636209277684966
CC1(O)CC11CCOC1,8.345596676358241
NC(=O)CC1NC1C#C,6.98483110044982
C1C(=C(CO1)N)C=O,4.918638251918642
CC#CCN=C(CO)N,7.011912760335578
O=CC1CC(=O)C11CC1,5.6636684513826685
OC1COCCC1C#N,7.783311683326099
c1c[nH]c(c1O)CC=O,5.101209576720398
OC1C(O)C11NCC1O,7.587775635584406
CN1C2CCC1(C)C2=O,5.902377283442376
C1OC2CCN=COC12,7.077170975256532
CN1C(CCO)C1C#N,7.034477995836441
COCC#CC(C)OC,7.507303243172586
OC1C2CC(C2)C1C#C,8.115990376009682
OCC(CCC#C)C=O,6.12331028717191
OCC12CC=CCC1N2,6.659849411121545
OCC(O)C1C2CCN12,7.864450450665721
CCC1CC(CO1)=NO,6.739922316480691
CN1C2CCC2OC1=O,7.935023808500537
CC1(CO)CN1CC#N,7.453315368674418
C1CC2CCCOC2C1,8.603312682661473
O=C1CNC2CC(C2)O1,6.740098570859261
C#CCOC1CN2CC12,7.161881513493796
c1c([nH]c(c1O)N)CO,6.011335029897367
CC1C2C(C)C(C#C)N12,7.2220818893652385
C1CNc2c1c(no2)N,5.853750749032341
CC1(CC(C1)C#C)C=O,6.065690533345599
c1c(cnc(n1)N)C=O,4.2161033966597055
C1C2CC3C4OCC12C34,8.325266124970433
Cc1c(cnn1C)O,6.382730403534654
CC1C2CC(C3CO3)N12,8.456250494650096
CCOC(=NC)C(C)O,7.331127573482133
CC1CCC2NC12CO,8.317891693851498
Cc1c(ocn1)OC,6.2837190722865115
OCC12CC1(O)CCO2,7.996102786185275
OC1C(CC=O)C1C#C,6.091372277584563
CC(=N)OCC1CO1,7.6665377739274305
C#CC(CC1CO1)C#C,7.923106050104975
C1C=Cc2c1onc2N,5.281912002286539
COC1C=CC2C1N2C,6.188834421509935
CC1(O)CN=C(N)C1=O,4.580732126331555
CC1(C)CC2OCCC12,8.560774836878755
CC1CC1C(O)CC#C,8.221364176656422
CCOC1CCC1CC,8.859442062135876
OCC1=CCN2CC12,6.275256168244596
C1OCC2OC2CC=C1,6.802055265073253
c1c([nH]c(n1)O)CC=O,5.276093589959205
[O-]C(=O)C1CC2(CC2)[NH2+]1,7.1160644464236995
CC1(O)C(NC1=N)C=O,5.635258752460841
O=CC1C2OC1C2C#C,5.76199800534865
CC12CCC(OC1)O2,9.058699172529899
CC12CC(=O)N1C2C#N,6.32814553220866
N=C1CN=C2C=CCN12,5.405616074602294
C1C(CO1)(C(=O)C#N)O,4.86642412365072
C(CC(=N)NC=O)C=O,5.725740327243316
C#Cc1cc[nH]c1CO,5.782390984447517
CCc1cn[nH]c1C#C,6.0963912634778605
CC#CC1N=COC1=O,6.308583456362945
C#CC1CC2OCC1O2,8.14447249849092
COC1C2C3C1C2N3C,7.968572352103767
CN1CC1(C)COC=O,6.651350527292992
CC1CN1CCOC=O,7.0287813108689035
C1Cc2nc(nn2C1)O,6.66674003736021
CC(C#N)C(CO)C#N,8.040678326436614
CC(=O)C1CN(C1)C=O,5.864811392470555
CC12OC1(C#C)C1CC21,6.879134747004026
CC12CC3C1(O)CC23O,8.105745251381107
CCCC(=O)OCC#N,7.621253527032933
COCC1C2CC(=O)N12,6.801888574162458
OC1CN2CCOCC12,7.92287068395552
O=CC12CC1CN1CC21,5.845831488770864
ON=C1C=CC2CC12O,5.3151843877622325
C#CC1OC2CCOC12,7.364266102495357
CN=C1OCC=C1CO,5.7119144341163945
CC([NH3+])C1CC1C([O-])=O,7.283842531872905
CC(OC=O)C1NC1C,7.1774872874020605
CC1C=CCC1NC=O,6.928781071430451
OCC12CC(O1)C2=NO,6.72986698463672
CC1(C)C2CN2CC1=O,5.678853054857191
CC1CN1C1=CN=CO1,5.984176144975461
OC12CC1C=CC21CN1,6.368809970742392
CC12C(O)C1OC21CC1,8.038781321730756
CCC#CCC(C)C#C,7.85884564701885
CC1NC11COC2CC12,8.301810879864599
NC(=[NH2+])C1=CC(=O)O[CH-]1,4.711856955788797
CC1(O)CC2CC2(O)C1,8.46129634904453
CCCC1CC1NC=O,7.550099786408812
CC12CN3CC1(O)C23,7.816824004064518
CC1COC2COC2=N1,7.097896884517503
CCC1C2N1C(C)C2=O,5.887761419536045
CC1N2CC1(C2)OC=O,6.8321002400335935
N#CCC12CC3C1N3C2,7.505691891855776
O=CNC1C=CC2NC12,6.460031161679824
OC1(CC2CC1C2)C#N,8.134757055280856
O=C1NC2C3C2N2C3C12,6.186377880546845
O=C1CCCC2CC12,6.105325148335803
CC1CC2OC(C#C)C12,7.3140347655063636
OC1C2CC3OCC13O2,7.953101258940293
CC1OCC(O1)C#N,8.084506961506722
C1C=C(CO1)NC(=O)N,6.31090564568048
c1coc(=O)n1CC#N,6.011333759581481
CC1(CCC=CC=C1)C,5.561952563303389
c1nc(c(o1)N=CN)O,5.055965863804833
CCC1(CC(C1)O)CC,8.839119728450022
CC1OCCC(=O)C1C,5.993898774622011
OC(C1CN1)C1CCO1,8.1898661580524
N#CC1CCC1N1CC1,7.378632282242029
CC1OC2CC(C2)O1,8.79707445506834
CC1CC(O)C1(O)CO,8.317387618211185
CC1NC1C(O)C(C)=O,6.035834785248408
CC1CC2(CC2O)C1O,8.408921449550574
N=C1NN=C2OCCN12,6.567508148707351
C1OC11C2OC2C11CO1,8.136710249484793
CCC1CC(C1)C(C)O,9.01421492677273
CC#CCC1CC1(C)O,7.976202371377363
CC1=C2CC3CC(C1)C23,6.09403422924941
O=CNC1C2C3C1CN23,7.108041947356874
CCC12CCCC1(C)O2,8.893088979768502
CC12CC3C1C3(C2)C=O,5.937701541148471
NC(=O)C(O)CCC#C,7.228212021816377
OC1CCC2=C1NN=C2,6.746834193288879
CCC1OC2C3OC2C13,8.340975133541205
C1CC2(C1)CC(=O)OC2,7.536912807167209
OC12CCCC11CC2O1,8.122243393522197
CC1OCOCCC=C1,6.860819873627976
CCC1(C)C2OC=NC12,7.038377034616607
O=CCC(CC#C)C=O,5.727135945067201
O=C1OC2CC3C2CC13,7.195785628512358
c1c2c(co1)CCCC2,6.3536143041520265
CC12OC3CC1C3C2O,8.28417467078996
CCC1=CC(C)C(=O)N1,5.7718437297209
CCC(C#N)C(=O)OC,7.502717431164461
CC12OC1C(=O)NC=C2,5.549233630447018
CC(C)(C)C1CCOC1,8.61589730645091
COC=NC1C2CC1N2,7.090513192823535
O=C(NCC1CN1)C#C,6.089337974562287
NC1=C(N=CN1)C1CO1,5.860335923121637
OC1CC2(CN2)C1C=O,5.859219848364073
CN=C1C(O)CN1C=N,6.012795633428931
CN1C2C3OC2C13C#C,6.685317037182706
CC1C2(O)CC1(O)C2=O,6.503815142950946
OC12CCC1CC=CC2,7.160249338466626
CC(CC1CCO1)=NO,6.802224656280034
CC12CC1CCC1CC21,8.956960732264278
N1C2C=CC3OC2C13,6.0990568459855785
OCC1=CC(O)C(O)C1,6.821515786116022
C1C2CC11OCCCC21,8.72400495651813
C#CC1CC2CCC2C1,8.392062786120754
N#CC1CCC=CCC1,7.242156288278471
OC1C2CC3C2C1C3=O,6.042484284509121
CC12CC3(O)C(O1)C23O,7.610773526104246
OC1(CC2CCC12)C=O,5.890096840122655
OCC1OC=NC11CC1,7.017010381268788
CC12OC3C(C13)C2CO,8.23824546597825
CN1C2CCC3(CO3)C12,8.252975387068815
CCCN=COCC#N,7.264143197749005
OCC1C(C#N)C2CN12,7.350423250046813
CC1NC(C)C(=O)C=C1,4.866917415718165
CC(O)C1=CNC(=O)O1,6.450639000686993
COC1(CO)CC1C#N,7.808309432594227
CNC(=O)OCCC#C,7.898138358374016
CC12OC(C=C1)C2C#N,6.455948573598116
C1OCC2OC3C1OC23,7.921613514020252
CC12CC(N1)(C#N)C2N,7.058822759849688
OC12CC(C1)(C2)N1CC1,8.25699728962289
CN1Cc2c(nc[nH]2)C1,6.406598200821071
CN=C1CC(CC#C)O1,7.403054865779151
C1OC1C1OC2CCC12,8.609856019698617
CC(O)C#CC(N)=O,6.464700249784022
CC1=C(O)OC(=N)C=C1,4.615156403999286
OCC1CC(=O)C1C#N,6.002763481905607
CC1(COC(=N)C1)C#N,7.78689450600698
CC12C3CC1CCC2C3,9.179423218133516
OC1C=CC2(OC12)C#N,6.230153067004329
CN1CC11C2C3CC1C23,8.274411793048952
C1CC1CCCOC=O,7.728665697542352
C1C23COCC12C1NC31,8.138011018307612
CC(C#N)(C#N)C1CC1,8.494014116738935
COC(C#C)C(N)=O,7.098747163750927
CCC1(CCC1)CCO,9.198898405724025
O=C1NC(=O)C2CC2O1,6.639362441140195
CC1(COC1=N)NC=O,6.923305415031548
CC1OC(C#C)C11CC1,7.328076274168019
OCCCC1(CO1)C#N,7.997934379126851
ON=C1CC2CCC12,6.766500859977286
C1NC1C12CCC1CO2,8.222512417423303
COCC1(O)CCOC1,8.53870600666987
OCC1COCC(=O)C1,5.9787300369862475
COC1C2C1C1CCC21,8.509515333967178
OCC(O)(C#N)C1CO1,7.572442166621695
CCC1OC2CCOC12,8.615967843136655
OCC1C(O)C11CCO1,8.00748091227139
COC12CC1(C)CC2=O,5.949040725494658
CN(C)C1=NCC(=O)N1,6.246335782458377
CC1CCC(CC1)C#N,9.195280297037952
O=C1C2C3C2C2C3CC12,5.8410815163119665
CCC(C)C12CC1CC2,9.002439257815311
CC1=CC(O)C(CO)C1,6.9156796738733854
OC1CC2NC2C(O)C1,8.228884712555852
O=C1COC(=O)N2CC12,5.766447089078375
CC1OC(=N)C1CCO,7.773988997433564
O=C1NC(C#C)C11CN1,6.713921417498389
CCC1C2C(=O)OC12C,7.446540812760112
C1C2OC3C=CC2OC13,6.4401419137542035
CCC1CN(C1)CC=O,5.573566587217197
N=C1OCCNC11CC1,6.93382633990891
Cc1cc(c([nH]1)O)O,6.046992856581307
C(CC=O)CNCC#N,6.0423457567286585
CCC1C[NH2+]C1C([O-])=O,7.185612978319894
CNC(C=O)C#CC#N,5.130216229246672
N=C1OCC11CN=CO1,6.785573891810781
C1CC2C3C=CC(O1)C23,6.569386426428801
CC12C3OC(C13)C2CO,8.1367994293423
O=CCC(CC#C)C#N,6.054640360824746
CC(O)C1OC(=N)C1C,7.779587003390625
CCC(=O)C1CN1C,5.70374478932085
O=CC1(OCC=C1)C#N,5.711643956755135
OC1C2CC3CN=C1N23,6.1797504437191755
C1CC23CC(C2)CCC13,9.300918174332816
OC(C#C)C1(CO1)C#C,7.189983693946417
N=C1NC(=O)CC1C=O,5.577554724011666
C#CC1=CNC(=O)NC1,5.726838411635824
CC12CC3N=COC1C23,6.937835298218655
CC12CC3CN4C1C2C34,8.10736575609068
CC(C#C)C1=NON=N1,6.444385619606616
[O-]C(=O)C(NC=[NH2+])C#C,6.428650454839779
CC1=CC2COC2(C)C1,6.834754722720968
CC12CNC1C(O2)C#N,6.773738491105408
CC1OCC2(OC12)C#N,7.543041621771488
CC1CC2=NON=C2O1,5.829395628507799
CCC12NC1C1(C)OC21,7.821421977157058
CC1C2C3C=CC1(O)C23,6.312003088198802
CC1(CNC1=[NH2+])C([O-])=O,6.589733653246413
CC1=CC2(CO)CC1O2,6.474722826539861
C1OC23CC4C(C2)OC134,7.754560255526315
Cc1coc(n1)C2CC2,6.26128082078845
CCCOCC(=O)C#N,5.250907229538845
Cc1ccc(=O)oc1C,4.730526906648788
OC1C2[NH2+]C1C2C([O-])=O,7.117265575038871
CC1(C)CC2NC12C=O,5.831252083848447
CCCC(=O)C1CCC1,6.180192275294559
CCC1C(C)COC1=O,7.541953623207237
OCC1C2CC2CC1O,8.508109795780683
c1ccc2c(c1)CCO2,5.929730908497948
N=C1OC=CN=C1C=O,4.32736035574449
CC1COC(=N1)N1CC1,7.1714818198518495
N=C1OC=CC=NC1=N,4.460893822319138
CC(O)(C#N)C1COC1,7.542912165691455
CCC(=O)NCC1CC1,7.529341679161082
CC1CC=C2CC=CC12,6.5212704662943795
N#CC1CCCC1C#N,8.596951810145347
O=C[C-]1[NH2+]CC=CC1=O,4.550617863489624
CC12CC1(NC=N2)C#N,6.546119474780325
CC(=O)C1C2CC1CC2,6.224693823008761
CC1CC(=O)C(=N)N1C,4.611121368448079
Cc1cc(c([nH]1)OC)N,6.102718572102401
CCC1OC11CNC1=O,6.953541837780083
CC(=O)CC1OCC1O,6.135021106027775
CC1CC2(O)CC12C#C,7.477426304898088
NC(=[NH2+])C1=COC(=N)[N-]1,4.578073736370047
CCC(=O)C(=O)C(=O)C,3.8484283636784897
Cc1cn(cc1N)C=O,5.060916565371806
CC(O)C12CC(O1)C=C2,6.5216804147195875
OC1CN2CC3(CO3)C12,8.060037353566988
CC1(O)C2OC2C1CO,8.588623815785702
NC(=O)C1CC(C1)=NO,6.459177404360604
CC1OCC(C=O)=C1C,5.100156596007906
CN(CC(=O)OC)C=O,6.610171126645347
CC1CC(=O)C(O)C1O,5.973387013507946
COc1cc(c([nH]1)O)O,6.1638727577332215
O=C1COC2CC1C2,5.767473240684357
C1CN(C(=O)N1)CC=O,5.755332166724689
O=C1CCC2OCC=C12,4.984811335761426
COC1(CC=O)CC1O,5.9849077996497675
CC1(C)C2C(CN12)C=O,5.712391440500353
CCCC(CC)CC#C,8.626885631341057
CC12OC3CC1CC3O2,8.928891811151203
CC#CCN=C(C=O)N,4.868187609173466
COC=NCC1CC1,7.284086077452679
C1CCC(=CC1)CC#N,7.001277163468751
O=CC12CC3N=CN1C23,5.39673435489164
OC1CC[NH2+]C1C([O-])=O,7.257399536997075
O=C1C2CC3CN1C23,6.492254193086229
CC1CC2CC(=O)C12,5.968112091657327
CCC1C(C)C2CC12C,8.91256080547578
O=C1CC23COC2CC13,5.802485410804397
O=CC1OC2(CC12)C#C,5.724590537455944
OC1C2CC3(O)C2CC13,8.557496189955627
C1OC11COC11CCC1,8.309425225444283
CC1C2CC2N1C=O,6.922742230326985
CCC1C=CC2(C)NC12,6.618341513279176
C1CC1CCC(=O)C#N,5.453493211591086
C1C2OC3=NOC=C3C12,6.102336385430757
N=C1CCC(O1)C1CC1,7.761963374660128
C1CCOC(OC1)C=O,6.049578031426102
CC(C)(C(=O)C1CC1)O,6.119661903033261
O=CC12C3CC1COC23,5.961358098791951
CCC1CC(OC)C1O,8.470332844111956
OCC12CC3OCC1C23,8.283477471849062
CC1CC2(CCC2C)O1,8.480141090717302
CC1C(=O)C2OC2C1=O,5.164524282652243
CCC(C1CO1)N1CC1,8.621127176464785
COC1CCC11CC1,8.729868191111514
CN1CC1C1=NOC=N1,5.8057032673287186
N=COC1C2CCC12,7.536721345398309
C1CC2OC2C=CCO1,6.69021271627833
CC1OC1C1CN=CO1,7.365488469935279
CC1C(CO)CC2CN12,8.054734436044372
CCc1cc(oc1)C#N,5.706330392124434
CCN(C)C(=O)C#C,6.1223998868406415
CC1C(C)C2=CC=CN12,6.535226893416576
CC12CCC3C1OC23,8.73867089701605
C1CC12COC(=O)C2=O,4.892761182815944
CC1COC2CC=CC12,7.01481807834082
C1C2C3OC4C3N2CC14,7.8178602814214
OC1C=CC(O)C11CN1,6.63955047135305
N#CC1CC(O1)C1CC1,7.7547357705503055
CC1(CO)C2COCC12,8.293606588925027
CC1(N=CN2CC12)C#N,6.580760836498155
NC(=O)CN1CC1C#N,6.822323574974763
OC1C2OC1(C=C2)C#C,6.248396524322633
O=CC1OCC(O1)C#N,6.005166220752391
CC1OC2C(CC12)C#N,7.7687692268611475
CC1COC(=O)CCO1,7.168926221557344
CC(O)C(C)(C#N)C#N,8.10069458427316
CC1=C(C)C(CC1)C=O,5.790772091980901
C1CC11C2OC1C21CC1,8.364337265481094
CCC1(CO)COC1C,8.365471211009243
O=C1NC2C1CCC2=O,5.884985148252084
CC1C2NC1(C#N)C2C,7.187943918487648
CC1CC2NC2C1O,8.341205575698794
c1cc([nH]c1N2CC2)O,6.245930156625417
[NH3+]CC(O)[C-](C#N)C#N,6.379887726839643
C1C2CC3CCC(O3)C12,8.531637070763443
[O-]C(=O)C1[NH2+]C2CC1C2,7.223921492037576
CCc1cc(c[nH]1)C#N,5.894207711933523
N=C1OCC2OC12C#C,6.946878541753357
c1c2c([nH]n1)N=COC2,5.659972511906482
CCCC1(O)CCC1O,8.412468662441507
COC12CN3CC1C23,8.028239051508793
CCN=c1cnonc1,4.529078263980164
CC1(C)NC1C(=O)C#C,5.208361008323851
ON=C1C2CCC1CC2,6.72140083913528
C#CC1CCC2CC2O1,7.78577440380757
OC1C(O)C(C#C)C1O,7.3057184364965275
CC12CC1OC(=O)N2,8.177032175625694
OCC12CC(CC1)O2,8.603920450979178
CN1C2CC1C(=O)C2,5.599775989732663
OC1CNC11COC1=O,6.668470353298968
CC1CN2C=CC=C2C1,6.472042262571719
N#CC12CCNC1CO2,6.925837095208337
Cc1cc(cnc1O)N,5.236468243709396
COC(C)(C=O)C1CN1,5.857028072320104
OC(C#C)C1CCOC1,7.699511007689912
CC(C#N)(C#N)C1CO1,7.95167787955757
CC(OCC#N)C1CC1,8.077391148891135
CCC12CC1C(C)C2O,8.517933757722645
CC1(OCC11CO1)C#N,7.413000671430927
CC1OC2C(O)C2(C)O1,8.211800328104182
O=CCCC1CN1C=O,5.84293119386407
[NH3+]CCC1=NOC=C1[O-],5.249434335381315
CCC12COC(CO1)C2,8.657186825951314
CC1=CCNC(=N)C1=O,4.390527940901549
CC1(COC1)C(=O)NC,7.236257405801942
CC1CC2OCC1C2=O,5.752506859831959
c1c2c(n[nH]1)CCCC2,6.678255308576097
N#CC1CC2(CO2)CO1,7.925952724811137
N=C1OC2C(C3CO3)C12,7.138327846582984
[NH3+]C12CC(C1)(C2)C([O-])=O,7.117130605081157
NC1(C#C)C2OC(=N)C12,6.7670646342000875
CC1C2C3CN2C13C#C,6.895257982942276
CC(O)(C#N)C(O)C#C,7.645111587014311
O=C1CC2NC1C2C#C,5.802805952803181
CC#CC1CC2OC12C,7.619185805937363
COC1C(=O)C2CC12C,5.910087836168299
CC1C2(CO2)CC1(C)O,8.667390883194251
OC12CC(OC1)C2C#C,7.506161873262078
CC1OC1C1=CON=C1,6.489445786898552
OC1(CC1)C#CC1CN1,7.044011123043264
CC(=O)C1(CC1)OC=N,5.9666321786019205
CC1C2C(O)C=CC12O,6.380255188580602
CC1C2C3C2C2(C)C3N12,8.189761981080466
CC1OC=NC2CC1C2,7.0346963899037895
N#CCC(C#N)C1CN1,7.627852427618986
OC1CN2C=CC(O)=C12,6.136033653789431
CC(C#C)C1=NON=C1,6.772091415119767
O=CCC1CCN2CC12,5.7964958008963645
CC1(CCOCO1)C#C,7.807797278928362
COCC(C#N)(C#N)N,7.383278332207775
CN1C2C3OC2C(=O)C13,5.6178907389474935
O=C1CCC2CC12C#N,5.97104429181806
CCC1(OC)C(C)C1C,8.569440279862794
Cn1cc(cn1)NC=O,5.769833209488654
CC1CC11OC(=N)C1O,7.390438497070148
NC(=O)C1OC1C1CC1,7.181304192066971
CC1(CC1)C1CC1CO,8.820353488196044
O=C1OCC2C=CCN12,6.571418329974629
CC1=CC2(C)CC3C1C23,5.944003705223113
OC1CC2C3CC3C12O,8.089568813411908
CC1=C(CCC1)NC=O,6.060064029722911
CCCC(C#N)C1CN1,7.689963753383189
c1c2c(co1)NC=NC2,5.39047125252853
CC(=O)C12NC1CC2O,5.914632973633342
CC1CCC1(O)CC#N,8.259563461357986
CC12CC1(CO)C(=N)O2,7.446935086008817
OC1CC(C2CO2)C1=O,5.878938415314887
ON=C1CC2(CCO2)C1,6.552810400878142
CC1C(O)C1OC1CC1,8.131845647457752
C#CC12COC1C=CC2,6.600843101827321
Cc1cnc(cn1)NC,4.940969724004303
CC(O)C12NC1C1NC21,7.185088979341747
CC12CC3C(C1)C3O2,8.87934118611905
CC1OCCOC(=N)O1,8.064610101533821
C1C2CN1C1=CNC=C21,5.7789921022741115
N=COC(=O)NCC#N,6.992664927760416
CCCC12CC3C1CC23,9.513215627009554
CC1CC2C3C(CN23)O1,8.200590405919105
C1COCOCC1=NO,6.708457020548956
CC12CC(O1)C(C)(O)C2,8.488807677156549
OCC12CC1C(C2)C#N,7.929396007410654
CC1C(=O)OC1(C)C,7.625864006285228
C1COC(OC1)CC=O,6.187781031646953
CC1COC2=C1C=NO2,6.207624026398301
N=COC1OCCC=C1,6.886719181987076
C1OC1C12CC1CO2,8.41424034636286
OC(C#C)C(O)C1CC1,7.827214546514462
Cc1ncnn1C(=O)N,5.980727784897594
C(C=O)OC(C#N)C#N,6.116200409745415
C#CC(=O)C1CCCC1,5.4529524895167345
OCC#CC1CCOC1,7.46867072745739
N=C1COC(CO1)C#C,7.263901446114328
COC12C3CC1(O)CC23,8.300828088694619
CC1C2C1C1C(O)CC21,8.259521364844115
CC(C)C1CCOC=N1,7.326280308423975
N#CC1C2NCCNC12,7.016533823520657
N#CC12COC1CCO2,7.394941573625622
C1CC1C1C2COCC12,8.65297683895169
OCC12COC1CN2,7.962190536218338
OC1C2NC(=O)C(=O)C12,4.717651931656296
CC1CC1(C)OC(N)=O,8.400740925184975
COCCNC(=N)C=O,4.7509418297151775
CC1=C2CC3C(C1)C23C,5.299450931933066
CC1CC(=O)OC11CC1,7.573613622034726
CC1(CC#CC#N)CN1,6.188917092817877
CC1NC(C#N)C11CO1,7.43729199121848
c1c[nH]cc(c1=NO)O,4.664437037950535
CC1CC1([NH3+])CC([O-])=O,7.244287002974682
C(C1CN1)C1=CNC=N1,6.830724519625646
CC1(O)C(O)CCC1=O,5.918674502370673
CCC(O)CN=COC,7.1467776808787065
CC1CC2=C(N1)OC=N2,5.917059035811182
CC(C)C12CC3C1CN23,8.359421497205728
CC12CC=CC1CC2O,6.757487707924613
O=C1OC=NCC2CC12,6.302482122768229
OC1C2(O)C3CC1(O)C23,8.088194077063571
O=C1C2C3C4OC1C4N23,5.611438302737754
CC1C2C1C(O)C2O,8.16840769535698
CC12CNC1(C)C(=O)O2,6.71427727317602
C1C2C3CCCOC1C23,8.496120276215251
CC1CC(C)C2(CC2)C1,9.278257966907775
CN=C1OC(C)OC1=N,6.258411686941551
CC12OC=NC1C2CO,6.943515601325947
CC1(CC2CC1C2)C=O,6.115606817491607
CC1(O)CC11OCC1=O,5.757597435968703
CCNC1(COC1)C=O,5.527627682867548
C1C2CCOC3CC3C12,8.465286612536287
CC1C2C3C=C(C)C1N23,5.724926023896569
CC1CC2(CN2)C(C)=C1,6.667976666135939
CCN=C(C#N)OCC,6.246696394419125
O=C1NC2CC1C1NC21,6.92711121403992
CCC12CC(C1)C(C)C2,9.717393397071593
c1nc(c2n1CCO2)N,6.012034699102388
O=COC1CC(C1)C=O,6.097765779783273
CC1=C(C)C(=N)OC1,6.087955002005598
O=CCC1C2CC1O2,5.953808018519669
CC1CC23CC4C2C1C34,9.041078118345418
c1c(nc([nH]1)CO)C=O,5.116531452343608
CC12OC3C4C(OC13)C24,8.10916272672513
COC1(CO)C(C)C1O,8.130607337807454
O=C1CCOC2COC12,5.634436683678066
C1COCC2(CO1)CO2,8.741945974429306
CC1C=CC(O)C1=NO,6.34246515642733
CC1(CO)OC1(C)C#C,7.6819965551151945
CC12CCC(C1)OC=N2,7.260627968623474
OC1CCC(C=O)=CC1,5.221995129269053
CC1(C)CC2OC2C1,9.295410985933557
CC1C2CC3(COC3)C12,8.598443973560311
CC1C2CC(C2O)C1=O,6.15088534262077
CCCCC1CC2CC12,9.183752685779206
CC1CC1OCCC=O,6.1305920567513486
COC1C2CC2C1C=O,5.9580368794256895
OC12CC3(NC1C23)C=O,5.747016261193634
C1CC(C1)C(=O)CC#N,6.053711056308627
COCC(C)(CO)C#N,8.075334274345781
CC#CC1C2CC1(C)C2,8.03378155280937
CCNC(C=O)C#CC,5.717059014491452
CCC1(C#C)C(O)C1O,7.483792571044797
COC12CN(C)C1C2C,7.808740113323418
N#CCN1C2CCCC12,7.233420918373964
CN1C(=N)CN=C1C#C,5.343565952060077
COC=NC(C)C#CC,7.2788197309954175
c1c2c(no1)C=CCO2,5.17920635999278
C1COCC12CC(=O)C2,5.91642527743439
OC1C(=O)C2CN2C1=O,5.22697140646963
CN(C)C(=O)NCC#N,7.46926005289173
CC#CC(=NO)C(C)O,5.690590360018508
COCc1cc(oc1)N,6.053511201005671
O=C1CC23CC(C2)C3O1,7.450451262129096
CC1OC2COC=NC12,7.19215040099281
CCCN1C2C3NC2C13,7.818218903441823
C1CC1CCOC=O,7.687040099753096
CN1N=NC(C)=CC1=O,4.694238332234428
CCC#CCC(O)C=O,5.962830500098739
CC1CC(C1)C(=O)CO,6.142073965436264
NC1C(OC1=N)C1CN1,7.104482174005552
CC1=CC2(O)CC1C2=O,6.303380373938744
ON=C1C2CC(O)C1N2,6.510355135795415
O=CC1=CC2COC1C2,5.051106994644967
CC1C(C)N1CC(C)=O,5.89691814949759
OC12CC1(O)C(C2)C=O,5.939394847245859
NC(C#C)C(CO)C#N,7.576582611104979
OC12CN3C4CC(C14)C23,8.024514607804713
OCC1CCOC1C#N,7.655083195005247
CC1CC1CC(O)C#C,7.9731396882465875
OC1C=CCC11CCC1,6.920483137956743
CC1CCC=C1C1CO1,6.687759478210873
OC1CNC2=C1N=CN2,6.092991048140195
c1[nH]c(c(n1)O)N2CC2,6.17026483872809
CC1NC1(C)C1CO1,8.745429454145324
Cc1[nH]c(cn1)OC=O,6.108324243876428
CC1(C)C(O)C=CC1O,7.015253439394879
COC1C2NC2CC1=O,5.604518693507642
C1C2C1C13COC1C2C3,8.615380692745482
CC12C3CC1N3C2C=O,5.592489176771113
OC12CC1C1NC21C#N,6.64800930167919
CC1N2CC1(C)OCC2,7.876207024490938
CCC1=NC(C)C(=O)N1,6.335447570509756
CCCCC1OCC=C1,6.978064381440767
CC(=O)C1CC2CCC12,6.051147219642207
CCC(=O)C1COC1C,6.036826501133967
O=CC(CC1CN1)C#N,5.908719864963452
OC1C2CC1C2CC#N,8.290222951648172
C#CC12CN1C1CCC21,6.940245290936767
Cc1cnoc1C2CC2,6.4328361555794356
CC1CC2OC12CCO,8.790657972649184
CCC12C(C)C3C1CN23,8.349343772778024
CCC1=C(C)CCC1C,6.921994041567659
OC12CC1N(C=N)C2=O,5.992615632782012
OCC1(O)C2C3CC1N23,8.080252824192495
N#CC12C3NCC1OC23,6.864794663403001
CC1CC(C)(O)C(=O)N1,7.215985085297964
CC12NC1C(O)C1OC21,8.092940921322366
CC12COC1C2(C)C=O,5.88227705242506
C1C(CO1)OCC(=O)N,7.224314619051168
OC12CC1C1C2N1C=O,6.668483442964638
CC1(O)C2N3CC3C12O,7.463597541519503
C1CC1C2CC(=O)C2,6.111147183044986
O=C1OCC2(CN2)C1=O,4.700912396092021
NC(C#N)C1C2CC1C2,8.034022658026295
CN1C2CC(O)C12C#N,7.044689500103577
CCC1(C)OC2C(C)C12,8.371238150121386
C1COC(=N1)CN2CC2,7.095844446956381
CCC(C)(C)C1(CC1)O,8.644799099803212
CCCC12OC1C1CC21,8.46234171899466
CC1C(O)C(C#C)C1O,7.716942023586515
OC12CC1C1(CO1)CC2,8.639233497399935
CC1C2N1C(=O)OC2=N,6.821743945824459
CC1OC2C1CCC2=O,5.755113792846832
CC1C2COC2C1C=O,5.819460542203034
CC12C3CCC1CCC23,9.074738006002411
CC(=O)C1CC(O)C1,6.194877653087807
CC12CC(=O)C1C1CC21,5.775637466733829
CC12OC3(C)CC1C23C,8.326790549636158
CN1C2C3CC(C3)C12C,8.240289451190264
Cc1c(non1)N(C)C,5.798754295307031
CC1OC2C1CC2=NO,6.545220820940325
CCC#Cc1c[nH]cn1,5.861361245779832
CC1N2CC1(C2)C1CO1,8.437511791476934
CC(=N)OCCC=O,6.194544327373126
C#CC1OCC2COC12,7.463227028803354
O=C1CCC2CC(C2)O1,7.2209806880311165
CN=C1NCC1(O)C=O,5.280849615071602
OC1C=CC2CC=CC12,6.608422569246153
CN1C2CC(C)(CO)C12,7.976373146855347
Cc1c(c[nH]c1CO)O,6.125378799251634
C1CC23CC(CC=C2)C13,6.820707519265448
C1CC1C(C=O)C=O,5.620063306456764
OCC1=CNC(=N)C=N1,4.680017419876016
CC1CC2CC12C=O,6.024370976922976
CC1C(C#C)C1C1CO1,7.869493838902145
CC1=C2CCC2OC1=O,6.0558048038533245
NC(=O)C1CC(C1)C=O,5.988972531950743
O=C1OCC2C1C1CN21,6.7630925372127
CC1(COC1)N(C)C=O,7.225090828830638
CC(O)C1CN=C(C)O1,7.349390587710373
O=CN1C2CC3(CC3)C12,6.691149449525545
CN1CCOC(CO)C1,8.023586009874627
ON=C1C2OC2C11CO1,6.586934863040651
NC(=[NH2+])[C-]1N=COC1=O,4.626545011760331
CC(O)C1=COC=N1,6.659714667476581
C1C23CCOC12COC3,8.245823080112581
CC12CN3C(C13)C21CO1,8.497263421299849
CC1CC2CC3C2OC13,8.50514327016116
Cc1[nH]cc(c(=O)n1)N,5.113050598367067
CC(CC1CCO1)C=O,6.051255180343249
C(C1CO1)N1C=CC=C1,6.574421033515417
OC1(CCC=C1)C1CN1,6.815948158668215
N=COCC(C#C)C#N,7.447341099765367
CCC(C1CC1)C(N)=O,7.51571822452654
CC1=C([O-])OC(C[NH3+])=C1,4.926377460788482
C(C1CO1)C12CCC1N2,8.657712292271249
CN=CN1C2CC1C2=O,5.707962871199909
CC1CC2CC1(C2)C=O,6.091624904220133
Cc1nc(no1)C(C)C,7.080850337278678
CCOC1(COC1)CO,8.5061208714221
Cc1c(c(n[nH]1)O)C=O,4.970300573237952
O=C1CCC2NC2CN1,7.200329266358837
CC(CC#C)C1(C)CO1,8.428552469471166
CC1CC2CC2C1(C)O,8.733848023599172
ON=C1C2CC2OC1=O,5.655206342889127
CC#CC1=NCC(C)O1,6.017516689509871
CC(=O)C(=O)OC1CC1,4.973254989025188
N=C1NC2C3OC12C=C3,5.74421588445307
CC1(O)C(O)C1CCO,8.295800918844579
N=C1OCC2CC2C=C1,5.581873727150396
CCC12CC3CC1(O)C23,8.273520864012031
C(N=C1CCO1)C1CN1,7.223794834210648
CC12OC3=NCC1C23O,6.146821231626042
CN(C)C(=O)COC=O,6.8411831455974985
CC1CN1C(=O)C1CN1,6.719077793250719
CC(O)C1=CC=NO1,6.784542712294472
CC12CC1(C)C(C2)C=O,5.988324169641002
OC(CCCC#N)C#C,7.900741808491443
CC12CCC(O)C1C2O,8.342151089495621
CCC1CC=CC=CC1,5.513429687339416
OC1(C=O)C2C3CN3C12,5.658973169835463
CC1C2C1C1(C)CC2C1,9.243353130193507
CCC1OC(=NC)C1O,7.3852634623048825
CC1OC2CC2(O)C1C,8.255231009576764
COC12CC3(C)C1OC23,8.239946020349226
CC(=O)CCCNC=O,6.167163716597322
CC12OC1C1CC2C1=O,6.179565630080624
CC12CC(C1)C1(CC1)O2,8.719956053078487
CCOC1CC2C(C)C12,8.667944041352868
CC1C=CC(=O)C1C#C,5.058418577957925
CCC1CC(C=C1)C#C,7.033856239753944
O=CC1C2CC1C1OC21,6.1119566419591465
C[NH+]1CCC1C([O-])=O,6.832789635802356
O=CC(=O)NCC1CO1,4.898168005215143
CC1=C2CC3OC(C1)C23,5.985443016262301
CC(=O)CC(=O)CC#N,5.657050320409587
CC1=C(O)N=COC1=N,4.76778740819224
CC1CCC(O)C1C=O,6.098457992953928
CCC(O)CC1CCC1,8.940259872185553
N=C1CC2(CCO2)CO1,7.544921165613842
CC1C2CC=CCC1O2,6.9578204447642324
OCC12CC1C1COC21,8.17450124869564
CCCc1cc(n[nH]1)C,6.9252808930395515
NC1=NCC2COC1O2,6.872036440071282
C#CC(=NO)CC1CC1,5.692269817038079
CN=C1CC2(CC2C)O1,7.314437570012538
CCc1c(onn1)C,6.424878143170755
CC(C)(C#C)C(O)C#N,7.844605197310697
O=CCC(C#C)C1CN1,6.0422504216014294
N=C1OC2CC1C2C#C,7.363001830196154
CC1OC1(C#N)C1CO1,7.636219318174846
CCOC1(C)C2CC1C2,9.08063765965333
CC1C(NC1=O)C(N)=O,6.6938384498988865
C1CC(=O)CCOC1,6.142012488399863
C1COC(=N1)C#CCO,6.057061096746621
CCC1N2CC3C2C13C,8.145017625044716
OCC#CC12CN1CC2,6.999427614320345
CC1=CC=CCC(=O)C1,5.193382892355143
CCC(O)C1CC1C=O,6.119558438524368
COC=NC12CN(C1)C2,7.180687426227037
OCC12CC1CCC2,8.868678859113869
CC12OC1C1OCOC21,8.117356044002939
CC1=CN(C=O)C(=N)O1,5.197833678451557
CC(=O)C(C#C)C(N)=O,5.5804209909916445
Cc1cnn2c1CC=C2,5.474608661980139
CC1COC1C1(C)CN1,8.35184556794972
C1CC1CN=CNC=O,6.132579025456493
CC1C2CCC12C(N)=O,7.295984285304953
CC1COC(=O)C1(C)C,7.52350633106262
C1CC23CC4C(C12)N4C3,8.303326043054618
CCC(=NO)CC#CC,6.822651791651808
C#CC(=O)CCCCO,5.465164637212949
CC1CC11CC(O)C1=O,5.890483406873237
CNC1=C(N=NO1)C#C,4.828813999250502
COC(C)(C)C1CCO1,8.668132293621298
NC(C#N)C1(O)CC1O,7.374863700528597
OCC12CCC1C2C#C,7.774381391569074
COCC12CN1C(=O)C2,6.858778569426457
C1OCC2OC1C1OC21,8.419260188895167
O=CNC(CC#C)C#N,7.23286431502255
CC1C2CCOC(=O)N12,7.743811161787335
O=CC1COC(C1)C=O,5.637789196928212
CN1CC11C=CNC1=O,5.474926244514035
C1CC2CC1COCO2,8.871593564296811
O=C1CC2NC2CN1,7.219009926326946
COC(=O)C(C)(N)C#C,6.804437589529866
CC1C=CC2OCC12C,6.763221774517846
OC1(CCOC1)C1CN1,8.276379138852954
COC(=O)c1[nH]ccn1,5.952805528925607
CCOC1CC2OC2C1,9.012396735985448
OC1COC2CCC12O,8.205689385437159
CC1CC(CO)OC1C,8.603383621447204
OC12CC3C(C1)C3CC2,8.950732529131727
CCCC1(CO)OC1C,9.038891632434234
CC1(C#N)C(O)C1O,7.592083849187201
CC1=CCC2(C)OCC12,6.79382139593787
OC1COC2=CON=C12,6.078748334457303
CC1C2CC(O)CCN12,7.835678147636665
CC#CCC12CCC1N2,7.649251598887223
OCC1CC2CC(O)C12,8.568240395886365
CN=C1OC2(CC12)C#N,6.780529748389587
N=C1OCC1C1CCO1,7.536559073967888
OC1C2OC3COC3C12,8.083873969641832
OC1CN2CC3NC3C12,7.63546087839947
CC(C1CO1)C1(O)CC1,8.827413727454548
O=CCC12CC3C1OC23,5.919890400162862
C1CC2CC3OC(C2)C13,8.439157981754853
O=C1CC(NC=C1)C#N,5.016960975528914
CC1(O)CCOCC1=O,5.723259715373052
COCc1c(c[nH]n1)N,6.114342185673724
C1CC1OCCCC=O,6.115701806658054
CC1(C)C2CC1C2(C)O,8.818661948149305
CC1(CC#N)CCOC1,7.985884573942132
CC(=O)C1CC(CO)C1,6.25092542928871
N=C1OCCCC2OC12,7.2955022997272305
N#CC1CC2CC2CO1,8.020087849927352
CCC(C)(C#N)C(C)=O,6.281797037853064
CC1CC2(C)CC3C1C23,8.951870051900407
CCC1C=CC(C)C1O,7.099927363213215
CC1N=COCC1(C)O,7.241567659932088
NC1(C=CCC1O)C#N,6.594286555384848
CCOCC(CC)C#N,8.213287843457335
CN=C1OCC1C(C)C,7.515707591593582
COC(C)(C#N)C#CC,7.450007940975941
CC1C2CCC2NC1=O,7.306761209362351
COc1c(cco1)N,5.975519537585854
C1C2OC2C2=C1NC=N2,6.302046289232562
CC1OC11C2C3CC1C23,8.809584046939454
CN(CC#N)C1COC1,6.880724326522803
NC12CC(OC1)C2C#N,7.462565316363273
CC12CC(C1)C=C2CO,6.546514109277817
CN=C(NCC#N)OC,6.923890982396574
COC1C(O)CC11CC1,8.313739859405935
CC12CN1C1CC2(C)C1,8.493971011444296
O=CC1C2C3N=CN1C23,5.348041034542107
OC12C3CN(C13)C21CC1,7.864690285863935
CC1CC11CC2CN2C1,8.4280855266017
CC1(CC1)N(C=N)C=O,6.108711104368699
OC12C3CC1OC23C=O,5.748930118553615
CC1C=CCCC1(C)C,7.196610469927187
C1C2C3COC1CN23,8.256434746615358
CCC1OC1C1CC1O,8.693937623473136
CC(CO)(CO)C1CC1,8.72574247341618
CC(O)COC(=N)C#C,6.533493675105481
CCC1OC1(C=O)C#N,5.893718119201903
CC1(O)CC2(O)CC12,8.374933653916177
OCC1(CN1)C(=O)C#N,5.016058575892615
COC(C)(C#N)C(N)=N,6.851243212065372
CN1CCc2c1[nH]cc2,6.047135960685894
CC(CC(C)=NO)C#C,6.978807534648366
CC1CC2CC2C(C)=C1,6.825556251502046
COC1CC11CC2CC12,8.650599621410702
CCCCC1=CCCC1,7.0014530990779855
c1c(c(c([nH]1)O)N)CO,6.044946030778963
COC(=O)C(C)C#N,7.5036935968483665
OC1C2OC3C(O)C1C23,7.957396395687899
CC(C)(C)C1(CCC1)O,8.584082154917999
O=C1CC2CC3OCC123,5.740495644168357
O=C1CC2(O1)C1CC2O1,7.095535408652462
CC12CCC1COC2=N,7.7348566004891595
CC(O)C12COCC1O2,8.731588902904836
CC12CC(C1)(CC2)C=O,6.075908795051647
C1C2C1N1CC3OC2C13,7.837425914941942
CC(C1CN1)C(C)=O,6.140733873359249
CCc1cocnc1=O,5.1537608881652375
CC1(CO)CCC=C1,7.1693547045656825
O=CC12NC1CC21CO1,5.8086838073372835
COC(CO)C#CC=O,5.448117471829019
O=C1OC2CC1CC=C2,6.66815893310664
CC1C2OC1(C=O)C2C,5.6541619277916615
OCC12CCC1(CO)N2,8.176909257399542
O=CCC1OC1C1CN1,6.003761955150433
Cc1c(c(no1)N)C=O,4.7304858920373505
CCC(O)COCC#N,7.942476025894385
CC12CC3C1C2(O)C3=O,6.498230870689056
CC1(C)NCC(O)C1=O,5.753990224400865
CCC(=N)NC(=O)C=O,4.653131847023884
C1CC11C2C3CC1CC23,9.053644466371907
CC1(C#C)C2OC(=N)C12,7.101644944342975
CC1CC=CC(C1)C#C,7.035087510994792
CCCC12CC=CC1O2,6.743433264143157
CN1CC11CC(C)(O)C1,7.965592907558194
CCC(CO)N(C)C=O,7.306776861323531
CCc1c(ocn1)N,6.050263668141863
Cc1c[nH]nc1C2CC2,6.73623635741416
N=COCC1COC1=N,7.22532387598166
CC1OCC23CC(O2)C13,8.356657846907659
CCc1ccoc1CO,6.333943754279931
CN=C1ON=CC(N)=N1,4.556310568289638
C1NC11C2C3N2CC=C13,4.708534992085938
COC(=O)C1CC(C)C1,7.488546185893302
CC(O)C1=CC=C(N)O1,5.880943374269529
C1CN1c2c(nn[nH]2)O,6.0264773470441035
COCCc1ccno1,6.650147315512703
OC1(C#N)C2NC1C2=O,6.2312965164952905
CC1(CC([O-])=O)C[NH2+]1,7.338289616629384
COCCC1CC1C#N,8.079164016471129
ON=C1C=CC2CC12,5.320962380128601
O=C1NC2CC2C2CN12,7.367496090901969
O=CC1=CC2C3CN2C13,4.61404864419011
Cc1ccn(c1)C=O,5.283143492250272
CC1COC(CO1)C#C,7.62166127136367
Cc1c(nc([nH]1)OC)C,6.474696096220864
CC#CC(C)(O)C=O,5.825001073671917
CCC(=O)C12CN1CC2,5.772853483387311
CCC1C2CC2C1CO,8.8489184800327
CC1C2COC(O2)C1O,8.60954620038762
CC1CC2(C)CC1C2O,8.846445327331464
OC12CC3C4CN(C14)C23,8.088535848436916
c1c(cnc(n1)C=O)N,4.122028834457105
c1cnoc1CC2CC2,6.679336423653385
OCC12C3CC1(O)CC23,8.305488588961708
Cc1c(nn(n1)C)C#C,5.888917684126814
COC12CN3C1CC23C,8.091755940619752
N=C1OCC=C1CC=O,5.507603343697179
CC1CC2C1=CCC2=O,5.8367274011263035
CC(C)(C#N)C(=O)C=O,4.183788904017716
CC12CC(O)(C1)CC2=O,6.25040736720495
C1C2C3C4C5C(C2N15)N34,7.45986256511592
CC12COC1C=CC2O,6.69803505016932
OC1=CNC=C1OC=N,5.321074666415552
Cc1coc2c1CC=C2,5.278137003668771
OC1=C(OC=N1)C1CO1,6.060202672190446
CCCC1NC1CC#N,7.676409284451213
NC1=NC2C(O)C2CO1,7.073076755407825
CC[NH+](C)CCC([O-])=O,6.832725511199232
CC1OC1C(=O)N1CC1,6.660382766103936
CC1OC1C1CCCC1,9.234011063288351
CC12CC(=O)C1C2CO,6.1339591461256795
CC12CC1(COC2)C#N,7.6378156389882665
CC1OCOC1C(N)=O,7.2853205223987665
CCC1=NCC(C)O1,7.333279328916014
CCC1NCC(=O)C=C1,4.946552670605261
CC1C2CN2C1CC=O,5.810854770211
OCCCC12CC1CO2,8.352348057700576
C#Cc1cc([nH]c1O)N,5.383305491467258
OC12CCOC1C2C=O,5.876007973450921
O=C1CC2(N1)C1CC2C1,7.319430598376782
CC1CC1N1C=CN=C1,6.685780948484308
CC1(C)C2COC1C2O,8.223366618183054
OC1CC23CC(C2)CC13,8.886274407461057
CC(C)C12CC(O)(C1)C2,8.93020096858094
COC1COC1(C)C=O,5.709980631037359
CC1=CC2NC2(C1)C#N,6.314702450410922
CC1C(O)C=CC2CN12,6.395634578114713
CC(C)(C#CC=O)O,5.454909093243332
CC(=O)C1(CC1)OC,6.075708452440635
C1C2CC1N=COCO2,6.902499951218921
CC1C(C)C1(C)CC#C,8.160040716699204
COCC1CC2C(C)N12,8.222339707485107
O=CC12CC(CO1)CO2,5.856115886347379
O=CC12CC1C(=O)NC2,5.914709564753357
O=C1CC(N=CN1)C#C,6.163063150295905
CC12CC(CO1)C=CC2,6.978841375644395
O=COC1C2CC(=O)C12,6.052839441506726
CC#CC(O)CN1CC1,7.264730334137054
CC1OCC11CC2OC12,8.477952639685434
O=C1C2CC1(CC#N)O2,6.1924558514843255
CC1(C)CC2C(C=O)N12,5.680364321976197
CC1C2N3CC2(CO)C13,7.99017237241525
CC(CC#C)C(=O)C=O,4.329585051805867
CCCOC(C=O)C#C,5.9418124116680175
C1C2CC3CCC3=CC12,6.686264094676174
COC1C(O)CC11CN1,8.133182562125057
OC12CCC(OC1)C=C2,6.7622738334982895
CC1CC=CC(=O)N1,5.737172600362332
CC1OC1C(=O)CC=O,5.545102782590961
CCC1COCC11CO1,8.864519395239586
CC1=C(C)C(CO)CC1,6.9101455793700195
C#CCC#CC1COC1,7.492062456661915
CCN1CC(C=O)C1=O,5.745359908391537
OC12CC=C3CCC1C23,6.044500893679828
CC1CC2OC2C1O,8.893421384715005
O=C1CCOC2CC12,6.004593313089896
CC1OCC2OC3C2C13,8.263508100251384
C#CCc1c(onn1)N,5.590823337647639
CCCC(OC)C#C,8.043399947649615
CCN=c1[nH]cc(o1)N,5.885876017853619
CC1=CC(=O)OC2CC12,5.886109797188578
CC1=CC2(CC1N2)C=O,5.537578894467307
[NH3+]CC1=C([O-])C(O)=CO1,4.490104161506743
CC(O)CCNCC#N,7.49758475801889
CCN=COCCC#N,7.320607856222285
O=C1C2CCC1OCC2,5.700147970031459
CC(=O)C1(C)CCC1O,6.0485505636002
C1CC23OC=NC2C3O1,6.849977485957787
O=C1CC(CCC#C)O1,7.592843785003264
OCC12C3C1N1C3CC21,7.96114633534859
C1OC2OCC1C=C2,6.798342575561707
CC12CC3C(N13)C2=O,6.314003542768599
O=CC1OC2CC1C=C2,5.903325459630923
CC1C(O)C=CC11CC1,6.721019909294746
CC12CCC3CC1(O)C23,8.370154938400855
O=CC1CC=CC2NC12,6.002380256758389
CCC1OCC1(C)OC,8.559257216479143
OC1=C2CCN2C(=N)O1,5.986144849884827
CNc1cccc(c1)N,5.481395557274851
CN1C2C(O)C1C2C=O,5.278683492035095
C1C2COC3CC2C13,8.735257146807806
CN1CC(NC=O)C1=O,6.769719038606587
CC(C)C(C)(CO)C#N,8.477590883893813
CC1COC(=O)C=C1,6.073754588160321
OCC12C3C4NC1C4N23,7.294585370884998
CCC1CCC(=O)C1,6.0749877989979995
CNc1cc(c[nH]1)C#N,5.567490346570748
COC12CC1NC2C#C,7.007633315405274
CN1C2CC(CCO)C12,8.101181994841308
C1CN1C1=NCC2NC12,6.193154671984852
NC=[NH+]CC(=N[O-])C#N,4.831520715342842
CC12CC(C1)CC2(C)O,8.915873024214179
OC1C2CC1N=COC2,6.935000919759755
CC#CC(=O)N(C)C=O,5.4256115844662185
C#CC12CCCC1CO2,7.5853591069095865
c1c[nH]c2c1NCCN2,5.959977586521362
Cc1c(c(co1)N)C#N,5.472588301463886
OC12C3C1C1CC2CC31,8.535305767520935
CC1C2C3C4OC4C2N13,8.312051450157576
CCC(C)(CC#C)OC,8.269238181442896
Cc1ccnn1C(C)C,7.074243870528994
CC(OC=N)(C=O)C=O,5.312365873895039
CC1OC2C(C)OC12,8.356407473771114
CC(C=O)C(C#C)C#C,6.068985797595667
CCc1ccc(o1)C#C,5.5554434115691285
CC1C2CC3CC2C13O,8.778792980475737
CC(O)(C#N)C(N)C#N,7.721169423003095
O=C(OCC1CN1)C#N,6.3043029177307
CC1CC2(C)OC2(C)C1,8.889184989574616
C1CCC(=NO)C=CC1,5.511160046486249
COc1ncc(=O)[nH]n1,4.783438263379775
Cn1c2c(cn1)CCN2,6.045041926995401
CC1(CO)CCC1=NO,6.7294833585911
CC(C)(C)OC(=O)CN,7.329928232082802
OC12C3NC3C1NC2=O,6.791940042271229
N#CC1C2NCC3C2N13,7.042470966856787
O=C1OC23CC12CC=C3,6.21168380335954
CCC12CCC1OC2=O,7.500060598590663
CC1COC(C)C11CO1,8.848232416490156
CC(C)C(C#N)C(C)=O,6.332612216096548
CC1C2N=CN3C2C13C,6.362264389493982
C(CCO)CNCC#N,7.519957390973791
CC1NCC1(C#C)C#N,6.976763070493709
O=C(C#N)C1COC=N1,5.253887726989252
[O-]C(=O)CC1=[NH+]CCN1,5.968162223957087
O1C2C3C=CC4C1C2C34,6.27994405908307
CN1CCCCNC1=O,7.689903049549078
CC(O)C1COC=N1,7.266256886808847
OC1CC1C12CC(C1)C2,9.021319464175672
CC(=NO)C(C=O)C#C,5.723045907039874
CCC1(CC1)C(=O)NC,7.468846914052703
OC1C2CC3N2C13C#N,7.104370897744237
C1C2CN=C3OCOC123,6.875812480125764
[O-]C(=O)C1CC2(C[NH2+]2)C1,7.053301007833557
OC(C#C)C(=N)N1CC1,6.740880279466888
CCC1(NCC1=O)C#N,5.807626229056427
CC1C(C=O)C1(C)C#C,5.886381872458244
OC1CC(CC1O)C#N,8.002530012695035
CC12C3C1C1C3C3C2N13,7.768342060485605
C1CC23CC4OC2C4C13,8.394501631637052
COC1C2CC(=O)C1N2,5.6715960589256875
OCC12C3NC1COC23,8.00071771752479
C(C1OC2CC12)N1CC1,8.333073111100592
CC(=O)OC1(C)CC1O,7.449038724975383
c1c[nH]c2c1c(n[nH]2)O,5.830294813987971
CC1C=CCOC1=N,6.915533637448942
OCCN1C2CC2C1=O,6.935125344227748
C1COC(O1)C2COC2,8.864197943865863
CC1(CC1)c2cnn[nH]2,6.72888566005194
COC(=O)C1(CC1)C#C,7.231859437205781
CC1(C)OC2CCC1C2,8.604119049805004
CC1OC(C)C2(C)NC12,8.305458287904754
CC12CCC1(CO)CC2,8.829501780731796
C1C2C3CN=COC2C13,7.1162067695142115
COCC12CN(C1)C2C,8.219113608894808
CC(=O)C1(COC1)NC,5.606987562612719
CCC1(CC)NC1C#N,7.509416601894925
CC12CCC1NC2C#N,7.030000359240667
OCCC1CC2CN12,8.2534164757594
OC12C=CCC11CC2C1,6.3782633547937255
C1CC1CC(=O)CC#N,6.2739361925087
CC(O)C1OCC11CO1,8.591110417510876
COCC#CC(O)C=O,5.940690987774218
CC1CC23CC12N=CO3,6.595822187081863
CC(=O)CC(=O)C(=N)N,4.804704663520335
CCC1C=CC2C(C)C12,6.822841177371379
CC12CC1COC=NC2,7.024152094421888
CC1CC(C#C)N2CC12,7.404878448462063
O=CC1=CNC2CCC12,4.902422621266677
CC1(CO)CCC11CC1,8.797734961474433
CC1CC=CC(O)C1,7.134171897539115
OC12C3NC1CC(=O)C23,5.936819777295906
NC1(CC1O)C#CC#N,6.021278805937277
CCC(C)(O)C(N)C#N,7.893083297229936
c1c(c(c([nH]1)N)CO)O,5.992567386885996
CCCc1cnoc1N,6.104413537488744
COC1CCNC1C#N,7.196557462680884
CC1OC=NCC1C=O,5.870983337121905
c1c(cnc(c1N)O)N,5.155632836525153
CCC12NC1CC2C=O,5.895250327601394
C1C2CC34COC23C1C4,7.879247148210053
O=CCOC12CC1OC2,5.873711653915459
OC1C=CC2(O)COC12,6.614940769523418
COC1C2CC(C2)C1O,8.567227535913542
O=COCC1COC=N1,6.965397895631442
CCc1c(con1)N,6.118405413534717
C(C1CO1)C1=NNC=C1,7.063630735733648
CCc1c(cno1)CO,6.558122421738702
NC1=CC(=N)N=C(O)O1,5.393904647255467
C#CC1OC2C3OC3C12,7.13908153152177
CN1CC1COC(N)=O,7.573858588314961
Cc1c(c[nH]c1CO)N,6.021551390696455
O=C1NCCC11CCO1,6.916723740318573
COC1CC2(C)CC1O2,8.73549952359078
CC12CN1CC(C2)C#N,7.442871697371078
CC1(CO)CCNC1=O,7.336745560149321
NC(C#N)C1CC1CO,7.727349723504186
CC1(CCCOC=N1)C,7.085866083676848
CC(=N)N(C)C(=O)C=O,4.625893102603874
CC1(O)CC11CC2CN12,8.061875024912878
NC(=O)N1C=CCC1=N,5.808210571063662
COC1C([NH3+])C1C([O-])=O,6.725758829327807
C1NC1C1=NCCO1,7.013552513085679
OCCC(C#C)C1CN1,7.854241396228739
OC1C2CCOC1CO2,8.36881930682418
CNc1cc(co1)OC,5.952153488027491
CCn1c(ccn1)O,6.775822030044446
CC1=CCC(=O)N1C=N,5.322472439399161
C(C1CO1)C1CC=CC1,7.203296290800116
CC1(CC1)COC2CC2,8.811458196760997
C1CC1(C=O)C2(CC2)O,6.091691058201763
OC1CCCC2(CC2)C1,8.865564097956437
C1C(CN1C=O)NC=O,6.7919996128893905
C1CC11N=C2NC3C2C13,5.598648747541622
CCC1CC=CC(O)C1,7.094862794536041
CC1(OCC1O)C1CO1,8.621916869168622
CC1=NC(OC=N)=CO1,5.941105083133153
C1CC11COCC2OC12,8.641054762020827
C1CC23COCC2(C1)N3,8.407323440602045
OCC(=O)N1CC1C=O,5.777671482151401
CCOC(C)CCC=O,6.228677146377343
COCC1OC2(C)CC12,8.415251664515482
CC1=CC2NC2COC1,6.624559136284555
c1cocc1OCCO,6.225406947176564
CC12OC3CC1C2C3,8.77196334765392
C1C=CC2(O1)CC(=O)C2,5.860943536412909
CCCN(C=O)C=O,6.130754155617676
OCC1(C=O)C2CC1O2,5.715308807199387
COC1C2COCC1N2,8.209664198238842
OC1CC(=O)CC2CC12,6.135676194970074
O=CC12CC3C(C1)C3C2,6.181912674777709
O=C1C2C=CC1C21CC1,5.939638291496959
CC12CC3CC1C1C2N31,8.158974633083785
O=CC1CC2OC1C2=O,5.5437457895607505
C#CCNc1ccon1,5.932268739667454
OCC(CC=O)C1CN1,6.106148147397793
CN1C=NC(C#C)C1=O,5.982179833990442
CC#CC12CC1C(=O)N2,6.680158759518557
CC12CC3C(OC1)C23,8.568609694942705
OC1CCC(=C1)C1CO1,6.667216624074638
CCC1C2CC=CC1O2,6.730553745564919
OCC1(CC1O)NC=O,7.2643699549331835
CC12CC3N1C3(CO)C2,8.322289918980982
OC(CC#C)(C=O)C#N,5.850794563371569
OC12CC34CC=C(C13)C24,5.491164601006823
CN=c1ccnc(o1)N,4.769818764323194
CCC12CC1C(O2)C#C,7.231275638525589
C1C=Cc2c(nno2)N1,4.673376836593809
O=C1CC2NC3C2OC13,5.416375424032097
C(C#CC=O)OC(=O)N,5.821786160007311
CC(=O)OCC#CC#N,6.4690124766062365
CC1C2OC(=N)C1C2C,7.659533635055809
NC1C2OC1(C=C2)C#N,6.177958637159569
CCOC(=N)C(O)C#N,7.270289448684491
CCC1CC2(C)CCC12,9.21316658736744
CC1CC2(C1)CC(=O)O2,7.639227148651564
OC1C2COC(C2)C1=O,5.757503359530505
CCC12CN1CC21CO1,8.48855261325931
C1OC1C12CC1COC2,8.58807862483799
C1C(CO1)C2COC2,8.603788699879015
N#CC1C2NC1C1CC21,7.374677790307216
OC12C=CCC3CC1C23,6.48369839821139
CC1CCCC=CCO1,6.9230351224699
O=C1C2OC3C=CN1C23,5.385658975327649
CC1CC2OC2(C)C1,9.169031886364607
CCOCC1(COC1)O,8.407686498399276
CCc1c(n[nH]n1)CO,6.78633841683491
CC(C)CC1C2CCC12,9.12149393230497
CC(=O)N(C)C(=O)C,6.122332537726506
CNC(=O)C12CC1OC2,7.06353992975485
COC(=O)CC1(CC1)O,7.306057971036244
O=C1CCCN2CC12,5.5452869450716396
CCC1CC(C#C)C1C,8.261687014639282
CC12CC3CN1C3C2O,8.012742083824055
CC(C)C(=O)C1(CC1)C,6.164932944519816
CCC1=CCC(CO)C1,7.041927230399315
CN=C1OC(C)C11CC1,7.2697283296343755
CC1(C)CN2CC1(O)C2,7.96069739450836
CC(=NO)c1cnc[nH]1,5.363781510912849
CC1OC2C3CCC2C13,8.811645131716842
CC1OC2CCC1C2=O,5.816198564415996
C1CNc2c1onc2O,5.951701695533897
C#CCc1cc(n[nH]1)N,6.106399997426536
C#CCC1COCCO1,7.944771720692325
N=C1CC2NC2CCO1,7.200681920424659
O=COC12CC1CC=C2,6.536641244530054
C1CN=COCCC#C1,6.919555348751466
CC12C3N1C1CC3=CC21,4.186483682813497
OC1CCC=C(C1)C#C,5.742578693597275
CC(=N)OC1=NON=C1,6.080026558626964
O=C1CCC2(CN2)C1,5.9717382530198915
CC1OCC2C(C#N)C12,7.86608505999328
OC12CC1C(=O)COC2,5.7531519483123965
O=CC12CN(C1)CC=C2,5.404820746038263
CCC(CC=O)C#CC,6.0022544649720855
CC1=C(C=O)C(=N)OC1,4.942992474258883
COCCC1OCC=C1,6.890185058111545
c1c[nH]cc1NC2CC2,6.115049206687747
OC1C2C3NC3C(O)C12,7.862095631538358
CC1OC2CN3C1C23C,8.28933193430062
CC([NH3+])C1=CN=C([O-])O1,5.423254825924941
CC1CCNC(=N)C1=O,4.863293044551877
CCC1C(=O)OC1(C)C,7.574753289170685
CCc1cc(co1)C=O,5.117567615040292
O=C1CC2(CO2)C2NC12,5.788750737968122
CC1(O)C2CC3CC1C23,8.596199387752748
CC1C2OC(=N)C(=O)C12,5.168543106468594
Cc1conc(c1=O)O,4.965468893251794
CC12CC1(CO)N1CC21,7.8915334748329755
CCOC1(C)CN=CO1,7.407751391060169
CC12CN1CC2(C)C#N,7.263499762721082
CCCOCC(=N)OC,7.5841043486445905
c1coc(n1)CCO,6.664537056817993
CCC(N1CC1)C(N)=O,7.043847611368383
NC(=O)C(CO)CC#C,7.050126148517604
COC1C2CC(O)CC12,8.461998385659088
CC12CCC(C=C1)C2=O,5.97845305085172
CC1COC(=O)C(=N)O1,6.102594371344949
OCCC12C3CC1CN23,8.29209675093594
CC(C)(C)n1cccn1,7.096375256490059
CC1OC1(C)C(C)=NO,6.716393499476883
OC1CC2COC1C2O,8.260129816987487
O=CCCC1CN=CO1,5.968457052721441
CN1C2C(C1=O)C2(C)O,6.709979387632632
C1N=CN2C3C4NC3C124,5.689588695755182
COC1C2CC2C=C1C,6.578423609924604
CC#CC1C(O)C1O,7.235436820219304
OC1CC=C(C1)C1CC1,6.74890325208294
COC1CC1C(C)C#N,8.11604339870705
CC1COC11COC1=N,7.232575066789275
CCC12OC3C(C13)C2O,8.01885762779831
CC1CC2CC(O2)C1=O,5.713308780414044
O=CCCC1CC2CC12,6.186676670131579
CC(O)C(O)C(N)C#N,7.826513266876601
CC(CO)(C#C)C1CO1,8.110695159039294
CCC1OC2CC(=O)C12,5.873642914446358
OCC1C(OC1=O)C#C,7.1485784353804105
O=CC1=NC2CC(C2)N1,4.540881212571053
OCCC1C2CC1O2,8.529692263653017
NC(=O)N1CC1C1CN1,7.619354344912931
OCC1(O)C2CC1C2=O,6.454970526617173
OC1C2CC1C(O2)C=O,5.8598031867016065
Cc1c(ccn1C)C#N,5.842511169496747
COC1CN2CC2C1C,8.21457123169554
OC1C2CC1C1CC2O1,8.018782429313465
OCC(O)C1=NNC=C1,6.942479558415318
CC1C(O)C(O)C1C#C,7.7822275714024185
CC1C2CC3(CCO3)C12,8.44417035007562
CC1C2N=COC12C=O,5.75175250029021
CC12CC(O)C1OC2=O,7.4404294899320345
CC(=O)NC(=N)C1CN1,6.177702152468047
CCc1[nH]cc(n1)OC,6.426715709243343
CN1C(C#N)C(N)C1=O,6.588921973011936
N#CC1CCC1C1CC1,8.730899039320636
CCC(NC=O)C1CC1,7.596338625053901
N=COC1=CNC(=O)N1,5.35727321669155
CC(C)OC1CC1C#C,7.986363925395471
OC1C2CC1(O)C1OC21,8.461962874210084
CCC1(CC#N)CO1,8.429402882078508
CCOC1(CC1C)C#C,7.48606923334912
O=CCC1CC2CC2O1,6.113811763585501
CCCC1CC(O1)C=O,5.92087770065034
COCc1c[nH]cc1N,6.174816687218039
CC1=C(C(=O)NC1)C#N,5.283419810812488
CC1COC2(C)CC2C1,8.538471490882305
CC1CC2(O)COC12C,8.273427653423674
CC1([NH3+])CC1C([O-])=O,7.198319680085874
CCC(=O)OC=NCC,6.724091732678222
COC1(CN2CC12)C#C,7.022980202639608
CC1C2C3C(O)C2(C)C13,8.76529204491071
CC(=O)CC1CC1C#C,6.238856019339769
O=C1CC2NC1CC2=O,5.333275588824178
C1C2OC=NC3COC123,6.827863272622727
Cc1coc2c1OCC2,6.074812603315598
COC1(CC=CC1)C#N,6.998329547253941
CC1CC11CCC1(C)C,9.024879475640049
Cc1cc([nH]c1C#N)N,5.6927507401412845
CCC1(C)COC1=O,7.619137919990141
CC12CC3OCC1C23C,8.348627768125992
CC(C)CCC(O)C=O,6.196251493479654
CC1OCC(N)=C1C=O,4.981232817425282
CC1(CC#N)C2CC1O2,7.67660371904835
N=C1NC=NC1C1CO1,6.132317665412031
CC1=CC2C(C1)C2(C)C,6.621244306075745
Cn1cc(cn1)CCO,6.851563553018162
OC12CCC3C1C=CC23,6.495675866549181
OCC1CC1(CO)C=O,6.056836218504431
C1OC2C1C1COCC21,8.192864011050355
CCN1CCNCC1=O,6.943086893654758
OC1C2CC1N2CC#N,7.206500121141273
OC(C#N)C1=CC=NO1,6.596389797285635
OC1C(CC#N)C1C=O,6.04757503286989
COC=NC1(C)CC1C,7.094340337702969
COC12CC1CC2CO,8.488302930123684
CC(CC1NC1C)C#N,7.7869541583249
CCC(C=O)C1CO1,6.062054876547996
CCCCCC(C)C=O,6.387357796076966
CC1C2C3N1C(=N)C23O,6.69494687856931
C1OC2CC1CCC=C2,6.80300191330649
Cc1cc(nc(=O)o1)O,5.3268810278054435
COC1CC2OC1C2C,8.647379088286945
OC(C#C)C1COCO1,7.698855953769744
C1CC1C(=NO)CCO,6.6691344166356865
C(CN=C(C#N)N)C=O,5.427473272133441
CCC12CC(O1)C(O)C2,8.41405288430123
CC(N1CC1)C(=O)C#N,4.745005621759198
COCC1CC2(O)CC12,8.577424223428178
CC12CC3C4CC3N1C24,8.349197472261011
O=C1CCC11COCO1,5.641596966591195
CCC1=C(C)COC1=N,6.075644278747644
CCCC1(CN1)C=O,6.0071939372453835
O=CC1C2OC2C11CN1,5.870554901590718
CC#CC1C(C)C1(C)C,7.675664374042022
OC1C2CC11OC(=N)C21,7.308089030546649
OC1C=CCCC1C=O,5.957566318662682
C1OC2COCC22NC12,8.425373657212386
C#CC12CN1CC21CC1,7.043686102233599
OC1CC11CCOC=N1,6.9168772814123125
CC1CC2C3CCC3C12,9.019990406639728
COC=Nc1c[nH]cn1,5.333541038890067
CN1CC1C1CN1C=O,6.667211951248628
CNc1cc(on1)C#C,5.104764148442586
OCC1NC2C1OC2=N,7.000515689739579
C1OC23COC12C1NC31,7.788337242305975
CCC(O)C(O)C1CO1,8.693912439368798
c1c[nH]nc1CCC=O,5.88716712775263
C1OC11CCCN2CC12,8.370794520950035
CC1CC2CN2C(=O)C1,6.813772465289132
CC1OC(C)C1C#C,7.8536412100779
OC1CC11OCC1C=O,5.718236826797297
OC(C#N)C12CC(C1)C2,8.210833090757752
CC(=O)C(CO)CC=O,5.798170495619238
OC1CC2(C1)OC1CC21,8.186478077750994
CC1(CO)C(O)C2CN12,7.963921009170168
Cc1cc(on1)CCO,6.565775587389949
COC1C=C(C)C2NC12,6.414370960402537
OC(C#N)C1C2CC1O2,7.407596172797108
CCC1(CO1)C(=O)C=O,4.0792031141469085
CNC(=O)C1CN1C=O,6.655830813173468
O=CCC12COC1CO2,5.786486950339544
O=CC(=O)C12CC(C1)C2,4.420682391874638
CC1C2C=CCC(C)C12,6.95660317995949
CC1CC(O1)C(=O)C#C,5.0932239820117235
CC1=CCN(C(=O)C1)C,6.693407321138812
CC#CC1=CCC(O)C1,5.709952797368467
CC1OC(=N)NC1C#C,7.135433198054418
CCC1(CC(C)C1)C#C,8.22923504318614
CC12CC(OC=N1)C2=O,5.820299435575363
CC(=O)C12CC3C1CC23,6.2849686818523915
CC(O)C1=C(N)N=CN1,6.132834824008357
CN=C1ON=CC(C)=N1,4.504882955999724
CC1OC2(CC2O)C1=O,5.763268038977754
CC12OC(=O)C1C2C#C,6.870457517635688
CCC1(C)OCC1OC,8.560332760341659
C1C2CCC3CCC3C12,9.105267565339112
CC1C=CC(C)(C)C1C,7.20396332216905
Cc1c(n(c(n1)O)C)O,6.215249235714133
O=C1C2CC3CC1OC23,5.735422446694977
O=C1NC2CCC3C2N13,7.286609765591665
OC1C=CCC2OC12,6.79454889179844
CCC(C)C1CC1C=O,6.173104700843829
OCC(C=O)N1CCC1,5.574908876862975
C1C2CCOC1C=C2,6.816168037694927
CC1OC2C3NC3C2=C1,6.317626357331699
CC12C3C1C1(C)CC3N21,8.31931685334046
CC1OC2(CO)C(O)C12,8.009841460689488
CC12CN3CC(CC13)O2,7.971223536216717
CCC1(CCC1=O)C=O,5.599288009800335
CC(=O)C#CC1CCC1,5.528167624685711
CC1(C)C2CCC=CC12,6.761142294300267
CC1(C(N)C1[NH3+])C([O-])=O,7.153014770371982
CC(=O)OCC(=O)C#N,5.469003516626712
Cc1c(cnnc1N)O,5.437514654880159
OC(CCC#C)CC=O,6.163728775224548
CC1CC1C1CC(=O)C1,6.097723325637888
N=CN1C=CCCC1=O,5.374665228733498
CNC(=O)C1(COC1)N,7.122065108674079
CC1OC2COC2C=C1,6.814723226415095
CC(=NO)C(O)C1CC1,6.718352258007661
Cc1c(nco1)OC,6.199414736285192
CC1C2OC2C11COC1,8.42612904415424
C1C2CC3CC2C1OC3,8.611732813415076
CC12CC3N1C2C31CO1,8.579707859252636
C1C(CO1)C2(COC2)O,8.200588623720373
CC1=CC2C(O)C2(C)C1,6.465419019612494
OC(CC=O)CC1CC1,6.15252180580858
C1CN(C=C1)C(=O)C#N,5.342261546486345
CC12CC1COC(=O)N2,7.901993866988823
OC12CN(C1)C21CCC1,7.927185635314935
CC1C2CC(C)(C#N)C12,8.249074281437004
CC1CN2CC3(O)C1C23,7.769414367746037
CCC1CCC(O1)C#C,7.850799559162528
N=C1OCC2CC2C1=O,5.16791078050746
OCC1(CO1)C(O)C#C,7.574748675797324
OC1CC1COCC=O,6.097778301658168
CN1C(CC11CC1)C#N,6.819423309263754
CCCC1=CC(C)CC1,6.982185338364966
OC1CC=C(C1)C#N,5.962940410151294
c1c2n(cn1)CCC2=O,5.1605589648341335
CC12CC3C4CC(C14)C23,9.312966296509131
N#CC1CC2N=COC12,7.140365141973731
CC1CC2(O)C(C)OC12,8.287253920115761
c1c2c([nH]n1)C(=O)NC2,5.895808549669714
CC1CNC(=O)C(O)C1,7.259569539243417
CCC12C3C4C3C1(C)C24,8.099595821732969
CC1(C)OC11COC1=N,7.304840463140943
OC1CCC(=O)C1C#N,5.986263389133962
CC12CC(C1)C1(CC1)C2,9.419061242274264
N=C1CC2(CN2)C(=O)O1,6.49787969448133
CC#CC1CCC2NC12,7.659853243871687
CC(C)C(C)C1OC1C,9.13828637888921
CN1C(=N)OC=NC1=O,5.325821397418943
CC12NC(=N)OC1C2O,7.101135400903465
CC1(CO)CCC(=O)O1,7.542540913224587
CC1=CC(=O)CN2CC12,4.7115564032426205
Cc1ccoc(=NC)c1,4.450507195815467
CC1COC(CO)=N1,7.246784435126852
CC1OC(C)C1OC=O,7.413020032283112
OC1CC2CC12N1CC1,8.089277828072412
O=CCC1=CC2CN2C1,5.593065004300666
CCCC1C2C3OC3C12,8.539981061751506
OCC1CC2(O)CC1C2,8.828070706785748
CCC1(CCC1)C(=O)C,6.121085340974085
CCN=C1OCC1C,7.504596437385296
O=CCN1C2C3CC3C12,5.768193358056196
CC12CCC1CNC2=O,7.360657929344693
Cn1cnc2c1OCC2,6.2228474420666835
ON=C1CCCC2CC12,6.748932660129123
N=COC1=NC=NC=C1,5.404369768003873
CNc1cc(no1)CO,6.014475260609473
CCC1=CC=NOC1=N,4.703323650979017
OC1CC2(COC2)C=C1,6.766415560744193
CC12C3C4CN(C14)C23C,7.993978148165375
CC1CNC2=CON=C12,5.721511666697889
CC1C2C(C3CN23)C1=O,5.544133257960406
N#CC12NCC3C1CC23,7.165415829376569
CC12NC(C1C=O)C2=O,5.554689514874335
OC1CC2COC=NC12,7.175341711701101
C1NC1C1COCO1,8.748052551213643
CC(C)n1c(=O)[nH]cn1,6.437260583863337
O=C1CCC(O1)C1CC1,7.5307690030045915
N=C1OC2C3CN3C2=C1,5.551577126157308
COCC1(C)NC1C=O,5.898896408136275
COc1coc(n1)C#C,5.327051950429289
N#CC1CCCN=CO1,7.153704475415838
OCC#CC1C2CCC12,7.347488281702152
OCC1CC=C(C1)C#N,5.9649907140554355
CC1OC1C(O)C#N,7.871045255931557
CCc1cc(co1)N,5.976081399573606
CCC1C2N(C)C1C2=O,6.407299459135617
COCCCOCC=O,6.251450732846653
CC(=O)CC1NC1CO,6.24631090000311
COC1(C)C2NC2C1=O,5.65029494155887
NC(=O)CC1COC1=O,6.970385258092088
C1CC(O1)C1=NNC=C1,6.8635720266501306
CC12CC(C)(O)C1O2,8.632092993118173
CCC1OC=NC1C=O,5.838048060584421
OCC(O)C1(CN1)C#C,7.404746335697968
C1C2C3C4OCC3N1C24,8.044253326521051
COC1CC(C1)C1CO1,8.963573558544645
OCC12COC1C2C#N,7.464939977441066
COC1(CC1)C1CC1C,8.63836535008151
CC1(CC#C)COC1=N,7.702969495127945
CCC1C=CC=CC=C1,5.0908440914951045
COc1c([nH]nn1)C#C,5.536907767992327
CN1CCOCOC1=O,7.73555734209808
CC1C([NH3+])C1CC([O-])=O,7.260992685694452
O=C1COC(CC#C)C1,5.958687007363307
c1c(ocnc1=O)CO,5.415536841655847
C1OC1C1=NCCCO1,7.213415334516659
CCC(C)(C)CC(=O)C,6.316357260863754
c1c(c[nH]c1CC=O)N,5.001237989461824
O=CCCC1COCO1,6.236497457785022
c1c(nno1)CCCO,6.412790081861833
CCC12CC(C1)C2C#N,8.767996842852247
CCn1cncc1C#N,5.993822297426397
O=C1CCCC2CC2C1,6.0953948134931295
C(CC(C=O)C=O)CO,5.538784446109059
CC1(CN(CC1=O)C)C,5.392304415981125
Cn1cnc2c1ocn2,5.860960938282694
CCN=C(CO)NC=O,6.0939199601096705
C1C(=O)CC1(C=O)C=O,5.958063210947294
CC12CC3C(C13)C(=N)O2,7.420050201377525
CC1(CN2CC12)OC=N,7.1962180478919455
O=CC12NCC1CC2=O,5.335897467454573
C1CC(=O)C2(C1=O)CN2,5.16452177054088
CCc1cc2n(n1)CC2,6.902545426849938
CCC1NC1C(C)=NO,6.562580132284636
C1CC1C1CC2CCC12,9.288176013878566
CCC1=CCC(=O)C1,6.011425521319295
CC1C2C3C4C2C1(C)N34,8.310119067332295
OCC1CC(C#C)C1=O,5.865497942396565
CCC1(C)CC2CC12O,8.491133908628738
N=C(C#C)N1CC(=O)C1,4.970162989089516
COC(C)(CO)CC#C,8.100382891365609
OC1C2C3C4C1C2CN34,8.080090064330165
CC1C=CCC(O)C=C1,6.47130687083674
O=C1CCC2C1C1CN21,5.818060323184546
O=CC12CCC1OC2,5.809059137348433
CN=C1OC2C(CO)C12,7.035902622684539
Cc1c(nco1)CCO,6.468556648242471
CC1N2CC1(C#N)C2C,7.2169806854164475
O=C1CC2C3NC3C2C1,6.020545405295719
OC1CC2CC(=O)C1N2,5.918168939911417
CC12CC3(CC3)C1CO2,8.450020758690723
CC(C)OC1(CC1)C#C,7.669553065614096
CCC(O)C1(CO1)C=O,5.83853660939632
c1coc(=O)c(c1N)N,4.346130966419365
ON=C1C2C3C2C1C3O,6.422345687699372
O=C1C2CC3(COC13)O2,5.643055009677622
CC12CC(C1)C(=O)NC2,7.257848443939157
CC(CCC#N)CC=O,6.219805778845519
C1C2OC22COCCC12,8.682486241178294
CNC(C)(C#N)C1CO1,7.584043471487608
CC1(O)C2CCC1C=C2,6.834655155093686
Cc1cnc(o1)NC,6.169732935959061
OC1C(O)C1(C)C1CC1,8.184628760472126
C#CC(=O)CCC(=O)N,5.1892749343783935
OC1CC11C(O)CC1=O,5.89681887046979
Cn1c2c(cn1)nco2,6.021988539858516
c1c[nH]c(=O)cc1C=O,4.438961992183212
CC1CC2=C(O1)C=CN2,6.186976161224186
C1OC2C3CC1COC23,8.33344404584349
OC1CCN(C=O)C1=N,6.231993683642736
CC1CC(O)C(C=O)=C1,5.08111227178725
CN1CC(C=O)C1C=O,4.886014984997182
CCOC1COC1C#C,7.412620062827997
CNCC(C=O)C#N,5.62304868295765
CCC(CC)C(=O)OC,7.57463697391939
CN1C2C3OC2(C#C)C13,6.652421765889573
CCC1C2C=CC(=O)C12,5.03604052860092
C1C2C3C2C2CC3OC12,8.536693681684293
CCC1CNC(=O)C1=O,4.647177736226495
CC1(CCC11CO1)C#N,8.10680887650214
CC12C3N1CC2CC3=O,5.781089419504589
CC1CCOC2CC1C2,8.612336674939076
[NH3+]C1C=CCC1C([O-])=O,6.4480673679747476
CCC12CN1CCC2O,7.992433690777062
OC1C2CC1(O)C(O)C2,8.345813286955387
ON=C1COCC11CN1,6.378955480137126
C1C2CCOCCOC12,8.438326528829274
CCC(C)(O)C(C)C=O,6.113385201456941
CC1=CC(C#C)N2CC12,6.002549580605123
OCCOC1CC(O)C1,8.484260212748813
CC1C2C3CC2C2C3N12,8.39378082450407
CCc1c(cc([nH]1)C)N,6.038964406037496
NC(=O)C12CC(C1)O2,7.174876252696116
CN1C=NOC(=O)C1=N,5.173578643322071
CCC1CC2CC(C1)O2,8.611172933329222
CCC(O)(CC)C1CO1,8.857797842498025
OC1CC11CNC1=O,7.137235570099069
CC(=O)CCC(=O)CO,6.059979653852588
CCC(=NO)C1OC1C,6.6095287750651215
COCC(O)C(C)C#C,8.026969952874843
[NH3+]C1(CC=CC1)C([O-])=O,6.555537547045093
C1CN1C1C2C3CC1N23,7.88704032446304
OC1=CC(=N)C(O)=CN1,4.986940551603853
CC(C)(C(=O)C(=O)N)O,4.818931635101419
OCC1NC1(CO)C=O,5.975376446131781
CCC(=O)CC(C)C=O,5.958286619322298
CC(C)N=C1OCC1N,7.160808621903611
CC1=NCC=CCCO1,6.573264856185741
C1CC(C1)OC2CC2,8.82461842885159
N#CCC12CC1CC=C2,6.698628037112785
CCC(C)N(C=N)C=O,6.224489974217722
OC1C2NCC(=O)NC12,6.824461543990463
O=CC12C=CC3CN1C23,5.319985190065448
CCNC(=O)C1CCO1,7.262222990158823
CCOC(C=O)C(C)C,6.042484849545739
C1C=CC(=O)CNC1=O,4.883759625258744
C#CC1COCCC=C1,6.838946101772274
CNc1cc(cnc1)O,5.383643593296713
CCC1=CCOC1=O,6.137600507515289
CC(O)CC12CC(C1)O2,8.413449213183721
CC1=CCOC(=N)OC1,6.713235964032213
OCC12NCC1OC2=N,6.970566388934942
c1c(cn[nH]1)C(=O)CO,5.361247107006521
CCN1CC(=NO)C=C1,5.040522031692889
N#CC1N2CC2C11CC1,7.241556240410011
Cc1[nH]c(=O)c(cn1)N,4.876735342871416
c1[nH]c(c(n1)O)NC=O,5.477722683215687
OC1COCC(O)C=C1,6.728000682633689
CC12OC3(CO)CC1C23,8.21926219514126
Cc1nc(co1)NC=O,5.6168772654309835
C#CCOC12CC1CC2,7.646002635982728
C1CCC(C1)OCC=O,6.12259350207713
COCC1CC(C)C1=O,6.006501701570944
CCN1C(C)C1C#CC,7.088463458053056
CC1C2C(=O)C(O)C12O,5.928696441252929
CCCc1cocn1,6.72938362031698
CC1(C)OC1CC=O,6.162077857407496
NC12CC1(OC2=O)C#C,6.442197511210378
CC12CC(C)(C1)C1NC21,8.443806880001937
N#CC1C2C3CC1OC23,7.8532819399215406
CC(C)(C)C1OCC1=O,5.878367517620752
OC1CC1C(=O)CC#C,5.99375911149912
COC12CC1OC21CC1,7.995749784279116
CC12NC1C1C(C#N)C21,6.825066245265078
CC(O)C1CC2(C)CN12,8.019905679915379
C1CC2C=CC3NC23C1,6.573393117939954
CC(O)C12CC1C1NC21,7.695300794424319
N=C1CN(CCO1)C=O,6.680366225121455
COCc1nccnn1,5.197208501072524
CCC1=CC(=NO)CC1,5.510853688038633
CCOC1C2NC2C1O,8.083891920555509
CC(CCC#C)N1CC1,7.955127236152379
OCC1=CC(=O)C(O)C1,5.159987714643421
CN1CC11C2CC1O2,8.287733008635971
O=C1NC2C3N=CN1C23,6.296972559233024
CC1C2CC2(CO)C1C,8.666240829685337
CC1CC(O)C(N1)C#N,7.3113533920294245
CC1(COCC1=O)C,5.870958671337412
CCC1CC2(CC2)C=C1,6.896018641876587
CC12CC(C1)NC2=O,7.1631053971539576
C1C(=NCC#N)OCO1,7.238167470592781
CCC(=O)COC(C)C,6.196522659353388
O=CC12C3OC4C(C14)C23,5.743940232086466
CC12OC1CC=CC2O,6.6415491160543585
O=C1CNC11CC2CC12,5.753470886620269
C#CC12CC1N=COC2,6.847168377169021
CC1=CC(=O)N(C1)C=O,5.36313253117333
O=CCC1C2CN1C2,5.72825861714707
OC12C3CC1C=CC2O3,6.439760310632759
C1CC1C(=O)C(=O)C=O,3.693799261779053
CC12OC3CCC1C23C,8.266075346197074
CC(C)C1OC1CC#N,8.369062228179978
COCC12OC1CC2=O,5.772755372377349
CC12OC1C1CC21C#N,7.2688314881842295
COCC1CC2(CO2)C1,8.942584266344095
CC1C2CC(=O)N(C)C12,6.999568969300466
CC12CC3(C)C1C1C2N31,8.312219662182724
CC1(OCCCO1)C=O,5.8045241000844285
CC1C2N1CC2(O)CO,7.808041460298055
N=C(C#N)N1C2CC1C2,5.89225194093221
OC12C3N=C4CC1N4C23,5.082336279742952
NC1=C(C=CO1)C1CO1,5.897702471722278
C1CC(C1)OC(=O)CN,7.213296609084846
C1C2CCOC3CC2C13,8.551311321966498
CC1=CC(=O)C2(O)CC12,5.046092180880394
CC1C2NC=CC(=O)C12,4.990512780704486
CCC1NC1C(=O)CC,6.077212641803509
C1OC23CC(CC=C2)C13,6.489241057683891
OCCC(=O)C(O)C#N,6.098428983866942
O=CCC12CN3C1CC23,5.697705184431633
CC1(O)CCC(C)(O)C1,8.638958627539626
N#CC1NC2C3NC3C12,6.848007566668937
C(CO)N=COCC=O,5.867685182893293
CC1CC23NC12CC=C3,6.175570726433399
CC(O)C(C#N)N1CC1,7.327356635760715
C1OC2CC1OCC2,8.676506139337343
OC1C2NC3C1(O)C23O,7.472235917158726
Cc1cc(nn1C)CO,6.779425735417871
CC1(C)C2OCOC12,8.71536510987519
CC1C(=O)CC1(O)C#C,5.832001439443937
O=CC1=CC2CCC1C2,5.106179617252424
CC12COCC1N=CO2,7.259159598568772
O=C1OC2C3CC=C1C23,5.759804699084808
CC12C3C1C1CC3C2C1,8.94881704726508
CCCC1C2OC2C1O,8.71577116568219
CCN=C1OCC1O,7.348340217987191
CC1=CCOC12CC2,6.495882773324093
CC1=CC2CC1C(=O)O2,6.607824601611831
CC(O)C12CC(C)(C1)O2,8.475613986239267
CCC(CC#N)C1CC1,9.00376965440904
c1c(n[nH]n1)CCC=O,5.9536516072243595
CC1CC2(CC2)NC1=O,7.3531478148909155
CC1(C)C2N3CC2(O)C13,7.855997311662975
O=C1COC2(CC12)C#N,5.7931245800297795
OCC1CN(C=N)C1=O,6.304429226730559
CC1CC=CC2(C)OC12,6.779212488340229
COC1(C=O)C2CC1N2,5.453720189765817
C1CCN(C1)C(=O)CO,7.264912309904367
CC(=NO)C1CC(=O)O1,6.640127330155882
CC12C3C(O)C1(O)CN23,7.835056976829998
O=COC12CC1C(=O)C2,6.0705495141115495
CC1C2CC3OC2C13,8.81713578777209
CNC(=O)C1CNC1=O,6.8616152586578
CC1(CC(O)C1=O)C#C,5.775640121131323
CC1=CC2COC1CO2,6.649432921926888
OCC1(O)CCC11CC1,8.40779419133292
CN1C2CC3(O)CC3C12,7.861715363989325
C1C=CCN1CC=O,5.6044501349556555
CC1CCOC(C)(C)C1,8.594781245214532
C1CC12CC=CCC2=O,5.912877648546246
COC(C#N)C1(N)CC1,7.465221415278439
CC1OCC(O)C1(C)C,8.344395330959536
CC(O)CCC#CC=O,5.599150335316166
CC1CC2CC2CC1=O,6.069207743898383
N=C1CC23CC2(CC3)O1,7.471939729319146
CC1=NC2CC2CCO1,6.890511069914421
CCC1CC(=O)C2CN12,5.647806890643347
CCOCCNCC#N,7.348902353642089
CCC1(C)CC1C#CC,7.866046641976364
OCC1OC2C(C#N)C12,7.520503000980092
OC1C(=O)CCNC1=O,5.67791974986797
c1c(c(on1)N)C2CC2,6.073294801021904
CC1CC2(O)CC2(C)O1,8.219611211545281
COC1CC2(O)CCC12,8.47541363111531
CC1(CO1)C(O)CC#C,8.186812419090211
OC12C3NC3C3C1CC23,8.296873871631249
Cc1cc([nH]n1)COC,6.922792251076935
OC1CC2C(C=O)C12O,5.951237322584615
CC1CC(C#C)C(C)O1,8.148526643087902
N#CCC1C2C3NC3C12,7.152207578139912
CC12CCC(O1)C2C#N,7.708672536339398
O=CCCC1(CO1)C#C,6.0594198285627945
CCOC1(CO)CC1O,8.26402925952786
O=CC1CCC11CCO1,5.862456553245999
OC1CC23CC4N2CC134,7.474952585060172
Cc1cc2n(n1)CCO2,6.460865372485347
CC(C1C[NH2+]1)C([O-])=O,7.3904943633668925
N=COCC#CC1CC1,7.311296271688413
CC12CN(CC1N2)C=O,6.909101912916611
CC1C(=O)NC11CC1O,7.150680188219992
CCC(CC)OC1CC1,8.90146027742445
COCC1(C)C(O)C1O,8.100539086668284
Cc1cnc(nc1)NC,5.236430378575595
COC=NC1CC=CC1,6.732666298556665
CNC12CN=C3NC1C23,5.700066378623096
C1C2CC3OCC=C3C12,6.387453457619054
OC12CC3C(C1)N3CC2,7.991753851321752
CC1OC23CC12C=CC3,6.150248129139718
CC1CCCOCC1O,8.552902371803466
C(C1CO1)C1=CON=C1,6.621845926890359
NC(=O)OC12CC(C1)C2,8.409427639294467
CN1C2CC1C2(C)O,7.697981438647999
C1C=CC(=O)COC=N1,5.284385216350236
N=COC1CC2OC12,7.537831924983774
CC(C)(C)NC(=O)OC,8.38202920001793
CC(CC1(O)CC1)C#N,8.419834121431684
O=C1CC2OC3CC12C3,5.955422827898962
CC1N2C3C2C1(C)C3O,8.131504497661275
C1OC=NC2C3OC1C23,6.782850080406675
NC1=C(NC=N1)OC=N,5.6048595971134745
OCC1=CCC2CC1C2,6.865572841739118
Cc1ccccc(=O)c1,4.373144626765149
CCN=C(CCO)OC,7.249651761950016
O=C1CCC(OC1)C#C,5.909567271012504
CC(C)C1(CC1)C(=O)N,7.466480563507933
CCc1c(c[nH]c1C)C,6.520211377983936
CCC12CCC3C1OC23,8.625349865738706
CC1CCC2=CNC=C12,6.427637654272191
CC1C(NC=O)C1C=O,5.918059030601176
C1CC2C1C1COC2C1,8.647340080780205
CCC1=CCC(=O)NC1,6.697695332243011
CC1OCOC11CC1,8.96883600840819
CC1CC(C)=CC1CO,7.04991517794199
Cc1c([nH]cn1)CO,6.618730029376669
CCCC1(CC1)OCC,8.821553867649023
CCC1(CO)C2COC12,8.228081858963836
CC1C2CCC(C=O)N12,5.833009331137788
CCCC12CC(C1)C2=O,6.570487999991919
CC1C2C=CC1(O)C2O,6.449208793387918
NC(=O)C12CCC1CC2,7.444166851678618
CC1(O)C2C3CC2(O)C13,8.306506254595089
CC12COCC1OC2=N,7.531609024661848
CC12CN1C(CCO)C2,8.154696521158455
O=CC1C2NC2C11CN1,5.833324890614046
CN=C1ON=C(O)C=C1,4.480451251244665
CCC1=NC(C)CCO1,7.291508293414356
C1COC(=O)CC(=O)N1,6.614963532210627
COC12CCC3C1OC23,8.492079424000707
CC1C2OC2CNC1=O,7.186164620483042
C1C2OCC3C4CC23N14,7.7569902149316725
C1CCCC2(CC1)CC2,9.24689395158327
CCC(=O)n1cccc1,5.389188870022306
CN(C)C(=O)C1CN1C,6.797826030810311
CC(=O)CC(C#C)C#C,6.282030220162618
OC12CC3(O)C1CC23O,7.686284850767489
CC1C2CC1C2C(C)=O,6.31685970747986
c1nc(c(n1C=O)N)O,4.777069904606868
CC(C1OC1C)C(N)=O,7.289405107949081
CC12CC(C)(C1)C2C#N,8.644594845087777
OC1CC(O)C(=O)C=C1,5.128769048153306
C1CC2CC3NC3C2=C1,6.566828917351176
CC1C(C)N2C1CC2=O,6.76491403228156
COC(=O)n1nccn1,5.978642119177406
OC1CC2C(=O)CC12O,5.9503773484292655
CC12CN1CC(=O)C2,5.719592845280346
OCCOC1CN=CO1,7.3473206746627335
OC1(CNCC1=O)C#N,5.548621809191099
OC12CCC3C=CC1C23,6.464057474035819
OC12CC3(O)C(CC13)C2,8.368858444785037
OC1CCC2=C1ON=N2,5.879265542053437
CC(=O)C1C=CNC1=O,5.117559628781401
COC(C)C1OC1(C)C,9.023495783417
C1C=CC2COCOC12,7.030174551781555
OC1C2C(=O)CC12C#N,6.045764029297075
OC12CNC1=NCC2,6.571435069898506
CC1=NC(=N)N=C(N)O1,5.5367900557281216
C1CC1CC(C=O)C=O,5.567184991467775
CCC1N2CC1(C2)C#N,7.120800787179516
Cc1cncoc1=NC,4.722599166010618
CC1(CC1)C1(CO1)C#N,7.753789997258252
CC1CCCC(O)C=C1,7.015943869276988
CC1(C)C2CC1(CO)C2,9.046427273561342
COC(C)(CO)CC=O,6.092580927574679
CC(O)CC1=CN=CN1,6.825293337387322
Cc1c(n2c(n1)CC2)O,6.365235915935755
CC(CO)C1(CN1)C=O,5.954585514980048
CC1=CC2C3CCC1C23,6.490699995446079
c1cc(oc1CCO)N,5.905537895199716
CC1=CNC(=O)CCC1,5.804450294067783
CCCC(CO)C#N,8.373404951175257
CN1C=NC2CC12C#N,6.430540500132339
CC12CC(N)C1(O2)C#N,7.090046764291614
COC1(CC1C)C(N)=O,7.212144588720479
O=C1CN2CCC1C2,5.427404721273145
C(C=O)N=CNCC#N,5.847800721349606
CC1OCOC1C#C,7.875899609029014
C1CC(=O)C(C(=O)C1)O,5.527776622309659
COC1CCOC=NC1,6.852623407581974
C1N2C3C=CCC=C1C23,5.681561118019904
Cc1c([nH]nc1O)C,6.572991558201808
OC1C2CC2C2CC1C2,8.926557671228466
CC1OC2CC(C)CC12,8.55968445268317
C1OC2C3CNC12CO3,8.278753211476783
ON=C1CC2(CN2)C=C1,5.3037790952126525
NC(=O)C12CC(O1)C2O,7.133215115755679
C(CCC(=O)N)CCO,7.447002238256014
CCC(C#C)C1CC1O,8.173999592789087
N=C1NN=C(C=O)C=C1,4.503887338840043
OCC1(CC2CC12)C=O,6.01123472619855
CC1(O)C=CC2OCC12,6.816293692305216
CN1CC23CC(C)(C2)C13,7.999256190815911
CC12CC3N1C2CC3=O,5.895418412360992
CCC1CC1C1CCC1,9.286595924992419
CC1(O)CNCC1=O,5.691812152809408
OC1C2NCC1(O)C2=O,5.551873510119031
CC1(CC(C1)C2CC2)C,9.315091103134291
C1CC1(CO)C(=O)C=O,4.164906706521881
CCC(=NO)C1(CC1)C,6.748233402834618
NC(=O)N1CC2CC2C1,7.645885840648548
CNC(=O)COC1CC1,7.247477957493392
C1NC1C#CC1CO1,7.150627088039396
CC1COC1=NCC#C,7.292803940309289
NC1(CC1(O)CO)C#N,7.299280234215546
CCC(=O)C(C#C)C#N,6.024304991962161
CN=C1OC=NC(O)=C1,4.7179585430433555
CC1=C(C)C(O)CC1O,6.807989968542675
C1C23CCOC12C=CC3,6.314544792902334
CC1(O)C2CC(CO)C12,8.424392253023825
C1OC11CN=C2NCC12,6.389834035625086
COC(CO)C1(C)CC1,8.676448228072054
CC1=NC(CCO1)C#C,7.2103322667573
CC(O)C1=CC2NC2C1,6.607511478333009
CCC1(O)C=CCC1O,7.01047447391801
CC12OCC1C2CCO,8.328251321124652
COC1C2CC=C(C)C12,6.495157227655657
Cn1c(=O)c(=O)[nH]cn1,5.311128677219169
CC1CC2(CN2)C2NC12,8.133892965720259
CC1C(O)C(C#C)C1=O,5.762823470848421
CCC1COC1C=O,5.813586834034685
COC1C2CC=CC12,6.531111783773807
CC1C2C1C(C)CC2C,9.212917765696172
CC1CC(=O)C=CC=C1,4.7629404872135215
CC1=CC(=O)C(O)C1=O,4.345760566938372
CC1=CC(=O)C2(C)CC12,5.097318429160445
C1CC2OCCC3C1C23,8.546417430387246
CCn1cncc1C=O,4.966157047468926
CC(OCC1CC1)C=O,6.096373637717469
N=COC12CC1OC2,7.346590937838261
N#CC12CN3C(CC1)C23,7.346384915590415
C#CC1=CC2OCC1O2,5.68548118785546
CC1(C)CC2OC=NC12,7.248628981673326
CC12CC3C1N3C21CC1,8.415987657238338
CC1C(C)C1C(O)C=O,6.029871479575135
COC1CC23CC(C2)C13,8.829519415233923
CN(CC=O)CC#N,5.581181585800417
CN=C(C#N)N1CC1C,5.530806554810267
CC1C2C3N2C(=O)C13C,6.595291064394958
CC12OC3C1C(C=O)C23,5.8449869514117765
CC(O)C1=CCOC1C,6.7264569609963
CC1NC2C1OCC2=O,5.503515737176901
CC1(CN1)C1OCC1O,8.200414266076823
O=C(C#N)C1CC2OC12,5.07322041053445
c1cc(c(=O)cnc1)N,3.997502322570625
Cc1cc(=O)c(c[nH]1)N,5.006521776874692
COC1CCOC(=N)O1,8.210959658297394
OC1CCC1(O)C1CN1,8.207535510514052
OC1C2CC2(O)C11CO1,8.256659559110295
COC1CN2CC12C#N,6.928163327805985
CC1C2CC3C2N3C1=O,6.4947076769210375
CN1C2C1C(=O)CC2=O,5.066395994701429
CN1CC2(C)OC(=O)C12,6.444896988724819
CC1C(O)C(=O)C11CO1,5.568682514007156
CC12COC(C)(C1)C=C2,6.693021600514342
O=C1CC23CNC2C1O3,5.481391451572989
CC1(C#N)C2C3CN3C12,6.9054226617981636
OCCCOC(=N)C=O,5.201973443670077
CCCN1CC1CC#N,7.378704793652557
OCC12OC1CC21CC1,8.65244680430913
CC1=CCC2OCC12,6.725943812873739
COC=NC1CC1(C)C,7.0635840586668905
C1OC2CCC=CCC12,7.013891545434659
Cc1c(c(n[nH]1)C=O)O,4.9479345174807685
COC1(CC1)C1NC1,8.46695477042497
C1COCC(CO1)CO,8.561824798044352
c1c2c(c[nH]1)CC=CC2,5.817729782351496
O=CC1C2CC1C2C=O,5.590735678248484
COC1CCCC(C)C1,8.818878330422471
CN=C1OC(=O)C(N)=C1,5.305565093169277
COc1ccc(o1)OC,6.167986810374265
COc1coc(c1N)N,5.902086233429862
CC(C=O)C1CC1CO,6.163317223700887
CC1C(CC1=O)OC=N,6.002877548418951
CN(CCC#N)CC=O,5.570472389696761
COCC1C2OC=NC12,6.984876607637119
C1C2OC3COCC3C12,8.463956403815546
c1c2c(no1)CCOC2,6.438253407752162
CC12OC1CC2(O)C#C,7.320073897093465
N=C1CC(=N)OC(=O)N1,6.415872087224901
CC(=O)C12CC1(C)OC2,5.978282790118325
CC1(C2CC1O2)C(N)=O,7.16422269951023
C1CC1(CC=O)C#N,6.152789362001439
O=C1C2NC3CC2NC13,5.681300070698924
C#CC1C2NC1C1OC21,7.3221226510027835
OCCC1C2C3OC1C23,8.394315252845185
CC(=NO)C1(CN1)C#C,6.459223352128407
OC1CC(CC#C)C1O,7.918699655794394
CC1C2C=C(C)CC12C,6.607054381570773
CC(C)(O)C1CN2CC12,8.04455416950563
C1CC(C1)C1CCCO1,8.65207842267251
CC12C3CN3C1CC2=O,5.531140042193064
CC1(CC1)OC(=N)C=O,5.125866578848371
COc1nccc(n1)O,5.555836291993508
C#CC1CC2OCC=C12,6.337643697474307
CC1C2CC(C2)C1O,8.935254933091676
CN(C=O)C(=O)COC,6.113474653002672
COCC(=O)NCC#N,7.181062802367844
NC1=NC2CCC2O1,7.396690241052621
CN1C2C3C=CC1(C)C23,5.9047982543575515
CCN=C1C(CO1)(C)C,7.483932092121885
CC12CCC1(O)CC2O,8.323816838190998
CC1C2(C)CCC12CO,8.488331734599617
CC#CC1CC=CC1=O,5.161070583985546
CCC1(O)C(O)CC1=O,5.856293399752977
C1CNc2c1onc2N,5.877939449600122
C1CC(=O)C(=C1C=O)N,4.846700520612888
O=C1NCC2OCOC12,7.109093850974997
N=C1OCC2CCC2=C1,5.839827179901442
CC1CC2(C)CN3C1C23,8.238977728704267
O=C1OCC2CC12C#N,7.042708560234093
CC1OC2C3CCC3C12,8.36652946952973
CC1=NN2C3CC3C2=C1,6.374972879555116
CC12COC1(CO2)C#C,7.005065078682129
CC1CN=C2OCC12,7.1864133867908215
CC#CC(C)C(O)C=O,5.9832120849084065
CC12OCC34CN(C13)C24,7.996374331452828
Cc1c(ncoc1=O)C,4.941488069749406
COC1CN2CC12CO,7.931614169910205
CC(CCO)C(=O)C=O,4.283493273845323
CC(C)OC(C)CC=O,6.129969890790333
O=C1CC2NC2(C1)C#N,5.921948856707774
COC1C2CC1(O)C2O,8.373005830317737
CC1CC2(CC2)CC1=O,6.084617503491978
c1cc(oc1)C#CCO,5.616377635609087
C1CC2(CC1=O)COC2,5.949335045763253
CC1C2CN1C2(C)C=O,5.535637051534334
CC1CCC([NH2+]1)C([O-])=O,7.370022215038125
CC1(O)C(NC1=N)C#N,6.808886036733732
CCC#CCC(C)CC,8.141192689684928
CC1N=COC2C(O)C12,6.982390222027924
CC#CC(CCO)C#C,7.68295772445029
CN=C1CCC(CO)O1,7.378389380341575
CC1C2C1C1C(C)OC21,8.343501338804906
C1C2NC3=COC=C3C12,5.915102297958808
N#CC1C2C3CCN2C13,7.1910367114723615
COC1CC11CC2NC12,8.285668817501067
OC12CCC1NCC2=O,5.578133940202992
C1CC1C12C3C4C1N4C23,7.639990582158179
O=C1CC2NC2C2CN12,6.620391325762437
OCC(=O)C1CCC=C1,5.963656582662507
OC1CC2OC12CC#N,7.684176596926294
C1CC11CCC2(CO2)C1,9.0064665831339
CC1C(CC1C=O)C=O,5.723673041918492
CC12CC1C=CCC2O,6.715073851650632
CC#Cc1c(con1)C,5.619361458403815
CC(=O)C1(CC1O)C#C,5.942467884529932
N#CC1CNCCCO1,7.104021158700905
CC1C=CC2OC2C1C,6.7719008552690045
OCC12CN3CC(O1)C23,7.351980798274635
CC1CNC(=O)C1O,7.3694120422625335
CN1C2C1C1OCOC21,7.848898206043199
OC12COC1CC21CN1,7.910052183140939
Cn1c(cnc1O)C#N,5.487094863878314
CC1CC(CO)CC=C1,7.151610509936683
CC1(CO)OC11COC1,8.554943266545193
O=CN1CC(C1)C1CO1,7.248127577006411
CN=C1C(=NO)CCO1,5.572367059697583
CC1COCC11CN1,8.444936661469544
COC1C(NC1=N)C=O,5.56668526391367
CCOC1CCC(C)C1,8.866481366046154
CC1OC2CCC1(C)O2,8.913999467096723
Cc1ccc(o1)NC,5.785154496451943
CC1COC(=O)C1C,7.572765783713688
CC12C(CO)C3C1CC23,8.995855798526447
C1N=C2OC3C4NC13C24,5.62623951828404
OC1CCC(O)C1C=O,6.096442380760231
CC1C2C3OC3(C=O)C12,5.802318849906112
CC1(C)C(O)C1C1CO1,8.670287933750732
CC(=O)CC1COC=N1,6.0966351008285375
CCC1C(C)C(C)C1O,8.583153291478496
CCC1(C)CCC=CC1,7.225464304172327
CC1(O)CC11OCC1O,7.907710517564133
CC(C)(C#N)NC(=O)N,7.715553826831567
COCC1OCOC1=N,7.603171197944052
CC1(O)CCC(CO)C1,8.864786407218148
OC1CCC2(CC2)C1,8.904111001319839
C1N=C2OCCC3C1N23,6.823207440434299
O=C1C2CC3C4C3N2C14,5.792405682401979
CC(C)C(O)C#CC#N,6.505959977533331
N=COC(=O)CCC#N,6.935107805055274
O=CC1C2CC3(CC3)N12,5.739678402922334
CC12OC1C1C(O)CC21,8.359736281978641
OC1C2CC(O2)C11CC1,8.375543454136581
CCC1CC2OC2C1,9.312233137118751
CC1CNCC(=O)C1O,5.50510793257965
C1C2CC3NC3C1O2,8.346843471984176
CC1(C)C(CO)C1CO,8.49691370317949
CC(=O)CC1=NCCO1,5.964391732272982
CCC1CN(C1)CC#N,7.089111768684775
COC1C(C=O)C1C=O,5.711199499261067
CC(CC=O)CC(N)=O,6.062366950856362
CNC1=CC(=N)OC=C1,4.654845652567776
CCC(C#C)C(=O)NC,7.339935089957962
CC1NC1(C=O)C1CC1,5.906194218216067
NC(=O)C(CO)C1CN1,7.219516295548679
CC1(CCC1)OCCO,8.731368477793854
CC1C2OC(=O)C1C2C,7.485106196562668
CC1CCC2(CO2)C1O,8.836249568289126
C1CC2(C1)COC=N2,7.2563528283122976
C1C2CCC3=CCOC123,6.190805001669861
OC12C3C=C4CC1C4C23,5.041071450658733
CC1N2C3C(O)C2C13O,7.7767159051787615
CCC1OCCC1=NO,6.713446317696569
CCC1C2C3C1CC23O,8.418192411583428
COC1C2(C)CC1(C)C2,8.980063403573485
CC1=CC2CC(O2)C=C1,5.073790329875578
O=C1CNCC1C#C,5.617283771168371
CCC1(CC#CC)CO1,8.112748443287611
CN=COC1COC1=O,6.83738501882898
CC1C2C(=O)C1C21CN1,6.300985184449669
CCC(N)(C#N)C(N)=O,6.928559061935886
OCC1CC2(CO2)C1O,8.606206173357577
COC(C=O)(C#C)C#C,5.93524871636092
CC1(C)CC1OC1CC1,8.620701211062656
CC12CC3(C)C1C=CC23,6.20711426343658
CN=C(C=O)OCC=O,4.769904617101132
c1nc(c(o1)N)CC=O,5.0324764986710635
O=C1CCC(=O)C2CC12,5.66728062083991
O=CC1CC2(CO2)C1,6.06748772238525
CCc1cc(n[nH]1)O,6.62779284420577
N#CC12NC1C1CC2C1,7.236277432688436
C1C2C3CC4C(CN24)N13,7.432524441437479
CN=C1OC(C)C1C#N,7.242263033619411
CCOC1(CCCC1)C,8.747347981038303
C1CC1OCCOC=O,7.541574069700141
CC(C=O)C1=NC=CN1,5.441362066674475
CC1(CN(C1)C=O)CO,7.304918281460915
CC1CC(CO)(N1)C#N,7.341588236399575
CC1=CC2OC2CCC1,6.753822684949659
O=C1C(C#C)C2CCN12,6.42294364923429
CC1C=C(C)CC1O,7.039347496602813
C1C2CCOC=NC12,6.905519280826352
CC(OCC1CC1)C#N,8.103225068252609
CCC1(CO)NC1C=O,5.9089584938683775
CC12C3OC3C1NC2=O,6.804964278044565
CC1NC1C(=N)OC=O,6.353731579407734
COCCC1CCC1C,9.085631351766585
CC1=CC(=O)CCCC1,5.204230705083069
N=C1OCC2OC(=O)C12,6.798550790488369
CC1C(O)C1C(O)CO,8.172781098327109
Cc1cnccc1O,5.9838915387985665
CC1=C(CCC1=O)N,5.505475475033695
CC1(C)CCOC1C=O,5.902038143984044
COCC12NC1CC2=O,5.84909103363838
COC12CCC1(O)C2C,8.18437065789433
CCN=c1ncnno1,4.704604475942459
CC1CC(O)C(=O)N1,7.361666182220587
CCOC(=O)C(O)CC,7.404575355796169
O=C1CC(CC2CO2)C1,6.106240136735103
CC1OC2CCC12C=O,5.747103128753087
CC1C(O)C1(N)CC#N,7.62082531907747
CC12CC1N1CC21C#N,6.6586093571239875
CC12C(CC1=O)N2C=O,5.7420376171254
N=C1NC(NC=O)=CO1,5.092957132134662
COC(C#N)C(C)C,8.182535219903865
N=C1NC(C#N)C11CO1,6.824287680669081
OC1C=C2CN3C1C23,5.484872521805027
CC12COC1(C)C(=O)C2,5.670372843699629
CC(O)C(C)CC#N,8.501606838027548
O=C1CC2CCC(=O)N12,6.152422001239055
CC(OCCC#C)C#N,7.731662415986113
CCC1C(O)C2(C)CN12,7.9072783624628356
CC(=O)Cc1cnn[nH]1,5.867746549600356
COC12CN(C1)C21CC1,8.245607653519862
CC12CC3C1OC(=O)C23,7.16345211831452
Cc1c2c(c[nH]1)onn2,5.48229165381291
OC1CCC(CC#N)=C1,6.92160410568982
CC1(O)C2CCCOC12,8.336161371823664
CC#CC(=NO)C#CC,5.1770112149703955
c1conc1C2COC2,6.576874805593732
CC(=O)C#CCNC=O,5.359204665873984
N=C1OC2CC3CC12O3,7.103068526464018
CCC(C)(O)CC#N,8.498053149895997
C[NH+]=C(N)C(C)C([O-])=O,6.470152353105024
CC1(OCC1=O)C1CC1,5.9598215505716325
C1CN1C2(COC2)C=O,5.609579555347434
CC#CC(C)OC(C)C,7.8237287179618615
NC(C#N)C1COCO1,7.578807853216299
C1OC2CCCC3NC123,8.323974264498014
CC1=C(C=NO1)C1CN1,6.34474987703831
C#CCC1COC1C#N,7.366899529273622
c1nc(on1)C2CCC2,6.766340169298783
CC1(NC(=O)C1O)C=O,5.700018945840942
CC12CC(C1)(O2)C(N)=O,7.239674950058962
CCC1CCC2CC1O2,8.587554909823334
OC1CC2(O)C=CCC12,6.644143249638374
COC(C)C#CCO,7.6202728457069675
CC1OC2CC12CO,8.302628581734801
OCC1C(O)COC1=N,7.444626966162138
CCc1ccncc1O,5.8598343416470104
C1CC=CCC(=NO)C1,6.669488038078418
NC1=NC=C(O)C(=N)O1,4.776335815129995
CC1CCC(O)C2CN12,7.838961344654429
CCC1CC2(C)CC12O,8.430679021419433
CCOc1c(c[nH]n1)C,6.515347358904965
COCC12CC(C1)OC2,8.669910437891557
c1c2c([nH]c1N)C=CC2,5.136416479303292
CCC(CC(C)=O)C#N,6.343491485783789
COC12CC3OC1C23C,8.091279969408056
OCC1C(CO)C1CO,8.334765708745381
N=C1CN=C2OCC2O1,6.775987600581143
OC1C2CC1NC(=O)N2,7.667831262225018
CC1C2CC(C=O)C12C,6.027165300586665
CC1(C)C2CC(=O)NC12,7.282730163112362
C1C2OC3CCC1OC23,8.487468957995667
OC1CC=CC1OC=N,6.801033474690257
c1c(c2c([nH]1)CCO2)N,5.93217320576926
CC1(C)OC2(CC2)C1O,8.325376775373806
CC12CC3CC4C(C13)N24,8.29509747668374
CC12NC3(COC13)C=C2,5.907689390028763
COC1C2OC1C2C#N,7.373082889393595
ON=C1C2CC(C2)C1=O,5.029866578653287
OC1C2CN2C1C1CO1,8.223067134225456
OCC1CCOC1C=O,5.913282713134019
CC1OCC2C3CN3C12,8.00514514105175
N1C2C3C4C1C2N=CN34,5.7337735510044325
CC1OCOCCC1O,8.803671665337433
COCC1(C)CC2CC12,8.909747673040965
COCCC(O)C#N,7.936617797292569
CCCc1ncco1,6.687007404173029
CNC(=N)C(OC)C#N,6.601384065997086
C1CC23COC12CC=C3,6.43951003601329
CC1(N)CC1(O)C#N,7.191395012552118
CCC(CO)OCC#N,7.8712034277597835
CC1OC=NC2C(O)C12,6.991429406148919
OC12C=CC3(O)CC1C23,6.148558629243853
Cn1ccc2c1C=CC2,5.173750744517029
OC1CC2C(C#C)C12O,7.326259486144675
N=COC1CN2CCC12,6.991658872874602
COC12CC(CC1)C2O,8.61689546574211
CCC(C)C12CC(C1)O2,8.484584454977643
CCN1CCCC1=O,7.222594524268444
O=C1CC2(CC2)C2CC12,6.0336939748690455
OC1C2CC11OCC1O2,7.906689277750633
C1C23COC12CC=CC3,6.536962311814337
O=CC1CC(C1)N1CC1,5.80323645854008
OC1(CCCC=C1)C=O,5.745662815952849
C1CC2OC2C2OC12,8.784062111731593
C1CC1CCCNC=O,7.650452471430999
CC1CC2C3C2C2C3N12,7.9507646944952235
CC1=C(C)C2OCC2C1,6.616241444715742
CC(C)n1c(ncn1)O,6.8436202133352655
OC1CN(C1)C(=N)C=O,4.630146089383331
CC(CO)COC(C)=O,7.618872949941357
CCOC(C)C#CC=O,5.484289724097017
N#CC1CCCC11CN1,7.623317343772614
CC1(C)COC(O1)C#C,8.037890881702408
C#CC1CN=C2OCC12,6.923591954720694
CC(=O)c1c(cc[nH]1)O,4.854011384418565
COC(C)C1(CC1)C=O,6.122762188870525
CC1(CC[NH2+]1)C([O-])=O,7.1937981983533135
CC1COC1C1CC1,8.711030611134596
NC(C#N)C12CCC1N2,7.142475183497991
c1cn(nc1O)C(=O)N,5.452528636533081
CC(OC=N)C#CC#C,6.263949514591341
CCC1(O)CC(=O)C1C,5.949543242617211
CC1CN(C=O)C(C)=N1,6.131786552514557
CN1CC(O)C(=O)C1,5.608648839641289
O=CC1C2CN3CC3C12,5.6971184952755
CC1NC(=O)C1CC#N,7.356235551717948
COCCCOCC#C,7.910538411919255
CC1(CO1)C1(CO)CO1,8.831497168739473
OC12CC1C1CCC21O,7.943162315311339
OC12CC1OC1CC21,8.124611968495454
CC1CC2(CC2)C(=N)O1,7.67607769081539
N=CN1CC11COC1=O,6.568642326907263
O=C1CC2(CC12)C1CC1,6.096166999631798
CC12CC1C1(CO1)C2O,8.545658856530938
ON=C1C2CC1C(O)C2,6.738495591878534
CC1C2C3OCCC3N12,8.11904276283341
CCCC1=CCCC1C,6.9988671180398345
CC(O)C(=O)CC(C)=O,5.824555406844809
CC1C=CC(C)C2OC12,6.946087629818402
C1CC11C=C2CN3C2C13,4.7455418084428995
CCC(=O)c1ncco1,5.236667134533113
OC1(CC1)C12CC(C1)O2,8.226533577540849
OC1(CC#C)CC1C#N,7.614613608231558
CC1C(=O)CCC1(C)C,6.050023088625988
OC1CC2C3CC12OC3,8.321802218754552
C1C2OC=NC3CN1C23,6.786863632988556
C1N2CC11COC3C2C13,8.264445870646892
CCC#CC1CC(=O)C1,5.986282350187885
COC=NC(CO)C=O,5.72437956078841
O=CC1OCC(C=O)=C1,5.024883643411597
OCC12C3CC1COC23,8.30773585946393
OC1C2OCCC(=O)C12,5.909062177391739
CC1OC(=N)CC11CO1,7.522735683355155
OCC1=CCC2NC12,6.587949104237763
CC(=O)NCC#CC#C,6.085698124534549
CC1(C)NC(=N)NC1=O,6.336570651266465
CC1C=CC(=O)CC1O,5.120997105192467
CCOC(C#N)C(N)=N,6.975750521673415
CN1C2C3(C)CC1C23O,7.598851194287338
Cc1c(cno1)C2CC2,6.432508492705528
O=C1C=CC2CCC1O2,5.002255207089224
O=CN1C=CC2CCC12,5.709119467383864
C1CC(C1)(C2CC2)O,8.812905629114727
CCn1cc(cn1)CO,6.941190958300372
COC12C(C)C1OC2=N,7.246458420569968
OC1C2CC=C(C#N)C12,5.532812345508818
CC1(NC1CO)C1CN1,8.267033603372724
COC1COC1C#CC,7.388390609565981
C1C2NC1C1=C2NN=C1,6.197578381696431
C1NC1C12CC3CN1C23,8.09721096038083
CC1C(O)C11OCC=C1,6.327769649790275
CC1C=C(C)C2CC1C2,6.860927334024355
N=C1NC(=O)CC2NC12,6.338211684226459
CC1C=CC=CCC1O,5.636121196049043
CC(=O)C1CCC1(C)C,6.130190530568266
CCOCC(C)(C)C#N,8.282548899473284
CC(C)OC(C=O)C#N,6.0748233164681285
CCC12C(C)C1NC2=O,6.908845007317675
Cc1c(c(ncn1)N)O,5.570892210930269
OC1(COC=N)COC1,7.239639339002412
CCC(C)N1CC1C=O,5.683961596311935
N=C1OCC1C(=O)C=O,4.466494485378803
C1C2CC3C1C21COC31,8.622033500187843
Cn1cc(nc1CO)O,6.126921749432869
CC(C=O)N1CC(O)C1,5.585470568329792
O=CC1=CC(CC1)C#C,5.201052569221298
CC1(NCCC1=O)C#C,5.624303748725526
CC(O)CC1(CC1)C=O,6.120170528821204
N=C1N(CC11CN1)C=O,6.119149177037349
C1CC(O1)C1=CC=CO1,6.314023778497496
c1cnc(c(=O)[nH]1)CO,4.93356613774333
CC12CC(C1)C(C2)C=O,6.087071666270239
CC12CC1(O)CC2C=O,5.973307403257392
CC(C#N)C1CCC=C1,7.206298538770767
N=C1C=CC=COC1=O,4.3270199497878625
OC12CC(C1)OC2C#C,7.440767150553226
CC1CCC2(CCC2)C1,9.414063419991447
CCC1COC(C)=NC1,7.388458777437647
CC1N=C2CCN2C1=N,6.174729426337816
CN1CC1(C=O)C1CC1,5.588580889268092
OC1C=CC(=O)C11CN1,4.93919046802352
CC1=C(ON=N1)C1CO1,5.916487742588459
OCC(O)C1=CON=C1,6.6275445853009884
CN(C)C1=COC(=N)O1,6.304434000956477
CC1N=CN2C(CO)C12,6.638486021455326
ON=C(C#C)C1CCO1,5.753246159678515
CC1CC2COCC12,8.778467094216442
CC1=C(N=CN1)C1CN1,6.568604333458721
C1C2C=CC3OC12C=C3,5.872211283088751
CC1(CC(=O)C(=N1)N)C,4.960224622533192
CC1CC1(O)C(N)C#N,7.598155563740167
CCC(C)C(=O)C1CO1,6.0504243864974665
CC1C(O)C1(C)CC=O,6.0749181215244406
CC1C2COC2C1=NO,6.513345885038387
OC1CC(=O)C1CC#C,5.930510979688938
CCOC(C#C)C1CO1,7.61085226842217
Cc1cc(=O)[nH]c(n1)O,5.479997362623944
CCC12CC(CC1C)O2,8.670402148521294
c1c(noc1N2CC2)N,6.115348878709398
CC1C(C)(C)C1(C)C#N,8.336378503441608
O=C1CC2CNC(=O)N12,6.536682445124827
OC12CC(C1)C2CC#N,8.246048058671128
CC1(CC(O)CO1)C#C,7.740460302809871
OC12COC11CCC1C2,8.02218292519186
CCC1OC(=O)C1N,7.092299552602093
CCNC1CC1(O)C#N,7.091473734897974
CC(C)(CC=O)C1CC1,6.140853263331875
CC1(O)CC(C=O)C=C1,5.951928574044681
CC1C(O)C11CC(=O)O1,7.421622275113673
CCC1C2CC1CCC2,9.531620680348734
CNc1cc[nH]c1CO,5.9760515963456635
CC(C)(C(=O)N)OC=O,6.765843970332579
CC#CCN=COC,7.26034785292021
CC1C2CC(C)C1(C)O2,8.654182596346292
CC12CC1C1NC(=O)C21,6.936370033219258
CN=COC1CC1C#N,7.20774593199228
CCn1cc(nn1)OC,6.2476355152005425
CCC1(C)OC(=N)C1N,7.421457185889377
C1CC(=O)CC2(C1)CC2,6.16971084754061
N=C1OCC(=O)C2NC12,5.779269493702834
COC1(COC1)C(=O)N,7.0650441927436765
C1C2C3CCOCC3N12,8.027114899465017
OC1CC(CC=O)C1=O,5.730660371791069
CC1CC2C3CC2C1O3,8.726863841803523
OCCCC1CC1C=O,6.213367768374355
COc1ccn(c1)C=O,5.396445328466141
CC(C)(C#N)C1CO1,8.460113292465607
C1N2C3COCC=C1C23,5.97861325272435
CC1(CC2(O1)CC2)C,8.494237378934654
CC1(CC2(C1)COC2)O,8.311019153015684
OCC1=CCOC(=N)C1,6.75074617439509
C1OCC11C2C3OC3C12,7.940050864601746
CC12CN3CC(OC1)C23,7.939866741694367
Cn1c(ccc1OC)N,6.179154610001547
OC12CC1N(C2)C=O,6.975173230831674
OCC1(CC1)C1CCO1,8.36504079251178
CCC12CC(=O)C1C2C,6.095037452465246
Cc1cc(c([nH]1)N)C=O,4.628351388807049
O=C1C2CC1C(=O)NC2,5.8267301782521965
OC1(CCN2CC12)C#C,7.195536956761414
COC12CC1(O)CC2O,7.9561627217814035
CN1C2C(=O)NCC12C,6.67286361475978
CC(=O)C12C3CC1CN23,5.9068400172736375
CC1CC2(C1)OC2C=O,5.928062943310859
C1C2C3OC4CC13C2O4,8.135961360985668
CC(C)c1c([nH]cn1)O,6.517009002148102
OC1C2CC3(CO3)C12O,8.246595505856707
CC1(C)OC2CC12C#C,7.171605103406431
C1C=CC(=O)C=CCO1,4.718200049937598
OC1C2CC2(O)C1C=O,5.956407462700991
CC1OC2C(O)C12C#C,7.151773668256524
CC1NC(=O)NC1C#C,7.505936631387812
CCN=C1C(=CCO1)C,5.842868195934213
COC12CC3CC1(C)C23,8.48958653970845
OC(CC#C)CN1CC1,7.502139309401731
CC12CC1C1C(C#C)N21,6.802637729643639
COCC1(O)CCC1=O,5.799711274960483
N#CC1CCC2CC1C2,8.947827944519199
Cc1cc(=O)[nH]c(=O)[nH]1,5.518387587271258
CC(C#C)C([NH3+])C([O-])=O,7.259785628892455
CCCOc1cnco1,6.453071874151517
C1CCN=C(C1)OC=O,6.43805867029138
OC1COCC2CCC12,8.518128991435528
CC1=NCC2NCC2O1,7.048610525408535
CCCC1=CCC(=O)C1,5.968968969541871
O=C1CC23CC2(CC3)O1,7.374995873394403
CCC1(C)CC(N1)C#N,7.320280149575833
