smiles,gap_eV
CC1(CN1)C(C#C)C#N,7.342311924987126
C1CC11C2OC2C11CO1,8.357652651437572
OC1CC1C1CC(O)C1,8.544999415538722
OC1C=CC2COC12,6.681638881614612
CC1OC1CNC(N)=O,8.05513607243892
O=C1CC2OC2(C1)C#C,5.894867495325091
C1C2CC3(COC3)C12,8.613638688894017
CC(C)(O)C(C#C)C#N,7.994386920068232
CC1COCOC1=N,7.624809443460343
CC#CC1(O)C(C)C1C,7.3317590436763505
OC12CC1CC2CC#N,8.081593567426795
CC1C2C(=O)OCC12C,7.399143719710226
CC12OCC3OC1C23O,7.592545609582865
CC1C2C=CC3(CO3)C12,6.557433844750332
OCC12NC1CNC2=O,6.9193213989082025
OC12C=CC3C(C=C1)C23,5.981449655603274
c1cnc(cn1)CCO,5.497240056169897
CN=C1OCOC2CC12,7.178159238770214
CC12CC(N1)(C=O)C=C2,5.612602610647399
CC1CN1C(=O)CCO,6.9780968791705105
Cc1c[nH]c(c1O)OC,6.226056465734105
CN=C1OC2C3CC3C12,7.220683417905139
CCCC1CCOC1C,8.729912945847417
CC1(OC1C1CN1)C#N,7.193763348756191
CC1C=CC2OC12CO,6.639036956256408
CC12C3N=C4NC1C4C23,5.205173756044758
C1C2C3NC3C3(CO3)C12,7.990115473725435
CC1=CC(O)C2(CN2)C1,6.6859655782741285
N=C1C=COC(=O)N=C1,4.77654644265799
NC1=NC2COC2C1=O,4.52930046396937
C1OC11CC2OC3C2C13,8.306562444195059
N#CC1NC23CC(C2)C13,7.249108399775983
N#CC1OC23CC(C2)C13,7.2293201637735205
CC1CC2CNC12C#N,7.005249044868867
NC(=O)C1(CCO1)C=O,5.591221816777839
CC1(CN1)C1(CC1)C#N,7.483064574260419
C1C2COCCCN12,8.34236306069197
CC12CC3(O)C1NC23,8.017262329249949
CC#Cc1ncn(n1)C,5.901990817773458
OCC12CN1CC=C2,6.355532328435369
CC1(O)C2COC1CO2,8.339352954324802
CCC1OC(=O)C=C1N,5.9908125035053645
CC1(CO1)C(=O)NC=O,5.949220183301496
CC1=CC(=NO)CN1,5.1945515996106755
CC1C(N1C)C(=O)C#N,4.787695254462151
OC1CC=CC(C1)C#N,7.218004419129402
C1OC1C1OCC11CO1,8.624328796151907
O=CC(=O)NCC1CN1,4.885770921879553
C1C2=C(COC2)C(=O)N1,5.667614489804067
CCC1COCC=CC1,6.918903516046264
Cc1c(oc(=O)cn1)C,4.817117313231893
CC1C2CN1C(C)CO2,7.958319963971624
CCCC1CNC(=O)N1,8.054826514603242
O=C1C2CNC1CN2,5.483792774850856
NC1(C#N)C2CCCC12,7.623235870274973
NC(=O)N1CC1CC#C,7.410508261927903
CC1CC=CC2OCC12,6.873479115585024
CC(C#N)N1CCCC1,7.205676968480951
CN1C2C3NC3C12C=O,5.408009876221788
CC(C#N)C1=CN=CO1,6.499543991323931
CC1=NCC(O1)C#C,7.268443890653049
CC1OC(C)(C#N)C1=O,5.85381111891396
NC(=O)C12OC3C1CC23,6.79490517518587
CCC1=CCOC(C)C1,7.038406887053531
c1c(onn1)CC(=O)N,6.078012028998471
OCCC1CCCOC1,8.727597244952845
CN1C2CC=CC1C2O,6.2286730180289736
C1OC2C1CC1OCC21,8.377321179539846
CC12NC1COC2C=O,5.764136118271242
CC1CCC=C1C(N)=O,5.90209607392208
C1C2CC3OC2C1C=C3,6.679156786573053
OCC#CC(CO)C#N,7.525721998047692
CCCC1OCC11CN1,8.357650841275952
O=CC1OC(C=O)C=C1,5.4498459159828005
CC1(O)C2CCC12C,8.42636344237957
CCC(C#N)(C#N)OC,7.684005928249693
CC1(CO1)C1(CO)CN1,8.55631096095344
O=C1NN=C(N1)C1CO1,6.39068877618589
COC12CC3C1C2N3C,7.9346190719210075
COC1=CC(=O)NN=N1,4.692346143986485
OC1C2C3CC3C12C=O,5.768760663747711
COC1(C)CC1(O)C#N,7.392646016712137
CC#CC(CO)CC#N,7.93783427195029
CCC1=CC2C3CC1C23,6.355205230387579
CC#CC1C2C3CN1C23,6.98722728629792
c1c2c([nH]n1)COC=N2,5.455439028381527
CC12OC3C(C13)C21CN1,8.10480689169052
OC1CC=CC(=O)C1,5.137801339583436
C1C(CO1)C(CO)CO,8.380664913666632
Cc1c([nH]nn1)C(=O)C,5.434614616148153
COC1(CCCO1)C=O,5.879421375398119
C#Cc1conc1CO,5.7610384808926565
C1OC2C=CC3C1OC23,6.349310301191423
COCCCN=COC,7.219120714564002
CC1(CN1C=O)C1CC1,6.83035832427328
CC(=O)CC1(CO1)C#N,6.170049728152209
CC1CC1CCCCO,9.209959965880788
CC1OC2CC(=O)C12,5.841567837482741
N#CC1CN2C3CC3C12,6.942894683957604
C1N=C2OC3C=CC1C23,5.941868377257544
CC1(C=O)C2N1CC2=O,5.551873028429339
C1CC12CN=COCO2,6.983365464641911
OC1(CCC1C=O)C=O,5.660683121667514
CC#CC1(CN1)C1CC1,7.378166766597039
CC1CC2(C)CC2(C)O1,8.431095235678987
CC1CN2CC1C2C=O,5.5885346241244385
CCCCN=COC=O,6.614513787187804
CCOc1coc(n1)C,6.172707233072621
CCC1CCC=CC1=O,5.159510341672639
CN=C1C=C(O)NN=N1,4.5332976094464374
N#CC12CC(C1)C21CN1,7.503015348779866
OC1C=CCNCC1=O,5.496614739057282
CC1C(CC#N)C1C=O,6.109438362895372
CCC1OCC(C)=C1C,6.766105148056521
CCC1CC(C1)C#CC,8.119805585101414
CCC(C)C1=CN=NO1,6.653831849400233
OC1C2OC3C2C13C#C,7.066727475183111
CC1OC2C1OCC2O,8.2597899569732
CC12CC1C(O)C1CC21,8.524045648107663
CC(C)C(C)C(O)C#C,8.150944102431284
CC1=NOC(=N1)C1CN1,6.120848252305914
CC(=O)C1CC1(O)C#N,6.093723552484599
Cc1cc(n[nH]1)N2CC2,6.219300942198623
CC#CC1C2CC1CC2,8.129599825813605
C1OC2C1C1C3OC3C21,8.20965623993045
OC12CC3C(CC1=O)C23,6.116602811608441
NC1=CN=C(N1)C1CO1,5.8991972673448245
C(CCOC=O)CC#N,7.614790527991737
CC1(CCOC(=O)C1)C,7.454809355965695
OC1CC1C1(CC1)C=O,6.125420828638159
ON=C1CC2(O)COC12,6.607670578171643
CC(C=O)N(C)CC#C,5.533452568456953
c1c(c(n[nH]1)N)CC=O,5.087161056183069
CCC(C#C)C1CC1C,8.299870409875952
OC12CN(C1)C(C2)C#N,7.075828344515691
[NH3+]C1(CO)CC1C([O-])=O,7.306493642042888
C1NC1C1=CC=NC=C1,5.872130944520413
CCOC(=N)C(=N)OC,5.8789120253751594
COc1ccc(=O)[nH]n1,4.683480997748926
C1CC12COC23CC3,8.339465979457737
c1coc2c1CCCO2,6.077347034025734
c1nc(c(c(n1)O)N)N,5.505312342296929
N=C1NCC2(CN2)C1=O,4.687022395248733
CC1CC(=O)CC1C,6.063254699904233
COc1ccncc1N,5.435235621413625
CCC1CCC1(C)C=O,6.066867702452619
CCCC(=O)NC1CC1,7.4450859522453605
CC1CCOC(=O)C=C1,5.972534983122748
CC12CC3(C#N)C1NC23,7.1600430897207925
Cc1c(ocn1)N2CC2,6.052399271768381
OCCC1C2C3CN1C23,8.136913682462907
CC1OC2C3CC1C23C,8.414711214693128
O=COCC1OCC=C1,6.6621415734260045
C1C2CC1C1OC1C=C2,6.701513912040133
CC1CC2(COC2=O)O1,6.974445560613441
OCC1C2C3CN1C23,8.042880663726557
CCC12OC1(C)C1CC21,8.34134422242267
CCC1C2CC1C(C)O2,8.639050750772453
OC1COCC(=C1)C#C,5.658483388391648
CC(C)C1(C)OCC1O,8.329018875837422
CC([NH3+])C1=COC([O-])=C1,5.179712519478491
CC12CC(OCO1)C2=O,5.718145432655749
N=C1COC2CC2CO1,7.286887539818028
CC12OC1C1OC2C=C1,6.624648423935638
CC1CC2OC2C1CO,8.86428380363262
CC1C2CC3OC3(C)C12,8.872331059830922
O=C1CC2OCCOC12,5.622692669821874
N#CC12CC1NCC=C2,6.491688795920361
OCC1(CO)CC1C#C,7.832625673325457
O=CN1CC2OCCC12,7.093362876998578
CC1=C(OC=N1)C1CO1,6.270792990333465
CC1=CCC2OC12CO,6.631212592273803
COC(C#N)C1CC1C,7.907768769975259
CC1CCC=CC11CN1,6.694072886512078
CC1CCC(C)(O)C1C,8.785702617068461
C1CCC=CC=CCC1,5.6134992973032425
NC12CC1N1CC21C#N,6.647278482547943
CC(=O)C1(CN1)C(=O)C,5.464660408319007
CC1CC2(C)OCC=C12,6.570403305830156
CC1CN2N=C(C)N=C12,6.928009722974821
C#Cc1c(nc([nH]1)O)N,5.469516203518163
NC1=CC=C2C3CC3N12,5.9653789485480555
COCC1C2CC(O)C12,8.373112659134673
OCC1C(C#C)C1C#C,7.3693985604604215
CC1(C)COCC2CC12,8.641598057722785
C1CC2CCCC=C2C1,6.9881570471183485
C1C2OC11CCC=CC21,6.654583492723061
CCC12CC1C(C)(O)C2,8.60342424996468
CCC(N)(CC#N)C#N,7.734330786337193
CC1OC(CC#C)C=C1,6.9266820531302
CC(=O)C(CO)C1CN1,6.084296136248437
c1c2c(cnn1)CCC2,5.872706179936904
CC1C(C#N)C1C(C)=O,6.210374698980392
OC1C2CC2(C#C)C1O,7.408349292833645
CC(O)CCOC(C)=N,7.754955628837795
CC(O)C1(C)OC2CC12,8.240950066402958
CCC(=O)N1CC1C=O,5.78625160139892
CC12CC3CC1(C=O)N23,5.823073780956005
CC12CC3C(O)C(O1)C23,8.112881554437104
CC1(CO)CC2OC12,8.76675471257247
CC12C3CC4CC1C4C23,8.773209949736227
CC1CC(=O)C(C)=C1N,5.509079382452225
CC12CCOC1=NCC2,7.23507697652871
C1C2C=CC3CCC12O3,6.491455297901752
O=CNCC1CCCO1,7.437937736598672
CC1COC1(C)CC#N,7.8704936069100135
CC(=O)CC1(O)CC1O,6.236374909120548
CC1C2CC(C)C1O2,8.783006807041614
OC1(C=O)C=CNC1=O,5.200565393866025
C1OC2CC34CC(C3)C124,8.287610595265154
CC1C(CC=O)OC1=N,6.1006847617532385
CCc1c(nc[nH]1)O,6.430524089259683
C1C2OC2C2=C1N=CO2,6.24568241513139
CCC1OC(CO)C1O,8.284330932679167
OC12CC(=O)N3CC1C23,6.521777450688448
CN1CC(O)(C#N)C1=O,6.65431891266967
CCC#CCC(=O)OC,7.400993256574953
O=C1C2OC3OCC2C13,5.765729867519503
CC12C3N1C1C3(O)C21O,7.326817382195609
CN1CC1CCC1CO1,8.567342773620185
CCOC1CC(=O)C1O,5.944706008736677
N#CC12CC3C(C1)N3C2,7.487462310003179
CCC1(CCCO1)OC,9.085156634958711
CCC1(O)CC2(CO2)C1,8.692628474866261
OCC1CC2CC1CO2,8.505596978701673
O=C1CC2C3CN3C2C1,5.883286175650159
CNC1COC(=N)C1=O,4.867991535342307
CC12COC1CC21CC1,8.380385952132594
N=C1OCC2OC2CO1,8.052910114542152
CC1CN1C(C)(C)C#C,7.503423916345388
CCC(C=O)C(C)=NO,5.865492289860913
C(C1CO1)C1=NC=CO1,6.635584861921387
C#CCC#CC1(CC1)O,7.168130338191997
O=CC1(CN=CN1)C#N,5.500872421424852
CCC1C2CC(O2)C1C,8.671604353636042
CC1C23CCC12OCC3,8.124020606868488
CCCC1(CO1)C1CO1,8.986855780581049
CC1C2OC(C=O)C12,5.789986641254838
C#CC12CC3CC3C1N2,7.174289610563461
CC1CC(=CN1)C(C)=O,5.352878290049022
CCOC1CNC1C#N,7.173182287387145
CC1C(N1C)C(C)=O,5.700228623794887
CC(C)(CC1CC1)C#C,8.398160517843468
CNC1=NC2CC2C1=O,4.436422764014836
CC1C2COC(=O)N12,7.756520012118391
Cc1[nH]c(cn1)CC#N,6.763764056341689
CC1OC2CCC12CO,8.206598394138686
OC1C2C3C4C1C2N34,7.981422683295303
O=C1C2CCC2C2CN12,6.559819599440637
OC1CCC2C1OC2=O,7.466121693367391
CC(C#N)C1CCC1O,8.309988212228467
CC(C#C)C1=NNN=C1,6.918368165368315
OC1CN2C3CC(=C1)C23,5.982255891506665
OC1C2CC3OC3CC12,8.66800499284897
CC1CC2(CO)CC1O2,8.39742989732171
CCC12OCC1C2C=O,5.865380954545596
CC12CC(C)(C)C1(C)O2,8.661894479406103
CC12CC(O)(CO1)C=C2,6.6494318178134755
CC1=CC(O)C(C)(C)C1,6.944914982708605
CCC1COC1(C)C#N,7.6972976648360945
C1CN=C(CN1)OC=O,6.301583973516126
CN(C)C1C=CCC1=O,5.337305291095387
CC1C2CC2(O)C1(C)O,8.190453322893156
CC1OC(=O)CCC1=O,6.02750989130935
CC1=CC23OC4C2C1C34,5.3292120365930575
c1cnccc1CC=O,5.234219188306467
CCC1(O)CC2OC12C,8.607628605422423
CC1C(CO)C11CCO1,8.168779906697143
CC1CCC2OCC2=C1,6.757173760921382
C(CCC(=O)N)CC=O,6.02290547220638
CC12OC1C1(OC21)C=O,5.731986330967275
OC1CC2NC(=O)C12O,6.929611754499004
COC1=CC(=N)OC=N1,4.769633827518914
CCC(C=O)N=COC,5.888110947505161
CCC1COC1CC=O,6.020055588344413
COC1C=CCCC1O,7.082449138207169
N=C1OCCC2NC12,7.111524509117473
O=C1CN2CC2C2CC12,5.6498379313346545
CCC1N=COC1(C)C,7.345374289725372
CC#CCC1COC1=O,7.420646286541206
CC1C(CC1(C)O)C=O,6.0493502194189155
CN1C2C3OC3C12C=O,5.498061168130725
C1C2CCOCOCC12,8.981412416376097
CNC(=O)CC(O)C#N,7.2643951276967105
OC12CC3CC1C3C2=O,6.338860474019089
CNC12C(N)C1OC2=N,6.757300109349443
CC1COC(=O)C(C)C1,7.425052513755956
NC12C(CO)C1NC2=O,6.721568876895969
CCC12CCC1C(=O)O2,7.582685764682816
CN1C2CCC1C(=O)C2,5.472432444381317
CC12OCC1=CC1CC21,6.212713911834985
CN=COCC#CCO,7.220490037258148
C1OC2C3CC=CC12O3,6.468608340976265
CN1CC(C1)(C=O)C#C,5.217428274566537
C1OC11CCC11COC1,8.501641313501036
CC1(COC=N1)C1CN1,7.198409883012017
OC(CC#N)C1COC1,7.735884313872619
CC12OCC1OC2CO,8.05164764412504
C1C23CCC12N=COC3,7.020698121366535
Cc1ccc(nc1O)C,5.673504076531702
CC1=C([O-])C(C[NH3+])=NN1,5.604143032191256
CC1NC11CC(=O)C1,5.959689825183226
CC12CC3CC4C3C1N24,8.467816860574594
COC1CCC1CC=O,6.084164881466682
O=C1CC2C3COC2C13,6.024034575354143
CC1CCC1C(O)C=O,6.026706755083407
CC(C)C(=O)OC=N,6.987297722861335
N#CC12CC3NC1C3O2,6.782410920066451
c1c(nc([nH]c1=O)N)N,5.413437111928751
OC12C3CN4C(C13)C24,7.9691661346192335
CC1(C)C2OC1C21CO1,8.499668797290772
COCCC(=O)CC#C,6.213271183118203
OC1C2C3CC4C3C1N24,8.011542777860909
CC1(O)C2C3OC1OC23,8.199250516703861
O=CC12OCC1C1OC21,5.759313580227916
C1CC=C(C1)CC2CC2,6.997457904028037
CC1OC1CN(C)C=O,7.225654629396587
O=CCCC1CN2CC12,5.851514214205469
C#CCC12CC3C(O1)C23,7.483120427886302
NC(=O)C12CC(O)(C1)C2,7.337360459541172
CCCC1CNC1=O,7.534690869887832
C1CCC(CC1)C(=O)N,7.460875758457583
O=CN1CC11C2CC1O2,6.978105588389262
CN1C=NCCOC1=O,6.608224967021968
CC1CC2(C)OC=NC12,7.214420484022494
CC1OC(=N)CC1CO,7.718705974859523
CC12COC1(C)CCC2,8.501666258247994
CCC1C(C)C(O)C1=O,5.912903217909858
CC1=CC(C[NH3+])=C([O-])O1,4.903204918795026
OC1CC2C3CC1C23O,8.432168293162714
C1CN1C1C2C3OC2C13,8.175571668374538
CCC1CC(C)=CCO1,7.057233348789825
CC1N2CC2C11COC1,8.200584217186826
Cc1c2c(cno2)on1,5.568390896957231
O=CC1CCCOC1,6.0749065141934295
c1cnc([nH]1)C(=O)C=O,4.027173190659122
CC#CC#CCC1CO1,6.123032560086579
CC#CC1OCC1C#N,7.286127385661482
Cc1c(ncnc1O)O,5.846985167867217
O=C1OCCC2NC12,6.964833624018403
O=CCC1CC1CC#N,6.190624355475334
CN1C2CC1C(=O)C=C2,4.659932948741063
CC(C#C)C1COC1=O,7.459950471930339
CC(O)(CO)C#CC#N,6.321922891518841
CC1CC1C(O)C(C)=O,6.288293616786358
CC1(CC(O1)C#C)C#N,7.280982729729352
CC(=O)c1c(cno1)N,4.854285974065054
CC1CC(CO)C2CC12,8.906229902414447
OCC12OCC1C1CC21,8.229263063423717
NC1=COC(=N)C(N)=N1,4.603710101375273
c1cncc2c1CCO2,5.78172943361192
CC1CC1C1(O)CC1C,8.500556552341537
OC12CC3C(NC13)C2=O,6.166192917935816
CN=C1OC2COCC12,7.2307737869222
CC1CC2CC(=O)C2O1,5.789927450105384
CCC12CC(C1)OC2C,8.663307505124914
Cc1ccc(oc1=O)O,4.648051028001628
c1c([nH]c(n1)NC=O)N,5.644722953675369
CC1C2C3C2C2(CC2)C13,8.801217080109783
CCC1(COC1)C#CC,7.710546052627528
C1C(=O)C=CC12COC2,5.075694120306718
CC12COC3CC1CC23,8.873279360530752
N=C1OCC23CC(N2)C13,7.0183974412333185
CC(=N)OC1CCOC1,7.575357992140595
CC1(O)C(=N)NCC1=O,5.479408092713402
CC1=NC2COCC2O1,7.183023863665595
OCC1(O)C2CC1C=C2,6.5287884160915635
CC(=O)C1CC1(C)C=O,5.811952059983132
C#CC12OC1CC1OC21,7.139559165148773
CNC1CCC1(O)C#N,7.154821791190033
NC1=CNC(O)=NC1=N,5.039319455859708
NC1CC(CO)OC1=O,6.977838911947727
C1C(=CC(=O)C1=O)CO,3.9438655486379233
ON=C1CC2(O)CNC12,6.3996257072223806
O=C1OC2C3CNC1C23,6.703470919292549
CCC(=O)C(O)C#C,6.134542087435038
CC(CCO)C1COC1,8.586915407329709
CCC1(N)CC1(O)C#N,7.269168895162329
CC(OC(=N)C#C)C#C,6.316008525604177
Cc1cc(c(o1)OC)O,6.051534581571072
CC(C)(CC#CC#N)O,6.531120294451071
CC(NC=O)C(C)=O,5.8365181734521405
CC1=CC2N3CC2(O)C13,5.534693516281477
Cc1c(con1)C(C)C,6.6684967741681085
CC12CC1C1(CC1)C2O,8.502180320652402
CC(C=O)C1NC1(C)C,6.024454340949681
CC12CCCC1C=CC2,7.021779483385391
O=C1C2COCC1N2,5.6237560936123465
CC1NC=[NH+]C1C([O-])=O,6.602102112055755
ON=C1CC=C2COC12,6.130015874044026
CC#CC(O)CC(C)C,7.9050500326259
CCC1CC2COC1C2,8.593555355424272
OC12CC1N1CC21C=O,5.574967305743909
CCC(N)(COC)C#N,7.8420665294456935
CC#CC1OCC1C=O,5.856659598435578
CCN1CC(C#C)C1=O,7.057800872166709
c1cnc([nH]1)C2(CC2)O,6.506359094406303
C1N2C3C4OC3C2C1=C4,4.9510097929370485
CC1=C(COC(=O)C1)C,6.8148979886224605
CC12OC3C4OC4C1C23,8.048204790138325
CN1C2CCOC2C1=O,6.819897139580023
O=CNC1C2C=CC1O2,6.4489336209845245
CC1=CC2(CC2)OC1=N,5.775951198016987
CCC(C)C1OC1C=O,5.952133337829944
CC12CC(=O)C(O1)C=C2,5.7988304526904155
C1C2OCCC3OC2C13,8.303901271006122
OC1C2CNC(=O)OC12,8.043964958344448
CC(C)CC(C)C(C)=O,6.277672832165636
CC(C=O)C(=O)C1CO1,5.536367378143252
Cc1c(c(ncn1)O)O,5.705250521269507
OCC1C2C=CCCN12,6.392732212504345
O=C1C2C3CC4C3C2C14,5.856660032421245
CC1C2OC1C1CC2C1,8.63645555408533
COC1CCOCC1C,8.686471992038156
N=C1CC2OC(O1)C=C2,6.6181857241713065
C1OC1C1CCCOC1,8.958710207773086
CN(C1CC1)C(=O)CO,7.123914957075618
N=C1NC(C=O)C1C#N,5.8723275795282435
CC12OCC1CC2C#C,7.59930738451005
Cc1c(ccc(n1)O)N,5.18038995439444
CC12NC1CC(O)C2O,8.124940378123844
CC1(O)CC(O)C(=O)C1,6.009815991983868
OC12C3CC1C1(CC1)C23,8.321101890426055
CC(C#C)C1OCC1C,7.92765651391818
CC1(CC(CO)O1)C#C,7.562772163651153
CN1CC2CCC12C=O,5.219863914623767
CCC1C(NC1=O)C#C,7.303081540102225
CC1=CC(O)C2CN2C1,6.354448822672294
C1OC11CCC2OCC12,8.683536812953838
C#CC1(CCO1)C1CN1,7.307022874550813
CCC12CCOCC1N2,8.404806371375248
CNc1ncc(o1)C#C,5.165388445834019
CC12CCCC1CO2,8.686853341680859
CN=C1OC2(C)CNC12,6.940702747194518
CC12CC1C1(C)CC21O,7.885899584579188
CC(C)CC(=O)OC=N,6.992717949228918
CCC1=CC(=O)CCN1,5.298120966826738
CC(=O)CCC(=O)N,5.994817917766092
COCC1C2CC(=O)C12,6.097960511928634
CN1C2C3NC2C3C1=O,6.514928189219869
CC1(C)CC(CCO)O1,8.611552460363715
OC1(C=O)C=CC2OC12,5.6572019144247765
N=C1CC(OCO1)C#N,7.548269874528193
OC1C=CC(=N)OC1=O,5.536992297526719
CC(O)C#CC(C)O,7.730350126054546
CN1CCCC(=O)C=C1,5.068129315343489
CC1=COC=C([O-])C1=[NH2+],4.625880966612984
C1C2OC2C11COCO1,8.56778717735712
OCC1OC1C#CC=O,5.496477368774848
CC1NC(=O)C1N(C)C,6.695831161381866
CC1OC(=O)NC1C=O,5.849356913074695
CC1(CC1)C1C(O)C1O,8.252313431878088
CC1(CN1)C1CC(=O)O1,7.376885448370883
C1COCC=C1CC=O,5.904763541624545
CNC(=O)CCC1CO1,7.417024529522122
CC(O)C1OC2CC12O,8.10628528078002
O=C1COC2C3OC3C12,5.74263380618053
CC1=CCC(=O)C12CC2,5.836606235742209
CC1C2CC1C(=O)N2,7.190179157403465
CC1CCN2N=CN=C12,6.988563197415065
Cc1c([nH]c(=O)o1)CO,6.386342987238284
N=C1OCC1(C=O)C#C,5.854079508153271
CC1(CCOCC1)C#N,8.093998329983457
CC12CN1C(=N)C2O,6.695259327228898
CC1OC1(C)CC1CC1,9.156156944541019
O=C1N2CC2CC11CN1,6.392685384188322
OC1CCC2CC3C2C13,8.733638047528377
CC(C#N)C(=N)NC=O,6.158081064927708
OC12COC1COC2=N,7.185943120226126
C#CCCc1cnc[nH]1,6.7703046836854845
OC12CC1(O)C(C2)C#C,7.411443758102639
O=C1C2CC2C1CC#N,6.078021277337337
CC1OC2(CCC2)C=C1,6.736382613110695
CC(O)C#CCCC#N,7.707168956131536
COCC1(CC1C)C#C,7.864054970453672
CC1=COC(=N)N=C1N,4.66850758288903
CCCC(=O)CC(=O)N,5.88953365927728
C1C2CC3=C(NC=C3)N12,5.97694754592767
CCC1C2C3CCC1C23,9.042543684297973
C#Cc1c(cc(o1)N)N,5.178497709227507
CC1C2NC(=O)C(O)C12,7.053812898741023
OC12CC3CC1(O)C23,8.09369711126573
CC1CCC(O)C11CC1,8.73274227022871
c1cnoc(=O)c1CO,4.947546577659049
OC1COCCC11CO1,8.504765615227402
c1[nH]c(c(n1)NC=O)O,5.349555148183347
CC1(C)C(O)C11CCO1,8.00890250069826
C1CC23C=CC4C(C24)N13,5.630031819835345
ON=C1CC(C1)OC=O,6.749792886913398
OCC(=O)C#CC1CO1,5.337952653772808
[O-]C(=O)C1CN(C1)C=[NH2+],6.446668919611761
CC1C2C3C2C2(CC2)N13,8.369591500492746
CC12OC(N)=NC1C2O,6.971377748015017
CC12CC(C)(C1)C1CC21,9.2694102391805
CC1C2(C)CC1(O)C=C2,6.545557248160024
C1C2OCC11OCCC21,8.554542560338943
O=C1NCC2CC1C=C2,6.5155367704656495
Cc1c(oc(n1)C)OC,6.268805856064334
CC(CC#C)C(O)CO,8.126992905794808
O=CCC12CC1OC2=O,6.128519966228951
CC1COC2CC1C2=O,5.703404756354965
CC12C=CC(O)C1C2O,6.451280407557473
CC#CC1C2CC1(O)C2,7.681145445068784
OC1C2C3C4CCC13N24,7.867108989603233
CN=C1OC(C)C1CO,7.3943169665534185
CN=CNc1ccco1,5.632986037111302
OCC1C2COC12C#N,7.060713023516505
CC12OC3C1CCOC23,8.206365293507066
C1OC23CC(COC2)C13,8.338654490396578
COC1CC1(C)C1CC1,8.731621294481476
CC1C2N1C(C)(C)C2=O,5.917937703192811
CCC1(C)OC11CCC1,8.859563319533454
CCC#CC(O)C#N,7.491621408164582
C1CC11OC2CCC12,8.457420638654744
CC12CCCC(O)C1O2,8.825001072299978
[O-]C(=O)C12CC([NH2+]1)C=C2,6.135028355253601
CC1(CCC1)C2(CC2)C,9.207199198845707
OCC12OC1C1(O)CC21,7.989569068697097
CC(CC(C)=NO)C=O,5.988684241745103
NCC1(CC(=O)O1)C#N,7.0688473777677325
O=CC1C2CCCCN12,5.718692881476287
OCC1C(C#C)N1C=O,6.844589733992448
CC1C2N1C1C(C)C21O,7.55957386437742
CC1(C)CN1C1CC1O,8.044267732314047
CN1CC11CC2C(O)C12,7.851993425141808
OCC1C2OC1C21CN1,8.178613846211224
C1CC(C1)C1CCC=C1,7.1397233990857485
C#CCCc1cocn1,6.608930948319522
OC12COCC1C2C#C,7.294377703624106
O=CC12CN=C3NC1C23,5.284587816211177
CC1CC(C)C=CC=C1,5.472005914552842
CC(NC1CC1O)C#N,7.272198946981016
CCC12C3C4N1C2C34O,7.342275792461169
Cc1cc(c([nH]1)C#C)O,5.472054554304891
C#CCc1[nH]c(=O)on1,5.953733035693406
CC(C)C12CC1(C)CO2,8.31479908090709
OC12CC3C4C(C14)N3C2,8.115891991619367
OC1C2CCC1C=CC2,7.033939841211924
Cn1c2c(cn1)OCO2,6.060184692417721
CC1(CC2(C1)CCO2)C,8.520105517988991
CC1CN(C1)C(=O)C#C,6.103707105621739
C#CC1COCC=CC1,6.8794714946473405
C#CC1C2CC1C2(C)C,8.215909692488472
CCc1c(cno1)C#N,5.8921094680236
CN1CCOCC(=O)C1,5.388091594872167
COC(C)CC#CCO,7.712171327447472
C1C2CC34CC3(OC4)C12,8.143975614580665
CC1CCCC1(C)C#C,8.216145500214854
COC1C2C3OC3(C)C12,8.03770003260414
CC1=CC(=O)CC2CC12,5.096363949609401
[NH2+]=C1NC[C-](C=O)C1=O,4.1670306377063335
CC1(O)COC2CC12O,7.9294366635469515
CC1N=COC(=O)C1C,6.697362748749411
CN=CNc1cnoc1,5.673286535170341
OC1C2CCCCC12,8.612422255835744
CC(C)CCC1(CC1)O,8.830810925759145
CC1C2C3CC=C1C23O,5.697999783757091
CC(=O)CCC(O)C=O,5.901077101425962
CC(=N)OC(C#C)C#C,7.353754956093836
CC1(CC(N)=O)CC1O,7.3797290598634255
C1C23CC=CC12C1OC31,6.007809521374482
C1C2C1C1CCC2CC1,9.362553382225107
COC(C)CC(=O)OC,7.212859311882575
OC(C=O)C1C2CC1O2,5.797367723330545
CC12C3CN1C3C21CN1,7.908074546396623
CN(C)C(=O)CCOC,7.299996760734267
CC1(N)C(CO)OC1=O,6.824252650147444
CC1(COC=N)COC1,7.400144080655391
CC(CCC#N)C(C)=O,6.3004247509937645
CC(C#N)C1=NOC=C1,6.700994914957824
COC1=NC2CC2(C)N1,7.071635518710134
O=CC1C2OC2C1C=O,5.647354549467521
CC1OC(CO)OC1=N,7.6787279672987125
CC12CN3C4C1C2C34C,7.993939961494436
CC1(O)CC2C=CCC12,6.875963452139775
Cn1cnc(c1N)CO,6.041787636166857
C1CC(C1)NC(=N)C=O,4.699395507636449
O=CCC1CN1CC#C,5.849693342365297
CC(=O)c1c(cc[nH]1)N,4.7542558117306095
O=CNCC1CCC1=O,5.975631805915505
NC1C(COC1=O)C#N,6.894917128231305
CC1CC=CC2CC12O,6.765295660117094
O=C1NC=CCC1C#C,5.6768448915979235
CC1OC2(CC12)C1CO1,8.432782117381414
OC12CC(NC1=O)C=C2,6.171516823229567
O1C2C3C4C5C4C(C23)C15,8.134484967012673
CC1CC(C1)NCC#N,7.3702387214133696
Cc1c[nH]c2c1ocn2,5.596473706413288
CCC12CC=CC1C2C,6.659760867350672
CCCN1CCC1C#N,7.118717949896738
CCC12OC(=O)C1C2C,7.473757420816725
CC1=C(C)C(=N)N=NO1,4.5476737309751085
C1CC11C2C3OC1OC23,8.418739685692735
OCC1(CC=CC1)C#C,7.046897952576266
C1C2N1CC1=C2C=CO1,6.102910994868367
CCC1(CC1C#C)OC,7.754850425965183
OC12CC(C1)CC21CN1,8.410717204734295
OC1CC1(O)COC=N,7.333804865590522
O=C1CNC11CCOC1,5.5571342021603956
CC(CO)C1CN2CC12,8.12049101226222
CC(=O)NCCC#C,7.475401114070777
CC(O)CCC1(O)CC1,8.787362576918397
CC(=O)OCC1(CC1)O,7.492297058841766
CC(=O)CC(C)(C)OC,6.270417170245799
CC1CC(C)(C=O)C=C1,5.9328521167699275
CN1CC1C1CC(=O)N1,6.915551362096998
C#Cc1cc([nH]c1)CO,5.795194241397146
C#CC1CC11OCC=C1,6.458504427218754
Cc1cc(=O)cc([nH]1)N,5.429226292679587
CC(C)NC(=O)CCO,7.453321779547121
CC1NCC(=O)C2OC12,5.537614474045936
C1CC(=NO)C=C1C=O,4.850514743928048
CC12CC1C(O)CC2=O,6.094408718457446
OCC(C#C)C#CC=O,5.426090949906358
Cc1cc(no1)C(=O)C,5.312767157709735
c1c(c(c([nH]1)O)C#N)O,5.532599145560844
Cc1cc(oc1C)NC,6.009910041956049
CC1OC2(C)CCC12O,8.324226536683737
OCC1C2CC1(O2)C#N,7.322954739341493
OC12CN3CC1C23C#N,6.843134785768332
CC(C)C1(O)CC2NC12,8.186569200716274
C#CC12CC3CC1OC23,7.325629707293613
CC(C)Oc1ccco1,6.247635945563334
OCCC1OCC2CC12,8.531929384384723
CN=C1OC2C(C#C)C12,6.724693864214149
NC1C2NC2COC1=O,6.86991536289671
CC1=CNCC(O)C1=O,5.1017624979888065
CC1=NCCNC(=O)N1,6.551363288902502
CC1C=C2COC2C1O,6.531004399241489
CC(=O)N1C2CC1C2O,6.871614552923253
CCN(C=N)C(=O)OC,6.836222210957227
CC1CC2OCC(C)=C12,6.528038294838996
N#CCC1CC2OCC12,7.955698148000183
CC#CC1N2CC1(C)C2,7.077987525634613
C1OC1C1CC2COC12,8.655047198418945
OC1C(=O)C2NC2C1=O,5.092746493013355
NC(=O)C1C2NC2C1O,7.035534284560775
CC1C(OC1=N)C1CC1,7.803350621562794
OC1CCCC2CCC12,8.88426665501313
CC(CCC(N)=O)C#N,7.386598251270248
C1C23COC12CCOC3,8.268427618855792
O=C1CN2C3COC3C12,5.414924965337212
C#CC1(CC1)NCC=O,5.927363864081078
CC1CC1(CC#C)C=O,6.045281520240893
OC1CC2OC12C1CO1,8.357820351676713
CC1C2C3NC3C12C=O,5.864744266056685
CC(=O)C(C#C)N1CC1,5.709186819139051
C1C2OCC3COC1C23,8.499567660137064
CC1C2N(C=O)C1C2=O,6.051330249377397
CC1OC2C1=CCC2=O,5.745733956168173
CCC(CC1CO1)C#C,8.482819307523794
N#CC1OC2C=CCC12,6.5759390674621985
Cn1cnc(nc1=O)N,4.979361943337134
CCC(C)NC(=N)C=O,4.624714370317272
CC1=C(OC=N)ON=N1,5.916877948406128
O=C1CC2(CC1N2)C#C,5.864964579744942
CC1(C(=O)C2(O1)CC2)C,5.96348503554526
CC(O)(C#C)C(=O)C#N,5.126051233150812
O=C1CC2C3COC1C23,5.734943328043688
O=CC12C3COC1CN23,5.636699631080669
CC1CCC11CC1C=O,6.028559463595569
CCC(CC(N)=O)OC,7.474357728366577
CCC1(C)C(O)C1C#C,7.780406337541917
CC12CC3CC(=O)N1C23,6.504863019970367
CC1(C)CCCC(=N)O1,7.702401265001163
CC(=O)C12NC1CC=C2,5.685480486771199
NC(C#N)C1OCC1O,7.26324594192503
O=C1CC2NC11CNC21,5.608378845913711
CC(=N)Nc1ccon1,5.806061174200625
C1C2C=CC11CCCC21,6.654784216255807
CC12CC1(C#C)C(O)C2,7.5186678944989005
C#CCC1=CCC(=O)C1,6.026698217984551
CN1CC2(C)C3C1CN23,7.666179881166175
O=CC1COC(C=O)=N1,4.87598100513362
OCC1CC(O)(C1)C#N,7.816648297465763
CC1COC(=O)CC1C,7.4591499410609785
CC1(COC(=O)CN1)C,6.763787065372567
OC1C(C=O)C1(O)C#C,5.7522685061208545
CC1CC2(OC12)C1CN1,8.512688317803015
CC1CC2(C)C(C)OC12,8.441263118953657
CC(=O)CNC(=O)CO,5.874595422099382
CC(CO)(C#C)C1CC1,8.263164605130413
OCC12CC1C1NC1C2,8.209679157150989
CC1(C)CC(O)C(=O)C1,6.030024629737605
CC(NC=O)C1NC1C,7.360514611847433
NC(=O)C1CC2OC2C1,7.360758992809382
CCC12CC1(CO2)OC,8.158213147943915
CC1C(OC=N)C2CN12,7.187300599350153
O=C1CNC2CC12C#C,5.655137222327058
CC#CCCC(C)C=O,6.034691531102332
CC(=N)Nc1cnno1,5.735702091350889
OC1C2NC2C11CN1,7.812072149663214
C1C2OCOC3CC12C3,8.65083046936198
CCC(C#C)C(O)C#N,7.792247019543105
CC1C2CC2CC11CC1,9.18503076146703
OC1C2CCCC1C=C2,6.995116158351186
N=C1NC(=O)CN1C=O,5.791056393698736
CC1(C)NC(=O)OC1=N,7.091194033765943
CC1C(=O)C(C)C11CC1,5.938272690186503
CC1(C)CCCC1(C)O,8.73621626768178
CC1CCCCCCO1,8.76486053191079
COC(C)C1(CO1)C=O,5.856332684139478
CCC1C(C)CN1C=O,7.236902074519107
N=C(OC=O)C1CC1,6.664027793077763
C1OCC2C3C4C3C2C14,8.609580215576914
CC1(O)CCOC1C#N,7.70330449917369
C1C=CC2OCCOC12,6.83124964952683
[NH3+]CC1(CC1)C([O-])=O,7.260243311682874
CN=C1OC2CC1C2O,7.188503027628366
CN1CC(=O)C(C)(O)C1,5.418997268417361
CC1CC(=O)CN=CO1,5.833507249170856
OCC12OC1CC=C2,6.680657674666161
CC#CC12CC3C(C1)N23,7.095866380105804
CC1OCC(=O)OC1C,7.193207690280548
C1C2C3OC4CN(C13)C24,8.122372130112264
CC12NC1(C)C1(C)OC21,7.969585952746357
COC(C)C1OC1C#C,7.555837961770355
c1cc(cc(c1)O)CO,5.8945733415601325
CC12C3N4CC1C4C23O,7.424665622545369
OCC(O)C12CC(C1)C2,8.751740497579686
CC#CCc1cc[nH]c1,6.528333929793856
CC1CCNC(=O)CC1,7.334953267499541
CC1C(O)C(C)C1(C)C,8.507736189524895
CC1C(C)C11CC(C)O1,8.32992018848158
CCC1(NC1CO)C#N,7.621908389922184
CC12COC1(C)CO2,8.26083350467021
c1c(con1)C2CC2,6.596946244592322
CC1CCCOC(C)=N1,7.069987503948987
OC1CCC1COC=N,7.580630375335976
CNC(=O)CC#CC#N,6.170809661345636
NC(=O)C12OC1CC2=O,5.349427392146675
CC1C(C)(C)C11CCO1,8.309995865326199
CC1OC(C(C)=O)C1=O,5.420622111574302
CC1CN(C1)CC(=O)C,5.78034956558809
CC12C(O)C1C1CC2C1,8.634994136059332
CC1(OCC=C1)C1CN1,6.63361795312616
O=C1CCN2CC2C1,5.840256795422348
NC1=NC(O)=CC(=N)O1,5.331728113170908
CCC1CC(C)C(=N)O1,7.77199077468577
CC1CC(C=O)C=C1C,5.863895753025611
CC(C#C)C1=CNC=C1,6.504846231436735
C1CC2C1C1CCOC21,8.508775010631323
CCC(=O)n1nccn1,5.834004006586061
OC1C2CC(O)C12C#N,7.524935922222776
C1CN2CCCN=C2O1,7.05083196856242
CCCC(O)C(=O)CO,6.291975929354429
CC1C(=O)OC1(C)C=O,6.0220952660799245
NC1=C(OC=N1)C1CN1,5.850996435928891
O=C1C=CC2CN2C1=O,4.3404243491933165
C1C2C3OC4CC3C2C14,8.558564894167104
N#CC1CCCC11CC1,8.607693999660803
CCC#CC(C=O)C=O,5.661618972886782
CC(C)(C)C1(CC1)C#C,7.953757197654902
O=C1OCC2OC2C=C1,5.767211769483873
OC1(CC1)CC1OC1,8.885637977774731
Cc1cc(cnc1)OC,5.777129594998795
CCC1(COC=O)CN1,7.265271426706722
OC1(C#N)C2C3NC1C23,7.125610263216806
COC1(CO)CCC1C,8.57880136356842
N#CC12CC1OC1CC21,7.586375763959829
C1CN1c2[nH]nc(n2)O,6.717395623090918
NC1(CC1N1CC1)C#N,7.287492294064997
COC(C=O)C(C)(C)O,5.9670742244989015
CC(CC=O)C1COC1,6.130640397276785
CC12CC(O1)C(=C2)C#N,5.5742102981799935
CC1C2N3CC1C23C=O,5.85286527816295
CC12CC3C1N3CCC2,8.358043921442759
COC1C2CC1OC2,8.58145984103089
CC1CC2(CCO2)CO1,8.582645400143825
[O-]C(=O)C12CC1NC2=[NH2+],6.571443151605749
CN1CCC(=CC1=O)N,5.682461799145649
OC12CC1C1OC1CC2,8.681397685858489
COC12CC1N1CC21C,8.000132191189778
CC1C(OC1=O)C1CC1,7.629752305615488
CCC1OC2C(O)C2O1,8.505132453386324
O=C1CC2CCC3C2N13,6.50844386888426
N=C1CC(CC#C)O1,7.630286881223894
C#Cc1c(oc(n1)N)N,5.109647962228314
CC1OCC2C(C=O)C12,5.945931777410115
O=C1NCC2COC1O2,7.047879942111708
CNc1cnnoc1=O,4.58316411406317
CN1C=C[C-](C#N)C1=[NH2+],4.927849172102089
CCC1(C)OCC2CC12,8.567749259150833
CC1(CC=O)NC1C#N,5.984787530104986
CN1C2C1C1(O)CC21C,7.49737986032096
COc1c(cc([nH]1)N)O,6.140115712436259
CC(C#N)C1(O)CC1O,7.972648311766983
Cc1nc(no1)CC#N,6.67420954957661
CC1COC2CC2OC1,8.670079089837317
CC12OC3CC1C2(C)O3,8.40049631788196
C1NC11CC2OCC12,8.279880755536869
CNC12CNC1C2C#N,6.8254773390699635
OC(C=O)C12CC1OC2,5.727654081088752
COCC1CC(=O)C1,6.141949182802788
C1OC2C=CCC3NC123,6.584536136756369
CC(CCC=O)C1CC1,6.234090239125029
CCC1NC11COC1C,8.347878144991308
CC1(CCC11CC1)C#C,8.019347332739583
CCCc1cnon1,6.880965965839945
CCC12C3C4C(CC14)N23,8.369028781407362
C1C2CN1C1=C2C=CO1,5.811566875376568
COCC(C)C(O)C=O,6.097858602040253
CC1NC1C#CC1CN1,7.073293684058556
OC12C3C1C1CC3C2=C1,4.874830740267976
CC(=O)c1conc1N,4.918930632294231
C1C2CC=CC3NC3C12,6.598311134553585
CC1(CN1C(=O)OC)C,7.940058123086989
CN(C=O)C1CCOC1,7.178930933967116
CC12CC1CCC2(C)C,9.00353521735199
c1c(nc(o1)CC=O)N,5.036388355171022
CC1CC(C)C11COC1,8.520545404396383
CN=C1OC2CCC1C2,7.375386075460239
CC(CC=O)CN1CC1,5.937500697943203
N#CC1CC2CCN2C1,7.1723313358877325
CC1C2C=CC(O)C12C,6.5532808621139225
CCCC(O)CCC=O,6.2346845068076515
CCCc1nc(no1)N,6.372856357071303
CC1CC=C(C1)NC=O,6.040987607639647
COc1cncnc1N,5.298017734554048
OC1CC11COC2CC12,8.25828302235429
OC1CC(OC=N)C1=O,5.876820714287341
CC1(CO)CC(O1)C=O,5.858066794467265
CN=C1OCC2CC1C2,7.34416805270398
OCC12CN1CCC2O,8.009543944797926
CC1(OC1C=O)C1CO1,5.968073727637254
CC(C)c1nccn1C,6.767691305185294
CC#CC1N=CNC1=N,5.923364913482034
COC(C=O)C#CC=O,5.235313286453697
CC#CC1(CN1)C=O,5.807985305555315
CN1CC2(O)C1C2(C)C,7.375122079256904
OC12COC1CCCC2,8.352925310005228
OC1CNC1(C=O)C#C,5.598536762401876
COC1(C)CC(=O)C1O,5.862553353448973
O=C1OC2C3N4CC13C24,6.197682470317343
C1C2COC=NC1C=C2,6.382083205778523
CC1N2CC3(CC3)C12C,8.436237625634009
O=COC1CC2NC12,7.2062068203295615
c1cc(c(nc1)C=O)N,4.358446057267037
CC1CNC2C1OC2=N,7.03955436857008
ON=C1CC2C(C=O)C12,5.794919445623874
C1C2N1CC21COC1,8.161980768879793
CC1C(O)C2C(O)CN12,7.687930397700142
CC1C(C)C(C)(C)C1=O,5.939124671920689
CNC(=O)C(C)C(N)=O,6.524277083333495
CC1=CC2(CN2)CC1=O,5.018998139753301
OC1C(C#C)C1(O)C#C,6.816629060383347
CC(C)c1ncc(o1)N,6.170734260219717
CC#CC(C)(O)CCO,7.86980987426963
CC1(C)CC2CCC2C1,9.38231170219712
COCCC1(CC1)C#N,8.168895404790154
CC1CNC2=C1C=NN2,6.1056399102287955
CCCCc1cc[nH]n1,7.10165530470675
OCC1C2NC1C2C#N,7.251414183483999
CN(CCCO)CC=O,5.695439580521642
CCC1COCCC1=O,6.025527807179978
Cc1conc1C(=O)N,5.61552117503472
CC(=NO)C1(CC1)CO,6.692642395487091
CC1(CN1)C1=COC=N1,6.422423271089391
CC1CC1(CCO)C#N,8.221386141465967
O=C1OCCCC2NC12,6.91812335262809
CCC1C(C)C1C1CC1,9.07624667393211
C1CCC(=CC1)CC=O,5.9137402586985655
C#CC1COCCOC1,7.817380300601615
CC1OC2=NCCCC12,7.324265925243621
C1CC1C#CCCC#N,7.662872132037765
CCC(=O)OCC(C)O,7.59194220953611
Cc1[nH]c2c(n1)con2,5.606253059231967
CC#CC1(C)NCC1=O,5.786307650917861
OC12CC(=O)C1C2C=O,5.67865081530818
CC(C)C1(CC(=O)C1)C,6.028960937870126
O=C1NC=C(O1)C1CO1,6.418023865812946
CC1C2CC1C(=O)CO2,5.763414350629208
CC1C2C(CN12)C(C)=O,5.822478042500435
CN1CC11CCCC1O,7.9661768232957435
CC(O)(C#C)C(O)C#C,7.53917198130245
CCC1(O)CC2NC2C1,8.295867758054545
CC(O)C12CC1OCC2,8.254750606794389
CCOC(C#N)C(C)C,8.219992018907082
CCC(=O)NC(C)CO,7.453128236273907
CC12CC3CC1(C)C23C,8.54644144591647
O=COC1CC=CC1=O,5.243079881953512
O=CC1C2C3CCN1C23,5.6044684429205915
CC1CN(C)C1(C)C#N,6.9781729686438885
CC(=O)C1CCN=CO1,5.915631527787611
CCC12CC1OCO2,8.840998097140154
C1=C(C(=O)NC1=O)CO,4.839379893844524
O=C1CC23COC2C1N3,5.575072188078595
N=COC1(CNC1)C#C,7.023227886532366
C1CCCC(CC1)C#N,9.011239524710694
CCC(=O)C#CC1CO1,5.445700509339762
OC12CCC1CC1OC21,8.73686044157161
CC1(C)CN2C3CC1C23,8.28245613226832
CC1(CO)CNC(=O)C1,7.328908158393054
OC1CNC2=C1OC=C2,5.768672437570253
CC1(CC1)OC2CCC2,8.697060990465914
O=CC1CCCC2CC12,6.127006940766501
CNC(=O)C1CC(=O)O1,6.907185709165458
CCC1C2CCCOC12,8.608076767177064
CC(=O)C1=CC2CC2C1,5.153783912065053
CC12C3C1C1OC3C21C,8.318050688135385
c1c(c2c(o1)NCC2)N,5.7800443515224185
OC1CCC2COC12,8.421877910842174
N=C1C2C3NC(=O)N1C23,6.510023015884828
Cc1c(=O)ncncn1,4.419618840722251
CCN=C1OC(C)C=C1,5.78356886489386
C1OC1C1CCC2CN12,8.460086689531442
N#CC1OC2OC1C=C2,6.641966806373491
N=C1NC2C(OC12)C#N,6.7478929654474715
CC1(C)CC11CC2NC12,8.151963207302126
CC1(CC1)N=C2CCO2,7.194482189722604
CCC12OC1(C)CC=C2,6.708189794096816
CC1OC11C2CN2C1=N,6.571709671061652
COC12C(C)C3C1OC23,8.128631891894798
CC1C2CC3N2C13C=O,5.903862419496023
CC1CC2OC1C=C2,6.698789407279033
CC12NC(=O)OC1C2O,7.951363952715169
NC1=C2CCN2C(=O)O1,6.2282926805208305
C1CCOC(=O)COC1,7.081479332411367
OC1(CNC1C=O)C#C,5.621876454496527
O=C1CC2NC3C2NC13,5.478848386090473
CC12C=CC3CC1C23C,5.843881752186098
CC12COCC=CC1N2,6.566154890791303
OC12CC3C1N3C21CC1,7.959828481240271
CC1CC11CC(=N)O1,7.647138754982281
CC1CCC1(CO)C#N,8.290825767024577
CC(O)C1CC(=O)C1C,5.996114227689126
CC(C)CC(O)CC=O,6.207767298049526
CC1(C)CC2N=COC12,7.192885148047431
CC1OCC(C)C(C)=C1,6.940827819967867
C1OC23CC4OC2CC134,8.03516281281539
O=COC1C2C3CN3C12,6.863738772588502
C1C2OCC3=CCN1C23,5.983020225907508
CCC1=CCN(C1)C=O,6.696365511867119
CC(=O)N1CCC2CC12,6.988675830939483
COC(C)C(C)(C)C#N,8.265138081425704
OCC12CC1CC(=O)C2,6.148946576452309
CC(=O)CCCC1CC1,6.405220024179174
C1CC2NC2C=CC=C1,5.346449248152226
CC1C23CCC12OCO3,8.221781813261694
CCC1(CCO)CC1C,9.035130965398253
CC1C2OC1(C#N)C2N,6.934208493488239
CC12NC1C(O)C1NC21,7.813232239589756
CCC12COC1C2C#N,7.566683260736891
CN1CC1C1(CC1)C#N,7.027461220810091
CC12CC(O)C1OCO2,8.427058326491863
CC12CC=CC3OC1C23,6.389309569065434
C1C2N1CC21CCCO1,8.213876500844053
COCC(O)(CO)C#N,7.696346812606731
CC1(C)CC(C=C1)C#N,7.087179195182117
OCC#CC(C=O)C#C,5.810859794489364
CC1(CO1)C1COC1=O,7.344086542779952
CC12CCC1N2C(N)=O,7.579922924636016
C1C2OCOC3CC2C13,8.69607160215908
O=CC1C2CC(C#C)N12,5.68351509626859
CN1CC2(O)CC=CC12,6.229430339706049
CNC1CC1(C#C)C#N,6.966114455725842
OC1C2N3CC3CC12O,7.694748787010741
CC1N(C)C11C2CC1O2,8.154282338844528
CC1(O)C2OC3CC2C13,8.276679168415708
OC12C3C=CN(C13)C2=N,5.387208173796314
C1CC2(CC2)CCOC1,8.757790504030215
CC1(COCO1)C1CO1,8.957008839274593
C#CCc1c[nH]nc1N,5.995531085257214
CN1CC1CC(C)=O,5.882671343480133
CCN=C1OC(C)C1N,7.235345601481495
CC12CC3C1CCC23O,8.75969169362565
OCC12CCC1OC2=N,7.554831712562494
CC1C2CC(=NO)C12C,6.679970178726409
C1OC2C3NC3C2=C1,6.033789239333116
COC1C2NC2(C)C1C,8.302729025674282
C1CC(O1)C1OCC=C1,6.786569912033681
N=COC1CC2(CO2)C1,7.565876063484552
OC1CC23COC2C1O3,7.913551704603529
CC(CC#C)(CO)CO,8.15707412399664
C1C2COC3CN1C23,8.075610366062833
OC1CC11NC(=O)C1O,6.9913620529844085
CC1C=CC2C3OC3C12,6.765406821741493
COC12C3CC1CC23O,8.11324723795567
CC1(C)NC11CCC=C1,6.649788004659647
O=CNC1CC=CC1,6.908451752375704
CC1=CC(=N)OC1(C)C,5.993661731041693
CC1COCC=C1C#N,5.994092252702314
OC1CC2OC1CCO2,8.715227730275473
OC1C2OC1C2CC#C,7.524299965927442
C1OC2C1C21CC2OC12,7.994131915708839
C#CC1=C2COC2CC1,5.418796280709354
COC(=O)C(C)C(N)=O,6.68927046052879
N#CC12CC(C1)CO2,7.587088083508203
C1CC11N2C3CC=C1C23,4.533843946742836
COCc1c(nco1)O,6.207813454425997
CCc1c(c(co1)N)C,6.059530169391347
COCC(O)CC#C,8.032216021156296
Cc1cccc(=O)cc1,4.333598456792822
CC(O)C(C)C(C)=NO,6.95462247261485
CC1(O)CN2CCC12,7.910827390594893
C1C2NC3=CC=NN3C12,6.242302400196319
CCC(OC=N)C#C,7.62469733326747
CC(C)Nc1conn1,5.559870091564167
c1cc2c(nc1)CCO2,5.752332105879299
OCC1OC11CC2CC12,8.706482227904184
CC1CC2(CN2)C(=O)N1,6.888062461633442
Cc1c(c(no1)N)CO,6.175705973023476
OCC1CC23CC(C2)C13,8.835022890012047
CC1C=C2COC3C1C23,6.174265784736154
CCOCC(C)(C)C#C,8.279242049126752
CC1=CC(=O)[CH-]OC1=[NH2+],5.036411859583389
CC1=CCOCCOC1,6.726352004252184
Cc1cc(no1)CO,6.650261064179715
Cc1cc(=O)c(co1)C,4.947976490651172
CC1C2CC=CC(=O)N12,5.504650977892221
CC1CN(C=O)C=C1C,5.878603554002449
OC1CN(C=N)C(=O)C1,6.244026897717858
CN1C(=N)NN=C1C=O,4.532553477671618
CC1=CNC(=O)OCC1,6.194605711974095
[O-]C(=O)C1[NH+]=CN2CC12,6.450846400005777
O=C1CC2OC12CC#C,5.821877521301423
CC1NC=C(C=O)C1C,5.101760403833804
c1c2c(on1)CC(=O)C2,5.452238078679606
Cn1cnc2c1COC2,6.532260848315595
CCCC1COCC=C1,7.02997479392493
CC(CO)C#CC(N)=O,6.29949901561136
CN(C)CC(CO)C#N,7.1211412429911025
C#CCOc1cnoc1,6.1753657817790675
COC(C)C1(C)CCO1,8.59320477313012
N=C1C=CON=C1C=O,4.545298867095485
COC1OC(=O)C2NC12,6.919346304828284
CCC1(C#C)C2CCC12,7.700001719248137
c1c(c([nH]c1N)O)C=O,4.554929535085326
CCOC(COC)C#N,7.896563276417163
CC1CC2(CC12O)C=O,5.938135510683113
C1CC2COCC2C1,8.810712431292746
OCC(C1CN1)N1CC1,7.849532542292648
OC12C=CCC3C1OC23,6.471232087392761
OCC1NCCCC1=O,5.723390335669135
N#CCC1OCC11CN1,7.489187567449786
CCC12CC1(CC2)C=O,6.016915962920518
CC1COCC2CN2C1,8.244367709857706
CC12C(O)C1COC2=O,7.223049639193087
CCC1(CC#N)CC1C,8.629694297672904
CCC12CC1(CC)OC2,8.275161441679847
CC(CCOC=N)C=O,6.123026690653978
CC(OC1CC1)C#N,8.005886396489846
CCCc1conc1O,6.6130987314710765
Cc1cc(c([nH]1)N)C#C,5.544040982825935
CC(CC#N)OC(N)=O,8.246298851223134
O=C1CCC2CC3C1N23,5.777330755107185
CC1C2OC2C2OCC12,8.494998363023686
NC12C3NC3C1C2C#N,6.755025864619534
O=C1OC2CC=CC2=C1,5.570241350349491
OC12CC1(O)C1(CC1)C2,8.132590265612185
COCCN=COC=O,6.5272778473563715
CC12CN1C(=O)C2O,6.574328683196072
C1CC12CNC(=O)CO2,7.056765434231153
CC1CNC1(C#N)C#N,6.953071606323246
CNC1(C)C(O)C1C#N,7.203503692290322
CC12CC3(C)C=CC1N23,5.958238963123263
OC1=CC=CN=CC1=N,4.215493348948706
CC1(C)OC1(C)C=O,5.956657850539593
OCC1CC1(O)CC#N,7.9336657667646255
O=CC1C2CC2C2CC12,6.0225948491745855
CC#CCC1CCC1C,8.204714887036342
Cc1nc2c(o1)nc[nH]2,5.644189402874125
CC12CC3C1C1(CC1)N23,8.5947166099083
CC#CC12CC1CC2O,7.40272541796636
CC1CC2N=CNC2=N1,5.941167231531364
CC1C2C3C(O)C3CN12,7.731545125068809
C#Cc1cocc1CO,5.746680176411555
CC1=C(COC1)CCO,6.702272172459761
C1C(CO1)CNCC#N,7.2608661383073985
OC12CC3=CCOC1C23,5.9413141601401325
CC12NC1CCC2=NO,6.519904573589709
[NH3+]C1(CCC=C1)C([O-])=O,6.389400877943517
O=C1CCNC(C1)C#N,5.779111198935626
CC(C)C12CC(C1)OC2,8.652683169715544
O=CNC1C2COCC12,7.112267370985899
OCC1COC2COC12,8.412570243375438
CC1C2C(O)C1C21CC1,8.882653421188204
CN=C1C=CC(=O)N1C,5.063332074855614
COCC1=COC(=N)O1,6.40271577041096
Cc1cc(oc1)N2CC2,6.049774213605481
CCC1(C)C(O)C1CO,8.25346588380013
CC1(CO)OC11CCC1,8.749957183945044
O=C1NC2CC2CCO1,7.888335751129715
CN1CC2OC3C2CC13,7.818055308711303
CC1=CC(O)(CC1)C=O,5.734641991990083
CC12CC1C1CC(C1)O2,8.600916869455993
CCC(OC1CC1)C=O,6.065528625901483
CCOC1(CC)CC1O,8.472370242376897
O=CC1NC1(C=O)C=O,5.463112840055801
CC1(C)CCC1(C)CO,8.92033360564685
CC12CC1CC1CCC21,9.096891742961706
CC#Cc1cn(nn1)C,5.794409462074777
[NH3+]CC(O)C#CC([O-])=O,6.0961850838072085
CCC1(C)C2OC2C1=O,5.784268800866386
CC#CC1CC2C(C)C12,7.84724485277985
CC12NCC1(C#N)C2N,6.799571091831219
CC1(CC1O)C1CCO1,8.229779552975659
OC1C(=O)C2C3CC12O3,5.973912970261727
O=C1CC2C3CC3C2N1,7.223431136955716
CC1OC2(COC12)C#N,7.150709188408005
OCCC1CC2(O)CC12,8.60493782387022
COC(=O)C#CC1CC1,6.306348298816904
CC1C(C#C)N(C)C1=O,7.0342410235303685
CCC1OC(=O)OC1=N,7.454668278918881
CC1=CCOC1(C)CO,6.808677488213477
OC1CC1(OC=N)C#N,7.131279812198028
CNc1cc(oc1)NC,5.895032856902969
CN1CCCCC1=O,7.271728921636234
CC1C2CN1C2C(N)=O,6.892515297662518
C1C2NC1C1=C2OC=N1,6.271658239070419
OC12CC1C1NC2C1=O,6.190026440597609
NC1=NC(C#C)C(=O)C1,5.649201709740235
O=CC1CCC11CC1,6.043879016223991
CCC(C)C1CC1CO,9.11597097560604
CC1C2OCC3CN1C23,7.939460967928968
OC12CN=C3OCC1C23,6.44166499812498
N=C1CCNCC(=O)O1,6.517308488293553
CC1CC2C(CCO)N12,8.106088011004594
CN1CCC2CC2C1=O,7.111237316026857
CC(OC=N)C#CC#N,6.457053257164485
CC1OCC(CO1)C#C,8.04291650824021
CC1(CO1)C1OCCO1,8.980065817224375
N=C1OC2CC12OC=O,6.909821798544412
CC(O)C12CC1CC2,8.778787146819486
Cc1c(ncoc1=O)O,4.94074671609704
CC1=CC(=[NH2+])C([O-])=CO1,4.688404700893724
OC1C(CC11CO1)C#N,7.80350885116156
OC1CC2CN2C1C#C,7.31014246775879
COC1CC2C3OC1C23,8.32135963335657
O=C1CC2CC1C=CC2,5.907868118573928
CC12OC1C1(C)CC2O1,8.65294289530584
CC1NC11CCC(=O)C1,6.003004651705945
CCc1cnccc1O,5.983840253865407
CC12OC1C(=O)CC2=O,5.165678669934557
CC12CC1(C)CC(=O)C2,6.087660706606391
C1CC(C1)OC2CCC2,8.732602050098073
O=C1C2NC2C1CC#N,5.851602665424682
CC1C(C#CC=O)N1C,5.087409209028358
NC(=O)C12OC1CC=C2,6.122565374375719
Cc1c(c[nH]c1O)C#C,5.607104264939159
CCc1c(cc(o1)C)C,6.302654651897823
Cc1c(onn1)C2CC2,6.171370882164699
NC(=O)C1CCOC1=O,6.791428604002073
C#CCC1C2CCCC12,8.194219456231437
CC(=O)CCC1COC1,6.278487606026485
C1NC1C12CC(C1)O2,8.333063348207409
CC1=CC(=O)C2CC1O2,5.020307660566338
O=CCC1(CC#N)CN1,6.009407825572611
c1c[nH]cc1OC2CC2,6.316566862672832
CCC1C2OCOC12C,8.662588175573317
CC12C3NC11CCN2C31,7.664912085863756
OCC12C3C(O)C1CN23,8.102141613701878
CNc1coc(c1N)O,5.839725022307522
CCC#CCC#CCC,7.706805233316899
CCC(=NC)OC=O,6.6520397117493015
CC#CC(C)(C=O)C#C,5.824655820359686
C1C2CC3N=COC2C13,7.133009482666716
C(CN=COC=O)C#N,6.564499716351215
CC12CC1(C)OC(=O)N2,8.138457230273954
CC12CCOC1CC2O,8.324445235485124
CCC1OC2C(C#C)C12,7.607543287500483
C1C=CC(=O)CC1=NO,4.95730766357169
CCC12OC1C1NC21,7.727529422597247
CC12COC(CC1=O)C2,5.9303319406117385
CC1(C)C2CC(CO)N12,8.01248871694567
CC1(CNC(=O)N1)C#C,7.478689294560182
OCC(=O)C12CC1OC2,5.87217195163485
CC(=O)C(=O)N1CC1,4.584666965381321
CCC1(CC(=O)C1)C#C,5.973093196456002
OCC1CC2OC(=O)C12,7.35145762159633
O=C1COC(=O)C11CN1,5.353082289521993
OCC12CC1N=COC2,7.111617471176494
C1C2CC3CCC=CC123,6.792870604683531
[O-]C(=O)C1C2C3[NH2+]C1C23,6.844638037596626
CCC#CC1CC1(C)O,7.555699997789232
CCC1COCC1(C)C,8.646002482165434
OC12CC1(CC2)C1CO1,8.588362589193071
CC1(O)CCCC=CC1,7.122688379462612
OC(C#C)C1NC1C#N,7.407123564422399
C1C2CC1OCCCC2,8.473646295577993
CC1(COC1=NC)C,7.44854522067357
COCC1(C)CC2OC12,8.801845331516944
CC12OCC1C2C1CO1,8.406393548292234
C#CC12CCC1CCC2,8.114499075265373
CC1CCCC(C1)=NO,6.9332797599999445
OC1C2OC1C2C1CN1,8.372311556554479
CC1N2CC2(C)C1=O,5.938126346367437
O=CNCC(C#C)C#N,7.25895478279437
OC12C3CC3C1CC2=O,5.996970144353455
C#CC12CCC1OC=N2,7.018251487874535
CC1C2C3(O)CC3C12O,7.6427829900548705
CC12CC1CC2CC#C,8.133494164601442
CC12CCC(C1)C(=O)O2,7.47022270200209
CCC1NC(=O)C11CN1,6.946540821856336
CC1CC1C1CCO1,8.690101191618137
CC(=O)COCCC#N,6.285475947904724
CC1(OC2C(O)C12)C#C,7.184212308537156
C#CC1CC11COC=N1,6.846099319810042
CC(CNC(C)=O)C#N,7.401569299395285
OC1CC(C1)C1CO1,8.85276352250899
CC1OCCC2C1N2C,8.070840932612697
COC1CC1CC1CO1,9.09925916467997
C#CCCNC(=O)N,7.565495292499806
CCc1ccc(cn1)N,5.440680939503977
OC12CN(C1)CC2C=O,5.62926213109823
CC12CC(=O)C1(N2)C#N,5.887069562452529
CC(=O)OC1CC2OC12,7.443608338046104
CCC1=CCN=COC1,6.538973255158393
N#CC1C2CC2C2CC12,8.189795041404595
NC12C3OC1CC23C#N,7.152703371444151
CC1OCC11CCC1O,8.210865474516398
CCC1OC(C)(C)C1=O,5.93162144420357
C1CC2OC1CC1NC21,8.216329286416963
C#CCC1=NCC(=O)O1,6.198590049832603
O=CC12CC3C(CN13)C2,5.6254738912693245
CC1=CCCC(O)C=C1,5.367798539401607
CCC1CCC(C)=CC1,7.130822144837502
NC(=O)CC1CCCO1,7.436978141252269
CCC1OCC(C)C=C1,6.966131765098651
N=C1OC2C3NC=C1C23,5.493240230714886
O=C1CNC(=O)C2CC12,5.764423972369434
CC(C)C1OCCC1O,8.458347688428349
CCc1c(=O)[nH]ncn1,4.81316931382061
CN1CC2OC(=O)CC12,6.581658426606686
CC1NC1(CCO)C#C,7.51187586770638
COC1CC2C(O)C12O,8.039002484418535
CC#CC1(C)CCC1=O,5.827930239114211
c1c(nco1)C(=O)CO,5.363846670998693
O=C1NCCC11CN1,7.035511282324414
[O-]C(=O)C1CC2C[NH+]1C2,6.983232021643049
CC1(CO)CCC1C#C,8.17210950915021
CC1OC(=O)C2CC1C2,7.415092507403687
OC(C=O)(C#N)C1CN1,5.811579708105221
CC1CC1(C=O)C(C)=O,5.669603226090594
CC1=CC(C)(O)CC1,7.012280615037982
CC1(CCO)COC1=O,7.30343373127962
O=C1C2COC2C1C#C,5.665128503630809
OCC12CC1OC2C#N,7.287916789874388
CCC1CC2(NC12)C#C,7.28533125980057
C1C2CC1C21CCC=C1,6.856948641584608
CC#Cc1c[nH]c(n1)C,5.600263736419158
CC1(CC1)N1CC1C=O,5.7513055391929955
CC1C=C(NC1=O)C=O,5.159179483819825
OC1CC11OCC2OC12,8.244419784760304
O=CC1CC2C3CN1C23,5.637079645302931
CC1=CC(C)(CO)OC1,6.8099431350311
O=C1N2CC2C11CCO1,6.417252055818578
Cc1c(c[nH]n1)OC,6.334977942910379
CC12CC3CC1C3C=C2,6.654544329161315
COC(C#N)C#CC,7.456598600180351
NC1=CC(=O)CC1C#C,5.408901206780828
CN1C2COC(C#N)C12,6.997322349171391
OC12C3COC(C13)C2=O,5.964796192763217
CC1CCOC(C)OC1,9.10851613415975
c1c(c(c[nH]c1=O)O)N,4.723616031258039
CC1OCC(CO)=C1,6.8088385294883835
COCC12CC(O1)C2=O,6.197352239130224
CC1C(O)C2(C)COC12,8.1846937101618
CC(C)NC(=[NH2+])C([O-])=O,5.441326247331618
CC([NH3+])C#CC([O-])=O,6.1327240061431665
C1C=C(CC(=O)O1)CO,6.591573322809732
C1COC=NC12COC2,7.152168593858267
c1c(c(c[nH]1)O)N2CC2,6.112640082576357
C1OC2C3CC1CC2O3,8.469647250843867
CC1CC2=CNC(=O)N12,6.20616383137288
N#CCC1NC1CC#N,7.581231276686983
OC12CC3C(N3C1)C2=O,5.755033371427604
COC12CC1(NC2)C=O,5.556398002616001
C#CC(=O)N1CC=CC1,5.75064539731553
CC1CCC(O)COC1,8.608072709511061
OC12COC1C1COC21,7.7301937737167234
CC12CNC(=O)C1(C)N2,6.84950959757092
N=CN1C2CCC2C1=O,6.1931016748381875
CN1CCOC(=O)C=C1,5.718432236290202
COCC#CC(C)C=O,5.987367002035148
OC1C2C1C1(CN1)C2O,7.936566153613509
C#CCC1CC=CCO1,7.025327354432107
OCC1C2CN1CC2=O,5.737639470472999
CC1OCCC2(C)CC12,8.631821749099744
CCC(C#C)C1(C)CO1,8.26047710254562
CCC1CC2(C)CC1C2,9.66904183884662
CC1CC(=N)OC1(C)C,7.7590368782109325
O=C1C2CNC1C=CC2,5.539418029905862
CN1C2CC3(CC3O)C12,7.7964991645451756
c1c([nH]c(=O)[nH]1)CC=O,5.162477760355657
CC1(C#C)C(O)CC1=O,5.802427691042556
CCn1ccnc1C#N,5.980952627120535
Cn1cnc2c1noc2,5.743564987934498
C1CC=CC2(CC2)C=C1,6.518981998678111
CC1CC1(C)CCC=O,6.154440659100587
CC1NC(=O)C=CC1C,5.67444296666228
CNc1c[nH]nc1C=O,4.691832070734873
COc1ccc(o1)N,6.099322409241914
CC(=O)C(=NCC#C)N,4.941654268252985
OC1CC2(O)CCC12,8.40185477873317
ON=C1C=CC2CC1C2,5.316608354427192
NC(=O)C1CC2CC2C1,7.454154686171008
CC1(CO)CC1C1CO1,8.803154840966577
CC1C2COC1C21CC1,8.66559742385293
CC1C2NC2C11COC1,8.239420774289153
CC1(CO)C2COC12C,8.124393289168015
CC1NC(=O)C(O)C=C1,6.333916093597031
N=COC(C#C)C1CO1,7.325104738171722
OCC1CCCC=C1,7.220734589104485
O=CC1CC2(CC12)C#C,5.877479160014325
OC12CN(C1)CC21CO1,8.248116660826145
CC1CN(CC1O)C=O,7.228984701073268
CC1CC2CC1C2O,8.896789509510958
CCCN=C1OCC1O,7.282274010154794
CCC12C(O)C1OC2=N,7.374441134829119
CN1C2C=CC(O)C12,6.290816366298087
CC1C2C3OC1C(O)C23,8.328615682653755
CC12CN1C(C)(C2)C=O,5.758232421508334
CN=C1OC2(C)CC12N,6.803664546542494
C(CC1COC1)C1CO1,9.011113953717736
OC1(COC1=O)C1CN1,6.933041226831904
CCC(O)C#CC1CO1,7.391318908110863
COC(C)C(=O)CC=O,5.57157613244172
OC1(CC1C1CO1)C#C,7.495087247056794
CCC1(CC1C)NC=O,7.512788953161174
C#CCNc1ccoc1,5.909681014496913
OC1(CCC(=O)C1)C#N,5.998150050759909
OCC12CC(O1)C1OC21,8.43350849195247
CC1CC2CCCC1O2,8.538291392407904
CNc1c([nH]cn1)CO,5.973364728990015
OC1CC11N=CNC1=O,6.034871630693728
C#CCC1COC=NC1,7.279683469336314
COCC(OC)C1CO1,8.782283680194165
CC(C)C1(C)CC(=N)O1,7.817286742754383
CCC1C(O)C1OC=N,7.486571846335141
C1CC(C1)C(C=O)C=O,5.658390117085198
COC1C(C)CC1(C)O,8.54160472068225
c1coc2c1[nH]c(c2)N,5.581239926378437
CCOC1(C)CC1C#C,7.689895034047282
COC(CO)C#CC,7.728506235837737
CC12CC3(C)C1OC23C,8.3727588199082
Cc1cn2cnoc2n1,5.6794215986030245
C1C(=O)CC1(CO)C=O,5.756678055399458
CC1=C(C)C(O)C2CC12,6.56161693869409
CC1NC(C=O)C1C#N,5.729663198259753
O=C1CC2CC2N=CO1,6.38927702489135
OC1CC2(CCO2)C=C1,6.666303223622413
[O-]C(=O)C12CC(C1)[NH2+]C2,7.009642740201265
CC1C2CC(=O)C(C)C12,6.055154168336143
CC(=O)N1CC=CC1=O,5.442888644013568
CCC#CCCC1CO1,8.204636425317428
Cn1c(=O)ccnc1N,4.874115289824768
CC1OCC=C1CO,6.805558670500764
C#CC1CCC(O1)C#C,7.587715932216502
CC1C(O)C2OCC=C12,6.452460930918936
CCC1CC1(C)C1CO1,9.12903385520009
CC1C=CC2C3CC3C12,6.758436504581122
COC1CC(C1)C(N)=O,7.421953281631835
CC1CC2C3CC3C2O1,8.465553535239149
CC1(NC2CC12O)C#C,6.950785494109357
CC1OCC2(C)CC12C,8.425383391221311
CC1C2C3C4N1C2C34C,8.20083479115677
CCNC(=O)C1NC1C,7.030119795792231
CC(O)C1(COC1)C#N,7.6313642335217935
C#CCC1(CO1)C1CN1,7.764069300198482
C1C(=NO)C2(O1)COC2,6.558578069274672
Cc1cnc(=O)oc1O,4.886925000644358
O=C1CC2(CN2)C2CC12,5.998782985860661
OCC1CN2C(C#C)C12,7.16848492258676
O=C1CC2(CN2)C1C#N,5.760476164703463
CC1(C)CC2CC=CC12,6.858600367504771
O=C1CC2NC(=O)CC12,5.945281793825794
CC1(CNC(=O)CN1)C,7.229948946163848
CC1(N)C(O)C1C#N,7.410337572662165
OCC12CC(CC=C1)O2,6.63684468018852
CC(=O)C1C2CC2C1O,6.064143342192624
CC1(CC11CCO1)C#N,7.560431854173006
OCC1=NC(=N)NC=N1,4.709379065579826
CC1C2CC3C4C(C23)N14,8.318068324510925
CC1OCC2CC=CC12,6.993834899029397
CCC1C2OCC3C2N13,8.343922773555272
CC12C3CN3C1(C)C2O,7.720553345017728
c1nc2c(o1)C(=NC2)N,5.555917865444433
OC1CC2CC1OCO2,8.681684913146114
CC12CC1C1COC1C2,8.582085624050494
CC(C#N)C1(C)CC1O,8.318257915029802
CC1(O)C(O)COC1=N,7.380062991445513
[O-]C(=O)C1OC2C[NH2+]C12,6.987094437812636
OC1C2OC(C=C2)C1O,6.54152731065942
NC1(C#N)C2C3CC3C12,6.884648220148581
CC1(COC1)CC#C,8.016008453846432
CC12CC3OCCC1C23,8.49091232895669
O=C1NC=C2CC=CC12,5.484293110063127
CC1CNC=CC(=O)N1,5.636266438047955
C1C2OC1C21CCCC1,8.575420400119294
Cc1ccnc(c1)O,5.878251859799992
CCOC(C)(C=O)C#C,5.822520575463073
CC1C(=O)CC=CC1=O,4.759116315352513
OCC1CC=C(CO)C1,7.026819048604685
O=CC(C#C)C1COC1,5.829399920436415
CCC1CCC(C)C=C1,7.157154847492402
CC1CC(C)(C)N1C=O,7.140370659732184
OC1C=CC2=C1N=CO2,5.156385261463013
CC#CCOCC#CC,7.468448179467596
CC1C(C#C)N1CC#C,6.979783747767368
COCC1=NCC(=N)N1,6.053574030107088
CN1CC(C1)(COC)O,7.888468526431337
CN=C1N(C)CC11CO1,6.454980754111077
N=C1OCC2=C1COC2,5.834086731587987
CN1CCCCCC1=O,7.17581798839525
CC(O)C#CC(O)C#N,7.448048238061077
CC1COC2=C1C=CO2,6.076837008975012
OC1CC11C2CC2C1O,8.39439548209064
O=C1CN2C1C21CCC1,5.86070546152563
CC1C2CCC1(O2)C=O,5.836316325223497
CC1C2C3OC2C13C,8.475192215945786
CC1NC(C)C1(O)C#N,7.183433629276532
CC1CCN=COC1,7.130809932189505
CN1CC1(C)C(=O)C#N,4.772301655279396
CC(=O)NC(=N)CC#C,6.155136041555165
CC#CC1C2C3CC1N23,7.335637211186695
C#CCOC12CC(C1)C2,7.856988798445771
OC1CC(C#C)C1C=O,5.991722630512702
CC(CO)(C=O)C(N)=O,5.734856463912651
CC1CC2(CO)CC12C,8.605663815085423
COC(=O)C1(CCC1)O,7.058206284542167
COC1=NC=CC(=N)O1,4.970000318766797
CN1CCN2C3CC2C13,7.524724802415806
CN=COC1CC(O)C1,7.377020248459063
c1c2c(c(co2)N)[nH]n1,5.543551891229908
CC(C#N)C1OC1C#N,7.7708643329479425
O=C1OC23CC12C=CC3,6.059927005354771
CC1C(O)CC1C(N)=O,7.37637825153559
N#CCCN1CC1C#N,7.248320434753028
OC1(CC=O)CC2NC12,6.0020382399431345
CCC1=CC=CCC=C1,4.922755604823731
C1CN(C1=O)CC=O,5.73658057202964
CC1C2OCC(C)C12,8.60563153128174
O=CC1=CCCC11CO1,5.042887891353464
CN1CCC1C(=O)C=O,3.8046053264602517
COc1c(cco1)CO,6.210628556877721
c1c(cn[nH]1)NC2CC2,6.148751325647137
CN1CC11C2NC2C1O,7.544926683210626
CC1(CN(C1)C(=O)N)O,7.712261898091425
CC1C2CC2CC2CC12,9.0754151178731
NC(=O)C1CCC2OC12,7.306400939885075
CC(C)C(O)C1(O)CC1,8.470408564566155
CC1(C)CC1CC=O,6.14510955829117
C1OC23C4C2C2C4C32O1,7.642397002163365
CC1(CN1)C#CCC#N,7.186390971465537
CC1C(C)C2C3CC3C12,8.767189594777829
C1C2CC=CC3CC12C3,6.822696295210529
CC1(CC1)C(C)(C)C#C,8.12006426965385
Cc1c(noc1OC)C,6.344646717449717
CC1OCCC11CO1,8.936077595514861
C1C2C=CC11C=CCN21,5.803140381820547
OC1C(=N)N2CC12C=O,5.50708267717312
CC1COC(=N)C1(C)O,7.577203177786053
CC1CC2CC(=O)NC12,7.353203020647104
OC1C2CC=CC1C2O,6.691747785058739
CC(O)C1CC=CC1=O,5.197710248771008
CC1(N)C2CC1(O2)C#N,6.912649936501159
O=CC1CC2CC2C1,6.10728259381596
C1C2NC2C2=NNC=C12,6.340820070003051
C1C=CC(=O)N1C(=O)N,5.590747482252274
N=C1C=CN=CN1C=O,4.411769626412881
OC1CN=CN(C1)C=O,6.117038934160265
CCC1(CC1)NC(=O)C,7.433204814481704
CC1OC2CCN=C2O1,7.366703147708853
CCC1(O)CC1C(N)=O,7.331701519738267
c1c(oc(c1N)N)C=O,4.544250200446177
CCCCOCCC#C,8.27526539285486
O=C1CC2OC12C1CN1,5.725352797963435
CC1(CO)C2CC1OC2,8.3975710005468
CC1C=CC2=CON=C12,5.351077303298317
CC1C2C3CC2C13O,8.850545050786323
COC12CC3C(C1)C23,8.720429765743242
Cc1cc([nH]n1)CC#C,6.991950784841578
CNc1[nH]c(=O)ncn1,5.042237077424713
CC(C)(C)C(C)(C)C#C,8.400034009584852
CC12CNCC1(O2)C#N,6.8439795222385715
OC1C2OC11CCOC21,7.916347673634143
CC(C)C(CC=O)C#C,6.075633692110907
CC1OC11C2OC2C1C,8.512827469309961
c1c(c(c([nH]1)CO)N)O,5.868479229324185
OCC1CC(=O)C11CO1,5.81966650682901
CC1COC(C#N)C1O,7.614376211672374
OCC#CC#CC1CN1,5.984789871545173
CC(O)CC1(CO1)C=O,5.945567953099808
CN1C2CC1(C=C2)C#C,6.023905796740351
CNC1=NC(C)C2OC12,6.44589614545364
CC#CCC1COC1,8.024108073126431
O=C1CCC11NC1C#C,5.825355780421242
CC(C)(C)C(=O)C1CC1,6.140365649415367
O=CCN1CC1C=O,5.567509594250174
OC1CC23CC(O2)C13O,7.791428393059377
Cn1c(ncn1)C2CC2,6.77021762571578
CC(C)Oc1cn[nH]n1,6.258441620737642
CC1OC(=N)OC1C#N,7.9110315649837855
N#CC12CCOCC1N2,7.3770104342438625
OC12CC1CNC2C#N,7.0752585326667745
CC(C)(O)C1OC2CC12,8.243779107831413
CC(O)C1=COC=C1N,5.928014421498636
CC12COC1CCC2=O,5.866795563389575
N=COC1(CCC1)C#C,7.554278349137283
Cc1[nH]cc(n1)CC=O,5.5155762595548685
CCC#CC1COCO1,7.653608013084645
O=C1CN2CCOCC12,5.460797244061397
CCCC1C(C)C1C#C,8.031245117832716
CC1C(=N)N2CC12C#N,6.650164156049385
O=C1OC2C3NC(=C1)C23,5.558192175496219
CC12CC(CC1O2)C#C,8.044622306974286
C1CC1C1C2C3OC1C23,8.53518093804129
CCC12CC1(C)CO2,8.345305440269092
CC1C(C)C(CO)C1C,8.97688769611013
OCC1NC1(C=O)C#N,5.791979403928028
CC1(NC1C1CN1)C=O,5.863629179874272
C(CO)C(C#N)(C#N)O,7.607683548733996
N=COC1CCC2NC12,7.163653008917149
O=CC1CN1CCC#C,5.773767403216085
CC1=C(NN=C1)C1CO1,6.708290989867932
C1CC1(CO)OC(=O)N,8.375051841400957
COC(C)C#CC1CC1,7.648852877476205
CC1OC(C)C(C)=C1C,6.771025784449264
O=CCC1OC2CC2O1,6.107573993463019
CC1(C)CC(O1)C1CN1,8.349614097483968
COCC1CC=CC1C,7.120049500226168
COCC(=N)OC(C)=O,6.625803551910037
N=C1N=COC=CC1=O,4.629012181364177
O=CCCC1C2CC1C2,6.253616471517038
CCC12CC1OC(=O)O2,8.471249948934917
OC1C2CC11CC(=O)C21,5.98564613958612
CC1C(C)=CC(=O)C1=O,3.874482455618713
CC1OC(C)C1(O)CO,8.2617914971767
[NH3+]CC1NC1CC([O-])=O,7.221410009931519
CC1C2C3C4CCC13C24,8.935546445270688
COc1ncc(nn1)N,4.973862030575711
CC1CC1C1=NNN=C1,6.565635248120028
CCCN1C2C3OC3C12,7.605048386304985
OC1CC(O)(C#C)C1O,7.273403941287302
OC1C2OCC(C#C)C12,7.66950767334171
OC1(CC1)C1CCC=C1,7.0166903630815245
CC12OC(=N)C1C1NC21,7.118976164751418
CC12CCCC=CC1N2,6.767092257901961
CC1(C)OC1(C)C1CN1,8.655680857497737
NC(=O)N1C2CC1C2=O,5.769911976132359
CC1C=CCC=CC1C,6.675261300651766
CC(C=O)C1COC1=N,6.091007363036226
CC1(CO)C2C3CC2N13,8.141277228442629
O=C1CC2CCCCN12,6.983691967835134
CC1(CC1)OCCC#N,8.118146292121713
CCC1C2NC2CC1=O,5.974162139265198
CC12COC(CC1O)C2,8.387802210834396
CC1C2CC2C2OC12,8.993594954643081
C1COC(=N1)CC(=O)N,6.6264398659637855
C1C=CC(N1)(C=O)C=O,5.321052018419927
COC1OC2CC1C2,8.997466717047203
CC12CC(C1)CCC=C2,6.9451737429222105
OC1CC2NC(=O)C12,7.142095949925082
O=CC(C1CN1)C1CO1,5.94756799350829
c1cc(nc(c1O)O)O,5.377912474373013
OCC1=NC(=N)C=NO1,4.908665216776937
OC12CCCC1C1NC21,8.09283586216621
OC1CC2OCC2C1O,8.295424050742412
CN1C2CC=CC1C2=O,5.431728140669314
CC1CC2(C1)NCC2=O,5.776911923843908
C1CN1C1C2C3CN2C13,7.791786364352216
OC1C2C(=O)NC12C#C,6.476068368849846
CC1CC(C)C(CO)=C1,7.000654214304041
CC(O)CC1CC(O)C1,8.824638875550558
CC(C1CCC1)C(C)=O,6.251440952411356
O=CC(=O)C1CC2OC12,4.143733834031179
CC1CC2C(O)C(=O)C12,5.834560418768989
CC1(CC1)CNC=O,7.618938677511646
O=CC12CC(C1)N1CC21,5.849132874358019
CCC1OC2C1C2(C)C,8.391889260023946
C1OC2C1C1CC2C=C1,6.786723910219929
CCC#CC1(CC1)OC,7.479099973728628
O=CC12C3CC1CCC23,6.0038692034602015
Cc1nc(n(n1)C=O)C,5.610937059055415
[NH3+][C-]1C=CC2=C1ON=N2,5.188074148955389
COC(=O)NCC1CO1,8.30047685391895
CCC1(CO)NC1C#N,7.565282240377797
CCCC1CC1(C)C#N,8.579142022491288
CC1(C)N2CC(O)C12C,7.916013279633534
c1cc(=O)nc[nH]c1=O,4.347468014360409
CC12CC1C(=O)C(N)=N2,4.73159715347107
CC1OC2CC3C2C13,8.569916966932363
CC(=NO)C1CC1C=O,5.8973778441654865
OC1C2C3CC4C(C23)C14,8.450274426475184
N=C1OC2C3NC3CC12,7.142270263479413
CC(C)(CC1CC1)C=O,6.1786455011996075
CC1CN1C1=NON=C1,5.845158743840452
COC=NCC(=O)C=O,4.1988461443592495
CC(=O)c1c(ocn1)N,4.726971556921133
CN=C1OC2CC2C1=O,4.8513873398642975
CCC1(C)CC2OCC12,8.483708633126144
CC1C2OC3CC2C13,8.780865232917858
c1cn(c(n1)O)CC#N,6.256790560008137
CC1C2(C)C3OC1(C)C23,8.337513755975735
CC12CC(C1)C(=O)C2O,6.160325441916449
O=C1C2CC3C4C(C23)N14,6.295191054642833
N=C1CC2CC(CO2)O1,7.572271338528445
CCC12CN(C1)CCO2,7.9928175070102885
Cn1c(=O)[nH]cnc1=O,5.253442664336838
CC(=O)N1CCC(=O)C1,5.750343695915762
Cc1cc(n(c1)C)C=O,5.061129816582812
N=C1N=CNC=C1C=O,4.330181757461619
CN1CC11CCC11CN1,7.920304691717687
CCC1CN1CCC#N,7.45384253827564
CCC(C#N)C(=O)NC,7.306890429876065
CC1(COC(=N)C1)C#C,7.5798592017934485
CC1=CC2CC2(O)CC1,6.724620611051
C1CC11CC2NC2C=C1,6.705313132471664
NC1=NCCC1(O)C=O,5.4608072691302665
O=CC1=C2CC3C2N3C1,4.7336326514825515
C1OC23CN(CC2)C13,7.9332871149099216
C1OCC2(CC=CC2)O1,7.0011405037466545
CC1(CC1)C1CN=CO1,7.275387235950925
CC1=CCC2COCC12,6.807222481064311
OC1C=CC2(CC2)C1O,6.61996035401301
CC1(C)CC1(O)CC=O,6.095888472464946
C1OC2C3CC12CCC3,8.572617551934815
CC12NC1CC2(O)C=O,5.8106767397443
C1CC(C1)CNC=O,7.653396446727351
CCCc1nccnn1,5.602448693001966
OC1CC2C(O)CC=C12,6.5410217968150075
CC1(CC1)NC(=N)C#N,5.735056160864668
CC1C2CCC(=O)C12,6.082420622939163
CN1CC11CC(=O)C1O,5.522602724534994
COC1(C)CN2CCC12,7.996171906275489
CC1(CO1)C(=N)OC=O,6.549032626045557
CC1C(=O)CC11CCO1,5.863218983530783
CC12CC1C1CC2(C)O1,8.558226695971156
C1C2OC1C=CCC=C2,6.382660102741671
C1COCCC1CC#N,8.094974406937698
CC1(O)C2CC1N1CC21,8.105614325318356
O=C1NCC2(CC12)C#C,6.976461309125231
CC(C)(O)C1(CO)CN1,8.337111563875553
CNC(=O)C1(CC1)O,7.2057609404025476
CN1CC(C#N)C1CO,7.056598737501585
CC1OCCC2COC12,8.554117137258071
CCC(O)CC(=O)C#N,5.353805246313851
OC12C3CC4CC1C4C23,8.418097123897812
O=C1CC2C(O1)C1CN21,6.967159352651144
OC1=COC(=N1)C1CO1,6.100493260275961
CCC12CC(C1)(C2)C#N,8.626207484610172
CC1C2CC1(C)C21CN1,8.479647367498576
CCC12CN1CCC2=O,5.67005683545797
COC(N)=NC(C)C#C,7.152024826453681
CC(=O)C1(C)CCCO1,5.924272068681475
COC(=O)C(N)C1CN1,6.767605597024211
CC(CC(C)=O)N1CC1,5.977396441048902
CC1C2CC(=O)C12CO,6.101008397501349
CCCC#CC1NC1C,7.375385361433269
CC12C=CC34CN(C13)C24,5.619177980810614
O=C1NCCCC11CO1,6.989389671806406
CC(CC(C)=O)C(N)=O,6.035026779764333
CC(=O)C1OCCC1O,5.964172034389861
CC1CC=CC=CC1=O,4.831220684940767
CC(C)c1c(cco1)N,5.992140753678557
OC12COC(C1)OCC2,8.650710098723449
Cn1cc(nn1)CCO,6.720283076202547
CC1C2CC1COC2,8.778532163147176
CCC1=CCCC12CC2,6.708929466490433
CCC12CCC1C(C)C2,9.16965580747927
C1C2OCC3OCOC123,8.338020235395474
O=CC12CC3C1N3C=N2,5.4720393849726445
C1CC1C1CCC11CO1,9.094359824283458
C1N2CC3CC12CCO3,8.239470736429698
O=C1OC2CC3CC1C23,7.35140400843854
CC12CC3C(C13)C(=O)O2,7.277666271992211
CC1(C)C2OC2C1=NO,6.690709833384674
CNC(=O)C1CCC=C1,6.69856975521772
CC(CCC1CO1)C#N,8.431890083018455
OCC1C2CCC1C=C2,6.919387022805903
CC1N2C3C1=CCC23C,5.145695247289602
OC1(CC2OC2C1)C#N,7.820242520389838
C1CC23CC=CC2C1O3,6.615470664335158
CC12COC1C(=O)CC2,5.7585811267973
COC1(C)C=CC2NC12,6.513299244136958
CC1CC(CO)=CC1O,6.913909185861094
CC12CC1(O)C1C(O)C21,7.656575930693017
CC12CC3CC3(O)C1O2,8.497009717259878
CCC(CC)C(O)C#C,8.102837862868212
CC(O)C1OCC(C)O1,8.867402032380976
CCC(=O)C1CCC=C1,5.980037689605799
CCC(COC)C(C)=O,6.272669655194688
CC(=O)Oc1ccco1,5.893748131198886
CC1C2C3OCC1C23O,8.088931359875735
CCC12CC1(C)C(C)C2,8.879323841214354
OCCC1(CN1)C#C,7.547569469443186
CN1C2C3NC2(C#N)C13,6.593690010629194
N=C1NC=CCNC1=O,4.969836941491575
c1c(onc1N)C(=N)N,5.17595556696115
CC1(CC1OC=O)C=O,6.006609624368372
O=C1CC2COCC2O1,7.27621074362322
CC1OCC2C(O)C2O1,8.615059336923565
N=COC1C2CC2C1=O,5.929737896001822
O=CC1C2C3CC2N1C3,5.626229570286203
OCC1C2C3N2C1C3=O,6.109650344214411
CC1CCOCCC1O,8.543004936383202
OC1COC2C3CC12C3,8.332011358190197
COC1=NNC=CC1=N,4.689808778723048
C1OC1C1=CCC2NC12,6.293482227850243
CC12CC3CC4C1C2N34,8.264868561974174
CCc1cnc(o1)N,6.20103149401378
Cc1c(n(nn1)C=O)N,5.004374645162094
COC1C2C(O)C2C1O,8.115846751996644
CC12C3CN1C(C=O)C23,5.643577546575809
CC12CCC(O)C1N2,8.363404321007957
CC1=CC23CCC2C1O3,6.143717376240204
N#CCOC1CCCO1,8.213965881771523
CC1(O)CNC1CC#N,7.327446895308596
CC12CC=CC1(N2)C#C,6.195060569961358
CNc1cc(on1)C#N,5.208846663225838
OC1CC(=N)OC11CC1,7.530276248515193
C1C2OC3COC(C3)C12,8.409652857560525
CC12CN1C(=O)NC2=N,6.55316508303136
CC1(O)CC11CCOC1,8.360997777620264
NC(=O)CC1NC1C#C,6.9729071972009145
C1C(=C(CO1)N)C=O,4.996011315505069
CC#CCN=C(CO)N,7.026130006932771
O=CC1CC(=O)C11CC1,5.69704453817159
OC1COCCC1C#N,7.752642521245264
c1c[nH]c(c1O)CC=O,5.194141079513683
OC1C(O)C11NCC1O,7.641586183021372
CN1C2CCC1(C)C2=O,5.934797202815002
C1OC2CCN=COC12,7.07888068147527
CN1C(CCO)C1C#N,7.076633902692391
COCC#CC(C)OC,7.445187254658788
OC1C2CC(C2)C1C#C,8.060936521126226
OCC(CCC#C)C=O,6.1190092871859845
OCC12CC=CCC1N2,6.600127415955279
OCC(O)C1C2CCN12,7.889976679493639
CCC1CC(CO1)=NO,6.73063073585964
CN1C2CCC2OC1=O,7.958679254653413
CC1(CO)CN1CC#N,7.423006771115519
C1CC2CCCOC2C1,8.592433279353846
O=C1CNC2CC(C2)O1,6.750359955647198
C#CCOC1CN2CC12,7.188723442296654
c1c([nH]c(c1O)N)CO,5.982657338776942
CC1C2C(C)C(C#C)N12,7.236492475046703
C1CNc2c1c(no2)N,5.8224215166375295
CC1(CC(C1)C#C)C=O,6.052919817199655
c1c(cnc(n1)N)C=O,4.393573592620825
C1C2CC3C4OCC12C34,8.361139981008845
Cc1c(cnn1C)O,6.362330137922061
CC1C2CC(C3CO3)N12,8.443467817609793
CCOC(=NC)C(C)O,7.339678933071515
CC1CCC2NC12CO,8.26150825598548
Cc1c(ocn1)OC,6.216434068456968
OCC12CC1(O)CCO2,7.9933815993278206
OC1C(CC=O)C1C#C,6.0984612408357055
CC(=N)OCC1CO1,7.658212999507372
C#CC(CC1CO1)C#C,7.972805101113314
C1C=Cc2c1onc2N,5.371555741208168
COC1C=CC2C1N2C,6.204056830282429
CC1(O)CN=C(N)C1=O,4.502198658085076
CC1(C)CC2OCCC12,8.580866584363676
CC1CC1C(O)CC#C,8.178672177027195
CCOC1CCC1CC,8.832425561679914
OCC1=CCN2CC12,6.270784052297104
C1OCC2OC2CC=C1,6.847935438233483
c1c([nH]c(n1)O)CC=O,5.347255353928739
[O-]C(=O)C1CC2(CC2)[NH2+]1,7.259514188341799
CC1(O)C(NC1=N)C=O,5.648653947063263
O=CC1C2OC1C2C#C,5.736900313797334
CC12CCC(OC1)O2,9.048177709235272
CC12CC(=O)N1C2C#N,6.36887135756038
N=C1CN=C2C=CCN12,5.356801154183768
C1C(CO1)(C(=O)C#N)O,4.952105637803446
C(CC(=N)NC=O)C=O,5.775573250863441
C#Cc1cc[nH]c1CO,5.756665119764206
CCc1cn[nH]c1C#C,6.036676284384982
CC#CC1N=COC1=O,6.253765445739395
C#CC1CC2OCC1O2,8.07578984803542
COC1C2C3C1C2N3C,8.01601541739468
CN1CC1(C)COC=O,6.6467406835868275
CC1CN1CCOC=O,7.010733877358152
C1Cc2nc(nn2C1)O,6.583547644955569
CC(C#N)C(CO)C#N,7.98759145516558
CC(=O)C1CN(C1)C=O,5.823370707590632
CC12OC1(C#C)C1CC21,6.851098907107079
CC12CC3C1(O)CC23O,8.128642641638653
CCCC(=O)OCC#N,7.6191082075808385
COCC1C2CC(=O)N12,6.899029384346516
OC1CN2CCOCC12,7.920018624674375
O=CC12CC1CN1CC21,5.8454458172691135
ON=C1C=CC2CC12O,5.312893925650934
C#CC1OC2CCOC12,7.3458764854002325
CN=C1OCC=C1CO,5.69400254941897
CC([NH3+])C1CC1C([O-])=O,7.251851648793796
CC(OC=O)C1NC1C,7.198569393359142
CC1C=CCC1NC=O,6.9078561534059695
OCC12CC(O1)C2=NO,6.719233231304668
CC1(C)C2CN2CC1=O,5.645466953207279
CC1CN1C1=CN=CO1,5.972435465148854
OC12CC1C=CC21CN1,6.313367182981584
CC12C(O)C1OC21CC1,8.112059288593809
CCC#CCC(C)C#C,7.852898362471506
CC1NC11COC2CC12,8.26479363208799
NC(=[NH2+])C1=CC(=O)O[CH-]1,4.813738838747847
CC1(O)CC2CC2(O)C1,8.429724095424659
CCCC1CC1NC=O,7.54124794534181
CC12CN3CC1(O)C23,7.83872792909809
CC1COC2COC2=N1,7.09872625468199
CCC1C2N1C(C)C2=O,5.866619046371235
CC1N2CC1(C2)OC=O,6.8176642147634485
N#CCC12CC3C1N3C2,7.501882136322772
O=CNC1C=CC2NC12,6.394217642672447
OC1(CC2CC1C2)C#N,8.094871233949247
O=C1NC2C3C2N2C3C12,6.053934593027452
O=C1CCCC2CC12,6.053084330957775
CC1CC2OC(C#C)C12,7.35160663946375
OC1C2CC3OCC13O2,7.900379781978736
CC1OCC(O1)C#N,8.147759038953348
C1C=C(CO1)NC(=O)N,6.096350717806672
c1coc(=O)n1CC#N,6.006863237598145
CC1(CCC=CC=C1)C,5.528079850492432
c1nc(c(o1)N=CN)O,5.068206236053211
CCC1(CC(C1)O)CC,8.836928650739921
CC1OCCC(=O)C1C,5.985801543043843
OC(C1CN1)C1CCO1,8.239337347774375
N#CC1CCC1N1CC1,7.284746213369205
CC1OC2CC(C2)O1,8.849030953536174
CC1CC(O)C1(O)CO,8.372584977792064
CC1NC1C(O)C(C)=O,6.054133970421105
CC1CC2(CC2O)C1O,8.378851433588311
N=C1NN=C2OCCN12,6.357302208135344
C1OC11C2OC2C11CO1,8.187561856070193
CCC1CC(C1)C(C)O,9.025016239304586
CC#CCC1CC1(C)O,7.973212199492322
CC1=C2CC3CC(C1)C23,6.202918078883133
O=CNC1C2C3C1CN23,7.094789667852869
CCC12CCCC1(C)O2,8.910529673162427
CC12CC3C1C3(C2)C=O,5.976115044997857
NC(=O)C(O)CCC#C,7.310008175334067
OC1CCC2=C1NN=C2,6.703234306156129
CCC1OC2C3OC2C13,8.264238580709334
C1CC2(C1)CC(=O)OC2,7.512020185064717
OC12CCCC11CC2O1,8.271302651352814
CC1OCOCCC=C1,6.873918727932199
CCC1(C)C2OC=NC12,7.058722333217341
O=CCC(CC#C)C=O,5.74730486847254
O=C1OC2CC3C2CC13,7.268757582792443
c1c2c(co1)CCCC2,6.313889076010985
CC12OC3CC1C3C2O,8.272247043423386
CCC1=CC(C)C(=O)N1,5.793610923022631
CCC(C#N)C(=O)OC,7.5118918364264085
CC12OC1C(=O)NC=C2,5.573198957117832
CC(C)(C)C1CCOC1,8.68712618151693
COC=NC1C2CC1N2,7.01943837701542
O=C(NCC1CN1)C#C,6.120827581902285
NC1=C(N=CN1)C1CO1,5.965435185169325
OC1CC2(CN2)C1C=O,5.8769387560331445
CN=C1C(O)CN1C=N,6.042638117926146
CN1C2C3OC2C13C#C,6.758721887832919
CC1C2(O)CC1(O)C2=O,6.472366114861251
OC12CCC1CC=CC2,7.095927634911086
CC(CC1CCO1)=NO,6.86030488540805
CC12CC1CCC1CC21,8.98020176216217
N1C2C=CC3OC2C13,6.21123377446867
OCC1=CC(O)C(O)C1,6.807847103265539
C1C2CC11OCCCC21,8.686324270295033
C#CC1CC2CCC2C1,8.368306045522127
N#CC1CCC=CCC1,7.1079078552478485
OC1C2CC3C2C1C3=O,5.998953996292705
CC12CC3(O)C(O1)C23O,7.637333138978974
OC1(CC2CCC12)C=O,5.88944815543427
OCC1OC=NC11CC1,7.075540528186162
CC12OC3C(C13)C2CO,8.214321574053136
CN1C2CCC3(CO3)C12,8.28884469900734
CCCN=COCC#N,7.3433071676549435
OCC1C(C#N)C2CN12,7.2636626430139595
CC1NC(C)C(=O)C=C1,4.959831997565922
CC(O)C1=CNC(=O)O1,6.397024956531691
COC1(CO)CC1C#N,7.784377684773546
CNC(=O)OCCC#C,7.864641217963776
CC12OC(C=C1)C2C#N,6.446959870752443
C1OCC2OC3C1OC23,8.093077219674338
CC12CC(N1)(C#N)C2N,7.022389855007519
OC12CC(C1)(C2)N1CC1,8.16465366226143
CN1Cc2c(nc[nH]2)C1,6.407665201976175
CN=C1CC(CC#C)O1,7.3723720198704585
C1OC1C1OC2CCC12,8.666707687630433
CC(O)C#CC(N)=O,6.311154645186577
CC1=C(O)OC(=N)C=C1,4.555154911925517
OCC1CC(=O)C1C#N,5.995124015965664
CC1(COC(=N)C1)C#N,7.739330678981218
CC12C3CC1CCC2C3,9.176173702125276
OC1C=CC2(OC12)C#N,6.323946286289989
CN1CC11C2C3CC1C23,8.365947137699749
C1CC1CCCOC=O,7.663697580462069
C1C23COCC12C1NC31,8.208388983490401
CC(C#N)(C#N)C1CC1,8.473038016015346
COC(C#C)C(N)=O,7.108582263725281
CCC1(CCC1)CCO,9.199756317109063
O=C1NC(=O)C2CC2O1,6.729409404846481
CC1(COC1=N)NC=O,6.826503601714405
CC1OC(C#C)C11CC1,7.383442126856695
OCCCC1(CO1)C#N,7.961803019307215
ON=C1CC2CCC12,6.762096897710972
C1NC1C12CCC1CO2,8.246303313194685
COCC1(O)CCOC1,8.480885971824653
OCC1COCC(=O)C1,5.954337284584197
COC1C2C1C1CCC21,8.524200830877557
OCC(O)(C#N)C1CO1,7.61522488597898
CCC1OC2CCOC12,8.617430786358634
OCC1C(O)C11CCO1,8.0360451306233
COC12CC1(C)CC2=O,5.964281694022404
CN(C)C1=NCC(=O)N1,6.220730108079113
CC1CCC(CC1)C#N,9.121089589407767
O=C1C2C3C2C2C3CC12,5.852516992166417
CCC(C)C12CC1CC2,8.99962883798145
CC1=CC(O)C(CO)C1,6.958089169839255
OC1CC2NC2C(O)C1,8.2364043312651
O=C1COC(=O)N2CC12,5.775382043863586
CC1OC(=N)C1CCO,7.758250390643955
O=C1NC(C#C)C11CN1,6.645473084235666
CCC1C2C(=O)OC12C,7.4502326412300075
C1C2OC3C=CC2OC13,6.4645894545640505
CCC1CN(C1)CC=O,5.595311961098691
N=C1OCCNC11CC1,7.009961735709531
Cc1cc(c([nH]1)O)O,6.1334005724989495
C(CC=O)CNCC#N,6.102065450221314
CCC1C[NH2+]C1C([O-])=O,7.225650645992779
CNC(C=O)C#CC#N,5.31414063225707
N=C1OCC11CN=CO1,6.826252968563192
C1CC2C3C=CC(O1)C23,6.581531690724022
CC12C3OC(C13)C2CO,8.151570004787558
O=CCC(CC#C)C#N,6.074550824649181
CC(O)C1OC(=N)C1C,7.750555837718771
CCC(=O)C1CN1C,5.702333381300082
O=CC1(OCC=C1)C#N,5.7512438032541855
OC1C2CC3CN=C1N23,6.291211325632265
C1CC23CC(C2)CCC13,9.356943796286245
OC(C#C)C1(CO1)C#C,7.301435644847894
N=C1NC(=O)CC1C=O,5.564055202037897
C#CC1=CNC(=O)NC1,5.661516402677803
CC12CC3N=COC1C23,7.0134071761472025
CC12CC3CN4C1C2C34,8.180402280033293
CC(C#C)C1=NON=N1,6.453241107395122
[O-]C(=O)C(NC=[NH2+])C#C,6.285064586691288
CC1=CC2COC2(C)C1,6.839593383810401
CC12CNC1C(O2)C#N,6.768287670259947
CC1OCC2(OC12)C#N,7.522748025552731
CC1CC2=NON=C2O1,5.993121862995077
CCC12NC1C1(C)OC21,7.859397846740314
CC1C2C3C=CC1(O)C23,6.32904522795153
CC1(CNC1=[NH2+])C([O-])=O,6.623952332218796
CC1=CC2(CO)CC1O2,6.509772773034182
C1OC23CC4C(C2)OC134,7.81150242393825
Cc1coc(n1)C2CC2,6.250280559230777
CCCOCC(=O)C#N,5.236269761315754
Cc1ccc(=O)oc1C,4.7026254647452745
OC1C2[NH2+]C1C2C([O-])=O,7.0612918026711995
CC1(C)CC2NC12C=O,5.835100722040463
CCCC(=O)C1CCC1,6.152065318340701
CCC1C(C)COC1=O,7.5285021548086455
OCC1C2CC2CC1O,8.456866169631304
c1ccc2c(c1)CCO2,5.82993804707432
N=C1OC=CN=C1C=O,4.31325222765049
CC1COC(=N1)N1CC1,7.221990192894887
N=C1OC=CC=NC1=N,4.457691396457868
CC(O)(C#N)C1COC1,7.519122118155261
CCC(=O)NCC1CC1,7.48833295458536
CC1CC=C2CC=CC12,6.459094289085109
N#CC1CCCC1C#N,8.574877414890846
O=C[C-]1[NH2+]CC=CC1=O,4.559446021778224
CC12CC1(NC=N2)C#N,6.520689093632369
CC(=O)C1C2CC1CC2,6.222857486533146
CC1CC(=O)C(=N)N1C,4.669492212487264
Cc1cc(c([nH]1)OC)N,6.109499686456286
CCC1OC11CNC1=O,6.966219918608484
CC(=O)CC1OCC1O,6.132434496783011
CC1CC2(O)CC12C#C,7.495388424865137
NC(=[NH2+])C1=COC(=N)[N-]1,4.614961936023651
CCC(=O)C(=O)C(=O)C,3.9578424552560425
Cc1cn(cc1N)C=O,5.166523868859891
CC(O)C12CC(O1)C=C2,6.55894798541426
OC1CN2CC3(CO3)C12,8.063974663999229
CC1(O)C2OC2C1CO,8.575567609648845
NC(=O)C1CC(C1)=NO,6.528381043851927
CC1OCC(C=O)=C1C,5.135158868170577
CN(CC(=O)OC)C=O,6.7427638287963045
CC1CC(=O)C(O)C1O,5.9659750540365835
COc1cc(c([nH]1)O)O,6.160245491398391
O=C1COC2CC1C2,5.758225542363174
C1CN(C(=O)N1)CC=O,5.759163267547507
O=C1CCC2OCC=C12,5.051292320972802
COC1(CC=O)CC1O,6.0456242785218794
CC1(C)C2C(CN12)C=O,5.70033487566796
CCCC(CC)CC#C,8.669882988646638
CC12OC3CC1CC3O2,8.821670795500422
CC#CCN=C(C=O)N,4.768906212285172
COC=NCC1CC1,7.302232743057988
C1CCC(=CC1)CC#N,7.036885207477731
O=CC12CC3N=CN1C23,5.427415436071787
OC1CC[NH2+]C1C([O-])=O,7.203131991120224
O=C1C2CC3CN1C23,6.585308807393163
CC1CC2CC(=O)C12,5.9616125912153635
CCC1C(C)C2CC12C,8.917616499518509
O=C1CC23COC2CC13,5.7872860668752955
O=CC1OC2(CC12)C#C,5.759084975044948
OC1C2CC3(O)C2CC13,8.608707296444932
C1OC11COC11CCC1,8.44289523707107
CC1C2CC2N1C=O,6.914199598539192
CCC1C=CC2(C)NC12,6.625336952411573
C1CC1CCC(=O)C#N,5.497087561301596
C1C2OC3=NOC=C3C12,6.127219379837625
N=C1CCC(O1)C1CC1,7.745016424569552
C1CCOC(OC1)C=O,6.000457323551944
CC(C)(C(=O)C1CC1)O,6.076777197505721
O=CC12C3CC1COC23,5.978035177354934
CCC1CC(OC)C1O,8.49681200453085
OCC12CC3OCC1C23,8.301406692161034
CC1CC2(CCC2C)O1,8.506577538436185
CC1C(=O)C2OC2C1=O,5.11910766408424
CCC(C1CO1)N1CC1,8.533597837745459
COC1CCC11CC1,8.791010778103576
CN1CC1C1=NOC=N1,5.96021857737011
N=COC1C2CCC12,7.56416171231953
C1CC2OC2C=CCO1,6.765159942624856
CC1OC1C1CN=CO1,7.358244455737022
CC1C(CO)CC2CN12,8.09660380786723
CCc1cc(oc1)C#N,5.739645775346184
CCN(C)C(=O)C#C,6.090513701632416
CC1C(C)C2=CC=CN12,6.497555814524884
CC12CCC3C1OC23,8.700819011275975
C1CC12COC(=O)C2=O,4.827326291268429
CC1COC2CC=CC12,6.9835992691023385
C1C2C3OC4C3N2CC14,7.76271283752498
OC1C=CC(O)C11CN1,6.499596993209417
N#CC1CC(O1)C1CC1,7.747199555722606
CC1(CO)C2COCC12,8.256847989210199
CC1(N=CN2CC12)C#N,6.530706858508751
NC(=O)CN1CC1C#N,6.816513381045258
OC1C2OC1(C=C2)C#C,6.273991155610975
O=CC1OCC(O1)C#N,5.9715937153771605
CC1OC2C(CC12)C#N,7.796986075717861
CC1COC(=O)CCO1,7.162936367515641
CC(O)C(C)(C#N)C#N,8.029337239437979
CC1=C(C)C(CC1)C=O,5.840113582822728
C1CC11C2OC1C21CC1,8.309538593892201
CCC1(CO)COC1C,8.351593538703085
O=C1NC2C1CCC2=O,5.84604061847126
CC1C2NC1(C#N)C2C,7.113938579369149
CC1CC2NC2C1O,8.309735710784482
c1cc([nH]c1N2CC2)O,6.180836894485843
[NH3+]CC(O)[C-](C#N)C#N,6.306131173625415
C1C2CC3CCC(O3)C12,8.529852996469689
[O-]C(=O)C1[NH2+]C2CC1C2,7.238699237785708
CCc1cc(c[nH]1)C#N,5.882962134161316
N=C1OCC2OC12C#C,6.8593455808166865
c1c2c([nH]n1)N=COC2,5.545002541285195
CCCC1(O)CCC1O,8.484807361782051
COC12CN3CC1C23,8.052666603548177
CCN=c1cnonc1,4.684970260248965
CC1(C)NC1C(=O)C#C,5.179490185202299
ON=C1C2CCC1CC2,6.6989907896440535
C#CC1CCC2CC2O1,7.837099846646572
OC1C(O)C(C#C)C1O,7.365555233269545
CC12CC1OC(=O)N2,8.18555652008504
OCC12CC(CC1)O2,8.524800906270388
CN1C2CC1C(=O)C2,5.533198592154996
OC1CNC11COC1=O,6.757688941239115
CC1CN2C=CC=C2C1,6.4988525957348635
N#CC12CCNC1CO2,6.900579688915032
Cc1cc(cnc1O)N,5.271070080532403
COC(C)(C=O)C1CN1,5.810797517481372
OC(C#C)C1CCOC1,7.706769669748778
CC(C#N)(C#N)C1CO1,7.859279198206526
CC(OCC#N)C1CC1,8.03320963153877
CCC12CC1C(C)C2O,8.560418813488365
CC1(OCC11CO1)C#N,7.340503393978104
CC1OC2C(O)C2(C)O1,8.280290091149674
O=CCCC1CN1C=O,5.869667762114666
[NH3+]CCC1=NOC=C1[O-],5.458389774733203
CCC12COC(CO1)C2,8.68202153651057
CC1=CCNC(=N)C1=O,4.404833902432814
CC1(COC1)C(=O)NC,7.243310980027378
CC1CC2OCC1C2=O,5.7675623777916964
c1c2c(n[nH]1)CCCC2,6.744386331035239
N#CC1CC2(CO2)CO1,7.873233317823724
N=C1OC2C(C3CO3)C12,7.12178872785112
[NH3+]C12CC(C1)(C2)C([O-])=O,7.148171728412919
NC1(C#C)C2OC(=N)C12,6.754762589806324
CC1C2C3CN2C13C#C,6.886315627566557
CC(O)(C#N)C(O)C#C,7.63170077837554
O=C1CC2NC1C2C#C,5.759557385296752
CC#CC1CC2OC12C,7.614896489759031
COC1C(=O)C2CC12C,5.889472327844625
CC1C2(CO2)CC1(C)O,8.668056139655707
OC12CC(OC1)C2C#C,7.467216397798303
CC1OC1C1=CON=C1,6.5341031265208755
OC1(CC1)C#CC1CN1,7.171133003147473
CC(=O)C1(CC1)OC=N,6.01446521270837
CC1C2C(O)C=CC12O,6.413422123596629
CC1C2C3C2C2(C)C3N12,8.20916883493361
CC1OC=NC2CC1C2,7.081968080757024
N#CCC(C#N)C1CN1,7.558887021236556
OC1CN2C=CC(O)=C12,6.077617306773822
CC(C#C)C1=NON=C1,6.77850459453107
O=CCC1CCN2CC12,5.860317875595086
CC1(CCOCO1)C#C,7.770255364724618
COCC(C#N)(C#N)N,7.3470093120352296
CN1C2C3OC2C(=O)C13,5.565878170226595
O=C1CCC2CC12C#N,5.96924849092253
CCC1(OC)C(C)C1C,8.584118677661799
Cn1cc(cn1)NC=O,5.804493403441958
CC1CC11OC(=N)C1O,7.450775803707462
NC(=O)C1OC1C1CC1,7.177860782902968
CC1(CC1)C1CC1CO,8.83609419222991
O=C1OCC2C=CCN12,6.451697764920594
CC1=CC2(C)CC3C1C23,5.931761852985533
OC1CC2C3CC3C12O,8.086225903263518
CC1=C(CCC1)NC=O,6.000280327901977
CCCC(C#N)C1CN1,7.711417274646229
c1c2c(co1)NC=NC2,5.285537006974295
CC(=O)C12NC1CC2O,5.89853364924576
CC1CCC1(O)CC#N,8.270565676097512
CC12CC1(CO)C(=N)O2,7.404174140801084
OC1CC(C2CO2)C1=O,5.830228969467827
ON=C1CC2(CCO2)C1,6.581536055412786
CC1C(O)C1OC1CC1,8.160591740479738
C#CC12COC1C=CC2,6.537807811670239
Cc1cnc(cn1)NC,5.036525469818914
CC(O)C12NC1C1NC21,7.296941930609535
CC12CC3C(C1)C3O2,8.736417535181744
CC1OCCOC(=N)O1,8.036394188253185
C1C2CN1C1=CNC=C21,5.833835756315782
N=COC(=O)NCC#N,6.966510652359464
CCCC12CC3C1CC23,9.32865174601285
CC1CC2C3C(CN23)O1,8.19697755858959
C1COCOCC1=NO,6.726224880027994
CC12CC(O1)C(C)(O)C2,8.458395571273396
OCC12CC1C(C2)C#N,7.900621779537437
CC1C(=O)OC1(C)C,7.652491510902579
C1COC(OC1)CC=O,6.139457022772994
CC1COC2=C1C=NO2,6.217070013667206
N=COC1OCCC=C1,6.879735295246954
C1OC1C12CC1CO2,8.41832347318777
OC(C#C)C(O)C1CC1,7.868398092054447
Cc1ncnn1C(=O)N,5.924472054517533
C(C=O)OC(C#N)C#N,6.2086173345917315
C#CC(=O)C1CCCC1,5.486301245903834
OCC#CC1CCOC1,7.495493768031904
N=C1COC(CO1)C#C,7.245248668028392
COC12C3CC1(O)CC23,8.236020553390903
CC1C2C1C1C(O)CC21,8.255884940576173
CC(C)C1CCOC=N1,7.2754270946727635
N#CC1C2NCCNC12,7.131423720620907
N#CC12COC1CCO2,7.3818515682616255
C1CC1C1C2COCC12,8.611776658590978
OCC12COC1CN2,7.936897446159189
OC1C2NC(=O)C(=O)C12,4.674237479861869
CC1CC1(C)OC(N)=O,8.382313247575786
COCCNC(=N)C=O,4.725831152146421
CC1=C2CC3C(C1)C23C,5.30200647711818
CC1CC(=O)OC11CC1,7.519877841805478
CC1(CC#CC#N)CN1,6.251874815644282
CC1NC(C#N)C11CO1,7.349594920950867
c1c[nH]cc(c1=NO)O,4.612751937998149
CC1CC1([NH3+])CC([O-])=O,7.296722131489024
C(C1CN1)C1=CNC=N1,6.758480460456995
CC1(O)C(O)CCC1=O,5.949964768805066
CCC(O)CN=COC,7.260084240744927
CC1CC2=C(N1)OC=N2,5.977865743404772
CC(C)C12CC3C1CN23,8.36258400891214
CC12CC=CC1CC2O,6.757293023973009
O=C1OC=NCC2CC12,6.375657808153326
OC1C2(O)C3CC1(O)C23,8.054293535417532
O=C1C2C3C4OC1C4N23,5.680732639269502
CC1C2C1C(O)C2O,8.294023811358851
CC12CNC1(C)C(=O)O2,6.771931032641737
C1C2C3CCCOC1C23,8.49617521061413
CC1CC(C)C2(CC2)C1,9.214598604491544
CN=C1OC(C)OC1=N,6.108789131426796
CC12OC=NC1C2CO,6.928213935346356
CC1(CC2CC1C2)C=O,6.143087896415881
CC1(O)CC11OCC1=O,5.819214393867618
CCNC1(COC1)C=O,5.589250842414156
C1C2CCOC3CC3C12,8.472853108375089
CC1C2C3C=C(C)C1N23,5.767140953137686
CC1CC2(CN2)C(C)=C1,6.696321043231874
CCN=C(C#N)OCC,6.115345064149068
O=C1NC2CC1C1NC21,6.908372712559496
CCC12CC(C1)C(C)C2,9.681363236282152
c1nc(c2n1CCO2)N,6.113306487884294
O=COC1CC(C1)C=O,6.066568525853299
CC1=C(C)C(=N)OC1,6.065769473773875
O=CCC1C2CC1O2,5.962148100544804
CC1CC23CC4C2C1C34,9.073584192543795
c1c(nc([nH]1)CO)C=O,5.126786181846102
CC12OC3C4C(OC13)C24,8.012932238189919
COC1(CO)C(C)C1O,8.165402366534837
O=C1CCOC2COC12,5.6327400428948415
C1COCC2(CO1)CO2,8.865039059807504
CC1C=CC(O)C1=NO,6.4069900346192625
CC1(CO)OC1(C)C#C,7.643306418226814
CC12CCC(C1)OC=N2,7.254447938328364
OC1CCC(C=O)=CC1,5.240577545902705
CC1(C)CC2OC2C1,9.256706134454106
CC1C2CC3(COC3)C12,8.573419200158124
CC1C2CC(C2O)C1=O,6.136198939817528
CCCCC1CC2CC12,9.225848390478825
CC1CC1OCCC=O,6.17180687388864
COC1C2CC2C1C=O,5.947606355825912
OC12CC3(NC1C23)C=O,5.743563818513165
C1CC(C1)C(=O)CC#N,6.091957326945149
COCC(C)(CO)C#N,7.9982607027160935
CC#CC1C2CC1(C)C2,8.059117968207559
CCNC(C=O)C#CC,5.729376047564927
CCC1(C#C)C(O)C1O,7.567306758238415
COC12CN(C)C1C2C,7.887638226396444
N#CCN1C2CCCC12,7.206690951211695
CN1C(=N)CN=C1C#C,5.459576302444722
COC=NC(C)C#CC,7.255197183158605
c1c2c(no1)C=CCO2,5.193668097328285
C1COCC12CC(=O)C2,5.962440621553348
OC1C(=O)C2CN2C1=O,5.142762915570075
CN(C)C(=O)NCC#N,7.498625135008466
CC#CC(=NO)C(C)O,5.679820644636509
COCc1cc(oc1)N,6.080009614253772
O=C1CC23CC(C2)C3O1,7.423475866711861
CC1OC2COC=NC12,7.168227550940695
CCCN1C2C3NC2C13,7.796014507263653
C1CC1CCOC=O,7.67064754834785
CN1N=NC(C)=CC1=O,4.697840734112516
CCC#CCC(O)C=O,6.020567530019756
CC1CC(C1)C(=O)CO,6.088704807037619
NC1C(OC1=N)C1CN1,7.158917626583899
CC1=CC2(O)CC1C2=O,6.2895894900911165
ON=C1C2CC(O)C1N2,6.505572387334448
O=CC1=CC2COC1C2,5.0120992508504525
CC1C(C)N1CC(C)=O,5.875638328182132
OC12CC1(O)C(C2)C=O,5.9297975546772115
NC(C#C)C(CO)C#N,7.589890741840486
OC12CN3C4CC(C14)C23,8.004890778508562
OCC1CCOC1C#N,7.678260841399499
CC1CC1CC(O)C#C,7.953508581715657
OC1C=CCC11CCC1,6.863312421375472
CC1CCC=C1C1CO1,6.6713792386668525
OC1CNC2=C1N=CN2,6.037698494363827
c1[nH]c(c(n1)O)N2CC2,6.184845843001128
CC1NC1(C)C1CO1,8.701996493314729
Cc1[nH]c(cn1)OC=O,6.080813033221102
CC1(C)C(O)C=CC1O,7.010898279468702
COC1C2NC2CC1=O,5.636878141838
C1C2C1C13COC1C2C3,8.594390813250662
CC12C3CC1N3C2C=O,5.565586698328275
OC12CC1C1NC21C#N,6.753844521604645
CC1N2CC1(C)OCC2,7.903912989017489
CCC1=NC(C)C(=O)N1,6.291467191756949
CCCCC1OCC=C1,6.8616569306334725
CC(=O)C1CC2CCC12,6.102250841265866
CCC(=O)C1COC1C,5.99538292340098
O=CC(CC1CN1)C#N,5.956046922401157
OC1C2CC1C2CC#N,8.304392252116143
C#CC12CN1C1CCC21,6.950500990278357
Cc1cnoc1C2CC2,6.3847504326948865
CC1CC2OC12CCO,8.767999540601176
CCC12C(C)C3C1CN23,8.352744680750643
CCC1=C(C)CCC1C,6.911484790567129
OC12CC1N(C=N)C2=O,6.0181598662742015
OCC1(O)C2C3CC1N23,8.028660950079445
N#CC12C3NCC1OC23,6.82587765608371
CC1CC(C)(O)C(=O)N1,7.236318707037132
CC12NC1C(O)C1OC21,8.05341425808359
CC12COC1C2(C)C=O,5.917296933539101
C1C(CO1)OCC(=O)N,7.233003309682058
OC12CC1C1C2N1C=O,6.669647639256649
CC1(O)C2N3CC3C12O,7.4878569677017435
C1CC1C2CC(=O)C2,6.118400371105068
O=C1OCC2(CN2)C1=O,4.757259421280132
NC(C#N)C1C2CC1C2,8.031132931010118
CN1C2CC(O)C12C#N,7.060314368633728
CCC1(C)OC2C(C)C12,8.383983181417314
C1COC(=N1)CN2CC2,7.0473876590412114
CCC(C)(C)C1(CC1)O,8.655768108446722
CCCC12OC1C1CC21,8.37252556298897
CC1C(O)C(C#C)C1O,7.792661918936795
OC12CC1C1(CO1)CC2,8.622262635064303
CC1C2N1C(=O)OC2=N,6.851505852544023
CC1OC2C1CCC2=O,5.778402129795914
CC1C2COC2C1C=O,5.81921074744834
CC12C3CCC1CCC23,9.01671003547329
CC(=O)C1CC(O)C1,6.217188122453432
CC12CC(=O)C1C1CC21,5.809692748604821
CC12OC3(C)CC1C23C,8.352835526185643
CN1C2C3CC(C3)C12C,8.37796160600957
Cc1c(non1)N(C)C,5.800394318630335
CC1OC2C1CC2=NO,6.557669395139902
CCC#Cc1c[nH]cn1,5.913139491173412
CC1N2CC1(C2)C1CO1,8.335147505348433
CC(=N)OCCC=O,6.182801523290657
C#CC1OCC2COC12,7.418197189397339
O=C1CCC2CC(C2)O1,7.328295214789112
CN=C1NCC1(O)C=O,5.332063132007148
OC1C=CC2CC=CC12,6.597832789011035
CN1C2CC(C)(CO)C12,7.8965149028878425
Cc1c(c[nH]c1CO)O,6.120037003069353
C1CC23CC(CC=C2)C13,6.763435500061324
C1CC1C(C=O)C=O,5.639352820145676
OCC1=CNC(=N)C=N1,4.590726350377617
CC1CC2CC12C=O,6.068314114256175
CC1C(C#C)C1C1CO1,7.82189347335739
CC1=C2CCC2OC1=O,6.099134571918784
NC(=O)C1CC(C1)C=O,5.911479376136745
O=C1OCC2C1C1CN21,6.7737657571804135
CC1(COC1)N(C)C=O,7.1992225874300715
CC(O)C1CN=C(C)O1,7.332587333236807
O=CN1C2CC3(CC3)C12,6.710844352293832
CN1CCOC(CO)C1,8.107310136874368
ON=C1C2OC2C11CO1,6.541394312345078
NC(=[NH2+])[C-]1N=COC1=O,4.6740646175198615
CC(O)C1=COC=N1,6.623885691885027
C1C23CCOC12COC3,8.281852113636544
CC12CN3C(C13)C21CO1,8.42280868769872
CC1CC2CC3C2OC13,8.621177911867848
Cc1[nH]cc(c(=O)n1)N,4.944859002071679
CC(CC1CCO1)C=O,6.0942781125316525
C(C1CO1)N1C=CC=C1,6.61044880494095
OC1(CCC=C1)C1CN1,6.793236237089317
N=COCC(C#C)C#N,7.468420361137205
CCC(C1CC1)C(N)=O,7.504062461288745
CC1=C([O-])OC(C[NH3+])=C1,5.1208156786908745
C(C1CO1)C12CCC1N2,8.650189559829055
CN=CN1C2CC1C2=O,5.710908217024349
CC1CC2CC1(C2)C=O,6.126302845488582
Cc1nc(no1)C(C)C,6.993240775665066
CCOC1(COC1)CO,8.55459421012523
Cc1c(c(n[nH]1)O)C=O,4.991697341946791
O=C1CCC2NC2CN1,7.158762695617645
CC(CC#C)C1(C)CO1,8.363344172087817
CC1CC2CC2C1(C)O,8.738214232101711
ON=C1C2CC2OC1=O,5.5467200994549914
CC#CC1=NCC(C)O1,5.98596703765981
CC(=O)C(=O)OC1CC1,4.913909110465157
N=C1NC2C3OC12C=C3,5.760995095310724
CC1(O)C(O)C1CCO,8.275339044964241
N=C1OCC2CC2C=C1,5.613348618400952
CCC12CC3CC1(O)C23,8.281372697822956
C(N=C1CCO1)C1CN1,7.187677784764849
CC12OC3=NCC1C23O,6.146935059054245
CN(C)C(=O)COC=O,6.842535748836572
CC1CN1C(=O)C1CN1,6.713999721851437
CC(O)C1=CC=NO1,6.685850559017418
CC12CC1(C)C(C2)C=O,5.959652884667842
OC(CCCC#N)C#C,7.905619891807851
CC12CCC(O)C1C2O,8.324175180351155
CCC1CC=CC=CC1,5.544183396817601
OC1(C=O)C2C3CN3C12,5.678370258066307
CC1C2C1C1(C)CC2C1,9.19637698886872
CCC1OC(=NC)C1O,7.348905985911523
CC1OC2CC2(O)C1C,8.238373746240946
COC12CC3(C)C1OC23,8.174191613560955
CC(=O)CCCNC=O,6.141525088121689
CC12OC1C1CC2C1=O,6.10473696761857
CC12CC(C1)C1(CC1)O2,8.707936911994699
CCOC1CC2C(C)C12,8.669310513527057
CC1C=CC(=O)C1C#C,5.080326514078364
CCC1CC(C=C1)C#C,7.048763994838538
O=CC1C2CC1C1OC21,6.106326072434052
C[NH+]1CCC1C([O-])=O,6.924609733942279
O=CC(=O)NCC1CO1,4.822281032536845
CC1=C2CC3OC(C1)C23,6.11119044341898
CC(=O)CC(=O)CC#N,5.73346915389727
CC1=C(O)N=COC1=N,4.762689471817406
CC1CCC(O)C1C=O,6.119998175745593
CCC(O)CC1CCC1,8.960508453005144
N=C1CC2(CCO2)CO1,7.545235445343264
CC1C2CC=CCC1O2,6.944624563901527
OCC12CC1C1COC21,8.155996182719841
CCCc1cc(n[nH]1)C,6.948098712566356
NC1=NCC2COC1O2,6.827009380615772
C#CC(=NO)CC1CC1,5.647711594347009
CN=C1CC2(CC2C)O1,7.319743712696122
CCc1c(onn1)C,6.419301219475331
CC(C)(C#C)C(O)C#N,7.811280775537584
O=CCC(C#C)C1CN1,6.022951475080232
N=C1OC2CC1C2C#C,7.334629111436953
CC1OC1(C#N)C1CO1,7.629805382196412
CCOC1(C)C2CC1C2,9.039287650643393
CC1C(NC1=O)C(N)=O,6.6652923510442985
C1CC(=O)CCOC1,6.125433574369629
C1COC(=N1)C#CCO,6.0036353725713205
CCC1N2CC3C2C13C,8.172371519223605
OCC#CC12CN1CC2,7.034994430570909
CC1=CC=CCC(=O)C1,5.150438473687551
CCC(O)C1CC1C=O,6.1517082088896915
COC=NC12CN(C1)C2,7.016106779845166
OCC12CC1CCC2,8.859011346055691
CC12OC1C1OCOC21,8.124055267440005
CC1=CN(C=O)C(=N)O1,5.18443876342713
CC(=O)C(C#C)C(N)=O,5.6739450326352845
Cc1cnn2c1CC=C2,5.418838439201906
CC1COC1C1(C)CN1,8.355459201694195
C1CC1CN=CNC=O,6.142005765437066
CC1C2CCC12C(N)=O,7.2856432594800395
CC1COC(=O)C1(C)C,7.538886946949107
C1CC23CC4C(C12)N4C3,8.418587700177397
CCC(=NO)CC#CC,6.865989713524408
C#CC(=O)CCCCO,5.3847195438864786
CC1CC11CC(O)C1=O,5.885382635889798
CNC1=C(N=NO1)C#C,4.958041266291437
COC(C)(C)C1CCO1,8.66154593275934
NC(C#N)C1(O)CC1O,7.300108435798288
OCC12CCC1C2C#C,7.748567330816751
COCC12CN1C(=O)C2,7.0092078700269935
C1OCC2OC1C1OC21,8.480797930806787
O=CNC(CC#C)C#N,7.246108501268686
CC1C2CCOC(=O)N12,7.723092015275666
O=CC1COC(C1)C=O,5.632001751850255
CN1CC11C=CNC1=O,5.5444670719966
C1CC2CC1COCO2,8.880614876556761
O=C1CC2NC2CN1,7.197412089569194
COC(=O)C(C)(N)C#C,6.849430474304876
CC1C=CC2OCC12C,6.760318764343445
OC1(CCOC1)C1CN1,8.275394911534352
COC(=O)c1[nH]ccn1,5.951962545978737
CCOC1CC2OC2C1,9.027885083100756
OC1COC2CCC12O,8.177346961543261
CC1CC(CO)OC1C,8.58267179374878
OC12CC3C(C1)C3CC2,8.904100323663474
CCCC1(CO)OC1C,9.026043066746096
CC1(C#N)C(O)C1O,7.552354079842013
CC1=CCC2(C)OCC12,6.789251334603574
OC1COC2=CON=C12,6.086249782723638
CC1C2CC(O)CCN12,7.957459334798205
CC#CCC12CCC1N2,7.564511896660355
OCC1CC2CC(O)C12,8.565201034399664
CN=C1OC2(CC12)C#N,6.737745717599462
N=C1OCC1C1CCO1,7.558347718956481
OC1C2OC3COC3C12,8.087064287184964
OC1CN2CC3NC3C12,7.688802880410587
CC(C1CO1)C1(O)CC1,8.821139893885691
O=CCC12CC3C1OC23,5.936228692682028
C1CC2CC3OC(C2)C13,8.647909111709463
O=C1CC(NC=C1)C#N,5.105968555820776
CC1(O)CCOCC1=O,5.777227653048518
COCc1c(c[nH]n1)N,6.097308811189124
C1CC1OCCCC=O,6.196700440368888
CC1(C)C2CC1C2(C)O,8.839176838971841
CC1(CC#N)CCOC1,8.003310991575548
CC(=O)C1CC(CO)C1,6.231573279154932
N=C1OCCCC2OC12,7.250102923706557
N#CC1CC2CC2CO1,7.9505364473439615
CCC(C)(C#N)C(C)=O,6.22077039588741
CC1CC2(C)CC3C1C23,8.979574268818485
CCC1C=CC(C)C1O,7.106601254406544
CC1N=COCC1(C)O,7.237862018589354
NC1(C=CCC1O)C#N,6.570082851816373
CCOCC(CC)C#N,8.24060128509179
CN=C1OCC1C(C)C,7.4776790020656705
COC(C)(C#N)C#CC,7.398320021695756
CC1C2CCC2NC1=O,7.316681574333634
COc1c(cco1)N,6.032838809871745
C1C2OC2C2=C1NC=N2,6.299494541559113
CC1OC11C2C3CC1C23,8.838658311997802
CN(CC#N)C1COC1,6.938536702058478
NC12CC(OC1)C2C#N,7.496395033235549
CC12CC(C1)C=C2CO,6.563056783359356
CN=C(NCC#N)OC,6.977946793877576
COC1C(O)CC11CC1,8.353615552936473
CC12CN1C1CC2(C)C1,8.47356139465544
O=CC1C2C3N=CN1C23,5.425907774579752
OC12C3CN(C13)C21CC1,7.878937442340728
CC1CC11CC2CN2C1,8.333813595062468
CC1(CC1)N(C=N)C=O,6.13166644198454
OC12C3CC1OC23C=O,5.738799712785133
CC1C=CCCC1(C)C,7.182651472921862
C1C2C3COC1CN23,8.273182718807645
CCC1OC1C1CC1O,8.723583817017659
CC(CO)(CO)C1CC1,8.729869651221863
CC(O)COC(=N)C#C,6.374865570313457
CCC1OC1(C=O)C#N,5.9171821415287535
CC1(O)CC2(O)CC12,8.349053086653546
OCC1(CN1)C(=O)C#N,5.099712196166589
COC(C)(C#N)C(N)=N,6.861964688200796
CN1CCc2c1[nH]cc2,6.069350952703601
CC(CC(C)=NO)C#C,6.997284224015461
CC1CC2CC2C(C)=C1,6.803173838942977
COC1CC11CC2CC12,8.637717899787113
CCCCC1=CCCC1,7.036363412880756
c1c(c(c([nH]1)O)N)CO,6.0254769407487085
COC(=O)C(C)C#N,7.484981056457373
OC1C2OC3C(O)C1C23,7.972582575856607
CC(C)(C)C1(CCC1)O,8.601045147382068
O=C1CC2CC3OCC123,5.73068722281587
O=C1CC2(O1)C1CC2O1,7.17882848357087
CC12CCC1COC2=N,7.745703196593425
CC(O)C12COCC1O2,8.696086201386251
CC12CC(C1)(CC2)C=O,6.084976616278249
C1C2C1N1CC3OC2C13,7.835810416202508
CC(C1CN1)C(C)=O,6.142491192575208
CCc1cocnc1=O,5.021820302402107
CC1(CO)CCC=C1,7.1579490515803865
O=CC12NC1CC21CO1,5.81218150324758
COC(CO)C#CC=O,5.514791784570356
O=C1OC2CC1CC=C2,6.669226891621479
CC1C2OC1(C=O)C2C,5.644828150751655
OCC12CCC1(CO)N2,8.16004339398685
O=CCC1OC1C1CN1,6.022038504317946
Cc1c(c(no1)N)C=O,4.718095572349167
CCC(O)COCC#N,7.9053420734263895
CC12CC3C1C2(O)C3=O,6.515368763200857
CC1(C)NCC(O)C1=O,5.6964175538002415
CCC(=N)NC(=O)C=O,4.7067219824613105
C1CC11C2C3CC1CC23,9.011959872201084
CC1(C#C)C2OC(=N)C12,7.106565268796191
CC1CC=CC(C1)C#C,7.091222117226957
CCCC12CC=CC1O2,6.7384333156134995
CN1CC11CC(C)(O)C1,7.941127059952682
CCC(CO)N(C)C=O,7.344024420308559
CCc1c(ocn1)N,6.013238801848397
Cc1c[nH]nc1C2CC2,6.736197948319605
N=COCC1COC1=N,7.135323041162556
CC1OCC23CC(O2)C13,8.37562706907073
CCc1ccoc1CO,6.332524455492625
CN=C1ON=CC(N)=N1,4.619473551461205
C1NC11C2C3N2CC=C13,4.614599739633579
COC(=O)C1CC(C)C1,7.518647310517288
CC(O)C1=CC=C(N)O1,5.945657170417818
C1CN1c2c(nn[nH]2)O,6.106547406876373
COCCc1ccno1,6.712027815438811
OC1(C#N)C2NC1C2=O,6.212917046091366
CC1(CC([O-])=O)C[NH2+]1,7.3891740061664795
COCCC1CC1C#N,8.109196054536781
ON=C1C=CC2CC12,5.269300709154072
O=C1NC2CC2C2CN12,7.258814349851578
O=CC1=CC2C3CN2C13,4.8044960624597515
Cc1ccn(c1)C=O,5.367637894243468
CC1COC(CO1)C#C,7.593808273896488
Cc1c(nc([nH]1)OC)C,6.416412912462055
CC#CC(C)(O)C=O,5.821600664586281
CCC(=O)C12CN1CC2,5.731984206673442
CCC1C2CC2C1CO,8.87196911138827
CC1C2COC(O2)C1O,8.627007986705209
CC1CC2(C)CC1C2O,8.832937424900418
OC12CC3C4CN(C14)C23,8.028405275152231
c1c(cnc(n1)C=O)N,4.300216109656987
c1cnoc1CC2CC2,6.672573515850251
OCC12C3CC1(O)CC23,8.300231103322472
Cc1c(nn(n1)C)C#C,5.901652900029265
COC12CN3C1CC23C,8.036587666867314
N=C1OCC=C1CC=O,5.512186118331863
CC1CC2C1=CCC2=O,5.848171546195996
CC(C)(C#N)C(=O)C=O,4.162981019392882
CC12CC(O)(C1)CC2=O,6.252107907745492
C1C2C3C4C5C(C2N15)N34,7.324110403977295
CC12COC1C=CC2O,6.662727142174081
OC1=CNC=C1OC=N,5.410094018118906
Cc1coc2c1CC=C2,5.268795386058905
OC1=C(OC=N1)C1CO1,6.096167431788734
CCCC1NC1CC#N,7.714160729072164
NC1=NC2C(O)C2CO1,7.121859813445466
CC[NH+](C)CCC([O-])=O,6.917985227038747
CC1OC1C(=O)N1CC1,6.750313266269739
CC1OC1C1CCCC1,9.221006808282699
CC12CC(=O)C1C2CO,6.124440755693884
CC12CC1(COC2)C#N,7.656192189034552
CC1OCOC1C(N)=O,7.26631849059657
CCC1=NCC(C)O1,7.363267227695265
CCC1NCC(=O)C=C1,5.05886388892405
CC1C2CN2C1CC=O,5.819615195483678
OCCCC12CC1CO2,8.34042249242095
C#Cc1cc([nH]c1O)N,5.508164337952585
OC12CCOC1C2C=O,5.889056849812691
O=C1CC2(N1)C1CC2C1,7.354926854141189
CC1CC1N1C=CN=C1,6.645421018078523
CC1(C)C2COC1C2O,8.195160827870854
OC1CC23CC(C2)CC13,8.889867909646878
CC(C)C12CC(O)(C1)C2,8.9271855762095
COC1COC1(C)C=O,5.723513624273292
CC1=CC2NC2(C1)C#N,6.320134411202146
CC1C(O)C=CC2CN12,6.43106918347722
CC(C)(C#CC=O)O,5.5355684756703845
CC(=O)C1(CC1)OC,6.0722305396301435
C1C2CC1N=COCO2,6.979798968990517
CC1C(C)C1(C)CC#C,8.14720653437798
COCC1CC2C(C)N12,8.232263439905417
O=CC12CC(CO1)CO2,5.840691948687516
O=CC12CC1C(=O)NC2,5.897111932959453
O=C1CC(N=CN1)C#C,6.124940333287558
CC12CC(CO1)C=CC2,6.961944083933329
O=COC1C2CC(=O)C12,6.023359034213144
CC#CC(O)CN1CC1,7.233005114808825
CC1OCC11CC2OC12,8.481014989260927
O=C1C2CC1(CC#N)O2,6.180823506206668
CC1(C)CC2C(C=O)N12,5.6982232876014205
CC1C2N3CC2(CO)C13,7.957728902905164
CC(CC#C)C(=O)C=O,4.267213044328898
CCCOC(C=O)C#C,5.917617120334722
C1C2CC3CCC3=CC12,6.703980315233562
COC1C(O)CC11CN1,8.204436677019011
OC12CCC(OC1)C=C2,6.757838106655116
CC1CC=CC(=O)N1,5.7331893855015705
CC1OC1C(=O)CC=O,5.553466128582134
CCC1COCC11CO1,8.910736878197788
CC1=C(C)C(CO)CC1,6.870718332158251
C#CCC#CC1COC1,7.61139444492469
CCN1CC(C=O)C1=O,5.68973028357293
OC12CC=C3CCC1C23,6.037480993548236
CC1CC2OC2C1O,8.906281234375143
O=C1CCOC2CC12,5.975904612314377
CC1OCC2OC3C2C13,8.30253934582371
C#CCc1c(onn1)N,5.530386669944427
CCCC(OC)C#C,8.031336197422155
CCN=c1[nH]cc(o1)N,5.9225002407564435
CC1=CC(=O)OC2CC12,5.931650457474177
CC1=CC2(CC1N2)C=O,5.567821502859358
[NH3+]CC1=C([O-])C(O)=CO1,4.504271437823801
CC(O)CCNCC#N,7.4796935472668284
CCN=COCCC#N,7.379763301237942
O=C1C2CCC1OCC2,5.735337788810704
CC(=O)C1(C)CCC1O,6.044100519552893
C1CC23OC=NC2C3O1,6.863864124738917
O=C1CC(CCC#C)O1,7.559258613982422
OCC12C3C1N1C3CC21,7.94323462872781
C1OC2OCC1C=C2,6.8315895653095
CC12CC3C(N13)C2=O,6.287377507066535
O=CC1OC2CC1C=C2,5.89253612818495
CC1C(O)C=CC11CC1,6.689955529930402
CC12CCC3CC1(O)C23,8.364531871492012
O=CC1CC=CC2NC12,5.995417813641611
CCC1OCC1(C)OC,8.557851905462837
OC1=C2CCN2C(=N)O1,6.052901230765189
CNc1cccc(c1)N,5.410339143607432
CN1C2C(O)C1C2C=O,5.277553825026151
C1C2COC3CC2C13,8.698487845168195
CN1CC(NC=O)C1=O,6.794052183862021
CC(C)C(C)(CO)C#N,8.460035411039259
CC1COC(=O)C=C1,6.072023966136994
OCC12C3C4NC1C4N23,7.678656366542331
CCC1CCC(=O)C1,6.107924713631904
CNc1cc(c[nH]1)C#N,5.631223999287882
COC12CC1NC2C#C,7.064346608163357
CN1C2CC(CCO)C12,8.091669029878705
C1CN1C1=NCC2NC12,6.274278605500458
NC=[NH+]CC(=N[O-])C#N,4.855182811929988
CC12CC(C1)CC2(C)O,8.91696219480505
OC1C2CC1N=COC2,7.0525580323169335
CC#CC(=O)N(C)C=O,5.461993212607004
C#CC12CCCC1CO2,7.577623198699552
c1c[nH]c2c1NCCN2,5.853777754250192
Cc1c(c(co1)N)C#N,5.471382400409901
OC12C3C1C1CC2CC31,8.49162405944162
CC1C2C3C4OC4C2N13,8.262052913542831
CCC(C)(CC#C)OC,8.218727776285693
Cc1ccnn1C(C)C,6.991895788301759
CC(OC=N)(C=O)C=O,5.552701308358252
CC1OC2C(C)OC12,8.373097596330833
CC(C=O)C(C#C)C#C,6.010240424454496
CCc1ccc(o1)C#C,5.593107474333472
CC1C2CC3CC2C13O,8.79077275037181
CC(O)(C#N)C(N)C#N,7.656606623018487
O=C(OCC1CN1)C#N,6.439311658240081
CC1CC2(C)OC2(C)C1,8.91693202488286
C1CCC(=NO)C=CC1,5.363998721229291
COc1ncc(=O)[nH]n1,4.743396074501516
Cn1c2c(cn1)CCN2,6.059043409374316
CC1(CO)CCC1=NO,6.706080895515193
CC(C)(C)OC(=O)CN,7.346999053485793
OC12C3NC3C1NC2=O,6.6473885640125205
N#CC1C2NCC3C2N13,7.105625929623754
O=C1OC23CC12CC=C3,6.076985101937039
CCC12CCC1OC2=O,7.553233539356342
CC1COC(C)C11CO1,8.869038322244304
CC(C)C(C#N)C(C)=O,6.26363084202028
CC1C2N=CN3C2C13C,6.3162684789155525
C(CCO)CNCC#N,7.486153174453905
CC1NCC1(C#C)C#N,7.016151276810627
O=C(C#N)C1COC=N1,5.364133198594029
[O-]C(=O)CC1=[NH+]CCN1,6.215033804391369
O1C2C3C=CC4C1C2C34,6.195033718675759
CN1CCCCNC1=O,7.745108861782605
CC(O)C1COC=N1,7.233337757945627
OC1CC1C12CC(C1)C2,8.96646514690329
CC(=NO)C(C=O)C#C,5.743017019370842
CCC1(CC1)C(=O)NC,7.4088333381068665
OC1C2CC3N2C13C#N,7.1236919891527375
C1C2CN=C3OCOC123,6.8570585911651944
[O-]C(=O)C1CC2(C[NH2+]2)C1,7.199857280270308
OC(C#C)C(=N)N1CC1,6.760129828209083
CCC1(NCC1=O)C#N,5.831970218109348
CC1C(C=O)C1(C)C#C,5.921888820467993
OC1CC(CC1O)C#N,8.001644847706414
CC12C3C1C1C3C3C2N13,7.746841526501622
C1CC23CC4OC2C4C13,8.421537571047566
COC1C2CC(=O)C1N2,5.675382484122256
OCC12C3NC1COC23,8.034074766050999
C(C1OC2CC12)N1CC1,8.289734757721728
CC(=O)OC1(C)CC1O,7.4601465617668214
c1c[nH]c2c1c(n[nH]2)O,5.791509462534506
CC1C=CCOC1=N,6.888960467548117
OCCN1C2CC2C1=O,6.895896360301716
C1COC(O1)C2COC2,8.867770850244039
CC1(CC1)c2cnn[nH]2,6.71599393762469
COC(=O)C1(CC1)C#C,7.229465381015795
CC1(C)OC2CCC1C2,8.615138177675096
CC1OC(C)C2(C)NC12,8.323257313020978
CC12CCC1(CO)CC2,8.858990435904708
C1C2C3CN=COC2C13,7.092795971330414
COCC12CN(C1)C2C,8.15283270284165
CC(=O)C1(COC1)NC,5.631338242575693
CCC1(CC)NC1C#N,7.542721583168824
CC12CCC1NC2C#N,7.016208232264903
OCCC1CC2CN12,8.230456800918308
OC12C=CCC11CC2C1,6.3443122114668835
C1CC1CC(=O)CC#N,6.285619006181958
CC(O)C1OCC11CO1,8.572543395867777
COCC#CC(O)C=O,5.866472084994314
CC1CC23CC12N=CO3,6.652401602609423
CC(=O)CC(=O)C(=N)N,4.787216429491777
CCC1C=CC2C(C)C12,6.741950798850281
CC12CC1COC=NC2,6.967493028138227
CC1CC(C#C)N2CC12,7.45662246177028
O=CC1=CNC2CCC12,4.983977534975159
CC1(CO)CCC11CC1,8.82571768936212
CC1CC=CC(O)C1,7.120170721515054
OC12C3NC1CC(=O)C23,5.934750455788162
NC1(CC1O)C#CC#N,6.044522804473141
CCC(C)(O)C(N)C#N,7.8952156662867425
c1c(c(c([nH]1)N)CO)O,6.032923096394504
CCCc1cnoc1N,6.140868229009287
COC1CCNC1C#N,7.203063523711501
CC1OC=NCC1C=O,5.839404443472448
c1c(cnc(c1N)O)N,5.0877942963682035
CCC12NC1CC2C=O,5.9348285272334325
C1C2CC34COC23C1C4,7.879600102798013
O=CCOC12CC1OC2,5.912147305988043
OC1C=CC2(O)COC12,6.567767900653459
COC1C2CC(C2)C1O,8.529796981920509
O=COCC1COC=N1,6.913769229022779
CCc1c(con1)N,6.05601071668114
C(C1CO1)C1=NNC=C1,7.042064769581513
CCc1c(cno1)CO,6.560194221513357
NC1=CC(=N)N=C(O)O1,5.419345665791318
C#CC1OC2C3OC3C12,7.1538533750320425
CN1CC1COC(N)=O,7.624958880385233
Cc1c(c[nH]c1CO)N,5.959662052778107
O=C1NCCC11CCO1,7.007885143112357
COC1CC2(C)CC1O2,8.664187057012342
CC12CN1CC(C2)C#N,7.408281793510172
CC1(CO)CCNC1=O,7.3089061846659185
NC(C#N)C1CC1CO,7.697876316499476
CC1(CCCOC=N1)C,7.111846723274737
CC(=N)N(C)C(=O)C=O,4.68891317566608
CC1(O)CC11CC2CN12,8.033525962500255
NC(=O)N1C=CCC1=N,5.785080489042601
COC1C([NH3+])C1C([O-])=O,7.113039785896654
C1NC1C1=NCCO1,7.065237798674486
OCCC(C#C)C1CN1,7.818109090560895
OC1C2CCOC1CO2,8.364121534990204
CNc1cc(co1)OC,5.977892686009449
CCn1c(ccn1)O,6.579537582959459
CC1=CCC(=O)N1C=N,5.369704029326803
C(C1CO1)C1CC=CC1,7.170653067706915
CC1(CC1)COC2CC2,8.802790643916966
C1CC1(C=O)C2(CC2)O,6.104480715123002
OC1CCCC2(CC2)C1,8.84840222409077
C1C(CN1C=O)NC=O,6.74411856164172
C1CC11N=C2NC3C2C13,5.630185190366876
CCC1CC=CC(O)C1,7.0939247472056
CC1(OCC1O)C1CO1,8.57086870585553
CC1=NC(OC=N)=CO1,5.946917300691434
C1CC11COCC2OC12,8.662438192868953
C1CC23COCC2(C1)N3,8.287096022790378
OCC(=O)N1CC1C=O,5.751210517412243
CCOC(C)CCC=O,6.22944934423622
COCC1OC2(C)CC12,8.341473508707901
CC1=CC2NC2COC1,6.5776237623742695
c1cocc1OCCO,6.301390079454308
CC12OC3CC1C2C3,8.638173325190738
C1C=CC2(O1)CC(=O)C2,5.860399592058446
CCCN(C=O)C=O,6.158441955804782
OCC1(C=O)C2CC1O2,5.678382510602582
COC1C2COCC1N2,8.10743994598571
OC1CC(=O)CC2CC12,6.146439848603999
O=CC12CC3C(C1)C3C2,6.131029740753032
O=C1C2C=CC1C21CC1,6.034805549790677
CC12CC3CC1C1C2N31,8.367504457165154
O=CC1CC2OC1C2=O,5.558904149084977
C#CCNc1ccon1,5.916187158826123
OCC(CC=O)C1CN1,6.118052744378432
CN1C=NC(C#C)C1=O,5.958628379254336
CC#CC12CC1C(=O)N2,6.660335987144162
CC12CC3C(OC1)C23,8.576495620639893
OC1CCC(=C1)C1CO1,6.646315314526354
CCC1C2CC=CC1O2,6.731443846253986
OCC1(CC1O)NC=O,7.232385653471782
CC12CC3N1C3(CO)C2,8.28985640025724
OC(CC#C)(C=O)C#N,5.901824535965646
OC12CC34CC=C(C13)C24,5.207446425764077
CN=c1ccnc(o1)N,4.733714442722055
CCC12CC1C(O2)C#C,7.306091539896035
C1C=Cc2c(nno2)N1,4.7969750305481496
O=C1CC2NC3C2OC13,5.433534185787426
C(C#CC=O)OC(=O)N,5.733699484970479
CC(=O)OCC#CC#N,6.542588014429903
CC1C2OC(=N)C1C2C,7.67804194865405
NC1C2OC1(C=C2)C#N,6.2234569834331355
CCOC(=N)C(O)C#N,7.314377119232278
CCC1CC2(C)CCC12,9.231865753885414
CC1CC2(C1)CC(=O)O2,7.633569975431864
OC1C2COC(C2)C1=O,5.791086557845402
CCC12CN1CC21CO1,8.459501851166698
C1OC1C12CC1COC2,8.66147055790934
C1C(CO1)C2COC2,8.598403058739871
N#CC1C2NC1C1CC21,7.2769699454831365
OC12C=CCC3CC1C23,6.501760109123607
CC1CCCC=CCO1,6.917924270221232
O=C1C2OC3C=CN1C23,5.401026686137607
CC1CC2OC2(C)C1,9.142395160482792
CCOCC1(COC1)O,8.41131470320307
CCc1c(n[nH]n1)CO,6.732281028745035
CC(C)CC1C2CCC12,9.155584598540152
CC(=O)N(C)C(=O)C,6.143023666893233
CNC(=O)C12CC1OC2,7.073400098360154
COC(=O)CC1(CC1)O,7.3351522401814995
O=C1CCCN2CC12,5.597716170313975
CCC1CC(C#C)C1C,8.272005402052834
CC12CC3CN1C3C2O,8.013636717314718
CC(C)C(=O)C1(CC1)C,6.1777916941911215
CCC1=CCC(CO)C1,7.059650998954444
CN=C1OC(C)C11CC1,7.29640615895361
CC1(C)CN2CC1(O)C2,7.987876819384782
CC(=NO)c1cnc[nH]1,5.380580864048531
CC1OC2C3CCC2C13,8.79861450651944
CC1OC2CCC1C2=O,5.809405080213242
C1CNc2c1onc2O,5.961820598447571
C#CCc1cc(n[nH]1)N,6.0667139503091105
C#CCC1COCCO1,7.877667853202528
N=C1CC2NC2CCO1,7.197347672344909
O=COC12CC1CC=C2,6.560599730255632
C1CN=COCCC#C1,6.957212413162994
CC12C3N1C1CC3=CC21,4.194480738285661
OC1CCC=C(C1)C#C,5.761214398224901
CC(=N)OC1=NON=C1,6.152723774783791
O=C1CCC2(CN2)C1,5.999698060756827
CC1OCC2C(C#N)C12,7.88463150405051
OC12CC1C(=O)COC2,5.765044469957807
O=CC12CN(C1)CC=C2,5.368978729095671
CCC(CC=O)C#CC,6.01140231462058
CC1=C(C=O)C(=N)OC1,5.04540246510724
COCCC1OCC=C1,6.861375371839866
c1c[nH]cc1NC2CC2,6.093532243280512
OC1C2C3NC3C(O)C12,7.913894630023684
CC1OC2CN3C1C23C,8.283162097458263
CC([NH3+])C1=CN=C([O-])O1,5.3774202166690355
CC1CCNC(=N)C1=O,4.903549826558237
CCC1C(=O)OC1(C)C,7.616783520351933
CCc1cc(co1)C=O,5.138777239843131
O=C1CC2(CO2)C2NC12,5.79097107584669
CC1(O)C2CC3CC1C23,8.638839552224276
CC1C2OC(=N)C(=O)C12,5.184240373700612
Cc1conc(c1=O)O,4.899024624577153
CC12CC1(CO)N1CC21,7.900558423548857
CCOC1(C)CN=CO1,7.388133518351443
CC12CN1CC2(C)C#N,7.2044559039122085
CCCOCC(=N)OC,7.629769645719843
c1coc(n1)CCO,6.660136012487624
CCC(N1CC1)C(N)=O,7.045592966864258
NC(=O)C(CO)CC#C,7.17823340146005
COC1C2CC(O)CC12,8.419197543885415
CC12CCC(C=C1)C2=O,5.924617025622577
CC1COC(=O)C(=N)O1,5.975595110807968
OCCC12C3CC1CN23,8.266453186165588
CC(C)(C)n1cccn1,7.055064198335547
CC1OC1(C)C(C)=NO,6.738620478296191
OC1CC2COC1C2O,8.249331677966419
O=CCCC1CN=CO1,5.997170111536283
CN1C2C(C1=O)C2(C)O,6.67774184040474
C1N=CN2C3C4NC3C124,5.803679692611605
COC1C2CC2C=C1C,6.589460039624852
CC#CC1C(O)C1O,7.327954428729608
OC1CC=C(C1)C1CC1,6.744874975340674
COC1CC1C(C)C#N,8.12396755910598
CC1COC11COC1=N,7.246979773140527
CCC12OC3C(C13)C2O,8.009104528193305
CC1CC2CC(O2)C1=O,5.744553595666121
O=CCCC1CC2CC12,6.172797599083717
CC(O)C(O)C(N)C#N,7.70559068842641
CC(CO)(C#C)C1CO1,8.143372233844955
CCC1OC2CC(=O)C12,5.855373497719846
OCC1C(OC1=O)C#C,7.143840950464807
O=CC1=NC2CC(C2)N1,4.4471053510256455
OCCC1C2CC1O2,8.513671203795056
NC(=O)N1CC1C1CN1,7.60152201653448
OCC1(O)C2CC1C2=O,6.507440417858927
OC1C2CC1C(O2)C=O,5.8203096453749374
Cc1c(ccn1C)C#N,5.844804548380066
COC1CN2CC2C1C,8.24022252341762
OC1C2CC1C1CC2O1,8.222193396411821
OCC(O)C1=NNC=C1,6.88177837841978
CC1C(O)C(O)C1C#C,7.782506259677339
CC1C2CC3(CCO3)C12,8.438688526847416
CC1C2N=COC12C=O,5.832048965031493
CC12CC(O)C1OC2=O,7.460786481816237
CC(=O)NC(=N)C1CN1,6.177125618784698
CCc1[nH]cc(n1)OC,6.357570712493819
CN1C(C#N)C(N)C1=O,6.665072846769562
N#CC1CCC1C1CC1,8.761269931488117
CCC(NC=O)C1CC1,7.573075912720142
N=COC1=CNC(=O)N1,5.273700282577503
CC(C)OC1CC1C#C,7.987947209699239
OC1C2CC1(O)C1OC21,8.491440863807174
CCC1(CC#N)CO1,8.394203978609085
CCOC1(CC1C)C#C,7.4842241011921775
O=CCC1CC2CC2O1,6.110450681641613
CCCC1CC(O1)C=O,5.918418518783904
COCc1c[nH]cc1N,6.127405328106189
CC1=C(C(=O)NC1)C#N,5.498111371379082
CC1COC2(C)CC2C1,8.526384341321274
CC1CC2(O)COC12C,8.261880895457018
CC1([NH3+])CC1C([O-])=O,7.252122098680778
CCC(=O)OC=NCC,6.694484990562039
COC1(CN2CC12)C#C,7.0258137860505645
CC1C2C3C(O)C2(C)C13,8.731641150595863
CC(=O)CC1CC1C#C,6.221166938853513
O=C1CC2NC1CC2=O,5.466455794171106
C1C2OC=NC3COC123,6.9444253103758715
Cc1coc2c1OCC2,6.132647360651885
COC1(CC=CC1)C#N,6.910427566271795
CC1CC11CCC1(C)C,9.009199413218473
Cc1cc([nH]c1C#N)N,5.620589125340058
CCC1(C)COC1=O,7.631488795639795
CC12CC3OCC1C23C,8.348363442806718
CC(C)CCC(O)C=O,6.1834503606948505
CC1OCC(N)=C1C=O,4.994124860775266
CC1(CC#N)C2CC1O2,7.775562629330198
N=C1NC=NC1C1CO1,6.123442852609663
CC1=CC2C(C1)C2(C)C,6.604466652246622
Cn1cc(cn1)CCO,6.863247228830738
OC12CCC3C1C=CC23,6.546997419578047
OCC1CC1(CO)C=O,6.016228982793299
C1OC2C1C1COCC21,8.23623333935211
CCN1CCNCC1=O,7.063622280986768
OC1C2CC1N2CC#N,7.226304714713924
OC(C#N)C1=CC=NO1,6.493678285220149
OC1C(CC#N)C1C=O,6.050779316883293
COC=NC1(C)CC1C,7.055831586759885
COC12CC1CC2CO,8.417757341168139
CC(CC1NC1C)C#N,7.77342647332711
CCC(C=O)C1CO1,6.1160853661206085
CCCCCC(C)C=O,6.190783580276659
CC1C2C3N1C(=N)C23O,6.6616137403199644
C1OC2CC1CCC=C2,6.78814072958086
Cc1cc(nc(=O)o1)O,5.324656286203823
COC1CC2OC1C2C,8.621693051879538
OC(C#C)C1COCO1,7.726543534944694
C1CC1C(=NO)CCO,6.698264980953823
C(CN=C(C#N)N)C=O,5.365618590157853
CCC12CC(O1)C(O)C2,8.398285315816787
CC(N1CC1)C(=O)C#N,4.774159073198788
COCC1CC2(O)CC12,8.48362407897069
CC12CC3C4CC3N1C24,8.449645520688222
O=C1CCC11COCO1,5.674933162022389
CCC1=C(C)COC1=N,6.063104128290911
CCCC1(CN1)C=O,6.030308085476872
O=CC1C2OC2C11CN1,5.8915134636295505
CC#CC1C(C)C1(C)C,7.682668834337169
OC1C2CC11OC(=N)C21,7.278409772057651
OC1C=CCCC1C=O,5.934000417309077
C1OC2COCC22NC12,8.250634730774156
C#CC12CN1CC21CC1,6.989490310859502
OC1CC11CCOC=N1,7.021035258570734
CC1CC2C3CCC3C12,9.139892774777492
COC=Nc1c[nH]cn1,5.433346747248722
CN1CC1C1CN1C=O,6.651003642534349
CNc1cc(on1)C#C,5.129965838329927
OCC1NC2C1OC2=N,6.993240780651254
C1OC23COC12C1NC31,7.948857970954704
CCC(O)C(O)C1CO1,8.71181505124715
c1c[nH]nc1CCC=O,5.875279421299679
C1OC11CCCN2CC12,8.410411677996105
CC1CC2CN2C(=O)C1,6.842323973200988
CC1OC(C)C1C#C,7.957131077138776
OC1CC11OCC1C=O,5.779560131905219
OC(C#N)C12CC(C1)C2,8.161555308686735
CC(=O)C(CO)CC=O,5.780098846422797
OC1CC2(C1)OC1CC21,8.230209276922498
CC1(CO)C(O)C2CN12,7.987187712382779
Cc1cc(on1)CCO,6.581553512788755
COC1C=C(C)C2NC12,6.4226278242238415
OC(C#N)C1C2CC1O2,7.363696902293133
CCC1(CO1)C(=O)C=O,4.142300700188914
CNC(=O)C1CN1C=O,6.583513513707871
O=CCC12COC1CO2,5.765994716087599
O=CC(=O)C12CC(C1)C2,4.3225852295952
CC1C2C=CCC(C)C12,6.8954793745739345
CC1CC(O1)C(=O)C#C,5.1234169254523145
CC1=CCN(C(=O)C1)C,6.662163001758508
CC#CC1=CCC(O)C1,5.6760522428986935
CC1OC(=N)NC1C#C,7.1455461852520505
CCC1(CC(C)C1)C#C,8.207601590084892
CC12CC(OC=N1)C2=O,5.799003210784149
CC(=O)C12CC3C1CC23,6.1645511156281
CC(O)C1=C(N)N=CN1,6.106383808920095
CN=C1ON=CC(C)=N1,4.704048492843051
CC1OC2(CC2O)C1=O,5.831253887218118
CC12OC(=O)C1C2C#C,6.871897911374951
CCC1(C)OCC1OC,8.562064023542302
C1C2CCC3CCC3C12,9.126023467041621
CC1C=CC(C)(C)C1C,7.137762375506274
Cc1c(n(c(n1)O)C)O,6.420219395569686
O=C1C2CC3CC1OC23,5.710742124252506
O=C1NC2CCC3C2N13,7.208701350189324
OC1C=CCC2OC12,6.776360734066772
CCC(C)C1CC1C=O,6.159429286824338
OCC(C=O)N1CCC1,5.602211761803014
C1C2CCOC1C=C2,6.8116274174079585
CC1OC2C3NC3C2=C1,6.334315098020629
CC12C3C1C1(C)CC3N21,8.267557668548601
CC1OC2(CO)C(O)C12,7.987518607599289
CC12CN3CC(CC13)O2,8.02682096571346
CCC1(CCC1=O)C=O,5.6075621464622625
CC(=O)C#CC1CCC1,5.514285055657311
CC1(C)C2CCC=CC12,6.75127480030161
CC1(C(N)C1[NH3+])C([O-])=O,7.107267755176287
CC(=O)OCC(=O)C#N,5.465403609858543
Cc1c(cnnc1N)O,5.592136510160801
OC(CCC#C)CC=O,6.168136277953276
CC1CC1C1CC(=O)C1,6.100044006301717
N=CN1C=CCCC1=O,5.434069283538177
CNC(=O)C1(COC1)N,7.056676627364439
CC1OC2COC2C=C1,6.827820834784479
CC(=NO)C(O)C1CC1,6.769439716066005
Cc1c(nco1)OC,6.236626553426412
CC1C2OC2C11COC1,8.455220679682578
C1C2CC3CC2C1OC3,8.612040459271967
CC12CC3N1C2C31CO1,8.525905471109425
C1C(CO1)C2(COC2)O,8.22906866888605
CC1=CC2C(O)C2(C)C1,6.494475636478043
OC(CC=O)CC1CC1,6.186231205607319
C1CN(C=C1)C(=O)C#N,5.587302259010814
CC12CC1COC(=O)N2,7.913301045224651
OC12CN(C1)C21CCC1,7.914319189673873
CC1C2CC(C)(C#N)C12,8.210463426640064
CC1CN2CC3(O)C1C23,7.7882829606461135
CCC1CCC(O1)C#C,7.857989659257244
N=C1OCC2CC2C1=O,5.135227515990277
OCC1(CO1)C(O)C#C,7.64050704118444
OC1CC1COCC=O,6.140836871589343
CN1C(CC11CC1)C#N,6.944285225283807
CCCC1=CC(C)CC1,6.9739447602710465
OC1CC=C(C1)C#N,5.942948269352896
c1c2n(cn1)CCC2=O,5.1319088222157685
CC12CC3C4CC(C14)C23,9.200948438475715
N#CC1CC2N=COC12,7.1867833755198465
CC1CC2(O)C(C)OC12,8.3000679558339
c1c2c([nH]n1)C(=O)NC2,5.840896402224354
CC1CNC(=O)C(O)C1,7.280280503667683
CCC12C3C4C3C1(C)C24,8.202539082903014
CC1(C)OC11COC1=N,7.280677161849279
OC1CCC(=O)C1C#N,5.9968281485118675
CC12CC(C1)C1(CC1)C2,9.343474530278447
N=C1CC2(CN2)C(=O)O1,6.473278815204763
CC#CC1CCC2NC12,7.630761460214455
CC(C)C(C)C1OC1C,9.198754412321556
CN1C(=N)OC=NC1=O,5.363478830020478
CC12NC(=N)OC1C2O,7.135444950407922
CC1(CO)CCC(=O)O1,7.476656938041849
CC1=CC(=O)CN2CC12,4.718346037816206
Cc1ccoc(=NC)c1,4.471075818476033
CC1COC(CO)=N1,7.247427456297949
CC1OC(C)C1OC=O,7.422883520080024
OC1CC2CC12N1CC1,8.092094124485547
O=CCC1=CC2CN2C1,5.5976869523624195
CCCC1C2C3OC3C12,8.498923275023516
OCC1CC2(O)CC1C2,8.772626586243815
CCC1(CCC1)C(=O)C,6.096463880550199
CCN=C1OCC1C,7.44637069375745
O=CCN1C2C3CC3C12,5.784970340209048
CC12CCC1CNC2=O,7.358798599802659
Cn1cnc2c1OCC2,6.262578773381561
ON=C1CCCC2CC12,6.6950723359892
N=COC1=NC=NC=C1,5.332826538366561
CNc1cc(no1)CO,6.053543059266607
CCC1=CC=NOC1=N,4.726603861960208
OC1CC2(COC2)C=C1,6.746541848467358
CC12C3C4CN(C14)C23C,7.997984679206304
CC1CNC2=CON=C12,5.762968272584516
CC1C2C(C3CN23)C1=O,5.511058528406128
N#CC12NCC3C1CC23,7.102399358411445
CC12NC(C1C=O)C2=O,5.601357382041564
OC1CC2COC=NC12,7.142047366606446
C1NC1C1COCO1,8.711500008189592
CC(C)n1c(=O)[nH]cn1,6.420572802149075
O=C1CCC(O1)C1CC1,7.54385475962466
N=C1OC2C3CN3C2=C1,5.629282325277298
COCC1(C)NC1C=O,5.86878961907463
COc1coc(n1)C#C,5.276370765919863
N#CC1CCCN=CO1,7.165871879912662
OCC#CC1C2CCC12,7.466573245341133
OCC1CC=C(C1)C#N,6.015343101266986
CC1OC1C(O)C#N,7.843855912907342
CCc1cc(co1)N,5.949797951882175
CCC1C2N(C)C1C2=O,6.449917660294685
COCCCOCC=O,6.2044084811003515
CC(=O)CC1NC1CO,6.2224570843531595
COC1(C)C2NC2C1=O,5.643100964019912
NC(=O)CC1COC1=O,6.971962282301985
C1CC(O1)C1=NNC=C1,6.786062633510985
CC12CC(C)(O)C1O2,8.637998720116176
CCC1OC=NC1C=O,5.86064000395334
OCC(O)C1(CN1)C#C,7.369746616690238
C1C2C3C4OCC3N1C24,8.132380765881695
COC1CC(C1)C1CO1,8.934467597462993
OCC12COC1C2C#N,7.449920230366135
COC1(CC1)C1CC1C,8.618128016405079
CC1(CC#C)COC1=N,7.697889368149935
CCC1C=CC=CC=C1,5.004586840332444
COc1c([nH]nn1)C#C,5.569261198321499
CN1CCOCOC1=O,7.758095348973921
CC1C([NH3+])C1CC([O-])=O,7.269561775606158
O=C1COC(CC#C)C1,5.8867313848531015
c1c(ocnc1=O)CO,5.217931498778423
C1OC1C1=NCCCO1,7.246790968989746
CCC(C)(C)CC(=O)C,6.298093020047088
c1c(c[nH]c1CC=O)N,5.054311279258165
O=CCCC1COCO1,6.197755608097785
c1c(nno1)CCCO,6.436540793959681
CCC12CC(C1)C2C#N,8.707604338145295
CCn1cncc1C#N,5.9650411335488505
O=C1CCCC2CC2C1,6.103883779972663
C(CC(C=O)C=O)CO,5.623976234478151
CC1(CN(CC1=O)C)C,5.453194276850671
Cn1cnc2c1ocn2,5.725380267825742
CCN=C(CO)NC=O,6.098703161634882
C1C(=O)CC1(C=O)C=O,5.66154350003818
CC12CC3C(C13)C(=N)O2,7.417997938133993
CC1(CN2CC12)OC=N,7.152272967511816
O=CC12NCC1CC2=O,5.442472403828203
C1CC(=O)C2(C1=O)CN2,5.207010475450629
CCc1cc2n(n1)CC2,6.91404638061383
CCC1NC1C(C)=NO,6.565429619142163
C1CC1C1CC2CCC12,9.301112905601554
CCC1=CCC(=O)C1,5.997686769726125
CC1C2C3C4C2C1(C)N34,8.317724970661002
OCC1CC(C#C)C1=O,5.869111407244169
CCC1(C)CC2CC12O,8.496714060543294
N=C(C#C)N1CC(=O)C1,5.013541051436778
COC(C)(CO)CC#C,8.064661368636077
OC1C2C3C4C1C2CN34,8.088052988005686
CC1C=CCC(O)C=C1,6.623588901819664
O=C1CCC2C1C1CN21,5.832625717663019
O=CC12CCC1OC2,5.803163340292149
CN=C1OC2C(CO)C12,7.00603811553
Cc1c(nco1)CCO,6.475495123857838
CC1N2CC1(C#N)C2C,7.149669531177947
O=C1CC2C3NC3C2C1,6.02996446717476
OC1CC2CC(=O)C1N2,5.9115082007980035
CC12CC3(CC3)C1CO2,8.458162777732564
CC(C)OC1(CC1)C#C,7.661309977106335
CCC(O)C1(CO1)C=O,5.8626262131228835
c1coc(=O)c(c1N)N,4.41586050625371
ON=C1C2C3C2C1C3O,6.365502183387049
O=C1C2CC3(COC13)O2,5.6852774582156655
CC12CC(C1)C(=O)NC2,7.350755826849946
CC(CCC#N)CC=O,6.209558591761709
C1C2OC22COCCC12,8.711413596181524
CNC(C)(C#N)C1CO1,7.598874676484013
CC1(O)C2CCC1C=C2,6.825283344422216
Cc1cnc(o1)NC,6.131611575807543
OC1C(O)C1(C)C1CC1,8.295824688625656
C#CC(=O)CCC(=O)N,5.276511363757876
OC1CC11C(O)CC1=O,5.951184254158184
Cn1c2c(cn1)nco2,5.863618969363132
c1c[nH]c(=O)cc1C=O,4.350014272421762
CC1CC2=C(O1)C=CN2,6.181133819612203
C1OC2C3CC1COC23,8.344888244122538
OC1CCN(C=O)C1=N,6.275428688144979
CC1CC(O)C(C=O)=C1,5.141224357619258
CN1CC(C=O)C1C=O,5.08090183409522
CCOC1COC1C#C,7.444879046564393
CNCC(C=O)C#N,5.754433605570757
CCC(CC)C(=O)OC,7.618110818866807
CN1C2C3OC2(C#C)C13,6.700971397053117
CCC1C2C=CC(=O)C12,5.061774412409022
C1C2C3C2C2CC3OC12,8.510152172424833
CCC1CNC(=O)C1=O,4.694677795455573
CC1(CCC11CO1)C#N,8.025898435490685
CC12C3N1CC2CC3=O,5.774012295697991
CC1CCOC2CC1C2,8.56682586995444
[NH3+]C1C=CCC1C([O-])=O,6.386210579709978
CCC12CN1CCC2O,8.052258845489172
OC1C2CC1(O)C(O)C2,8.383588509122855
ON=C1COCC11CN1,6.413215423431368
C1C2CCOCCOC12,8.574729912517451
CCC(C)(O)C(C)C=O,6.125996331547126
CC1=CC(C#C)N2CC12,6.061998937620649
OCCOC1CC(O)C1,8.498951773616849
CC1C2C3CC2C2C3N12,8.425194248358718
CCc1c(cc([nH]1)C)N,6.0806256638927465
NC(=O)C12CC(C1)O2,7.159324806865749
CN1C=NOC(=O)C1=N,5.147300287761642
CCC1CC2CC(C1)O2,8.614806858632697
CCC(O)(CC)C1CO1,8.904256491083826
OC1CC11CNC1=O,7.091149945073789
CC(=O)CCC(=O)CO,6.066169509952719
CCC(=NO)C1OC1C,6.652856821396238
COCC(O)C(C)C#C,8.004320490309254
[NH3+]C1(CC=CC1)C([O-])=O,6.480866014117949
C1CN1C1C2C3CC1N23,7.83446484746894
OC1=CC(=N)C(O)=CN1,4.823820646745321
CC(C)(C(=O)C(=O)N)O,4.775753158537463
OCC1NC1(CO)C=O,5.9180075952636235
CCC(=O)CC(C)C=O,5.948513852221084
CC(C)N=C1OCC1N,7.136521566994261
CC1=NCC=CCCO1,6.618649672345484
C1CC(C1)OC2CC2,8.812689531359698
N#CCC12CC1CC=C2,6.70015786217815
CCC(C)N(C=N)C=O,6.2557901435339325
OC1C2NCC(=O)NC12,6.957392788316293
O=CC12C=CC3CN1C23,5.297736850543205
CCNC(=O)C1CCO1,7.222039864750399
CCOC(C=O)C(C)C,6.061191506100443
C1C=CC(=O)CNC1=O,4.955014682670255
C#CC1COCCC=C1,6.824858277923023
CNc1cc(cnc1)O,5.466420854328488
CCC1=CCOC1=O,6.138781963513518
CC(O)CC12CC(C1)O2,8.40378668751832
CC1=CCOC(=N)OC1,6.6079945005673935
OCC12NCC1OC2=N,6.98773853413214
c1c(cn[nH]1)C(=O)CO,5.340453830504664
CCN1CC(=NO)C=C1,5.1350495002768755
N#CC1N2CC2C11CC1,7.2282441533228905
Cc1[nH]c(=O)c(cn1)N,4.8115934508458125
c1[nH]c(c(n1)O)NC=O,5.355768872416659
OC1COCC(O)C=C1,6.793140575105529
CC12OC3(CO)CC1C23,8.181922014230416
Cc1nc(co1)NC=O,5.576290741009782
C#CCOC12CC1CC2,7.717191955891433
C1CCC(C1)OCC=O,6.138869951955451
COCC1CC(C)C1=O,5.967338047568282
CCN1C(C)C1C#CC,7.099834033225739
CC1C2C(=O)C(O)C12O,5.857039464739935
CCCc1cocn1,6.748826155473385
CC1(C)OC1CC=O,6.130052321893926
NC12CC1(OC2=O)C#C,6.538901628820619
CC12CC(C)(C1)C1NC21,8.489945608666972
N#CC1C2C3CC1OC23,7.8396087866849395
CC(C)(C)C1OCC1=O,5.912713887995768
OC1CC1C(=O)CC#C,6.03035240148016
COC12CC1OC21CC1,8.071333465682883
CC12NC1C1C(C#N)C21,6.80534812738332
CC(O)C1CC2(C)CN12,8.014402803319818
C1CC2C=CC3NC23C1,6.603234959032701
CC(O)C12CC1C1NC21,7.738380222190543
N=C1CN(CCO1)C=O,6.649666077456639
COCc1nccnn1,5.289913252181867
CCC1=CC(=NO)CC1,5.457095246236486
CCOC1C2NC2C1O,8.12555800990475
CC(CCC#C)N1CC1,7.927880369042082
OCC1=CC(=O)C(O)C1,5.144037662493384
CN1CC11C2CC1O2,8.222479979627467
O=C1NC2C3N=CN1C23,6.328382375796663
CC1C2CC2(CO)C1C,8.653781265762824
CC1CC(O)C(N1)C#N,7.312800550404022
CC1(COCC1=O)C,5.879082644923699
CCC1CC2(CC2)C=C1,6.855942479507478
CC12CC(C1)NC2=O,7.159461012343525
C1C(=NCC#N)OCO1,7.184562745389906
CCC(=O)COC(C)C,6.281166054329704
O=CC12C3OC4C(C14)C23,5.757452259986839
CC12OC1CC=CC2O,6.647676328926215
O=C1CNC11CC2CC12,5.795728629678576
C#CC12CC1N=COC2,6.915978363802736
CC1=CC(=O)N(C1)C=O,5.401476837987401
O=CCC1C2CN1C2,5.685996284321439
OC12C3CC1C=CC2O3,6.415565101214076
C1CC1C(=O)C(=O)C=O,4.002578054911817
CC12OC3CCC1C23C,8.257928698153153
CC(C)C1OC1CC#N,8.353223389532573
COCC12OC1CC2=O,5.779918447313814
CC12OC1C1CC21C#N,7.2441210252936905
COCC1CC2(CO2)C1,8.954559061144609
CC1C2CC(=O)N(C)C12,7.004301297390994
CC12CC3(C)C1C1C2N31,8.319319632691103
CC1(OCCCO1)C=O,5.812002793278045
CC1C2N1CC2(O)CO,7.798950767073176
N=C(C#N)N1C2CC1C2,5.8120723178323335
OC12C3N=C4CC1N4C23,5.244332713297732
NC1=C(C=CO1)C1CO1,5.939574828394962
C1CC(C1)OC(=O)CN,7.247588692717541
C1C2CCOC3CC2C13,8.575632511947429
CC1=CC(=O)C2(O)CC12,5.058312078969356
CC1C2NC=CC(=O)C12,5.060954026197186
CCC1NC1C(=O)CC,6.049559331387053
C1OC23CC(CC=C2)C13,6.467142268980953
OCCC(=O)C(O)C#N,6.083291172779714
O=CCC12CN3C1CC23,5.676317312740159
CC1(O)CCC(C)(O)C1,8.6599285922104
N#CC1NC2C3NC3C12,6.9166764793058295
C(CO)N=COCC=O,5.843291221106558
CC1CC23NC12CC=C3,6.207035167401222
CC(O)C(C#N)N1CC1,7.28991512715157
C1OC2CC1OCC2,8.586234479362183
OC1C2NC3C1(O)C23O,7.423027731130476
Cc1cc(nn1C)CO,6.744127025127352
CC1(C)C2OCOC12,8.801246069004666
CC1C(=O)CC1(O)C#C,5.855017878917506
O=CC1=CC2CCC1C2,5.135749333310679
CC12COCC1N=CO2,7.2392351054359
O=C1OC2C3CC=C1C23,5.793929188656946
CC12C3C1C1CC3C2C1,9.022254012120545
CCCC1C2OC2C1O,8.708171917969286
CCN=C1OCC1O,7.278769266401895
CC1=CCOC12CC2,6.6083898061558335
CC1=CC2CC1C(=O)O2,6.53825997012834
CC(O)C12CC(C)(C1)O2,8.436890077794743
CCC(CC#N)C1CC1,9.040226954418314
c1c(n[nH]n1)CCC=O,5.939551124273347
CC1CC2(CC2)NC1=O,7.346565226328209
CC1(C)C2N3CC2(O)C13,7.882795244003869
O=C1COC2(CC12)C#N,5.797974241130632
OCC1CN(C=N)C1=O,6.189787042919616
CC1CC=CC2(C)OC12,6.796327556039072
COC1(C=O)C2CC1N2,5.380019845460524
C1CCN(C1)C(=O)CO,7.2081902496291494
CC(=NO)C1CC(=O)O1,6.65459246763327
CC12C3C(O)C1(O)CN23,7.820693689771947
O=COC12CC1C(=O)C2,6.092836029089616
CC1C2CC3OC2C13,8.794644528462914
CNC(=O)C1CNC1=O,6.738012906456973
CC1(CC(O)C1=O)C#C,5.783971799788858
CC1=CC2COC1CO2,6.6528476092215145
OCC1(O)CCC11CC1,8.393686825362124
CN1C2CC3(O)CC3C12,7.787301909651026
C1C=CCN1CC=O,5.616698324293293
CC1CCOC(C)(C)C1,8.597340822916088
C1CC12CC=CCC2=O,5.899988809490469
COC(C#N)C1(N)CC1,7.493381997151568
CC1OCC(O)C1(C)C,8.384650342469858
CC(O)CCC#CC=O,5.554173328558843
CC1CC2CC2CC1=O,6.076153977862287
N=C1CC23CC2(CC3)O1,7.478332872412326
CC1=NC2CC2CCO1,6.855861719418188
CCC1CC(=O)C2CN12,5.648936137817513
CCOCCNCC#N,7.420565132463578
CCC1(C)CC1C#CC,7.910216997282987
OCC1OC2C(C#N)C12,7.475635575921923
OC1C(=O)CCNC1=O,5.68796093596468
c1c(c(on1)N)C2CC2,6.094536335482388
CC1CC2(O)CC2(C)O1,8.203944887117494
COC1CC2(O)CCC12,8.370941573439133
CC1(CO1)C(O)CC#C,8.186092755986204
OC12C3NC3C3C1CC23,8.370276549883963
Cc1cc([nH]n1)COC,6.9219790943598065
OC1CC2C(C=O)C12O,5.935579975637807
CC1CC(C#C)C(C)O1,8.098673959874446
N#CCC1C2C3NC3C12,7.237043331840311
CC12CCC(O1)C2C#N,7.720643304100035
O=CCCC1(CO1)C#C,6.105433593562246
CCOC1(CO)CC1O,8.286213345852572
O=CC1CCC11CCO1,5.915607757285196
OC1CC23CC4N2CC134,7.589290078433292
Cc1cc2n(n1)CCO2,6.396893431439253
CC(C1C[NH2+]1)C([O-])=O,7.393299992922623
N=COCC#CC1CC1,7.309305497911243
CC12CN(CC1N2)C=O,7.0067554063126325
CC1C(=O)NC11CC1O,7.1792091184405304
CCC(CC)OC1CC1,8.897321844176842
COCC1(C)C(O)C1O,8.16522373727176
Cc1cnc(nc1)NC,5.2724192827864425
COC=NC1CC=CC1,6.767715319773004
CNC12CN=C3NC1C23,5.726018739453831
C1C2CC3OCC=C3C12,6.424105299508376
OC12CC3C(C1)N3CC2,8.024682009471068
CC1OC23CC12C=CC3,6.17320831009335
CC1CCCOCC1O,8.551942768792431
C(C1CO1)C1=CON=C1,6.697569113434071
NC(=O)OC12CC(C1)C2,8.350123554243819
CN1C2CC1C2(C)O,7.660427507561852
C1C=CC(=O)COC=N1,5.068612514350337
N=COC1CC2OC12,7.540501831433251
CC(C)(C)NC(=O)OC,8.422692439729202
CC(CC1(O)CC1)C#N,8.41886853873119
O=C1CC2OC3CC12C3,5.925449486717219
CC1N2C3C2C1(C)C3O,8.132538547996253
C1OC=NC2C3OC1C23,6.909308953378616
NC1=C(NC=N1)OC=N,5.589039050645313
OCC1=CCC2CC1C2,6.825788182817785
Cc1ccccc(=O)c1,4.26172763727422
CCN=C(CCO)OC,7.322312917767821
O=C1CCC(OC1)C#C,5.8808975717038
CC(C)C1(CC1)C(=O)N,7.469768854908793
CCc1c(c[nH]c1C)C,6.457398246036268
CCC12CCC3C1OC23,8.583571461833849
CC1CCC2=CNC=C12,6.357561698399461
CC1C(NC=O)C1C=O,5.967748100060132
C1CC2C1C1COC2C1,8.698099006930171
CCC1=CCC(=O)NC1,6.697672142959032
CC1OCOC11CC1,9.001394933073076
CC1CC(C)=CC1CO,7.038352681265082
Cc1c([nH]cn1)CO,6.65222591715473
CCCC1(CC1)OCC,8.86263856072134
CCC1(CO)C2COC12,8.258441803468891
CC1C2CCC(C=O)N12,5.875891676481459
CCCC12CC(C1)C2=O,6.567627721895481
CC1C2C=CC1(O)C2O,6.437415818460213
NC(=O)C12CCC1CC2,7.4644575253537955
CC1(O)C2C3CC2(O)C13,8.374544295596458
CC12COCC1OC2=N,7.494462863423051
CC12CN1C(CCO)C2,8.166538678316797
O=CC1C2NC2C11CN1,5.807388575488474
CN=C1ON=C(O)C=C1,4.487696978587123
CCC1=NC(C)CCO1,7.27400053134571
C1COC(=O)CC(=O)N1,6.653229114976675
COC12CCC3C1OC23,8.417766238082931
CC1C2OC2CNC1=O,7.1694173315621565
C1C2OCC3C4CC23N14,7.732717445076171
C1CCCC2(CC1)CC2,9.262474312048967
CCC(=O)n1cccc1,5.576280157963157
CN(C)C(=O)C1CN1C,6.776665959657617
CC(=O)CC(C#C)C#C,6.203981739595726
OC12CC3(O)C1CC23O,7.777059528229105
CC1C2CC1C2C(C)=O,6.236381407235237
c1nc(c(n1C=O)N)O,4.816286052972366
CC(C1OC1C)C(N)=O,7.328259650569506
CC12CC(C)(C1)C2C#N,8.559425629498802
OC1CC(O)C(=O)C=C1,5.078455689677321
C1CC2CC3NC3C2=C1,6.600305641236562
CC1C(C)N2C1CC2=O,6.782706072551406
COC(=O)n1nccn1,6.149937435350237
OC1CC2C(=O)CC12O,5.917283795135541
CC12CN1CC(=O)C2,5.6967403655371855
OCCOC1CN=CO1,7.344535499403596
OC1(CNCC1=O)C#N,5.549781776719796
OC12CCC3C=CC1C23,6.458978725538843
OC12CC3(O)C(CC13)C2,8.495648849327031
OC1CCC2=C1ON=N2,5.9068585196862555
CC(=O)C1C=CNC1=O,5.072504155159811
COC(C)C1OC1(C)C,9.029803487498075
C1C=CC2COCOC12,6.919340869919835
OC1C2C(=O)CC12C#N,6.029285685825768
OC12CNC1=NCC2,6.6307807832193895
CC1=NC(=N)N=C(N)O1,5.522309945589917
C1CC1CC(C=O)C=O,5.65850198055264
CCC1N2CC1(C2)C#N,7.105662999027283
Cc1cncoc1=NC,4.717568857096598
CC1(CC1)C1(CO1)C#N,7.669626441796731
CC1CCCC(O)C=C1,6.984892601111096
CC1(C)C2CC1(CO)C2,8.999708218848953
COC(C)(CO)CC=O,6.115229141414077
CC(O)CC1=CN=CN1,6.816074291609719
Cc1c(n2c(n1)CC2)O,6.413976142859827
CC(CO)C1(CN1)C=O,5.940898255008964
CC1=CC2C3CCC1C23,6.540308400168696
c1cc(oc1CCO)N,5.948836211871797
CC1=CNC(=O)CCC1,5.752147624573816
CCCC(CO)C#N,8.391038043796584
CN1C=NC2CC12C#N,6.435690122154693
CC12CC(N)C1(O2)C#N,7.0934426239532575
COC1(CC1C)C(N)=O,7.204992350750107
O=C1CN2CCC1C2,5.533663492725355
C(C=O)N=CNCC#N,5.806874775745228
CC1OCOC1C#C,7.8764954002976975
C1CC(=O)C(C(=O)C1)O,5.556698912138035
COC1CCOC=NC1,6.9413730214716685
C1N2C3C=CCC=C1C23,5.773710929753665
Cc1c([nH]nc1O)C,6.6428632093556175
OC1C2CC2C2CC1C2,8.868601494816014
CC1OC2CC(C)CC12,8.555514186072429
C1OC2C3CNC12CO3,8.277978202048672
ON=C1CC2(CN2)C=C1,5.30845039635293
NC(=O)C12CC(O1)C2O,7.057503653400724
C(CCC(=O)N)CCO,7.522698693605278
CCC(C#C)C1CC1O,8.188657151828899
N=C1NN=C(C=O)C=C1,4.532291907068868
OCC1(CC2CC12)C=O,5.995076907216435
CC1(O)C=CC2OCC12,6.770224527853845
CN1CC23CC(C)(C2)C13,8.02612216042818
CC12CC3N1C2CC3=O,5.8382726047446445
CCC1CC1C1CCC1,9.289669598982089
CC1(O)CNCC1=O,5.732489824815087
OC1C2NCC1(O)C2=O,5.5825030937206535
CC1(CC(C1)C2CC2)C,9.313687391311063
C1CC1(CO)C(=O)C=O,4.167512463762893
CCC(=NO)C1(CC1)C,6.746259970227658
NC(=O)N1CC2CC2C1,7.63858478661834
CNC(=O)COC1CC1,7.2339502276431755
C1NC1C#CC1CO1,7.186684030033895
CC1COC1=NCC#C,7.303089939769169
NC1(CC1(O)CO)C#N,7.201638969571616
CCC(=O)C(C#C)C#N,6.051197007055583
CN=C1OC=NC(O)=C1,4.738254632566019
CC1=C(C)C(O)CC1O,6.767885233004304
C1C23CCOC12C=CC3,6.362373465276706
CC1(O)C2CC(CO)C12,8.434409044660354
C1OC11CN=C2NCC12,6.40132635839398
COC(CO)C1(C)CC1,8.67360871637363
CC1=NC(CCO1)C#C,7.23022559181996
CC(O)C1=CC2NC2C1,6.632620987448898
CCC1(O)C=CCC1O,7.042658209246069
CC12OCC1C2CCO,8.316896164516857
COC1C2CC=C(C)C12,6.518597874637255
Cn1c(=O)c(=O)[nH]cn1,5.237623376920708
CC1CC2(CN2)C2NC12,8.12924112882959
CC1C(O)C(C#C)C1=O,5.808785379176468
CCC1COC1C=O,5.846142633637105
COC1C2CC=CC12,6.589893671635569
CC1C2C1C(C)CC2C,9.2344250392856
CC1CC(=O)C=CC=C1,4.851237821972435
CC1=CC(=O)C(O)C1=O,4.239680522567086
CC1=CC(=O)C2(C)CC12,5.110671350188863
C1CC2OCCC3C1C23,8.521311329503781
CCn1cncc1C=O,5.033023213177034
CC(OCC1CC1)C=O,6.114604794797343
N=COC12CC1OC2,7.366860649164934
N#CC12CN3C(CC1)C23,7.318916637064582
C#CC1=CC2OCC1O2,5.678595122920875
CC1(C)CC2OC=NC12,7.199818419193509
CC12CC3C1N3C21CC1,8.380378198043715
CC1C(C)C1C(O)C=O,6.042232316963808
COC1CC23CC(C2)C13,8.82557342065774
CN(CC=O)CC#N,5.6563047880409005
CN=C(C#N)N1CC1C,5.566119493269744
CC1C2C3N2C(=O)C13C,6.62072626856914
CC12OC3C1C(C=O)C23,5.879009244609245
CC(O)C1=CCOC1C,6.748456279049066
CC1NC2C1OCC2=O,5.5310858490848585
CC1(CN1)C1OCC1O,8.17809597792955
O=C(C#N)C1CC2OC12,5.080810737633221
c1cc(c(=O)cnc1)N,4.086137703155581
Cc1cc(=O)c(c[nH]1)N,4.979476874885066
COC1CCOC(=N)O1,8.170901603691942
OC1CCC1(O)C1CN1,8.279316847588719
OC1C2CC2(O)C11CO1,8.242986385681295
COC1CN2CC12C#N,6.929220661110913
CC1C2CC3C2N3C1=O,6.461942886816875
CN1C2C1C(=O)CC2=O,5.033569997695771
CN1CC2(C)OC(=O)C12,6.624247970204684
CC1C(O)C(=O)C11CO1,5.625905928935959
CC12COC(C)(C1)C=C2,6.73101798597337
O=C1CC23CNC2C1O3,5.548039323761628
CC1(C#N)C2C3CN3C12,6.9257632941705465
OCCCOC(=N)C=O,5.221427612381494
CCCN1CC1CC#N,7.392479682750475
OCC12OC1CC21CC1,8.672074747887999
CC1=CCC2OCC12,6.773150457062021
COC=NC1CC1(C)C,7.037903888120375
C1OC2CCC=CCC12,6.9850365536029075
Cc1c(c(n[nH]1)C=O)O,4.916774163770657
COC1(CC1)C1NC1,8.458545860780267
C1COCC(CO1)CO,8.644008596552824
c1c2c(c[nH]1)CC=CC2,5.749530615313212
O=CC1C2CC1C2C=O,5.710411330717533
COC1CCCC(C)C1,8.829047301200417
CN=C1OC(=O)C(N)=C1,5.366730775881398
COc1ccc(o1)OC,6.0991934511077135
COc1coc(c1N)N,5.939381828371138
CC(C=O)C1CC1CO,6.165058130572769
CC1C(CC1=O)OC=N,6.019787223639985
CN(CCC#N)CC=O,5.654889968237921
COCC1C2OC=NC12,6.964739552429684
C1C2OC3COCC3C12,8.445855481861042
c1c2c(no1)CCOC2,6.506736144204069
CC12OC1CC2(O)C#C,7.315513187246283
N=C1CC(=N)OC(=O)N1,6.439431327040361
CC(=O)C12CC1(C)OC2,5.994334056265378
CC1(C2CC1O2)C(N)=O,7.200090963775569
C1CC1(CC=O)C#N,6.128083289117186
O=C1C2NC3CC2NC13,5.595385028300246
C#CC1C2NC1C1OC21,7.342774825637447
OCCC1C2C3OC1C23,8.364206562839424
CC(=NO)C1(CN1)C#C,6.535357969458731
OC1CC(CC#C)C1O,7.881315601889716
CC1C2C=C(C)CC12C,6.580090620328043
CC(C)(O)C1CN2CC12,8.034779661621156
C1CC(C1)C1CCCO1,8.627090454158324
CC12C3CN3C1CC2=O,5.5585465467540365
CC1(CC1)OC(=N)C=O,5.212002597285032
COc1nccc(n1)O,5.6347732903163745
C#CC1CC2OCC=C12,6.361817989188214
CC1C2CC(C2)C1O,8.906836977081124
CN(C=O)C(=O)COC,6.035623914825002
COCC(=O)NCC#N,7.158002389752857
NC1=NC2CCC2O1,7.385041484579732
CN1C2C3C=CC1(C)C23,5.918190344712102
CCN=C1C(CO1)(C)C,7.42168632127224
CC12CCC1(O)CC2O,8.308232771130914
CC1C2(C)CCC12CO,8.477974033828799
CC#CC1CC=CC1=O,5.135738894807365
CCC1(O)C(O)CC1=O,5.887441835730553
C1CNc2c1onc2N,5.824056585017647
C1CC(=O)C(=C1C=O)N,4.951614460368182
O=C1NCC2OCOC12,7.07058975951384
N=C1OCC2CCC2=C1,5.821893599550576
CC1CC2(C)CN3C1C23,8.247877573651134
O=C1OCC2CC12C#N,7.030677343541999
CC1OC2C3CCC3C12,8.443256113348271
CC1=NN2C3CC3C2=C1,6.3708008376760965
CC12COC1(CO2)C#C,7.024712861181525
CC1CN=C2OCC12,7.276255097239951
CC#CC(C)C(O)C=O,5.983491679775045
CC12OCC34CN(C13)C24,7.895997074407017
Cc1c(ncoc1=O)C,4.955116633064793
COC1CN2CC12CO,7.917892623665385
CC(CCO)C(=O)C=O,4.188569839299873
CC(C)OC(C)CC=O,6.153295801043159
O=C1CC2NC2(C1)C#N,5.956272432308889
COC1C2CC1(O)C2O,8.32996457109225
CC1CC2(CC2)CC1=O,6.088581913217313
c1cc(oc1)C#CCO,5.752467869773123
C1CC2(CC1=O)COC2,5.993809806799394
CC1C2CN1C2(C)C=O,5.460432283352319
CC1CCC([NH2+]1)C([O-])=O,7.340934896631577
CC1(O)C(NC1=N)C#N,6.812963382908739
CCC#CCC(C)CC,8.157328447510539
CC1N=COC2C(O)C12,7.003790677968311
CC#CC(CCO)C#C,7.721098636683304
CN=C1CCC(CO)O1,7.347701252616732
CC1C2C1C1C(C)OC21,8.349530051384898
C1C2NC3=COC=C3C12,5.9117445895613825
N#CC1C2C3CCN2C13,7.1195975180292566
COC1CC11CC2NC12,8.240867924539707
OC12CCC1NCC2=O,5.664088590731531
C1CC1C12C3C4C1N4C23,7.7147163423436185
O=C1CC2NC2C2CN12,6.653242994106344
OCC(=O)C1CCC=C1,5.931589465604199
OC1CC2OC12CC#N,7.6237325193821075
C1CC11CCC2(CO2)C1,9.146382179719948
CC1C(CC1C=O)C=O,5.768440055878933
CC12CC1C=CCC2O,6.716530854589358
CC#Cc1c(con1)C,5.600629376912192
CC(=O)C1(CC1O)C#C,5.997709393545996
N#CC1CNCCCO1,7.125606823561791
CC1C=CC2OC2C1C,6.786097616856949
OCC12CN3CC(O1)C23,7.441183703801693
CC1CNC(=O)C1O,7.38318863362155
CN1C2C1C1OCOC21,8.027834496854924
OC12COC1CC21CN1,7.893478936775521
Cn1c(cnc1O)C#N,5.461835215018066
CC1CC(CO)CC=C1,7.1859686318542435
CC1(CO)OC11COC1,8.551144112674312
O=CN1CC(C1)C1CO1,7.261646661714124
CN=C1C(=NO)CCO1,5.417905271747792
CC1COCC11CN1,8.445795845770323
COC1C(NC1=N)C=O,5.524645552391002
CCOC1CCC(C)C1,8.8675635563738
CC1OC2CCC1(C)O2,8.892740594230062
Cc1ccc(o1)NC,5.798490348031372
CC1COC(=O)C1C,7.60872498970559
CC12C(CO)C3C1CC23,8.943956472458927
C1N=C2OC3C4NC13C24,5.644606142878933
OC1CCC(O)C1C=O,6.092253916267492
CC1C2C3OC3(C=O)C12,5.843243576223539
CC1(C)C(O)C1C1CO1,8.633591272860343
CC(=O)CC1COC=N1,6.1072422597641225
CCC1C(C)C(C)C1O,8.60645172598694
CCC1(C)CCC=CC1,7.244358821323448
CC1(O)CC11OCC1O,7.947245388519585
CC(C)(C#N)NC(=O)N,7.705607344006645
COCC1OCOC1=N,7.587151767531832
CC1(O)CCC(CO)C1,8.833893809001276
OC1CCC2(CC2)C1,8.909270465957455
C1N=C2OCCC3C1N23,6.8851465093868764
O=C1C2CC3C4C3N2C14,5.903241642263353
CC(C)C(O)C#CC#N,6.443209706083109
N=COC(=O)CCC#N,6.836470971394588
O=CC1C2CC3(CC3)N12,5.732298230228358
CC12OC1C1C(O)CC21,8.31703969273178
OC1C2CC(O2)C11CC1,8.377313817252515
CCC1CC2OC2C1,9.292977715673173
CC1CNCC(=O)C1O,5.612642342532409
C1C2CC3NC3C1O2,8.299834825961653
CC1(C)C(CO)C1CO,8.463810819109423
CC(=O)CC1=NCCO1,5.9429843768075195
CCC1CN(C1)CC#N,7.11690633377787
COC1C(C=O)C1C=O,5.663002933490944
CC(CC=O)CC(N)=O,6.042155880095279
CNC1=CC(=N)OC=C1,4.711893106763069
CCC(C#C)C(=O)NC,7.354431341352301
CC1NC1(C=O)C1CC1,5.953361399054843
NC(=O)C(CO)C1CN1,7.272237900127854
CC1(CCC1)OCCO,8.727492807400063
CC1C2OC(=O)C1C2C,7.457613499887526
CC1CCC2(CO2)C1O,8.81764266232389
C1CC2(C1)COC=N2,7.255220149933317
C1C2CCC3=CCOC123,6.266595906731512
OC12C3C=C4CC1C4C23,4.912303173651919
CC1N2C3C(O)C2C13O,7.67233671629263
CCC1OCCC1=NO,6.693751550619241
CCC1C2C3C1CC23O,8.443025646672202
COC1C2(C)CC1(C)C2,8.867173043074185
CC1=CC2CC(O2)C=C1,5.204466842330234
O=C1CNCC1C#C,5.705585377608859
CCC1(CC#CC)CO1,8.097944030832824
CN=COC1COC1=O,6.820717328630945
CC1C2C(=O)C1C21CN1,6.251239492815687
CCC(N)(C#N)C(N)=O,6.9915135428747455
OCC1CC2(CO2)C1O,8.628565355954901
COC(C=O)(C#C)C#C,5.824701448047632
CC1(C)CC1OC1CC1,8.652671490644426
CC12CC3(C)C1C=CC23,6.220206609912534
CN=C(C=O)OCC=O,4.890341033212665
c1nc(c(o1)N)CC=O,5.021001481270801
O=C1CCC(=O)C2CC12,5.659229990118871
O=CC1CC2(CO2)C1,6.050541420788571
CCc1cc(n[nH]1)O,6.638323196072248
N#CC12NC1C1CC2C1,7.2297008548425765
C1C2C3CC4C(CN24)N13,7.629646344901323
CN=C1OC(C)C1C#N,7.308920633845528
CCOC1(CCCC1)C,8.777878923688709
C1CC1OCCOC=O,7.455334526872021
CC(C=O)C1=NC=CN1,5.490313685802709
CC1(CN(C1)C=O)CO,7.260257040748542
CC1CC(CO)(N1)C#N,7.352486131404879
CC1=CC2OC2CCC1,6.745216737617805
O=C1C(C#C)C2CCN12,6.461209495249939
CC1C=C(C)CC1O,7.048427678525643
C1C2CCOC=NC12,6.823295694680865
CC(OCC1CC1)C#N,8.046737512494689
CCC1(CO)NC1C=O,5.887795208634159
CC12C3OC3C1NC2=O,6.759441686794464
CC1NC1C(=N)OC=O,6.430661370342854
COCCC1CCC1C,9.094270457743997
CC1=CC(=O)CCCC1,5.176890440118928
N=C1OCC2OC(=O)C12,6.7906971093966755
CC1C(O)C1C(O)CO,8.248401729636925
Cc1cnccc1O,5.972559051568185
CC1=C(CCC1=O)N,5.4793001264621
CC1(C)CCOC1C=O,5.945574820249291
COCC12NC1CC2=O,5.849376557321065
COC12CCC1(O)C2C,8.061616952460426
CCN=c1ncnno1,4.802910189040844
CC1CC(O)C(=O)N1,7.342016020001271
CCOC(=O)C(O)CC,7.406657835256731
O=C1CC(CC2CO2)C1,6.12437070678088
CC1OC2CCC12C=O,5.740422350436477
CC1C(O)C1(N)CC#N,7.601438896790173
CC12CC1N1CC21C#N,6.686392822603743
CC12C(CC1=O)N2C=O,5.7679285590358695
N=C1NC(NC=O)=CO1,5.037766002180198
COC(C#N)C(C)C,8.162886298117272
N=C1NC(C#N)C11CO1,6.769500562988026
OC1C=C2CN3C1C23,5.454369593475169
CC12COC1(C)C(=O)C2,5.709900174091864
CC(O)C(C)CC#N,8.501037635469114
O=C1CC2CCC(=O)N12,6.169586654174781
CC(OCCC#C)C#N,7.737687036214406
CCC1C(O)C2(C)CN12,7.931360562666708
CC(=O)Cc1cnn[nH]1,5.881395196378271
COC12CN(C1)C21CC1,8.25054175075081
CC12CC3C1OC(=O)C23,7.156883209280409
Cc1c2c(c[nH]1)onn2,5.645952856363425
OC1CCC(CC#N)=C1,6.941019436203984
CC1(O)C2CCCOC12,8.315284587179503
CC#CC(=NO)C#CC,5.292263095462396
c1conc1C2COC2,6.628988544447443
CC(=O)C#CCNC=O,5.422116376169869
N=C1OC2CC3CC12O3,7.099534195256105
CCC(C)(O)CC#N,8.470021082674863
C[NH+]=C(N)C(C)C([O-])=O,6.400757399755749
CC1(OCC1=O)C1CC1,5.923896037806957
C1CN1C2(COC2)C=O,5.5905242522574765
CC#CC(C)OC(C)C,7.881377216452847
NC(C#N)C1COCO1,7.558986121672298
C1OC2CCCC3NC123,8.309785745660232
CC1=C(C=NO1)C1CN1,6.3939081081166025
C#CCC1COC1C#N,7.379739128913326
c1nc(on1)C2CCC2,6.784985320118605
CC1(NC(=O)C1O)C=O,5.683020564552805
CC12CC(C1)(O2)C(N)=O,7.193315793400853
CCC1CCC2CC1O2,8.61548757421105
OC1CC2(O)C=CCC12,6.617696189732562
COC(C)C#CCO,7.658524642489105
CC1OC2CC12CO,8.270420589678915
OCC1C(O)COC1=N,7.426176690170518
CCc1ccncc1O,5.880851244905403
C1CC=CCC(=NO)C1,6.677506367698026
NC1=NC=C(O)C(=N)O1,4.857138862291105
CC1CCC(O)C2CN12,7.937452244575668
CCC1CC2(C)CC12O,8.444936514887916
CCOc1c(c[nH]n1)C,6.422864094833082
COCC12CC(C1)OC2,8.636715211862288
c1c2c([nH]c1N)C=CC2,5.139544609521417
CCC(CC(C)=O)C#N,6.318800711959332
COC12CC3OC1C23C,8.102905183064967
OCC1C(CO)C1CO,8.426162811588892
N=C1CN=C2OCC2O1,6.681318871574247
OC1C2CC1NC(=O)N2,7.735199500080592
CC1C2CC(C=O)C12C,6.02058951648474
CC1(C)C2CC(=O)NC12,7.283847411039129
C1C2OC3CCC1OC23,8.430212340361622
OC1CC=CC1OC=N,6.787629015103219
c1c(c2c([nH]1)CCO2)N,5.917480172679072
CC1(C)OC2(CC2)C1O,8.361477520215388
CC12CC3CC4C(C13)N24,8.358421866646898
CC12NC3(COC13)C=C2,5.948571793974664
COC1C2OC1C2C#N,7.430885788584071
ON=C1C2CC(C2)C1=O,4.840076925225539
OC1C2CN2C1C1CO1,8.234294162223165
OCC1CCOC1C=O,5.9287016103249774
CC1OCC2C3CN3C12,8.018252203227094
N1C2C3C4C1C2N=CN34,5.800446864589519
CC1OCOCCC1O,8.8148861589257
COCC1(C)CC2CC12,8.851377500158474
COCCC(O)C#N,7.899647872876816
CCCc1ncco1,6.67579295960786
CNC(=N)C(OC)C#N,6.760080046627219
C1CC23COC12CC=C3,6.45881307232256
CC1(N)CC1(O)C#N,7.180413463422393
CCC(CO)OCC#N,7.901488549336565
CC1OC=NC2C(O)C12,7.020482122852198
OC12C=CC3(O)CC1C23,6.109552768607938
Cn1ccc2c1C=CC2,5.20025784086618
OC1CC2C(C#C)C12O,7.339936103659772
N=COC1CN2CCC12,7.026699022281737
COC12CC(CC1)C2O,8.53661140318507
CCC(C)C12CC(C1)O2,8.477540982428277
CCN1CCCC1=O,7.284453543367318
O=C1CC2(CC2)C2CC12,6.013136733296224
OC1C2CC11OCC1O2,7.884882984898251
C1C23COC12CC=CC3,6.568579697711782
O=CC1CC(C1)N1CC1,5.778585140131025
OC1(CCCC=C1)C=O,5.740152797688392
C1CC2OC2C2OC12,8.793620563404977
C1CC1CCCNC=O,7.632350847592582
CC1CC2C3C2C2C3N12,8.06717203404105
CC1=C(C)C2OCC2C1,6.644248372246173
CC(C)n1c(ncn1)O,6.736454523320386
OC1CN(C1)C(=N)C=O,4.590672042972892
CC(CO)COC(C)=O,7.612981605092885
CCOC(C)C#CC=O,5.509635215024552
N#CC1CCCC11CN1,7.629889618020493
CC1(C)COC(O1)C#C,8.02148018606919
C#CC1CN=C2OCC12,6.996401732876552
CC(=O)c1c(cc[nH]1)O,4.886846622724185
COC(C)C1(CC1)C=O,6.1520366765575325
CC1(CC[NH2+]1)C([O-])=O,7.242694011643769
CC1COC1C1CC1,8.680015565871805
NC(C#N)C12CCC1N2,7.167180409459198
c1cn(nc1O)C(=O)N,5.372858853594621
CC(OC=N)C#CC#C,6.340966476809798
CCC1(O)CC(=O)C1C,5.966897843614797
CC1CN(C=O)C(C)=N1,6.125323450834466
CN1CC(O)C(=O)C1,5.501694366888911
O=CC1C2CN3CC3C12,5.719615920818768
CC1NC(=O)C1CC#N,7.336791368318993
COCCCOCC#C,7.8954073956361785
CC1(CO1)C1(CO)CO1,8.750323585924994
OC12CC1C1CCC21O,7.934767367460433
OC12CC1OC1CC21,8.113701481179541
CC1CC2(CC2)C(=N)O1,7.676180781649197
N=CN1CC11COC1=O,6.575005913068281
O=C1CC2(CC12)C1CC1,6.141752339438013
CC12CC1C1(CO1)C2O,8.50235200575553
ON=C1C2CC1C(O)C2,6.720124554644117
CC1C2C3OCCC3N12,8.165697727502714
CCCC1=CCCC1C,7.002231866854148
CC(O)C(=O)CC(C)=O,5.812598519302368
CC1C=CC(C)C2OC12,6.890427407617385
C1CC11C=C2CN3C2C13,4.507267518001839
CCC(=O)c1ncco1,5.308926326730502
OC1(CC1)C12CC(C1)O2,8.268075848573261
OC1(CC#C)CC1C#N,7.625197177790502
CC1C(=O)CCC1(C)C,6.077566971322147
OC1CC2C3CC12OC3,8.273305948084115
C1C2OC=NC3CN1C23,6.826568250461652
C1N2CC11COC3C2C13,8.205409367706906
CCC#CC1CC(=O)C1,5.9881483029200115
COC=NC(CO)C=O,5.731128452715329
O=CC1OCC(C=O)=C1,5.094394435869775
OCC12C3CC1COC23,8.329779365804814
OC1C2OCCC(=O)C12,5.925408065369008
CC1OC(=N)CC11CO1,7.500439978327504
OCC1=CCC2NC12,6.56935581987203
CC(=O)NCC#CC#C,6.162553456420074
CC1(C)NC(=N)NC1=O,6.363233426478901
CC1C=CC(=O)CC1O,5.10805188288578
CCOC(C#N)C(N)=N,6.940913348416476
CN1C2C3(C)CC1C23O,7.575569502675211
Cc1c(cno1)C2CC2,6.452781668399075
O=C1C=CC2CCC1O2,4.9687663550425665
O=CN1C=CC2CCC12,5.705132667593711
C1CC(C1)(C2CC2)O,8.766684498260737
CCn1cc(cn1)CO,6.913176749618685
COC12C(C)C1OC2=N,7.242134066351225
OC1C2CC=C(C#N)C12,5.573488613473447
CC1(NC1CO)C1CN1,8.22146761012678
COC1COC1C#CC,7.349755080340337
C1C2NC1C1=C2NN=C1,6.236459542250524
C1NC1C12CC3CN1C23,8.151414949833379
CC1C(O)C11OCC=C1,6.390788027223519
CC1C=C(C)C2CC1C2,6.8725869085188105
N=C1NC(=O)CC2NC12,6.322311147118197
CC1C=CC=CCC1O,5.681058432292401
CC(=O)C1CCC1(C)C,6.140109595503194
CCOCC(C)(C)C#N,8.30403212927944
CC(C)OC(C=O)C#N,6.006135260229955
CCC12C(C)C1NC2=O,6.927497187749889
Cc1c(c(ncn1)N)O,5.592368558106714
OC1(COC=N)COC1,7.251071907920377
CCC(C)N1CC1C=O,5.682201879342487
N=C1OCC1C(=O)C=O,4.555934237541809
C1C2CC3C1C21COC31,8.658564413823205
Cn1cc(nc1CO)O,6.149389983688829
CC(C=O)N1CC(O)C1,5.581447358953207
O=CC1=CC(CC1)C#C,5.1582017676762355
CC1(NCCC1=O)C#C,5.70322301809236
CC(O)CC1(CC1)C=O,6.151022669980158
N=C1N(CC11CN1)C=O,6.198739688097619
C1CC(O1)C1=CC=CO1,6.314068949980205
c1cnc(c(=O)[nH]1)CO,4.848456596041575
CC12CC(C1)C(C2)C=O,6.102734456447395
CC12CC1(O)CC2C=O,5.95877446621306
CC(C#N)C1CCC=C1,7.166584078972319
N=C1C=CC=COC1=O,4.31455718324223
OC12CC(C1)OC2C#C,7.376103654560373
CC1CCC2(CCC2)C1,9.403021877901416
CCC1COC(C)=NC1,7.3763428711823815
CC1N=C2CCN2C1=N,6.054923027630956
CN1CC1(C=O)C1CC1,5.592747047693979
OC1C=CC(=O)C11CN1,4.953017028755926
CC1=C(ON=N1)C1CO1,5.890447984820781
OCC(O)C1=CON=C1,6.642619903932552
CN(C)C1=COC(=N)O1,6.240322998064698
CC1N=CN2C(CO)C12,6.6489585072875705
ON=C(C#C)C1CCO1,5.710954316072042
CC1CC2COCC12,8.775396909718067
CC1=C(N=CN1)C1CN1,6.530299068539907
C1C2C=CC3OC12C=C3,5.971045281299288
CC1(CC(=O)C(=N1)N)C,4.87060987782639
CC1CC1(O)C(N)C#N,7.64871595328265
CCC(C)C(=O)C1CO1,6.062507123166629
CC1C(O)C1(C)CC=O,6.086461049143623
CC1C2COC2C1=NO,6.491119382632462
OC1CC(=O)C1CC#C,5.941690100651624
CCOC(C#C)C1CO1,7.682216658824576
Cc1cc(=O)[nH]c(n1)O,5.524176764519217
CCC12CC(CC1C)O2,8.665698415756381
c1c(noc1N2CC2)N,6.0512934839133505
CC1C(C)(C)C1(C)C#N,8.280714362457438
O=C1CC2CNC(=O)N12,6.499269582361594
OC12CC(C1)C2CC#N,8.279460991104147
CC1(CC(O)CO1)C#C,7.739679458847817
OC12COC11CCC1C2,8.101043687377604
CCC1OC(=O)C1N,7.104610702515192
CCNC1CC1(O)C#N,7.169729162577722
CC(C)(CC=O)C1CC1,6.141656747526229
CC1(O)CC(C=O)C=C1,5.908880116095526
CC1C(O)C11CC(=O)O1,7.466063327857709
CCC1C2CC1CCC2,9.580061391991212
CNc1cc[nH]c1CO,5.9449189871668136
CC(C)(C(=O)N)OC=O,6.8054446235356325
CC#CCN=COC,7.289307542139424
CC1C2CC(C)C1(C)O2,8.619468227288078
CC12CC1C1NC(=O)C21,6.955645102792795
CN=COC1CC1C#N,7.181247114712381
CCn1cc(nn1)OC,6.2656123708870615
CCC1(C)OC(=N)C1N,7.46020223301626
C1CC(=O)CC2(C1)CC2,6.1321433031076475
N=C1OCC(=O)C2NC12,5.79144418821285
COC1(COC1)C(=O)N,7.107369636544885
C1C2C3CCOCC3N12,8.065014768864
OC1CC(CC=O)C1=O,5.721294220795663
CC1CC2C3CC2C1O3,8.708153703913263
OCCCC1CC1C=O,6.1988837311619776
COc1ccn(c1)C=O,5.456901133813448
CC(C)(C#N)C1CO1,8.412185320005262
C1N2C3COCC=C1C23,5.973936008091358
CC1(CC2(O1)CC2)C,8.557082194946718
CC1(CC2(C1)COC2)O,8.288261822226476
OCC1=CCOC(=N)C1,6.757550705957588
C1OCC11C2C3OC3C12,7.932465773356558
CC12CN3CC(OC1)C23,7.95956366880355
Cn1c(ccc1OC)N,6.141652069457827
OC12CC1N(C2)C=O,6.963733753383952
OCC1(CC1)C1CCO1,8.363405015335331
CCC12CC(=O)C1C2C,6.10903504765737
Cc1cc(c([nH]1)N)C=O,4.67457795752862
O=C1C2CC1C(=O)NC2,5.860249125211565
OC1(CCN2CC12)C#C,7.222493184037077
COC12CC1(O)CC2O,7.878249567468734
CN1C2C(=O)NCC12C,6.641118300253678
CC(=O)C12C3CC1CN23,5.881649724654926
CC1CC2(C1)OC2C=O,5.922021627883714
C1C2C3OC4CC13C2O4,8.143641918680256
CC(C)c1c([nH]cn1)O,6.521813647241742
OC1C2CC3(CO3)C12O,8.275782084579664
CC1(C)OC2CC12C#C,7.170611609605661
C1C=CC(=O)C=CCO1,4.643085487012227
OC1C2CC2(O)C1C=O,5.941992326561667
CC1OC2C(O)C12C#C,7.214061383897089
CC1NC(=O)NC1C#C,7.497811183233338
CCN=C1C(=CCO1)C,5.75594223340734
COC12CC3CC1(C)C23,8.415098105635586
OC(CC#C)CN1CC1,7.49212727167198
CC12CC1C1C(C#C)N21,6.790716100387913
COCC1(O)CCC1=O,5.813200245898935
N#CC1CCC2CC1C2,8.95784450000902
Cc1cc(=O)[nH]c(=O)[nH]1,5.627970036268712
CC(C#C)C([NH3+])C([O-])=O,7.24352089752095
CCCOc1cnco1,6.3758973199797815
C1CCN=C(C1)OC=O,6.4909038810751465
OC1COCC2CCC12,8.49196267821492
CC1=NCC2NCC2O1,7.037486659649581
CCCC1=CCC(=O)C1,5.998291709590642
O=C1CC23CC2(CC3)O1,7.331990124368572
CCC1(C)CC(N1)C#N,7.2851478452991385
