smiles,gap_eV
CC1(CN1)C(C#C)C#N,7.3122100830078125
C1CC11C2OC2C11CO1,8.278965592384338
OC1CC1C1CC(O)C1,8.585304617881775
OC1C=CC2COC12,6.651010632514954
CC1OC1CNC(N)=O,8.03292191028595
O=C1CC2OC2(C1)C#C,5.880170941352844
C1C2CC3(COC3)C12,8.625144839286804
CC(C)(O)C(C#C)C#N,7.954873323440552
CC1COCOC1=N,7.610171556472778
CC#CC1(O)C(C)C1C,7.406887054443359
OC12CC1CC2CC#N,8.116718411445618
CC1C2C(=O)OCC12C,7.420488595962524
CC12OCC3OC1C23O,7.670010447502136
CC1C2C=CC3(CO3)C12,6.523519039154053
OCC12NC1CNC2=O,6.919153332710266
OC12C=CC3C(C=C1)C23,5.944019794464111
c1cnc(cn1)CCO,5.538714170455933
CN=C1OCOC2CC12,7.207574367523193
CC12CC(N1)(C=O)C=C2,5.611114263534546
CC1CN1C(=O)CCO,7.040054082870483
Cc1c[nH]c(c1O)OC,6.222804069519043
CN=C1OC2C3CC3C12,7.20198392868042
CCCC1CCOC1C,8.757936716079712
CC1(OC1C1CN1)C#N,7.206384658813477
CC1C=CC2OC12CO,6.6427241563797
CC12C3N=C4NC1C4C23,5.406101703643799
C1C2C3NC3C3(CO3)C12,8.13997232913971
CC1=CC(O)C2(CN2)C1,6.658734321594238
N=C1C=COC(=O)N=C1,4.681847035884857
NC1=NC2COC2C1=O,4.576151371002197
C1OC11CC2OC3C2C13,8.29868459701538
N#CC1NC23CC(C2)C13,7.210422515869141
N#CC1OC23CC(C2)C13,7.320384979248047
CC1CC2CNC12C#N,7.053044676780701
NC(=O)C1(CCO1)C=O,5.612510561943054
CC1(CN1)C1(CC1)C#N,7.503789186477661
C1C2COCCCN12,8.415114402770996
CC12CC3(O)C1NC23,8.03932511806488
CC#Cc1ncn(n1)C,5.963598728179932
OCC12CN1CC=C2,6.363691210746765
CC1(O)C2COC1CO2,8.435020685195923
CCC1OC(=O)C=C1N,5.985377907752991
CC1(CO1)C(=O)NC=O,5.886382460594177
CC1=CC(=NO)CN1,5.320229172706604
CC1C(N1C)C(=O)C#N,4.814058840274811
OC1CC=CC(C1)C#N,7.221336841583252
C1OC1C1OCC11CO1,8.501460671424866
O=CC(=O)NCC1CN1,4.835200905799866
C1C2=C(COC2)C(=O)N1,5.742324948310852
CCC1COCC=CC1,6.9664671421051025
Cc1c(oc(=O)cn1)C,4.742025971412659
CC1C2CN1C(C)CO2,7.939614772796631
CCCC1CNC(=O)N1,8.038775444030762
O=C1C2CNC1CN2,5.517085671424866
NC1(C#N)C2CCCC12,7.665893912315369
NC(=O)N1CC1CC#C,7.4714614152908325
CC1CC=CC2OCC12,6.920945048332214
CC(C#N)N1CCCC1,7.2201619148254395
CN1C2C3NC3C12C=O,5.41339910030365
CC(C#N)C1=CN=CO1,6.47589385509491
CC1=NCC(O1)C#C,7.266357421875
CC1OC(C)(C#N)C1=O,5.852174997329712
NC(=O)C12OC3C1CC23,6.898065686225891
CCC1=CCOC(C)C1,7.023649454116821
c1c(onn1)CC(=O)N,6.040603756904602
OCCC1CCCOC1,8.742351770401001
CN1C2CC=CC1C2O,6.237370491027832
C1OC2C1CC1OCC21,8.396087527275085
CC12NC1COC2C=O,5.728307485580444
CC1CCC=C1C(N)=O,5.900529623031616
C1C2CC3OC2C1C=C3,6.672001957893372
OCC#CC(CO)C#N,7.544797420501709
CCCC1OCC11CN1,8.406633019447327
O=CC1OC(C=O)C=C1,5.461822867393494
CC1(O)C2CCC12C,8.43445909023285
CCC(C#N)(C#N)OC,7.6823776960372925
CC1(CO1)C1(CO)CN1,8.544448614120483
O=C1NN=C(N1)C1CO1,6.370689034461975
COC12CC3C1C2N3C,7.862663269042969
COC1=CC(=O)NN=N1,4.673878848552704
OC1C2C3CC3C12C=O,5.73196542263031
COC1(C)CC1(O)C#N,7.466362118721008
CC#CC(CO)CC#N,7.879236936569214
CCC1=CC2C3CC1C23,6.300805687904358
CC#CC1C2C3CN1C23,7.004108667373657
c1c2c([nH]n1)COC=N2,5.479973077774048
CC12OC3C(C13)C21CN1,8.063275218009949
OC1CC=CC(=O)C1,5.2016061544418335
C1C(CO1)C(CO)CO,8.378980875015259
Cc1c([nH]nn1)C(=O)C,5.3154072761535645
COC1(CCCO1)C=O,5.961350917816162
C#Cc1conc1CO,5.804020166397095
C1OC2C=CC3C1OC23,6.3485352993011475
COCCCN=COC,7.226426601409912
CC1(CN1C=O)C1CC1,6.842728137969971
CC(=O)CC1(CO1)C#N,6.171620965003967
CC1CC1CCCCO,9.162526726722717
CC1OC2CC(=O)C12,5.902172803878784
N#CC1CN2C3CC3C12,7.016147255897522
C1N=C2OC3C=CC1C23,5.920971989631653
CC1(C=O)C2N1CC2=O,5.501753568649292
C1CC12CN=COCO2,7.013717293739319
OC1(CCC1C=O)C=O,5.607153415679932
CC#CC1(CN1)C1CC1,7.397882580757141
CC1CC2(C)CC2(C)O1,8.438820719718933
CC1CN2CC1C2C=O,5.5578696727752686
CCCCN=COC=O,6.551313281059265
CCOc1coc(n1)C,6.287511348724365
CCC1CCC=CC1=O,5.150475382804871
CN=C1C=C(O)NN=N1,4.512501060962677
N#CC12CC(C1)C21CN1,7.46379017829895
OC1C=CCNCC1=O,5.519662261009216
CC1C(CC#N)C1C=O,6.1363056898117065
CCC1OCC(C)=C1C,6.816997766494751
CCC1CC(C1)C#CC,8.105331778526306
CCC(C)C1=CN=NO1,6.5486191511154175
OC1C2OC3C2C13C#C,7.0435662269592285
CC1OC2C1OCC2O,8.287804126739502
CC12CC1C(O)C1CC21,8.46775233745575
CC(C)C(C)C(O)C#C,8.160408735275269
CC1=NOC(=N1)C1CN1,6.275928854942322
CC(=O)C1CC1(O)C#N,6.090568542480469
Cc1cc(n[nH]1)N2CC2,6.288560152053833
CC#CC1C2CC1CC2,8.098288893699646
C1OC2C1C1C3OC3C21,8.197195649147034
OC12CC3C(CC1=O)C23,6.110494017601013
NC1=CN=C(N1)C1CO1,5.918813109397888
C(CCOC=O)CC#N,7.6025108098983765
CC1(CCOC(=O)C1)C,7.495313286781311
OC1CC1C1(CC1)C=O,6.115646839141846
ON=C1CC2(O)COC12,6.5831300020217896
CC(C=O)N(C)CC#C,5.565100073814392
c1c(c(n[nH]1)N)CC=O,5.216014862060547
CCC(C#C)C1CC1C,8.343039989471436
OC12CN(C1)C(C2)C#N,7.147153258323669
[NH3+]C1(CO)CC1C([O-])=O,7.264313459396362
C1NC1C1=CC=NC=C1,5.869274258613586
CCOC(=N)C(=N)OC,6.008040189743042
COc1ccc(=O)[nH]n1,4.725477755069733
C1CC12COC23CC3,8.24728775024414
c1coc2c1CCCO2,6.079910039901733
c1nc(c(c(n1)O)N)N,5.5592159032821655
N=C1NCC2(CN2)C1=O,4.840709209442139
CC1CC(=O)CC1C,6.0563071966171265
COc1ccncc1N,5.434970259666443
CCC1CCC1(C)C=O,6.082870721817017
CCCC(=O)NC1CC1,7.4314117431640625
CC1CCOC(=O)C=C1,5.8603835105896
CC12CC3(C#N)C1NC23,7.164052963256836
Cc1c(ocn1)N2CC2,6.097321152687073
OCCC1C2C3CN1C23,8.15059769153595
CC1OC2C3CC1C23C,8.497093558311462
O=COCC1OCC=C1,6.717946767807007
C1C2CC1C1OC1C=C2,6.633604884147644
CC1CC2(COC2=O)O1,7.031222343444824
OCC1C2C3CN1C23,8.109585165977478
CCC12OC1(C)C1CC21,8.312281012535095
CCC1C2CC1C(C)O2,8.616212368011475
OC1COCC(=C1)C#C,5.613112211227417
CC(C)C1(C)OCC1O,8.368516206741333
CC([NH3+])C1=COC([O-])=C1,5.623951435089111
CC12CC(OCO1)C2=O,5.689518213272095
N=C1COC2CC2CO1,7.321922302246094
CC12OC1C1OC2C=C1,6.529277324676514
CC1CC2OC2C1CO,8.826977729797363
CC1C2CC3OC3(C)C12,8.850926160812378
O=C1CC2OCCOC12,5.599893093109131
N#CC12CC1NCC=C2,6.4337897300720215
OCC1(CO)CC1C#C,7.819838762283325
O=CN1CC2OCCC12,7.127401947975159
CC1=C(OC=N1)C1CO1,6.2796289920806885
CC1=CCC2OC12CO,6.674981355667114
COC(C#N)C1CC1C,7.967601180076599
CC1CCC=CC11CN1,6.756326198577881
CC1CCC(C)(O)C1C,8.769975423812866
C1CCC=CC=CCC1,5.554760813713074
NC12CC1N1CC21C#N,6.676171064376831
CC(=O)C1(CN1)C(=O)C,5.441522598266602
CC1CC2(C)OCC=C12,6.572490692138672
CC1CN2N=C(C)N=C12,6.963289022445679
C#Cc1c(nc([nH]1)O)N,5.452044725418091
NC1=CC=C2C3CC3N12,5.890185713768005
COCC1C2CC(O)C12,8.410574555397034
OCC1C(C#C)C1C#C,7.394234776496887
CC1(C)COCC2CC12,8.635260105133057
C1CC2CCCC=C2C1,6.9746891260147095
C1C2OC11CCC=CC21,6.644152998924255
CCC12CC1C(C)(O)C2,8.568627119064331
CCC(N)(CC#N)C#N,7.72278356552124
CC1OC(CC#C)C=C1,7.006017327308655
CC(=O)C(CO)C1CN1,6.122810482978821
c1c2c(cnn1)CCC2,5.915354371070862
CC1C(C#N)C1C(C)=O,6.155869722366333
OC1C2CC2(C#C)C1O,7.414043068885803
CC(O)CCOC(C)=N,7.775270938873291
CC(O)C1(C)OC2CC12,8.310763835906982
CCC(=O)N1CC1C=O,5.760012269020081
CC12CC3CC1(C=O)N23,5.836297869682312
CC12CC3C(O)C(O1)C23,8.113094925880432
CC1(CO)CC2OC12,8.803569912910461
CC12C3CC4CC1C4C23,8.844809174537659
CC1CC(=O)C(C)=C1N,5.5056304931640625
CC12CCOC1=NCC2,7.196020126342773
C1C2C=CC3CCC12O3,6.515856504440308
O=CNCC1CCCO1,7.535474061965942
CC1COC1(C)CC#N,7.844829201698303
CC(=O)CC1(O)CC1O,6.273416042327881
CC1C2CC(C)C1O2,8.794935941696167
OC1(C=O)C=CNC1=O,5.218045711517334
C1OC2CC34CC(C3)C124,8.282120704650879
CC1C(CC=O)OC1=N,6.133891344070435
CCc1c(nc[nH]1)O,6.428066968917847
C1C2OC2C2=C1N=CO2,6.2431851625442505
CCC1OC(CO)C1O,8.265253186225891
OC12CC(=O)N3CC1C23,6.534818172454834
CN1CC(O)(C#N)C1=O,6.66468071937561
CCC#CCC(=O)OC,7.405892491340637
O=C1C2OC3OCC2C13,5.777011394500732
CC12C3N1C1C3(O)C21O,7.3508923053741455
CN1CC1CCC1CO1,8.523123860359192
CCOC1CC(=O)C1O,5.919918656349182
N#CC12CC3C(C1)N3C2,7.425053238868713
CCC1(CCCO1)OC,9.02479612827301
CCC1(O)CC2(CO2)C1,8.675153017044067
OCC1CC2CC1CO2,8.54931092262268
O=C1CC2C3CN3C2C1,5.864948868751526
CNC1COC(=N)C1=O,4.800561428070068
CC12COC1CC21CC1,8.408438205718994
N=C1OCC2OC2CO1,8.024556040763855
CC1CN1C(C)(C)C#C,7.546637535095215
CCC(C=O)C(C)=NO,5.8949761390686035
C(C1CO1)C1=NC=CO1,6.680335521697998
C#CCC#CC1(CC1)O,7.195018291473389
O=CC1(CN=CN1)C#N,5.5704591274261475
CCC1C2CC(O2)C1C,8.650827050209045
CC1C23CCC12OCC3,8.098965048789978
CCCC1(CO1)C1CO1,8.949607849121094
CC1C2OC(C=O)C12,5.766150951385498
C#CC12CC3CC3C1N2,7.194384932518005
CC1CC(=CN1)C(C)=O,5.328043341636658
CCOC1CNC1C#N,7.1296610832214355
CC1C(N1C)C(C)=O,5.701907277107239
CC(C)(CC1CC1)C#C,8.462874412536621
CNC1=NC2CC2C1=O,4.431247353553772
CC1C2COC(=O)N12,7.800487518310547
Cc1[nH]c(cn1)CC#N,6.721123814582825
CC1OC2CCC12CO,8.22749924659729
OC1C2C3C4C1C2N34,7.956608176231384
O=C1C2CCC2C2CN12,6.634134411811829
OC1CCC2C1OC2=O,7.449151873588562
CC(C#N)C1CCC1O,8.346232175827026
CC(C#C)C1=NNN=C1,6.944984316825867
OC1CN2C3CC(=C1)C23,5.8778709173202515
OC1C2CC3OC3CC12,8.700601935386658
CC1CC2(CO)CC1O2,8.427037954330444
CCC12OCC1C2C=O,5.855356454849243
CC12CC(C)(C)C1(C)O2,8.632307648658752
CC12CC(O)(CO1)C=C2,6.662292003631592
CC1=CC(O)C(C)(C)C1,6.9517951011657715
CCC1COC1(C)C#N,7.748201489448547
C1CN=C(CN1)OC=O,6.190390467643738
CN(C)C1C=CCC1=O,5.409112095832825
CC1C2CC2(O)C1(C)O,8.10854685306549
CC1OC(=O)CCC1=O,5.974821209907532
CC1=CC23OC4C2C1C34,5.416475772857666
c1cnccc1CC=O,5.1895105838775635
CCC1(O)CC2OC12C,8.643375396728516
CC1C(CO)C11CCO1,8.125913381576538
CC1CCC2OCC2=C1,6.756378173828125
C(CCC(=O)N)CC=O,6.013672947883606
CC12OC1C1(OC21)C=O,5.816486239433289
OC1CC2NC(=O)C12O,6.943090796470642
COC1=CC(=N)OC=N1,4.715279519557953
CCC(C=O)N=COC,5.854724764823914
CCC1COC1CC=O,6.0023193359375
COC1C=CCCC1O,7.072177767753601
N=C1OCCC2NC12,7.136752963066101
O=C1CN2CC2C2CC12,5.6315919160842896
CCC1N=COC1(C)C,7.363150596618652
CC#CCC1COC1=O,7.483545422554016
CC1C(CC1(C)O)C=O,6.031906008720398
CN1C2C3OC3C12C=O,5.5368252992630005
C1C2CCOCOCC12,8.957630157470703
CNC(=O)CC(O)C#N,7.243291258811951
OC12CC3CC1C3C2=O,6.328542232513428
CNC12C(N)C1OC2=N,6.752496957778931
CC1COC(=O)C(C)C1,7.472503662109375
NC12C(CO)C1NC2=O,6.763484597206116
CCC12CCC1C(=O)O2,7.530492782592773
CN1C2CCC1C(=O)C2,5.477003216743469
CC12OCC1=CC1CC21,6.214647173881531
CN=COCC#CCO,7.21499240398407
C1OC2C3CC=CC12O3,6.520996332168579
CN1CC(C1)(C=O)C#C,5.384958863258362
C1OC11CCC11COC1,8.395128011703491
CC1(COC=N1)C1CN1,7.205235600471497
OC(CC#N)C1COC1,7.736266136169434
CC12OCC1OC2CO,8.056036591529846
C1C23CCC12N=COC3,7.025589466094971
Cc1ccc(nc1O)C,5.659396529197693
CC1=C([O-])C(C[NH3+])=NN1,5.823274850845337
CC1NC11CC(=O)C1,5.973462104797363
CC12CC3CC4C3C1N24,8.42947244644165
COC1CCC1CC=O,6.142825245857239
O=C1CC2C3COC2C13,6.031384110450745
CC1CCC1C(O)C=O,6.011566162109375
CC(C)C(=O)OC=N,6.938225150108337
N#CC12CC3NC1C3O2,6.7976765632629395
c1c(nc([nH]c1=O)N)N,5.291495442390442
OC12C3CN4C(C13)C24,7.927217602729797
CC1(C)C2OC1C21CO1,8.528573274612427
COCCC(=O)CC#C,6.206052184104919
OC1C2C3CC4C3C1N24,7.988079071044922
CC1(O)C2C3OC1OC23,8.169357061386108
O=CC12OCC1C1OC21,5.7481300830841064
C1CC=C(C1)CC2CC2,7.012707710266113
CC1OC1CN(C)C=O,7.235279321670532
O=CCCC1CN2CC12,5.8473135232925415
C#CCC12CC3C(O1)C23,7.508935451507568
NC(=O)C12CC(O)(C1)C2,7.342609643936157
CCCC1CNC1=O,7.582629442214966
C1CCC(CC1)C(=O)N,7.4398193359375
O=CN1CC11C2CC1O2,6.888409495353699
CN1C=NCCOC1=O,6.603973388671875
CC1CC2(C)OC=NC12,7.247019410133362
CC1OC(=N)CC1CO,7.734662175178528
CC12COC1(C)CCC2,8.450570583343506
CCC1C(C)C(O)C1=O,5.922923803329468
CC1=CC(C[NH3+])=C([O-])O1,5.427298903465271
OC1CC2C3CC1C23O,8.455742955207825
C1CN1C1C2C3OC2C13,8.203481435775757
CCC1CC(C)=CCO1,7.054355263710022
CC1N2CC2C11COC1,8.202998161315918
Cc1c2c(cno2)on1,5.62425696849823
O=CC1CCCOC1,6.0623779296875
c1cnc([nH]1)C(=O)C=O,3.9719950556755066
CC#CC#CCC1CO1,6.251571893692017
CC#CC1OCC1C#N,7.2286951541900635
Cc1c(ncnc1O)O,5.6980589628219604
O=C1OCCC2NC12,6.967451691627502
O=CCC1CC1CC#N,6.209782719612122
CN1C2CC1C(=O)C=C2,4.7154364585876465
CC(C#C)C1COC1=O,7.488362789154053
CC(O)(CO)C#CC#N,6.325863242149353
CC1CC1C(O)C(C)=O,6.238284349441528
CC1(CC(O1)C#C)C#N,7.349012732505798
CC(=O)c1c(cno1)N,4.891710460186005
CC1CC(CO)C2CC12,8.903554558753967
OCC12OCC1C1CC21,8.19094693660736
NC1=COC(=N)C(N)=N1,4.4891616106033325
c1cncc2c1CCO2,5.8079540729522705
CC1CC1C1(O)CC1C,8.530152440071106
OC12CC3C(NC13)C2=O,6.1366167068481445
CN=C1OC2COCC12,7.3033287525177
CC1CC2CC(=O)C2O1,5.774106383323669
CCC12CC(C1)OC2C,8.673597812652588
Cc1ccc(oc1=O)O,4.633987069129944
c1c([nH]c(n1)NC=O)N,5.60797905921936
CC1C2C3C2C2(CC2)C13,8.780889749526978
CCC1(COC1)C#CC,7.744370460510254
C1C(=O)C=CC12COC2,5.026432693004608
CC12COC3CC1CC23,8.888275146484375
N=C1OCC23CC(N2)C13,7.043292880058289
CC(=N)OC1CCOC1,7.557441711425781
CC1(O)C(=N)NCC1=O,5.409077525138855
CC1=NC2COCC2O1,7.18600594997406
OCC1(O)C2CC1C=C2,6.602494955062866
CC(=O)C1CC1(C)C=O,5.7698447704315186
C#CC12OC1CC1OC21,7.091923236846924
CNC1CCC1(O)C#N,7.1641154289245605
NC1=CNC(O)=NC1=N,5.040726065635681
NC1CC(CO)OC1=O,7.068494915962219
C1C(=CC(=O)C1=O)CO,3.9410123229026794
ON=C1CC2(O)CNC12,6.37785005569458
O=C1OC2C3CNC1C23,6.685756087303162
CCC(=O)C(O)C#C,6.158020734786987
CC(CCO)C1COC1,8.557001113891602
CCC1(N)CC1(O)C#N,7.329912424087524
CC(OC(=N)C#C)C#C,6.398294925689697
Cc1cc(c(o1)OC)O,6.054280638694763
CC(C)(CC#CC#N)O,6.559859275817871
CC(NC=O)C(C)=O,5.870285868644714
CC1=CC2N3CC2(O)C13,5.623712062835693
Cc1c(con1)C(C)C,6.658435344696045
CC12CC1C1(CC1)C2O,8.497833251953125
CC(C=O)C1NC1(C)C,6.015534520149231
CC12CCCC1C=CC2,7.095012664794922
O=C1C2COCC1N2,5.685690641403198
CC1NC=[NH+]C1C([O-])=O,6.526777863502502
ON=C1CC=C2COC12,6.113804936408997
CC#CC(O)CC(C)C,7.933356881141663
CCC1CC2COC1C2,8.650502681732178
OC12CC1N1CC21C=O,5.636837363243103
CCC(N)(COC)C#N,7.8328951597213745
CC#CC1OCC1C=O,5.859775424003601
CCN1CC(C#C)C1=O,7.070775389671326
c1cnc([nH]1)C2(CC2)O,6.577146530151367
C1N2C3C4OC3C2C1=C4,4.960334599018097
CC1=C(COC(=O)C1)C,6.775075316429138
CC12OC3C4OC4C1C23,7.975660681724548
CN1C2CCOC2C1=O,6.727879166603088
O=CNC1C2C=CC1O2,6.356079936027527
CC1=CC2(CC2)OC1=N,5.8156726360321045
CCC(C)C1OC1C=O,5.984567403793335
CC12CC(=O)C(O1)C=C2,5.784389019012451
C1C2OCCC3OC2C13,8.271074056625366
OC1C2CNC(=O)OC12,7.985227346420288
CC(C)CC(C)C(C)=O,6.294332504272461
CC(C=O)C(=O)C1CO1,5.528265595436096
Cc1c(c(ncn1)O)O,5.610672116279602
OCC1C2C=CCCN12,6.423969030380249
O=C1C2C3CC4C3C2C14,5.860855340957642
CC1C2OC1C1CC2C1,8.637362480163574
COC1CCOCC1C,8.649856090545654
N=C1CC2OC(O1)C=C2,6.610930442810059
C1OC1C1CCCOC1,8.887335658073425
CN(C1CC1)C(=O)CO,7.164206027984619
N=C1NC(C=O)C1C#N,5.880755543708801
CC12OCC1CC2C#C,7.6884520053863525
Cc1c(ccc(n1)O)N,5.198048830032349
CC12NC1CC(O)C2O,8.070000767707825
CC1(O)CC(O)C(=O)C1,6.005659103393555
OC12C3CC1C1(CC1)C23,8.330058574676514
CC(C#C)C1OCC1C,7.979658722877502
CC1(CC(CO)O1)C#C,7.588926315307617
CN1CC2CCC12C=O,5.26239538192749
CCC1C(NC1=O)C#C,7.312870979309082
CC1=CC(O)C2CN2C1,6.300215125083923
C1OC11CCC2OCC12,8.685586214065552
C#CC1(CCO1)C1CN1,7.310092926025391
CCC12CCOCC1N2,8.38671350479126
CNc1ncc(o1)C#C,5.125158309936523
CC12CCCC1CO2,8.694603085517883
CN=C1OC2(C)CNC12,6.982280969619751
CC12CC1C1(C)CC21O,7.943764567375183
CC(C)CC(=O)OC=N,6.928485751152039
CCC1=CC(=O)CCN1,5.290854573249817
CC(=O)CCC(=O)N,6.033439040184021
COCC1C2CC(=O)C12,6.0386070013046265
CN1C2C3NC2C3C1=O,6.464977741241455
CC1(C)CC(CCO)O1,8.603898167610168
OC1(C=O)C=CC2OC12,5.677652835845947
N=C1CC(OCO1)C#N,7.541933059692383
OC1C=CC(=N)OC1=O,5.563284635543823
CC(O)C#CC(C)O,7.740490555763245
CN1CCCC(=O)C=C1,5.022113382816315
CC1=COC=C([O-])C1=[NH2+],4.551185131072998
C1C2OC2C11COCO1,8.518259763717651
OCC1OC1C#CC=O,5.518477082252502
CC1NC(=O)C1N(C)C,6.820499777793884
CC1OC(=O)NC1C=O,5.883752822875977
CC1(CC1)C1C(O)C1O,8.240994930267334
CC1(CN1)C1CC(=O)O1,7.377758026123047
C1COCC=C1CC=O,5.86917507648468
CNC(=O)CCC1CO1,7.451690077781677
CC(O)C1OC2CC12O,8.167882442474365
O=C1COC2C3OC3C12,5.750189900398254
CC1=CCC(=O)C12CC2,5.825811743736267
CC1C2CC1C(=O)N2,7.17932915687561
CC1CCN2N=CN=C12,7.15139365196228
Cc1c([nH]c(=O)o1)CO,6.391970634460449
N=C1OCC1(C=O)C#C,5.851775288581848
CC1(CCOCC1)C#N,8.072763442993164
CC12CN1C(=N)C2O,6.733218431472778
CC1OC1(C)CC1CC1,9.179272770881653
O=C1N2CC2CC11CN1,6.399782419204712
OC1CCC2CC3C2C13,8.713587522506714
CC(C#N)C(=N)NC=O,6.184411644935608
OC12COC1COC2=N,7.182669401168823
C#CCCc1cnc[nH]1,6.681961297988892
OC12CC1(O)C(C2)C#C,7.418810129165649
O=C1C2CC2C1CC#N,6.139703273773193
CC1OC2(CCC2)C=C1,6.734748482704163
CC(O)C#CCCC#N,7.713578820228577
COCC1(CC1C)C#C,7.827040076255798
CC1=COC(=N)N=C1N,4.7156044244766235
CCCC(=O)CC(=O)N,5.892072796821594
C1C2CC3=C(NC=C3)N12,5.911359906196594
CCC1C2C3CCC1C23,9.072703957557678
C#Cc1c(cc(o1)N)N,5.115872740745544
CC1C2NC(=O)C(O)C12,7.088123321533203
OC12CC3CC1(O)C23,8.141341090202332
CC1CCC(O)C11CC1,8.8066246509552
c1cnoc(=O)c1CO,4.941221654415131
OC1COCCC11CO1,8.512324213981628
c1[nH]c(c(n1)NC=O)O,5.368895649909973
CC1(C)C(O)C11CCO1,8.048110246658325
C1CC23C=CC4C(C24)N13,5.698873162269592
ON=C1CC(C1)OC=O,6.753184795379639
OCC(=O)C#CC1CO1,5.301243305206299
[O-]C(=O)C1CN(C1)C=[NH2+],6.512891888618469
CC1C2C3C2C2(CC2)N13,8.30427861213684
CC12OC(N)=NC1C2O,7.054120779037476
CC12CC(C)(C1)C1CC21,9.336223721504211
CC1C2(C)CC1(O)C=C2,6.533233165740967
C1C2OCC11OCCC21,8.4407320022583
O=C1NCC2CC1C=C2,6.447462677955627
Cc1c(oc(n1)C)OC,6.307716131210327
CC(CC#C)C(O)CO,8.11196744441986
O=CCC12CC1OC2=O,6.098197102546692
CC1COC2CC1C2=O,5.6961188316345215
CC12C=CC(O)C1C2O,6.404305815696716
CC#CC1C2CC1(O)C2,7.717757701873779
OC1C2C3C4CCC13N24,7.8109647035598755
CN=C1OC(C)C1CO,7.414648532867432
CN=CNc1ccco1,5.568637728691101
OCC1C2COC12C#N,7.130511283874512
CC12OC3C1CCOC23,8.230560898780823
C1OC23CC(COC2)C13,8.30276334285736
COC1CC1(C)C1CC1,8.731348752975464
CC1C2N1C(C)(C)C2=O,5.91312837600708
CCC1(C)OC11CCC1,8.763400793075562
CCC#CC(O)C#N,7.515107035636902
C1CC11OC2CCC12,8.447653770446777
CC12CCCC(O)C1O2,8.849275946617126
[O-]C(=O)C12CC([NH2+]1)C=C2,6.185752630233765
CC1(CCC1)C2(CC2)C,9.246454119682312
OCC12OC1C1(O)CC21,7.919028639793396
CC(CC(C)=NO)C=O,5.964023470878601
NCC1(CC(=O)O1)C#N,7.166930913925171
O=CC1C2CCCCN12,5.723024964332581
OCC1C(C#C)N1C=O,6.7588582038879395
CC1C2N1C1C(C)C21O,7.570715308189392
CC1(C)CN1C1CC1O,8.04480493068695
CN1CC11CC2C(O)C12,7.948532342910767
OCC1C2OC1C21CN1,8.194017767906189
C1CC(C1)C1CCC=C1,7.097717642784119
C#CCCc1cocn1,6.621763467788696
OC12COCC1C2C#C,7.335458040237427
O=CC12CN=C3NC1C23,5.371431946754456
CC1CC(C)C=CC=C1,5.487987756729126
CC(NC1CC1O)C#N,7.275536417961121
CCC12C3C4N1C2C34O,7.361047267913818
Cc1cc(c([nH]1)C#C)O,5.419966816902161
C#CCc1[nH]c(=O)on1,6.022914886474609
CC(C)C12CC1(C)CO2,8.308990955352783
OC12CC3C4C(C14)N3C2,8.08685839176178
OC1C2CCC1C=CC2,7.0293532609939575
Cn1c2c(cn1)OCO2,6.159842133522034
CC1(CC2(C1)CCO2)C,8.524342060089111
CC1CN(C1)C(=O)C#C,6.0501368045806885
C#CC1COCC=CC1,6.927487254142761
C#CC1C2CC1C2(C)C,8.263137698173523
CCc1c(cno1)C#N,5.893234014511108
CN1CCOCC(=O)C1,5.41740357875824
COC(C)CC#CCO,7.747907757759094
C1C2CC34CC3(OC4)C12,8.111417531967163
CC1CCCC1(C)C#C,8.247079491615295
COC1C2C3OC3(C)C12,8.080026626586914
CC1=CC(=O)CC2CC12,5.154945731163025
[NH2+]=C1NC[C-](C=O)C1=O,4.1917418241500854
CC1(O)COC2CC12O,8.022337675094604
CC1N=COC(=O)C1C,6.690150856971741
CN=CNc1cnoc1,5.565230011940002
OC1C2CCCCC12,8.688498139381409
CC(C)CCC1(CC1)O,8.84775698184967
CC1C2C3CC=C1C23O,5.636211156845093
CC(=O)CCC(O)C=O,5.814363956451416
CC(=N)OC(C#C)C#C,7.391869068145752
CC1(CC(N)=O)CC1O,7.364768743515015
C1C23CC=CC12C1OC31,6.0346620082855225
C1C2C1C1CCC2CC1,9.348266363143921
COC(C)CC(=O)OC,7.206225872039795
OC(C=O)C1C2CC1O2,5.809105634689331
CC12C3CN1C3C21CN1,7.928560137748718
CN(C)C(=O)CCOC,7.298271536827087
CC1(N)C(CO)OC1=O,6.8656405210494995
CC1(COC=N)COC1,7.454433083534241
CC(CCC#N)C(C)=O,6.318514704704285
CC(C#N)C1=NOC=C1,6.7836092710494995
COC1=NC2CC2(C)N1,7.159857988357544
O=CC1C2OC2C1C=O,5.705607175827026
CC1OC(CO)OC1=N,7.695331573486328
CC12CN3C4C1C2C34C,8.040231108665466
CC1(O)CC2C=CCC12,6.881215929985046
Cn1cnc(c1N)CO,6.063826560974121
C1CC(C1)NC(=N)C=O,4.640238106250763
O=CCC1CN1CC#C,5.835042476654053
CC(=O)c1c(cc[nH]1)N,4.906123697757721
O=CNCC1CCC1=O,5.959408760070801
NC1C(COC1=O)C#N,6.986207485198975
CC1CC=CC2CC12O,6.789889454841614
O=C1NC=CCC1C#C,5.685976982116699
CC1OC2(CC12)C1CO1,8.457972884178162
OC12CC(NC1=O)C=C2,6.17546808719635
O1C2C3C4C5C4C(C23)C15,8.079928994178772
CC1CC(C1)NCC#N,7.48370885848999
Cc1c[nH]c2c1ocn2,5.6444631814956665
CCC12CC=CC1C2C,6.7140586376190186
CCCN1CCC1C#N,7.0641233921051025
CCC12OC(=O)C1C2C,7.4466036558151245
CC1=C(C)C(=N)N=NO1,4.473031461238861
C1CC11C2C3OC1OC23,8.292103886604309
OCC1(CC=CC1)C#C,7.159651160240173
C1C2N1CC1=C2C=CO1,6.086959362030029
CCC1(CC1C#C)OC,7.784592032432556
OC12CC(C1)CC21CN1,8.426906824111938
OC1CC1(O)COC=N,7.393532395362854
O=C1CNC11CCOC1,5.499040246009827
CC(CO)C1CN2CC12,8.137274026870728
CC(=O)NCCC#C,7.488502740859985
CC(O)CCC1(O)CC1,8.753949999809265
CC(=O)OCC1(CC1)O,7.464351058006287
CC(=O)CC(C)(C)OC,6.2906588315963745
CC1CC(C)(C=O)C=C1,5.87836754322052
CN1CC1C1CC(=O)N1,6.993925452232361
C#Cc1cc([nH]c1)CO,5.803517699241638
C#CC1CC11OCC=C1,6.449034214019775
Cc1cc(=O)cc([nH]1)N,5.437957167625427
CC(C)NC(=O)CCO,7.460800051689148
CC1NCC(=O)C2OC12,5.587972164154053
C1CC(=NO)C=C1C=O,4.9085476994514465
CC12CC1C(O)CC2=O,6.0714229345321655
OCC(C#C)C#CC=O,5.421172142028809
Cc1cc(no1)C(=O)C,5.340588212013245
c1c(c(c([nH]1)O)C#N)O,5.526973605155945
Cc1cc(oc1C)NC,5.996190309524536
CC1OC2(C)CCC12O,8.276555895805359
OCC1C2CC1(O2)C#N,7.381130576133728
OC12CN3CC1C23C#N,6.8453099727630615
CC(C)C1(O)CC2NC12,8.227181077003479
C#CC12CC3CC1OC23,7.342344880104065
CC(C)Oc1ccco1,6.299909353256226
OCCC1OCC2CC12,8.585202813148499
CN=C1OC2C(C#C)C12,6.741230607032776
NC1C2NC2COC1=O,6.915562152862549
CC1=CNCC(O)C1=O,5.122705459594727
CC1=NCCNC(=O)N1,6.5876704454422
CC1C=C2COC2C1O,6.47671103477478
CC(=O)N1C2CC1C2O,6.885938882827759
CCN(C=N)C(=O)OC,6.865679502487183
CC1CC2OCC(C)=C12,6.542226314544678
N#CCC1CC2OCC12,7.975722551345825
CC#CC1N2CC1(C)C2,7.177549958229065
C1OC1C1CC2COC12,8.591417908668518
OC1C(=O)C2NC2C1=O,5.03185772895813
NC(=O)C1C2NC2C1O,7.0725425481796265
CC1C(OC1=N)C1CC1,7.75346302986145
OC1CCCC2CCC12,8.842886567115784
CC(CCC(N)=O)C#N,7.425976037979126
C1C23COC12CCOC3,8.14810824394226
O=C1CN2C3COC3C12,5.459990978240967
C#CC1(CC1)NCC=O,5.861490249633789
CC1CC1(CC#C)C=O,6.061960458755493
OC1CC2OC12C1CO1,8.289488434791565
CC1C2C3NC3C12C=O,5.831466317176819
CC(=O)C(C#C)N1CC1,5.7487534284591675
C1C2OCC3COC1C23,8.498780131340027
CC1C2N(C=O)C1C2=O,6.0979214906692505
CC1OC2C1=CCC2=O,5.721142888069153
CCC(CC1CO1)C#C,8.489701867103577
N#CC1OC2C=CCC12,6.59100079536438
Cn1cnc(nc1=O)N,5.021426558494568
CCC(C)NC(=N)C=O,4.632182836532593
CC1=C(OC=N)ON=N1,5.663153409957886
O=C1CC2(CC1N2)C#C,5.888338327407837
CC1(C(=O)C2(O1)CC2)C,5.928719878196716
CC(O)(C#C)C(=O)C#N,5.122347116470337
O=C1CC2C3COC1C23,5.718100428581238
O=CC12C3COC1CN23,5.5703805685043335
CC1CCC11CC1C=O,6.024270057678223
CCC(CC(N)=O)OC,7.457074046134949
CCC1(C)C(O)C1C#C,7.76590895652771
CC12CC3CC(=O)N1C23,6.509117364883423
CC1(C)CCCC(=N)O1,7.6897677183151245
CC(=O)C12NC1CC=C2,5.719224214553833
NC(C#N)C1OCC1O,7.288260817527771
O=C1CC2NC11CNC21,5.5562602281570435
CC(=N)Nc1ccon1,5.787570476531982
C1C2C=CC11CCCC21,6.6539225578308105
CC12CC1(C#C)C(O)C2,7.535932660102844
C#CCC1=CCC(=O)C1,6.000824809074402
CN1CC2(C)C3C1CN23,7.596094965934753
O=CC1COC(C=O)=N1,4.834769070148468
OCC1CC(O)(C1)C#N,7.8610734939575195
CC1COC(=O)CC1C,7.531265735626221
CC1(COC(=O)CN1)C,6.791731476783752
OC1C(C=O)C1(O)C#C,5.693145513534546
CC1CC2(OC12)C1CN1,8.523982167243958
CC1CC2(C)C(C)OC12,8.46188759803772
CC(=O)CNC(=O)CO,5.873550534248352
CC(CO)(C#C)C1CC1,8.299066543579102
OCC12CC1C1NC1C2,8.247455358505249
CC1(C)CC(O)C(=O)C1,5.988632559776306
CC(NC=O)C1NC1C,7.391264796257019
NC(=O)C1CC2OC2C1,7.313660144805908
CCC12CC1(CO2)OC,8.22198235988617
CC1C(OC=N)C2CN12,7.124448895454407
O=C1CNC2CC12C#C,5.648208856582642
CC#CCCC(C)C=O,6.030570030212402
CC(=N)Nc1cnno1,5.537145256996155
OC1C2NC2C11CN1,7.9015891551971436
C1C2OCOC3CC12C3,8.643030524253845
CCC(C#C)C(O)C#N,7.843075156211853
CC1C2CC2CC11CC1,9.064210534095764
OC1C2CCCC1C=C2,6.945546269416809
N=C1NC(=O)CN1C=O,5.820162296295166
CC1(C)NC(=O)OC1=N,7.18029248714447
CC1C(=O)C(C)C11CC1,6.0168691873550415
CC1(C)CCCC1(C)O,8.707964420318604
CC1CCCCCCO1,8.743708372116089
COC(C)C1(CO1)C=O,5.887748599052429
CCC1C(C)CN1C=O,7.168864846229553
N=C(OC=O)C1CC1,6.692245125770569
C1OCC2C3C4C3C2C14,8.541626453399658
CC1(O)CCOC1C#N,7.726340651512146
C1C=CC2OCCOC12,6.8344279527664185
[NH3+]CC1(CC1)C([O-])=O,7.211604118347168
CN=C1OC2CC1C2O,7.24923038482666
CN1CC(=O)C(C)(O)C1,5.464943528175354
CC1CC(=O)CN=CO1,5.852061033248901
OCC12OC1CC=C2,6.745938301086426
CC#CC12CC3C(C1)N23,7.115765690803528
CC1OCC(=O)OC1C,7.243459105491638
C1C2C3OC4CN(C13)C24,8.166695356369019
CC12NC1(C)C1(C)OC21,7.96405291557312
COC(C)C1OC1C#C,7.576486706733704
c1cc(cc(c1)O)CO,5.856251358985901
CC12C3N4CC1C4C23O,7.449439287185669
OCC(O)C12CC(C1)C2,8.663835883140564
CC#CCc1cc[nH]c1,6.561123013496399
CC1CCNC(=O)CC1,7.330412983894348
CC1C(O)C(C)C1(C)C,8.529213786125183
CC1C(C)C11CC(C)O1,8.343517541885376
CCC1(NC1CO)C#N,7.540116667747498
CC12COC1(C)CO2,8.295729398727417
c1c(con1)C2CC2,6.600035309791565
CC1CCCOC(C)=N1,7.090150475502014
OC1CCC1COC=N,7.596105456352234
CNC(=O)CC#CC#N,6.117299318313599
NC(=O)C12OC1CC2=O,5.315822124481201
CC1C(C)(C)C11CCO1,8.265330076217651
CC1OC(C(C)=O)C1=O,5.412565350532532
CC1CN(C1)CC(=O)C,5.7920143604278564
CC12C(O)C1C1CC2C1,8.679795026779175
CC1(OCC=C1)C1CN1,6.654415726661682
O=C1CCN2CC2C1,5.819141507148743
NC1=NC(O)=CC(=N)O1,5.32530665397644
CCC1CC(C)C(=N)O1,7.7738728523254395
CC1CC(C=O)C=C1C,5.866998314857483
CC(C#C)C1=CNC=C1,6.520289063453674
C1CC2C1C1CCOC21,8.451306104660034
CCC(=O)n1nccn1,5.889710307121277
OC1C2CC(O)C12C#N,7.514734983444214
C1CN2CCCN=C2O1,7.0676774978637695
CCCC(O)C(=O)CO,6.302116751670837
CC1C(=O)OC1(C)C=O,6.039453864097595
NC1=C(OC=N1)C1CN1,5.80474317073822
O=C1C=CC2CN2C1=O,4.342403590679169
C1C2C3OC4CC3C2C14,8.594592452049255
N#CC1CCCC11CC1,8.623268365859985
CCC#CC(C=O)C=O,5.639173150062561
CC(C)(C)C1(CC1)C#C,7.939660906791687
O=C1OCC2OC2C=C1,5.744054913520813
OC1(CC1)CC1OC1,8.864205837249756
Cc1cc(cnc1)OC,5.7625510692596436
CCC1(COC=O)CN1,7.315028548240662
OC1(C#N)C2C3NC1C23,7.141592741012573
COC1(CO)CCC1C,8.582450270652771
N#CC12CC1OC1CC21,7.550056457519531
C1CN1c2[nH]nc(n2)O,6.723288893699646
NC1(CC1N1CC1)C#N,7.302917122840881
COC(C=O)C(C)(C)O,5.901857376098633
CC(CC=O)C1COC1,6.087491393089294
CC12CC(O1)C(=C2)C#N,5.652022123336792
CC1C2N3CC1C23C=O,5.807563781738281
CC12CC3C1N3CCC2,8.34610104560852
COC1C2CC1OC2,8.638560891151428
CC1CC2(CCO2)CO1,8.536148428916931
[O-]C(=O)C12CC1NC2=[NH2+],6.538210988044739
CN1CCC(=CC1=O)N,5.689731478691101
OC12CC1C1OC1CC2,8.743641138076782
COC12CC1N1CC21C,8.030652403831482
CC1C(OC1=O)C1CC1,7.607624530792236
CCC1OC2C(O)C2O1,8.456853985786438
O=C1CC2CCC3C2N13,6.5756165981292725
N=C1CC(CC#C)O1,7.751816749572754
C#Cc1c(oc(n1)N)N,5.1551477909088135
CC1OCC2C(C=O)C12,5.910322070121765
O=C1NCC2COC1O2,7.0905420780181885
CNc1cnnoc1=O,4.558951318264008
CN1C=C[C-](C#N)C1=[NH2+],5.1190338134765625
CCC1(C)OCC2CC12,8.523644804954529
CC1(CC=O)NC1C#N,5.980600595474243
CN1C2C1C1(O)CC21C,7.510927438735962
COc1c(cc([nH]1)N)O,6.162587523460388
CC(C#N)C1(O)CC1O,7.934179902076721
Cc1nc(no1)CC#N,6.703118801116943
CC1COC2CC2OC1,8.679248809814453
CC12OC3CC1C2(C)O3,8.376626133918762
C1NC11CC2OCC12,8.297941088676453
CNC12CNC1C2C#N,6.820774793624878
OC(C=O)C12CC1OC2,5.720735311508179
COCC1CC(=O)C1,6.088181138038635
C1OC2C=CCC3NC123,6.571541666984558
CC(CCC=O)C1CC1,6.26919949054718
CCC1NC11COC1C,8.326573967933655
CC1(CCC11CC1)C#C,7.998401522636414
CCCc1cnon1,6.919405221939087
CCC12C3C4C(CC14)N23,8.33582091331482
C1C2CN1C1=C2C=CO1,5.868844628334045
COCC(C)C(O)C=O,6.106492638587952
CC1NC1C#CC1CN1,7.081719398498535
OC12C3C1C1CC3C2=C1,5.058326840400696
CC(=O)c1conc1N,5.074749231338501
C1C2CC=CC3NC3C12,6.6093902587890625
CC1(CN1C(=O)OC)C,7.899901390075684
CN(C=O)C1CCOC1,7.2516584396362305
CC12CC1CCC2(C)C,8.956777334213257
c1c(nc(o1)CC=O)N,5.028311252593994
CC1CC(C)C11COC1,8.49926221370697
CN=C1OC2CCC1C2,7.396717429161072
CC(CC=O)CN1CC1,5.942694425582886
N#CC1CC2CCN2C1,7.207042694091797
CC1C2C=CC(O)C12C,6.520603775978088
CCCC(O)CCC=O,6.2278454303741455
CCCc1nc(no1)N,6.384567737579346
CC1CC=C(C1)NC=O,6.087880253791809
COc1cncnc1N,5.253557443618774
OC1CC11COC2CC12,8.306416153907776
OC1CC(OC=N)C1=O,5.8575451374053955
CC1(CO)CC(O1)C=O,5.844032526016235
CN=C1OCC2CC1C2,7.384955048561096
OCC12CN1CCC2O,8.019381999969482
CC1(OC1C=O)C1CO1,5.965099096298218
CC(C)c1nccn1C,6.768507480621338
CC#CC1N=CNC1=N,5.97334885597229
COC(C=O)C#CC=O,5.2274558544158936
CC#CC1(CN1)C=O,5.813864827156067
CN1CC2(O)C1C2(C)C,7.391947984695435
OC12COC1CCCC2,8.340097188949585
OC1CNC1(C=O)C#C,5.566257357597351
COC1(C)CC(=O)C1O,5.833659291267395
O=C1OC2C3N4CC13C24,6.226618409156799
C1C2COC=NC1C=C2,6.388584852218628
CC1N2CC3(CC3)C12C,8.382918000221252
O=COC1CC2NC12,7.234452247619629
c1cc(c(nc1)C=O)N,4.42501574754715
CC1CNC2C1OC2=N,7.03803825378418
ON=C1CC2C(C=O)C12,5.819947123527527
C1C2N1CC21COC1,8.173678398132324
CC1C(O)C2C(O)CN12,7.65426242351532
CC1C(C)C(C)(C)C1=O,5.964689135551453
CNC(=O)C(C)C(N)=O,6.318783164024353
CC1=CC2(CN2)CC1=O,5.0743168592453
OC1C(C#C)C1(O)C#C,6.811727166175842
CC(C)c1ncc(o1)N,6.174978256225586
CC#CC(C)(O)CCO,7.828404784202576
CC1(C)CC2CCC2C1,9.393859505653381
COCCC1(CC1)C#N,8.204679369926453
CC1CNC2=C1C=NN2,6.0574305057525635
CCCCc1cc[nH]n1,7.11565625667572
OCC1C2NC1C2C#N,7.31180465221405
CN(CCCO)CC=O,5.739130616188049
CCC1COCCC1=O,6.023615717887878
Cc1conc1C(=O)N,5.653428912162781
CC(=NO)C1(CC1)CO,6.707130193710327
CC1(CN1)C1=COC=N1,6.434623956680298
CC1CC1(CCO)C#N,8.221536755561829
O=C1OCCCC2NC12,6.890275955200195
CCC1C(C)C1C1CC1,9.061498522758484
C1CCC(=CC1)CC=O,5.891690254211426
C#CC1COCCOC1,7.807783603668213
CC1OC2=NCCCC12,7.28699791431427
C1CC1C#CCCC#N,7.622976660728455
CCC(=O)OCC(C)O,7.648326754570007
Cc1[nH]c2c(n1)con2,5.641381859779358
CC#CC1(C)NCC1=O,5.764257311820984
OC12CC(=O)C1C2C=O,5.697264671325684
CC(C)C1(CC(=O)C1)C,6.032234787940979
O=C1NC=C(O1)C1CO1,6.338678598403931
CC1C2CC1C(=O)CO2,5.7534343004226685
CC1C2C(CN12)C(C)=O,5.7779461145401
CN1CC11CCCC1O,8.022195219993591
CC(O)(C#C)C(O)C#C,7.559612393379211
CCC1(O)CC2NC2C1,8.279674887657166
CC(O)C12CC1OCC2,8.313049674034119
CCOC(C#N)C(C)C,8.20599091053009
CCC(=O)NC(C)CO,7.452473402023315
CC12CC3CC1(C)C23C,8.579511284828186
O=COC1CC=CC1=O,5.3143837451934814
O=CC1C2C3CCN1C23,5.648786664009094
CC1CN(C)C1(C)C#N,7.031498908996582
CC(=O)C1CCN=CO1,5.910788059234619
CCC12CC1OCO2,8.851336240768433
C1=C(C(=O)NC1=O)CO,4.861293017864227
O=C1CC23COC2C1N3,5.581531405448914
N=COC1(CNC1)C#C,7.021238565444946
C1CCCC(CC1)C#N,8.83408236503601
CCC(=O)C#CC1CO1,5.373948574066162
OC12CCC1CC1OC21,8.77976942062378
CC1(C)CN2C3CC1C23,8.298566579818726
CC1(CO)CNC(=O)C1,7.407293319702148
OC1CNC2=C1OC=C2,5.749702453613281
CC1(CC1)OC2CCC2,8.732772707939148
O=CC1CCCC2CC12,6.077992916107178
CNC(=O)C1CC(=O)O1,6.801130056381226
CCC1C2CCCOC12,8.606377601623535
CC(=O)C1=CC2CC2C1,5.121968030929565
CC12C3C1C1OC3C21C,8.319023966789246
c1c(c2c(o1)NCC2)N,5.854799866676331
OC1CCC2COC12,8.433740496635437
N=C1C2C3NC(=O)N1C23,6.52425754070282
Cc1c(=O)ncncn1,4.521837651729584
CCN=C1OC(C)C=C1,5.73875093460083
C1OC1C1CCC2CN12,8.418158292770386
N#CC1OC2OC1C=C2,6.615356087684631
N=C1NC2C(OC12)C#N,6.717391610145569
CC1(C)CC11CC2NC12,8.220360279083252
CC1(CC1)N=C2CCO2,7.171700477600098
CCC12OC1(C)CC=C2,6.729157567024231
CC1OC11C2CN2C1=N,6.502964973449707
COC12C(C)C3C1OC23,8.12270712852478
CC1C2CC3N2C13C=O,5.897384405136108
CC1CC2OC1C=C2,6.6678324937820435
CC12NC(=O)OC1C2O,7.94410240650177
NC1=C2CCN2C(=O)O1,6.272669553756714
C1CCOC(=O)COC1,7.084243297576904
OC1(CNC1C=O)C#C,5.639732480049133
O=C1CC2NC3C2NC13,5.5102622509002686
CC12C=CC3CC1C23C,5.940006852149963
CC12COCC=CC1N2,6.568673372268677
OC12CC3C1N3C21CC1,7.99654757976532
CC1CC11CC(=N)O1,7.6738386154174805
CC1CCC1(CO)C#N,8.277313232421875
CC(O)C1CC(=O)C1C,6.020910263061523
CC(C)CC(O)CC=O,6.182605624198914
CC1(C)CC2N=COC12,7.214965462684631
CC1OCC(C)C(C)=C1,6.98273503780365
C1OC23CC4OC2CC134,7.918625116348267
O=COC1C2C3CN3C12,6.826597809791565
C1C2OCC3=CCN1C23,5.941382646560669
CCC1=CCN(C1)C=O,6.592965722084045
CC(=O)N1CCC2CC12,6.976308465003967
COC(C)C(C)(C)C#N,8.244927287101746
OCC12CC1CC(=O)C2,6.131828546524048
CC(=O)CCCC1CC1,6.398099303245544
C1CC2NC2C=CC=C1,5.254828453063965
CC1C23CCC12OCO3,8.178500175476074
CCC1(CCO)CC1C,9.018215656280518
CC1C2OC1(C#N)C2N,6.9545639753341675
CC12NC1C(O)C1NC21,7.7652246952056885
CCC12COC1C2C#N,7.570558428764343
CN1CC1C1(CC1)C#N,7.046897768974304
CC12CC(O)C1OCO2,8.42572832107544
CC12CC=CC3OC1C23,6.4704591035842896
C1C2N1CC21CCCO1,8.178572058677673
COCC(O)(CO)C#N,7.698673248291016
CC1(C)CC(C=C1)C#N,7.104880690574646
OCC#CC(C=O)C#C,5.839529871940613
CC1(CO1)C1COC1=O,7.333280324935913
CC12CCC1N2C(N)=O,7.584036707878113
C1C2OCOC3CC2C13,8.667340397834778
O=CC1C2CC(C#C)N12,5.672430157661438
CN1CC2(O)CC=CC12,6.264447331428528
CNC1CC1(C#C)C#N,6.903947710990906
OC1C2N3CC3CC12O,7.820968866348267
CC1N(C)C11C2CC1O2,8.248150110244751
CC1(O)C2OC3CC2C13,8.330156803131104
OC12C3C=CN(C13)C2=N,5.385362029075623
C1CC2(CC2)CCOC1,8.722105622291565
CC1(COCO1)C1CO1,8.947059869766235
C#CCc1c[nH]nc1N,6.1181710958480835
CN1CC1CC(C)=O,5.89599609375
CCN=C1OC(C)C1N,7.222474694252014
CC12CC3C1CCC23O,8.697851061820984
OCC12CCC1OC2=N,7.517528533935547
CC1C2CC(=NO)C12C,6.650999307632446
C1OC2C3NC3C2=C1,5.951036334037781
COC1C2NC2(C)C1C,8.282331824302673
C1CC(O1)C1OCC=C1,6.755174517631531
N=COC1CC2(CO2)C1,7.5332993268966675
OC1CC23COC2C1O3,7.9276182651519775
CC(CC#C)(CO)CO,8.14406144618988
C1C2COC3CN1C23,8.034063935279846
OC1CC11NC(=O)C1O,7.001929521560669
CC1C=CC2C3OC3C12,6.686946392059326
COC12C3CC1CC23O,8.169522643089294
CC1(C)NC11CCC=C1,6.638383150100708
O=CNC1CC=CC1,6.868326663970947
CC1=CC(=N)OC1(C)C,6.000530362129211
CC1COCC=C1C#N,5.942121624946594
OC1CC2OC1CCO2,8.698211431503296
OC1C2OC1C2CC#C,7.616512894630432
C1OC2C1C21CC2OC12,8.099760293960571
C#CC1=C2COC2CC1,5.444096803665161
COC(=O)C(C)C(N)=O,6.596337199211121
N#CC12CC(C1)CO2,7.6145594120025635
C1CC11N2C3CC=C1C23,4.953075051307678
COCc1c(nco1)O,6.178451895713806
CCc1c(c(co1)N)C,6.044726848602295
COCC(O)CC#C,8.11476194858551
Cc1cccc(=O)cc1,4.352066278457642
CC(O)C(C)C(C)=NO,6.980786323547363
CC1(O)CN2CCC12,7.940074920654297
C1C2NC3=CC=NN3C12,6.159560322761536
CCC(OC=N)C#C,7.5618016719818115
CC(C)Nc1conn1,5.5202600955963135
c1cc2c(nc1)CCO2,5.740172266960144
OCC1OC11CC2CC12,8.74949860572815
CC1CC2(CN2)C(=O)N1,6.890614986419678
Cc1c(c(no1)N)CO,6.117131590843201
OCC1CC23CC(C2)C13,8.88761031627655
CC1C=C2COC3C1C23,6.087151527404785
CCOCC(C)(C)C#C,8.317406058311462
CC1=CC(=O)[CH-]OC1=[NH2+],4.920479476451874
CC1=CCOCCOC1,6.665416121482849
Cc1cc(no1)CO,6.6568686962127686
Cc1cc(=O)c(co1)C,4.937386631965637
CC1C2CC=CC(=O)N12,5.437360525131226
CC1CN(C=O)C=C1C,5.883864521980286
OC1CN(C=N)C(=O)C1,6.26545774936676
CN1C(=N)NN=C1C=O,4.749933123588562
CC1=CNC(=O)OCC1,6.15488076210022
[O-]C(=O)C1[NH+]=CN2CC12,6.4194724559783936
O=C1CC2OC12CC#C,5.8619773387908936
CC1NC=C(C=O)C1C,5.126544833183289
c1c2c(on1)CC(=O)C2,5.357613205909729
Cn1cnc2c1COC2,6.519561171531677
CCCC1COCC=C1,7.065906882286072
CC(CO)C#CC(N)=O,6.342267394065857
CN(C)CC(CO)C#N,7.0985636711120605
C#CCOc1cnoc1,6.130195736885071
COC(C)C1(C)CCO1,8.600853085517883
N=C1C=CON=C1C=O,4.66325056552887
COC1OC(=O)C2NC12,6.875542759895325
CCC1(C#C)C2CCC12,7.7417871952056885
c1c(c([nH]c1N)O)C=O,4.562217354774475
CCOC(COC)C#N,8.02959418296814
CC1CC2(CC12O)C=O,5.919387936592102
C1CC2COCC2C1,8.81328535079956
OCC(C1CN1)N1CC1,8.000005841255188
OC12C=CCC3C1OC23,6.3248051404953
OCC1NCCCC1=O,5.73597264289856
N#CCC1OCC11CN1,7.55669367313385
CCC12CC1(CC2)C=O,6.011072635650635
CC1COCC2CN2C1,8.272932052612305
CC12C(O)C1COC2=O,7.248201966285706
CCC1(CC#N)CC1C,8.635717630386353
CCC12CC1(CC)OC2,8.28855848312378
CC(CCOC=N)C=O,6.1375685930252075
CC(OC1CC1)C#N,8.064608812332153
CCCc1conc1O,6.472393274307251
Cc1cc(c([nH]1)N)C#C,5.482268571853638
CC(CC#N)OC(N)=O,8.20617389678955
O=C1CCC2CC3C1N23,5.805036544799805
CC1C2OC2C2OCC12,8.481935858726501
NC12C3NC3C1C2C#N,6.702664375305176
O=C1OC2CC=CC2=C1,5.490815043449402
OC12CC1(O)C1(CC1)C2,8.132541298866272
COCCN=COC=O,6.442826747894287
CC12CN1C(=O)C2O,6.607318997383118
C1CC12CNC(=O)CO2,7.089787840843201
CC1CNC1(C#N)C#N,6.946004748344421
CNC1(C)C(O)C1C#N,7.199044704437256
CC12CC3(C)C=CC1N23,5.9576462507247925
OC1=CC=CN=CC1=N,4.163217544555664
CC1(C)OC1(C)C=O,5.946566939353943
OCC1CC1(O)CC#N,7.947429656982422
O=CC1C2CC2C2CC12,5.997524619102478
CC#CCC1CCC1C,8.204549431800842
Cc1nc2c(o1)nc[nH]2,5.684435129165649
CC12CC3C1C1(CC1)N23,8.581738829612732
CC#CC12CC1CC2O,7.547098517417908
CC1CC2N=CNC2=N1,5.882387280464172
CC1C2C3C(O)C3CN12,7.730888247489929
C#Cc1cocc1CO,5.810746192932129
CC1=C(COC1)CCO,6.713099002838135
C1C(CO1)CNCC#N,7.252496600151062
OC12CC3=CCOC1C23,5.838654518127441
CC12NC1CCC2=NO,6.498449921607971
[NH3+]C1(CCC=C1)C([O-])=O,6.480504631996155
O=C1CCNC(C1)C#N,5.794168591499329
CC(C)C12CC(C1)OC2,8.640985608100891
O=CNC1C2COCC12,7.2052903175354
OCC1COC2COC12,8.433396697044373
CC1C2C(O)C1C21CC1,8.869763851165771
CN=C1C=CC(=O)N1C,5.008858621120453
COCC1=COC(=N)O1,6.402626633644104
Cc1cc(oc1)N2CC2,6.064603209495544
CCC1(C)C(O)C1CO,8.300121426582336
CC1(CO)OC11CCC1,8.673855185508728
O=C1NC2CC2CCO1,7.873432755470276
CN1CC2OC3C2CC13,7.775621771812439
CC1=CC(O)(CC1)C=O,5.662107706069946
CC12CC1C1CC(C1)O2,8.63322365283966
CCC(OC1CC1)C=O,6.031794548034668
CCOC1(CC)CC1O,8.471255421638489
O=CC1NC1(C=O)C=O,5.47877037525177
CC1(C)CCC1(C)CO,8.881588220596313
CC12CC1CC1CCC21,9.070856809616089
CC#Cc1cn(nn1)C,5.8619256019592285
[NH3+]CC(O)C#CC([O-])=O,6.239314913749695
CCC1(C)C2OC2C1=O,5.841462016105652
CC#CC1CC2C(C)C12,7.791106581687927
CC12NCC1(C#N)C2N,6.836688876152039
CC1(CC1O)C1CCO1,8.285416841506958
OC1C(=O)C2C3CC12O3,5.96009361743927
O=C1CC2C3CC3C2N1,7.276839971542358
CC1OC2(COC12)C#N,7.161539554595947
OCCC1CC2(O)CC12,8.64204490184784
COC(=O)C#CC1CC1,6.296885967254639
CC1C(C#C)N(C)C1=O,7.055511832237244
CCC1OC(=O)OC1=N,7.441770792007446
CC1=CCOC1(C)CO,6.836852192878723
OC1CC1(OC=N)C#N,7.2359009981155396
CNc1cc(oc1)NC,5.876482129096985
CN1CCCCC1=O,7.23812198638916
CC1C2CN1C2C(N)=O,6.834668755531311
C1C2NC1C1=C2OC=N1,6.202431559562683
OC12CC1C1NC2C1=O,6.120898485183716
NC1=NC(C#C)C(=O)C1,5.607948541641235
O=CC1CCC11CC1,6.0583391189575195
CCC(C)C1CC1CO,9.110533356666565
CC1C2OCC3CN1C23,7.8861507177352905
OC12CN=C3OCC1C23,6.427624344825745
N=C1CCNCC(=O)O1,6.477571725845337
CC1CC2C(CCO)N12,8.091030836105347
CN1CCC2CC2C1=O,7.0790345668792725
CC(OC=N)C#CC#N,6.467084884643555
CC1OCC(CO1)C#C,8.05836308002472
CC1(CO1)C1OCCO1,8.96785819530487
N=C1OC2CC12OC=O,6.794388771057129
CC(O)C12CC1CC2,8.767009735107422
Cc1c(ncoc1=O)O,4.891382038593292
CC1=CC(=[NH2+])C([O-])=CO1,4.570980727672577
OC1C(CC11CO1)C#N,7.768119812011719
OC1CC2CN2C1C#C,7.295285940170288
COC1CC2C3OC1C23,8.365796208381653
O=C1CC2CC1C=CC2,5.873789072036743
CC12OC1C1(C)CC2O1,8.572383046150208
CC1NC11CCC(=O)C1,6.016083598136902
CCc1cnccc1O,5.882729530334473
CC12OC1C(=O)CC2=O,5.144348382949829
CC12CC1(C)CC(=O)C2,6.065118789672852
C1CC(C1)OC2CCC2,8.818577289581299
O=C1C2NC2C1CC#N,5.896508455276489
CC1C(C#CC=O)N1C,5.089404225349426
NC(=O)C12OC1CC=C2,6.189341187477112
Cc1c(c[nH]c1O)C#C,5.588322639465332
CCc1c(cc(o1)C)C,6.284012317657471
Cc1c(onn1)C2CC2,5.94197952747345
NC(=O)C1CCOC1=O,6.687291383743286
C#CCC1C2CCCC12,8.229262709617615
CC(=O)CCC1COC1,6.251736879348755
C1NC1C12CC(C1)O2,8.328734517097473
CC1=CC(=O)C2CC1O2,5.087344765663147
O=CCC1(CC#N)CN1,6.038589715957642
c1c[nH]cc1OC2CC2,6.3246166706085205
CCC1C2OCOC12C,8.622960925102234
CC12C3NC11CCN2C31,7.587524175643921
OCC12C3C(O)C1CN23,8.128130912780762
CNc1coc(c1N)O,5.822982907295227
CCC#CCC#CCC,7.701298952102661
CCC(=NC)OC=O,6.559587836265564
CC#CC(C)(C=O)C#C,5.789669513702393
C1C2CC3N=COC2C13,7.205362439155579
C(CN=COC=O)C#N,6.528053045272827
CC12CC1(C)OC(=O)N2,8.124063968658447
CC12CCOC1CC2O,8.350655317306519
CCC1OC2C(C#C)C12,7.648474931716919
C1C=CC(=O)CC1=NO,4.9883376359939575
CCC12OC1C1NC21,7.815794229507446
CC12COC(CC1=O)C2,5.912253022193909
CC1(C)C2CC(CO)N12,8.04055142402649
CC1(CNC(=O)N1)C#C,7.573345184326172
OCC(=O)C12CC1OC2,5.905765771865845
CC(=O)C(=O)N1CC1,4.604513943195343
CCC1(CC(=O)C1)C#C,5.98675262928009
OCC1CC2OC(=O)C12,7.394824147224426
O=C1COC(=O)C11CN1,5.2323315143585205
OCC12CC1N=COC2,7.120488405227661
C1C2CC3CCC=CC123,6.772322654724121
[O-]C(=O)C1C2C3[NH2+]C1C23,6.947505474090576
CCC#CC1CC1(C)O,7.538812756538391
CCC1COCC1(C)C,8.648136973381042
OC12CC1(CC2)C1CO1,8.546134352684021
CC1(O)CCCC=CC1,7.17362380027771
OC(C#C)C1NC1C#N,7.342861771583557
C1C2CC1OCCCC2,8.465330004692078
CC1(COC1=NC)C,7.47376561164856
COCC1(C)CC2OC12,8.831893563270569
CC12OCC1C2C1CO1,8.398238897323608
C#CC12CCC1CCC2,8.096986889839172
CC1CCCC(C1)=NO,6.941665172576904
OC1C2OC1C2C1CN1,8.310885071754456
CC1N2CC2(C)C1=O,5.974497318267822
O=CNCC(C#C)C#N,7.290596961975098
OC12C3CC3C1CC2=O,6.0735924243927
C#CC12CCC1OC=N2,6.982800364494324
CC1C2C3(O)CC3C12O,7.634854078292847
CC12CC1CC2CC#C,8.23795771598816
CC12CCC(C1)C(=O)O2,7.469572424888611
CCC1NC(=O)C11CN1,6.985833406448364
CC1CC1C1CCO1,8.657775402069092
CC(=O)COCCC#N,6.257254600524902
CC1(OC2C(O)C12)C#C,7.317443490028381
C#CC1CC11COC=N1,6.821226716041565
CC(CNC(C)=O)C#N,7.410954117774963
OC1CC(C1)C1CO1,8.876209616661072
CC1OCCC2C1N2C,8.096452832221985
COC1CC1CC1CO1,9.011922717094421
C#CCCNC(=O)N,7.5985106229782104
CCc1ccc(cn1)N,5.347030401229858
OC12CN(C1)CC2C=O,5.637079358100891
CC12CC(=O)C1(N2)C#N,5.916564464569092
CC(=O)OC1CC2OC12,7.385423541069031
CCC1=CCN=COC1,6.496218919754028
N#CC1C2CC2C2CC12,8.010037064552307
NC12C3OC1CC23C#N,6.997918605804443
CC1OCC11CCC1O,8.26984691619873
CCC1OC(C)(C)C1=O,5.920186281204224
C1CC2OC1CC1NC21,8.241471886634827
C#CCC1=NCC(=O)O1,6.342086434364319
O=CC12CC3C(CN13)C2,5.656236290931702
CC1=CCCC(O)C=C1,5.348991632461548
CCC1CCC(C)=CC1,7.158100247383118
NC(=O)CC1CCCO1,7.415141701698303
CCC1OCC(C)C=C1,6.971377491950989
N=C1OC2C3NC=C1C23,5.504358649253845
O=C1CNC(=O)C2CC12,5.805391430854797
CC(C)C1OCCC1O,8.432301998138428
CCc1c(=O)[nH]ncn1,4.885850429534912
CN1CC2OC(=O)CC12,6.6439783573150635
CC1NC1(CCO)C#C,7.504320740699768
COC1CC2C(O)C12O,8.09069812297821
CC#CC1(C)CCC1=O,5.7993539571762085
c1c(nco1)C(=O)CO,5.4096949100494385
O=C1NCCC11CN1,7.075357913970947
[O-]C(=O)C1CC2C[NH+]1C2,7.026294469833374
CC1(CO)CCC1C#C,8.200792789459229
CC1OC(=O)C2CC1C2,7.431554198265076
OC(C=O)(C#N)C1CN1,5.816679954528809
CC1CC1(C=O)C(C)=O,5.679386019706726
CC1=CC(C)(O)CC1,6.9951019287109375
CC1(CCO)COC1=O,7.387730002403259
O=C1C2COC2C1C#C,5.65808892250061
OCC12CC1OC2C#N,7.378403544425964
CCC1CC2(NC12)C#C,7.300786972045898
C1C2CC1C21CCC=C1,6.869614124298096
CC#Cc1c[nH]c(n1)C,5.640551328659058
CC1(CC1)N1CC1C=O,5.755829215049744
CC1C=C(NC1=O)C=O,5.140942811965942
OC1CC11OCC2OC12,8.23828637599945
O=CC1CC2C3CN1C23,5.646783471107483
CC1=CC(C)(CO)OC1,6.807868242263794
O=C1N2CC2C11CCO1,6.43048095703125
Cc1c(c[nH]n1)OC,6.372820973396301
CC12CC3CC1C3C=C2,6.6994664669036865
COC(C#N)C#CC,7.422693133354187
NC1=CC(=O)CC1C#C,5.4025678634643555
CN1C2COC(C#N)C12,6.96695613861084
OC12C3COC(C13)C2=O,5.891611933708191
CC1CCOC(C)OC1,9.10328483581543
c1c(c(c[nH]c1=O)O)N,4.781940996646881
CC1OCC(CO)=C1,6.803757548332214
COCC12CC(O1)C2=O,6.1920366287231445
CC1C(O)C2(C)COC12,8.180954933166504
CC(C)NC(=[NH2+])C([O-])=O,5.4445496797561646
CC([NH3+])C#CC([O-])=O,6.331203937530518
C1C=C(CC(=O)O1)CO,6.499265432357788
C1COC=NC12COC2,7.133054614067078
c1c(c(c[nH]1)O)N2CC2,6.117653012275696
C1OC2C3CC1CC2O3,8.473645091056824
CC1CC2=CNC(=O)N12,6.258671879768372
N#CCC1NC1CC#N,7.598752379417419
OC12CC3C(N3C1)C2=O,5.85155177116394
COC12CC1(NC2)C=O,5.633632302284241
C#CC(=O)N1CC=CC1,5.684835076332092
CC1CCC(O)COC1,8.587536573410034
OC12COC1C1COC21,7.764901041984558
CC12CNC(=O)C1(C)N2,6.860664129257202
N=CN1C2CCC2C1=O,6.181842923164368
CN1CCOC(=O)C=C1,5.650368928909302
COCC#CC(C)C=O,5.935588002204895
OC1C2C1C1(CN1)C2O,7.998826742172241
C#CCC1CC=CCO1,7.13422417640686
OCC1C2CN1CC2=O,5.7530763149261475
CC1OCCC2(C)CC12,8.684394598007202
CCC(C#C)C1(C)CO1,8.320306062698364
CCC1CC2(C)CC1C2,9.653649091720581
CC1CC(=N)OC1(C)C,7.782395720481873
O=C1C2CNC1C=CC2,5.5714932680130005
CN1C2CC3(CC3O)C12,7.728384375572205
c1c([nH]c(=O)[nH]1)CC=O,5.232582092285156
CC1(C#C)C(O)CC1=O,5.8350348472595215
CCn1ccnc1C#N,6.016188263893127
Cn1cnc2c1noc2,5.7321964502334595
C1CC=CC2(CC2)C=C1,6.555789589881897
CC1CC1(C)CCC=O,6.206400394439697
CC1NC(=O)C=CC1C,5.635748624801636
CNc1c[nH]nc1C=O,4.730853796005249
COc1ccc(o1)N,6.1051541566848755
CC(=O)C(=NCC#C)N,4.996332287788391
OC1CC2(O)CCC12,8.412679553031921
ON=C1C=CC2CC1C2,5.339198470115662
NC(=O)C1CC2CC2C1,7.4313589334487915
CC1(CO)CC1C1CO1,8.80427896976471
CC1C2COC1C21CC1,8.701309084892273
CC1C2NC2C11COC1,8.229201555252075
CC1(CO)C2COC12C,8.17201828956604
CC1NC(=O)C(O)C=C1,6.377909421920776
N=COC(C#C)C1CO1,7.342229247093201
OCC1CCCC=C1,7.232978940010071
O=CC1CC2(CC12)C#C,5.848007321357727
OC12CN(C1)CC21CO1,8.25582218170166
CC1CN(CC1O)C=O,7.210728287696838
CC1CC2CC1C2O,8.884414792060852
CCCN=C1OCC1O,7.286778569221497
CCC12C(O)C1OC2=N,7.3977965116500854
CN1C2C=CC(O)C12,6.224109888076782
CC1C2C3OC1C(O)C23,8.34270989894867
CC12CN1C(C)(C2)C=O,5.769746422767639
CN=C1OC2(C)CC12N,6.867892742156982
C(CC1COC1)C1CO1,9.010342955589294
OC1(COC1=O)C1CN1,6.878473997116089
CCC(O)C#CC1CO1,7.3955841064453125
COC(C)C(=O)CC=O,5.5838600397109985
OC1(CC1C1CO1)C#C,7.6013065576553345
CCC1(CC1C)NC=O,7.501157879829407
C#CCNc1ccoc1,5.934968948364258
OC1(CCC(=O)C1)C#N,5.958732008934021
OCC12CC(O1)C1OC21,8.362741112709045
CC1CC2CCCC1O2,8.585274338722229
CNc1c([nH]cn1)CO,5.962285995483398
OC1CC11N=CNC1=O,6.023110032081604
C#CCC1COC=NC1,7.345196008682251
COCC(OC)C1CO1,8.929595708847046
CC(C)C1(C)CC(=N)O1,7.767503261566162
CCC1C(O)C1OC=N,7.463106870651245
C1CC(C1)C(C=O)C=O,5.633353114128113
COC1C(C)CC1(C)O,8.582196712493896
c1coc2c1[nH]c(c2)N,5.545305967330933
CCOC1(C)CC1C#C,7.768533229827881
COC(CO)C#CC,7.7244802713394165
CC12CC3(C)C1OC23C,8.423713207244873
Cc1cn2cnoc2n1,5.720132231712341
C1C(=O)CC1(CO)C=O,5.717167377471924
CC1=C(C)C(O)C2CC12,6.529080510139465
CC1NC(C=O)C1C#N,5.718703985214233
O=C1CC2CC2N=CO1,6.435855746269226
OC1CC2(CCO2)C=C1,6.653979420661926
[O-]C(=O)C12CC(C1)[NH2+]C2,7.072135329246521
CC1C2CC(=O)C(C)C12,6.018724083900452
CC(=O)N1CC=CC1=O,5.359445333480835
CCC#CCCC1CO1,8.20226001739502
Cn1c(=O)ccnc1N,4.8594430685043335
CC1OCC=C1CO,6.8256834745407104
C#CC1CCC(O1)C#C,7.6010422706604
CC1C(O)C2OCC=C12,6.421052098274231
CCC1CC1(C)C1CO1,9.145148038864136
CC1C=CC2C3CC3C12,6.7483824491500854
COC1CC(C1)C(N)=O,7.398067951202393
CC1CC2C3CC3C2O1,8.45114552974701
CC1(NC2CC12O)C#C,7.012844204902649
CC1OCC2(C)CC12C,8.44504201412201
CC1C2C3C4N1C2C34C,8.142642378807068
CCNC(=O)C1NC1C,7.073266983032227
CC(O)C1(COC1)C#N,7.677081942558289
C#CCC1(CO1)C1CN1,7.789411425590515
C1C(=NO)C2(O1)COC2,6.5562825202941895
Cc1cnc(=O)oc1O,4.78452867269516
O=C1CC2(CN2)C2CC12,5.994203448295593
OCC1CN2C(C#C)C12,7.171777248382568
O=C1CC2(CN2)C1C#N,5.7876715660095215
CC1(C)CC2CC=CC12,6.850010514259338
O=C1CC2NC(=O)CC12,5.955878138542175
CC1(CNC(=O)CN1)C,7.25452196598053
CC1(N)C(O)C1C#N,7.3558173179626465
OCC12CC(CC=C1)O2,6.6633206605911255
CC(=O)C1C2CC2C1O,6.077550530433655
CC1(CC11CCO1)C#N,7.548070907592773
OCC1=NC(=N)NC=N1,4.843476474285126
CC1C2CC3C4C(C23)N14,8.329504370689392
CC1OCC2CC=CC12,7.011302590370178
CCC1C2OCC3C2N13,8.331464290618896
CC12C3CN3C1(C)C2O,7.762430787086487
c1nc2c(o1)C(=NC2)N,5.573426604270935
OC1CC2CC1OCO2,8.664954662322998
CC12CC1C1COC1C2,8.628243565559387
CC(C#N)C1(C)CC1O,8.322050333023071
CC1(O)C(O)COC1=N,7.39643394947052
[O-]C(=O)C1OC2C[NH2+]C12,6.93585479259491
OC1C2OC(C=C2)C1O,6.564929723739624
NC1(C#N)C2C3CC3C12,6.904112935066223
CC1(COC1)CC#C,8.049818396568298
CC12CC3OCCC1C23,8.495319366455078
O=C1NC=C2CC=CC12,5.462958216667175
CC1CNC=CC(=O)N1,5.503712177276611
C1C2OC1C21CCCC1,8.584780812263489
Cc1ccnc(c1)O,5.826585531234741
CCOC(C)(C=O)C#C,5.8429765701293945
CC1C(=O)CC=CC1=O,4.812402009963989
OCC1CC=C(CO)C1,7.049263119697571
O=CC(C#C)C1COC1,5.823299765586853
CCC1CCC(C)C=C1,7.123376131057739
CC1CC(C)(C)N1C=O,7.0702784061431885
OC1C=CC2=C1N=CO2,5.222743034362793
CC#CCOCC#CC,7.439492106437683
CC1C(C#C)N1CC#C,6.996610641479492
COCC1=NCC(=N)N1,6.111062049865723
CN1CC(C1)(COC)O,7.850962400436401
CN=C1N(C)CC11CO1,6.459643006324768
N=C1OCC2=C1COC2,5.955050110816956
CN1CCCCCC1=O,7.194456577301025
CC(O)C#CC(O)C#N,7.44983983039856
CC1COC2=C1C=CO2,6.135355591773987
OC1CC11C2CC2C1O,8.326019167900085
O=C1CN2C1C21CCC1,5.815073132514954
CC1C2CCC1(O2)C=O,5.823753356933594
CC1C2C3OC2C13C,8.475903272628784
CC1NC(C)C1(O)C#N,7.2553112506866455
CC1CCN=COC1,7.138819098472595
CN1CC1(C)C(=O)C#N,4.854677975177765
CC(=O)NC(=N)CC#C,6.212141036987305
CC#CC1C2C3CC1N23,7.283849477767944
C#CCOC12CC(C1)C2,7.869441986083984
OC1CC(C#C)C1C=O,5.984358310699463
CC(CO)(C=O)C(N)=O,5.721339821815491
CC1CC2(CO)CC12C,8.60738456249237
COC(=O)C1(CCC1)O,7.065115451812744
COC1=NC=CC(=N)O1,4.927205681800842
CN1CCN2C3CC2C13,7.583568811416626
CN=COC1CC(O)C1,7.369151830673218
c1c2c(c(co2)N)[nH]n1,5.629209280014038
CC(C#N)C1OC1C#N,7.656477689743042
O=C1OC23CC12C=CC3,6.154283404350281
CC1C(O)CC1C(N)=O,7.363359212875366
N#CCCN1CC1C#N,7.287137866020203
OC1(CC=O)CC2NC12,5.981362342834473
CCC1=CC=CCC=C1,5.095184564590454
C1CN(C1=O)CC=O,5.817569613456726
CC1C2OCC(C)C12,8.595242857933044
O=CC1=CCCC11CO1,5.048954129219055
CN1CCC1C(=O)C=O,3.8079373836517334
COc1c(cco1)CO,6.2649325132369995
c1c(cn[nH]1)NC2CC2,6.100439190864563
CN1CC11C2NC2C1O,7.751113414764404
CC1(CN(C1)C(=O)N)O,7.777614951133728
CC1C2CC2CC2CC12,9.039251923561096
NC(=O)C1CCC2OC12,7.3398356437683105
CC(C)C(O)C1(O)CC1,8.539203763008118
CC1(C)CC1CC=O,6.128924489021301
C1OC23C4C2C2C4C32O1,7.652942776679993
CC1(CN1)C#CCC#N,7.160468578338623
CC1C(C)C2C3CC3C12,8.79023289680481
C1C2CC=CC3CC12C3,6.866328716278076
CC1(CC1)C(C)(C)C#C,8.171446323394775
Cc1c(noc1OC)C,6.3741374015808105
CC1OCCC11CO1,8.895124435424805
C1C2C=CC11C=CCN21,5.9134180545806885
OC1C(=N)N2CC12C=O,5.490318655967712
CC1COC(=N)C1(C)O,7.634580135345459
CC1CC2CC(=O)NC12,7.409332633018494
OC1C2CC=CC1C2O,6.695408225059509
CC(O)C1CC=CC1=O,5.185528039932251
CC1(N)C2CC1(O2)C#N,7.0069169998168945
O=CC1CC2CC2C1,6.124138832092285
C1C2NC2C2=NNC=C12,6.414735913276672
C1C=CC(=O)N1C(=O)N,5.638846755027771
N=C1C=CN=CN1C=O,4.354409039020538
OC1CN=CN(C1)C=O,6.091109395027161
CCC1(CC1)NC(=O)C,7.4508296251297
CC1OC2CCN=C2O1,7.300020456314087
CCC1(O)CC1C(N)=O,7.301417231559753
c1c(oc(c1N)N)C=O,4.480183243751526
CCCCOCCC#C,8.306970715522766
O=C1CC2OC12C1CN1,5.724682569503784
CC1(CO)C2CC1OC2,8.444023132324219
CC1C=CC2=CON=C12,5.290029287338257
CC1C2C3CC2C13O,8.798552751541138
COC12CC3C(C1)C23,8.708691120147705
Cc1cc([nH]n1)CC#C,7.026837110519409
CNc1[nH]c(=O)ncn1,5.0436320304870605
CC(C)(C)C(C)(C)C#C,8.408881664276123
CC12CNCC1(O2)C#N,6.859487295150757
OC1C2OC11CCOC21,7.8807806968688965
CC(C)C(CC=O)C#C,6.104314208030701
CC1OC11C2OC2C1C,8.445657134056091
c1c(c(c([nH]1)CO)N)O,5.880731582641602
OCC1CC(=O)C11CO1,5.802107453346252
CC1COC(C#N)C1O,7.566742658615112
OCC#CC#CC1CN1,6.001567125320435
CC(O)CC1(CO1)C=O,5.958489775657654
CN1C2CC1(C=C2)C#C,6.050875663757324
CNC1=NC(C)C2OC12,6.439626932144165
CC#CCC1COC1,8.03424596786499
O=C1CCC11NC1C#C,5.793987989425659
CC(C)(C)C(=O)C1CC1,6.149155855178833
O=CCN1CC1C=O,5.6159714460372925
OC1CC23CC(O2)C13O,7.830443739891052
Cn1c(ncn1)C2CC2,6.91644823551178
CC(C)Oc1cn[nH]n1,6.332432985305786
CC1OC(=N)OC1C#N,7.897156119346619
N#CC12CCOCC1N2,7.331754922866821
OC12CC1CNC2C#N,7.120667934417725
CC(C)(O)C1OC2CC12,8.248564958572388
CC(O)C1=COC=C1N,5.976839780807495
CC12COC1CCC2=O,5.853334665298462
N=COC1(CCC1)C#C,7.505139708518982
Cc1[nH]cc(n1)CC=O,5.4712032079696655
CCC#CC1COCO1,7.649316430091858
O=C1CN2CCOCC12,5.484398245811462
CCCC1C(C)C1C#C,8.037272214889526
CC1C(=N)N2CC12C#N,6.598771572113037
O=C1OC2C3NC(=C1)C23,5.62987756729126
CC12CC(CC1O2)C#C,8.128375768661499
C1CC1C1C2C3OC1C23,8.534628987312317
CCC12CC1(C)CO2,8.367754817008972
CC1C(C)C(CO)C1C,8.934184551239014
OCC1NC1(C=O)C#N,5.829900026321411
CC1(NC1C1CN1)C=O,5.870138645172119
C(CO)C(C#N)(C#N)O,7.604632616043091
N=COC1CCC2NC12,7.229447960853577
O=CC1CN1CCC#C,5.7933090925216675
CC1=C(NN=C1)C1CO1,6.682718396186829
C1CC1(CO)OC(=O)N,8.381061315536499
COC(C)C#CC1CC1,7.599426627159119
CC1OC(C)C(C)=C1C,6.787290692329407
O=CCC1OC2CC2O1,6.074241995811462
CC1(C)CC(O1)C1CN1,8.373345375061035
COCC1CC=CC1C,7.117045521736145
COCC(=N)OC(C)=O,6.545784115791321
N=C1N=COC=CC1=O,4.645140707492828
O=CCCC1C2CC1C2,6.295989394187927
CCC12CC1OC(=O)O2,8.363621830940247
OC1C2CC11CC(=O)C21,5.975173830986023
CC1C(C)=CC(=O)C1=O,3.9237213730812073
CC1OC(C)C1(O)CO,8.280818939208984
[NH3+]CC1NC1CC([O-])=O,7.2507147789001465
CC1C2C3C4CCC13C24,8.979917168617249
COc1ncc(nn1)N,5.014455199241638
CC1CC1C1=NNN=C1,6.724800944328308
CCCN1C2C3OC3C12,7.635969758033752
OC1CC(O)(C#C)C1O,7.3315019607543945
OC1C2OCC(C#C)C12,7.592149257659912
OC1(CC1)C1CCC=C1,7.042720913887024
CC12OC(=N)C1C1NC21,6.990058183670044
CC12CCCC=CC1N2,6.765285968780518
CC1(C)OC1(C)C1CN1,8.642343044281006
NC(=O)N1C2CC1C2=O,5.91702675819397
CC1C=CCC=CC1C,6.764119386672974
CC(C=O)C1COC1=N,6.093369722366333
CC1(CO)C2C3CC2N13,8.133362531661987
O=C1CC2CCCCN12,6.92382025718689
CC1(CC1)OCCC#N,8.123820662498474
CCC1C2NC2CC1=O,5.987581729888916
CC12COC(CC1O)C2,8.434181451797485
CC1C2CC2C2OC12,8.958949565887451
C1COC(=N1)CC(=O)N,6.6449525356292725
C1C=CC(N1)(C=O)C=O,5.365777373313904
COC1OC2CC1C2,9.045579075813293
CC12CC(C1)CCC=C2,6.9566991329193115
OC1CC2NC(=O)C12,7.190392017364502
O=CC(C1CN1)C1CO1,5.909945726394653
c1cc(nc(c1O)O)O,5.364030599594116
OCC1=NC(=N)C=NO1,4.823301076889038
OC12CCCC1C1NC21,8.167762517929077
OC1CC2OCC2C1O,8.253140807151794
CN1C2CC=CC1C2=O,5.438162207603455
CC1CC2(C1)NCC2=O,5.735040068626404
C1CN1C1C2C3CN2C13,7.936067223548889
OC1C2C(=O)NC12C#C,6.518340110778809
CC1CC(C)C(CO)=C1,7.010547637939453
CC(O)CC1CC(O)C1,8.791954755783081
CC(C1CCC1)C(C)=O,6.258691787719727
O=CC(=O)C1CC2OC12,4.1331692934036255
CC1CC2C(O)C(=O)C12,5.874569535255432
CC1(CC1)CNC=O,7.641574501991272
O=CC12CC(C1)N1CC21,5.895153641700745
CCC1OC2C1C2(C)C,8.422702312469482
C1OC2C1C1CC2C=C1,6.72337281703949
CCC#CC1(CC1)OC,7.496217846870422
O=CC12C3CC1CCC23,5.985280632972717
Cc1nc(n(n1)C=O)C,5.575246810913086
[NH3+][C-]1C=CC2=C1ON=N2,5.076793074607849
COC(=O)NCC1CO1,8.30801010131836
CCC1(CO)NC1C#N,7.502018451690674
CCCC1CC1(C)C#N,8.5638188123703
CC1(C)N2CC(O)C12C,7.903880715370178
c1cc(=O)nc[nH]c1=O,4.475174427032471
CC12CC1C(=O)C(N)=N2,4.800418972969055
CC1OC2CC3C2C13,8.600960493087769
CC(=NO)C1CC1C=O,5.888967156410217
OC1C2C3CC4C(C23)C14,8.350088000297546
N=C1OC2C3NC3CC12,7.1120041608810425
CC(C)(CC1CC1)C=O,6.1671189069747925
CC1CN1C1=NON=C1,5.923271298408508
COC=NCC(=O)C=O,4.196678519248962
CC(=O)c1c(ocn1)N,4.814549803733826
CN=C1OC2CC2C1=O,4.8346604108810425
CCC1(C)CC2OCC12,8.499179601669312
CC1C2OC3CC2C13,8.797065734863281
c1cn(c(n1)O)CC#N,6.2425616979599
CC1C2(C)C3OC1(C)C23,8.356017708778381
CC12CC(C1)C(=O)C2O,6.16202437877655
O=C1C2CC3C4C(C23)N14,6.2833967208862305
N=C1CC2CC(CO2)O1,7.599317193031311
CCC12CN(C1)CCO2,7.968871235847473
Cn1c(=O)[nH]cnc1=O,5.29710578918457
CC(=O)N1CCC(=O)C1,5.733344197273254
Cc1cc(n(c1)C)C=O,5.057319283485413
N=C1N=CNC=C1C=O,4.388623654842377
CN1CC11CCC11CN1,8.049256801605225
CCC1CN1CCC#N,7.430041790008545
CCC(C#N)C(=O)NC,7.3279008865356445
CC1(COC(=N)C1)C#C,7.585086345672607
CC1=CC2CC2(O)CC1,6.746897220611572
C1CC11CC2NC2C=C1,6.696274995803833
NC1=NCCC1(O)C=O,5.507048606872559
O=CC1=C2CC3C2N3C1,4.7875043749809265
C1OC23CN(CC2)C13,8.049276113510132
C1OCC2(CC=CC2)O1,7.081871151924133
CC1(CC1)C1CN=CO1,7.289177417755127
CC1=CCC2COCC12,6.850509285926819
OC1C=CC2(CC2)C1O,6.611548662185669
CC1(C)CC1(O)CC=O,6.06830358505249
C1OC2C3CC12CCC3,8.585238695144653
CC12NC1CC2(O)C=O,5.773780941963196
C1CC(C1)CNC=O,7.6641600131988525
CCCc1nccnn1,5.683757424354553
OC1CC2C(O)CC=C12,6.550891995429993
CC1(CC1)NC(=N)C#N,5.750885009765625
CC1C2CCC(=O)C12,6.029190897941589
CN1CC11CC(=O)C1O,5.543674945831299
COC1(C)CN2CCC12,8.033050775527954
CC1(CO1)C(=N)OC=O,6.534937262535095
CC1C(=O)CC11CCO1,5.836103081703186
CC12CC1C1CC2(C)O1,8.638149976730347
C1C2OC1C=CCC=C2,6.499226450920105
C1COCCC1CC#N,8.102855682373047
CC1(O)C2CC1N1CC21,8.172794461250305
O=C1NCC2(CC12)C#C,6.970693826675415
CC(C)(O)C1(CO)CN1,8.350269675254822
CNC(=O)C1(CC1)O,7.142255783081055
CN1CC(C#N)C1CO,6.991414189338684
CC1OCCC2COC12,8.551721811294556
CCC(O)CC(=O)C#N,5.270426392555237
OC12C3CC4CC1C4C23,8.439574360847473
O=C1CC2C(O1)C1CN21,6.953513860702515
OC1=COC(=N1)C1CO1,6.101599335670471
CCC12CC(C1)(C2)C#N,8.610973119735718
CC1C2CC1(C)C21CN1,8.504446268081665
CCC12CN1CCC2=O,5.653395771980286
COC(N)=NC(C)C#C,7.074009537696838
CC(=O)C1(C)CCCO1,5.933011054992676
COC(=O)C(N)C1CN1,6.734700918197632
CC(CC(C)=O)N1CC1,5.9849642515182495
CC1C2CC(=O)C12CO,6.083296895027161
CCCC#CC1NC1C,7.4124685525894165
CC12C=CC34CN(C13)C24,5.587224960327148
O=C1NCCCC11CO1,6.991750597953796
CC(CC(C)=O)C(N)=O,6.009446382522583
CC(=O)C1OCCC1O,5.93280303478241
CC1CC=CC=CC1=O,4.736019551753998
CC(C)c1c(cco1)N,5.99224328994751
OC12COC(C1)OCC2,8.685353994369507
Cn1cc(nn1)CCO,6.681881785392761
CC1C2CC1COC2,8.771164178848267
CCC1=CCCC12CC2,6.7110066413879395
CCC12CCC1C(C)C2,9.181913614273071
C1C2OCC3OCOC123,8.289509534835815
O=CC12CC3C1N3C=N2,5.495826363563538
C1CC1C1CCC11CO1,9.0782470703125
C1N2CC3CC12CCO3,8.243704676628113
O=C1OC2CC3CC1C23,7.39391815662384
CC12CC3C(C13)C(=O)O2,7.246737003326416
CC1(C)C2OC2C1=NO,6.705860614776611
CNC(=O)C1CCC=C1,6.669393062591553
CC(CCC1CO1)C#N,8.44896399974823
OCC1C2CCC1C=C2,6.903476238250732
CC1N2C3C1=CCC23C,5.212303400039673
OC1(CC2OC2C1)C#N,7.85183310508728
C1CC23CC=CC2C1O3,6.658053159713745
CC12COC1C(=O)CC2,5.725329041481018
COC1(C)C=CC2NC12,6.52660596370697
CC1CC(CO)=CC1O,6.905456185340881
CC12CC1(O)C1C(O)C21,7.653327584266663
CC12CC3CC3(O)C1O2,8.577935576438904
CCC(CC)C(O)C#C,8.132782816886902
CC(O)C1OCC(C)O1,8.83631682395935
CCC(=O)C1CCC=C1,5.991039752960205
CCC(COC)C(C)=O,6.3034428358078
CC(=O)Oc1ccco1,5.887361288070679
CC1C2C3OCC1C23O,8.12703013420105
CCC12CC1(C)C(C)C2,8.873656630516052
OCCC1(CN1)C#C,7.574888110160828
CN1C2C3NC2(C#N)C13,6.5740402936935425
N=C1NC=CCNC1=O,4.9981566071510315
c1c(onc1N)C(=N)N,5.145346403121948
CC1(CC1OC=O)C=O,6.025810718536377
O=C1CC2COCC2O1,7.320278167724609
CC1OCC2C(O)C2O1,8.529908299446106
N=COC1C2CC2C1=O,5.990183234214783
O=CC1C2C3CC2N1C3,5.667081117630005
OCC1C2C3N2C1C3=O,6.120034098625183
CC1CCOCCC1O,8.525128483772278
OC1COC2C3CC12C3,8.386529207229614
COC1=NNC=CC1=N,4.79785031080246
C1OC1C1=CCC2NC12,6.298773765563965
CC12CC3CC4C1C2N34,8.263984084129333
CCc1cnc(o1)N,6.172502279281616
Cc1c(n(nn1)C=O)N,5.010462462902069
COC1C2C(O)C2C1O,8.062464714050293
CC12C3CN1C(C=O)C23,5.669539928436279
CC12CCC(O)C1N2,8.361075520515442
CC1=CC23CCC2C1O3,6.17520272731781
N#CCOC1CCCO1,8.206199645996094
CC1(O)CNC1CC#N,7.467628836631775
CC12CC=CC1(N2)C#C,6.225784182548523
CNc1cc(on1)C#N,5.083510339260101
OC1CC(=N)OC11CC1,7.569937825202942
C1C2OC3COC(C3)C12,8.350849390029907
CC12CN1C(=O)NC2=N,6.543602466583252
CC1(O)CC11CCOC1,8.395609021186829
NC(=O)CC1NC1C#C,7.0533764362335205
C1C(=C(CO1)N)C=O,5.001248836517334
CC#CCN=C(CO)N,7.0042564868927
O=CC1CC(=O)C11CC1,5.65726912021637
OC1COCCC1C#N,7.743220686912537
c1c[nH]c(c1O)CC=O,5.222979545593262
OC1C(O)C11NCC1O,7.681694746017456
CN1C2CCC1(C)C2=O,5.9082372188568115
C1OC2CCN=COC12,7.174768924713135
CN1C(CCO)C1C#N,7.0592979192733765
COCC#CC(C)OC,7.514339923858643
OC1C2CC(C2)C1C#C,8.085642218589783
OCC(CCC#C)C=O,6.10827898979187
OCC12CC=CCC1N2,6.817697525024414
OCC(O)C1C2CCN12,7.931529641151428
CCC1CC(CO1)=NO,6.749681830406189
CN1C2CCC2OC1=O,7.935706615447998
CC1(CO)CN1CC#N,7.394480466842651
C1CC2CCCOC2C1,8.599161148071289
O=C1CNC2CC(C2)O1,6.721709370613098
C#CCOC1CN2CC12,7.193467140197754
c1c([nH]c(c1O)N)CO,5.998868346214294
CC1C2C(C)C(C#C)N12,7.17386531829834
C1CNc2c1c(no2)N,5.977020502090454
CC1(CC(C1)C#C)C=O,6.048542022705078
c1c(cnc(n1)N)C=O,4.3643224239349365
C1C2CC3C4OCC12C34,8.370627641677856
Cc1c(cnn1C)O,6.321151375770569
CC1C2CC(C3CO3)N12,8.37837815284729
CCOC(=NC)C(C)O,7.371582627296448
CC1CCC2NC12CO,8.268854975700378
Cc1c(ocn1)OC,6.264073967933655
OCC12CC1(O)CCO2,7.981799006462097
OC1C(CC=O)C1C#C,6.068444490432739
CC(=N)OCC1CO1,7.680761456489563
C#CC(CC1CO1)C#C,7.9902104139328
C1C=Cc2c1onc2N,5.321186780929565
COC1C=CC2C1N2C,6.171462059020996
CC1(O)CN=C(N)C1=O,4.636140286922455
CC1(C)CC2OCCC12,8.549468755722046
CC1CC1C(O)CC#C,8.191768765449524
CCOC1CCC1CC,8.83830463886261
OCC1=CCN2CC12,6.239750504493713
C1OCC2OC2CC=C1,6.944672465324402
c1c([nH]c(n1)O)CC=O,5.374794244766235
[O-]C(=O)C1CC2(CC2)[NH2+]1,7.184272408485413
CC1(O)C(NC1=N)C=O,5.710019826889038
O=CC1C2OC1C2C#C,5.746448278427124
CC12CCC(OC1)O2,9.037891745567322
CC12CC(=O)N1C2C#N,6.417440414428711
N=C1CN=C2C=CCN12,5.2464271783828735
C1C(CO1)(C(=O)C#N)O,4.981436312198639
C(CC(=N)NC=O)C=O,5.857202649116516
C#Cc1cc[nH]c1CO,5.7445443868637085
CCc1cn[nH]c1C#C,6.001330256462097
CC#CC1N=COC1=O,6.252755522727966
C#CC1CC2OCC1O2,8.088605999946594
COC1C2C3C1C2N3C,7.994821548461914
CN1CC1(C)COC=O,6.676755666732788
CC1CN1CCOC=O,7.026121735572815
C1Cc2nc(nn2C1)O,6.630524158477783
CC(C#N)C(CO)C#N,7.929134726524353
CC(=O)C1CN(C1)C=O,5.783268213272095
CC12OC1(C#C)C1CC21,6.894794225692749
CC12CC3C1(O)CC23O,8.173292875289917
CCCC(=O)OCC#N,7.622848033905029
COCC1C2CC(=O)N12,6.879333972930908
OC1CN2CCOCC12,7.8909748792648315
O=CC12CC1CN1CC21,5.85103452205658
ON=C1C=CC2CC12O,5.317931294441223
C#CC1OC2CCOC12,7.326170325279236
CN=C1OCC=C1CO,5.763249516487122
CC([NH3+])C1CC1C([O-])=O,7.311225414276123
CC(OC=O)C1NC1C,7.231947064399719
CC1C=CCC1NC=O,6.893801689147949
OCC12CC(O1)C2=NO,6.765960097312927
CC1(C)C2CN2CC1=O,5.619351625442505
CC1CN1C1=CN=CO1,5.968857765197754
OC12CC1C=CC21CN1,6.338691473007202
CC12C(O)C1OC21CC1,8.122224926948547
CCC#CCC(C)C#C,7.832347989082336
CC1NC11COC2CC12,8.30705451965332
NC(=[NH2+])C1=CC(=O)O[CH-]1,4.770952343940735
CC1(O)CC2CC2(O)C1,8.463698506355286
CCCC1CC1NC=O,7.570404410362244
CC12CN3CC1(O)C23,7.811436176300049
CC1COC2COC2=N1,7.132161974906921
CCC1C2N1C(C)C2=O,5.852876424789429
CC1N2CC1(C2)OC=O,6.8130412101745605
N#CCC12CC3C1N3C2,7.4196107387542725
O=CNC1C=CC2NC12,6.400555491447449
OC1(CC2CC1C2)C#N,8.117579221725464
O=C1NC2C3C2N2C3C12,6.03508198261261
O=C1CCCC2CC12,6.054408431053162
CC1CC2OC(C#C)C12,7.355487704277039
OC1C2CC3OCC13O2,7.974588394165039
CC1OCC(O1)C#N,8.076675415039062
C1C=C(CO1)NC(=O)N,6.187771201133728
c1coc(=O)n1CC#N,5.870652794837952
CC1(CCC=CC=C1)C,5.432488918304443
c1nc(c(o1)N=CN)O,5.126437187194824
CCC1(CC(C1)O)CC,8.880645275115967
CC1OCCC(=O)C1C,5.97218918800354
OC(C1CN1)C1CCO1,8.22224748134613
N#CC1CCC1N1CC1,7.312835454940796
CC1OC2CC(C2)O1,8.927211999893188
CC1CC(O)C1(O)CO,8.390458703041077
CC1NC1C(O)C(C)=O,6.053632140159607
CC1CC2(CC2O)C1O,8.365742802619934
N=C1NN=C2OCCN12,6.4991514682769775
C1OC11C2OC2C11CO1,8.097939848899841
CCC1CC(C1)C(C)O,9.013828039169312
CC#CCC1CC1(C)O,7.989145278930664
CC1=C2CC3CC(C1)C23,6.315493106842041
O=CNC1C2C3C1CN23,7.067727565765381
CCC12CCCC1(C)O2,8.848255395889282
CC12CC3C1C3(C2)C=O,5.961531639099121
NC(=O)C(O)CCC#C,7.376914024353027
OC1CCC2=C1NN=C2,6.628550052642822
CCC1OC2C3OC2C13,8.324340224266052
C1CC2(C1)CC(=O)OC2,7.5293731689453125
OC12CCCC11CC2O1,8.102840781211853
CC1OCOCCC=C1,6.85004997253418
CCC1(C)C2OC=NC12,7.107073545455933
O=CCC(CC#C)C=O,5.741236567497253
O=C1OC2CC3C2CC13,7.282299757003784
c1c2c(co1)CCCC2,6.281589150428772
CC12OC3CC1C3C2O,8.334455728530884
CCC1=CC(C)C(=O)N1,5.812750458717346
CCC(C#N)C(=O)OC,7.480072498321533
CC12OC1C(=O)NC=C2,5.608405351638794
CC(C)(C)C1CCOC1,8.676005363464355
COC=NC1C2CC1N2,7.014028429985046
O=C(NCC1CN1)C#C,6.058735609054565
NC1=C(N=CN1)C1CO1,5.930250763893127
OC1CC2(CN2)C1C=O,5.900047421455383
CN=C1C(O)CN1C=N,5.993242025375366
CN1C2C3OC2C13C#C,6.73005473613739
CC1C2(O)CC1(O)C2=O,6.549501895904541
OC12CCC1CC=CC2,7.230766177177429
CC(CC1CCO1)=NO,6.872952699661255
CC12CC1CCC1CC21,8.92894697189331
N1C2C=CC3OC2C13,6.15443754196167
OCC1=CC(O)C(O)C1,6.78821325302124
C1C2CC11OCCCC21,8.690675139427185
C#CC1CC2CCC2C1,8.37226116657257
N#CC1CCC=CCC1,7.072789192199707
OC1C2CC3C2C1C3=O,6.060252904891968
CC12CC3(O)C(O1)C23O,7.737735629081726
OC1(CC2CCC12)C=O,5.845016360282898
OCC1OC=NC11CC1,7.077470779418945
CC12OC3C(C13)C2CO,8.230286002159119
CN1C2CCC3(CO3)C12,8.194988489151001
CCCN=COCC#N,7.376493692398071
OCC1C(C#N)C2CN12,7.26183295249939
CC1NC(C)C(=O)C=C1,4.978178799152374
CC(O)C1=CNC(=O)O1,6.418705105781555
COC1(CO)CC1C#N,7.780556797981262
CNC(=O)OCCC#C,7.936577796936035
CC12OC(C=C1)C2C#N,6.403779625892639
C1OCC2OC3C1OC23,8.139585494995117
CC12CC(N1)(C#N)C2N,7.070311069488525
OC12CC(C1)(C2)N1CC1,8.205516695976257
CN1Cc2c(nc[nH]2)C1,6.417576551437378
CN=C1CC(CC#C)O1,7.4912766218185425
C1OC1C1OC2CCC12,8.600941181182861
CC(O)C#CC(N)=O,6.377079248428345
CC1=C(O)OC(=N)C=C1,4.4961278438568115
OCC1CC(=O)C1C#N,5.9635878801345825
CC1(COC(=N)C1)C#N,7.752169609069824
CC12C3CC1CCC2C3,9.244341135025024
OC1C=CC2(OC12)C#N,6.3044774532318115
CN1CC11C2C3CC1C23,8.357518315315247
C1CC1CCCOC=O,7.604712247848511
C1C23COCC12C1NC31,8.12985908985138
CC(C#N)(C#N)C1CC1,8.141230940818787
COC(C#C)C(N)=O,7.1321234703063965
CCC1(CCC1)CCO,9.164543151855469
O=C1NC(=O)C2CC2O1,6.757720232009888
CC1(COC1=N)NC=O,6.835136771202087
CC1OC(C#C)C11CC1,7.440826177597046
OCCCC1(CO1)C#N,7.982216715812683
ON=C1CC2CCC12,6.75956130027771
C1NC1C12CCC1CO2,8.203533053398132
COCC1(O)CCOC1,8.527558445930481
OCC1COCC(=O)C1,5.941720247268677
COC1C2C1C1CCC21,8.523700475692749
OCC(O)(C#N)C1CO1,7.5723206996917725
CCC1OC2CCOC12,8.645855903625488
OCC1C(O)C11CCO1,8.025643229484558
COC12CC1(C)CC2=O,5.936728000640869
CN(C)C1=NCC(=O)N1,6.2637715339660645
CC1CCC(CC1)C#N,9.019566178321838
O=C1C2C3C2C2C3CC12,5.845454931259155
CCC(C)C12CC1CC2,8.989959836006165
CC1=CC(O)C(CO)C1,6.917611479759216
OC1CC2NC2C(O)C1,8.24106216430664
O=C1COC(=O)N2CC12,5.793506026268005
CC1OC(=N)C1CCO,7.769143342971802
O=C1NC(C#C)C11CN1,6.706887483596802
CCC1C2C(=O)OC12C,7.429487586021423
C1C2OC3C=CC2OC13,6.430424451828003
CCC1CN(C1)CC=O,5.630003213882446
N=C1OCCNC11CC1,6.943478226661682
Cc1cc(c([nH]1)O)O,6.148876070976257
C(CC=O)CNCC#N,6.104877829551697
CCC1C[NH2+]C1C([O-])=O,7.233143448829651
CNC(C=O)C#CC#N,5.17408812046051
N=C1OCC11CN=CO1,6.676717162132263
C1CC2C3C=CC(O1)C23,6.516775846481323
CC12C3OC(C13)C2CO,8.149689078330994
O=CCC(CC#C)C#N,6.05711030960083
CC(O)C1OC(=N)C1C,7.756712555885315
CCC(=O)C1CN1C,5.7058868408203125
O=CC1(OCC=C1)C#N,5.676878452301025
OC1C2CC3CN=C1N23,6.253944039344788
C1CC23CC(C2)CCC13,9.403970003128052
OC(C#C)C1(CO1)C#C,7.359870910644531
N=C1NC(=O)CC1C=O,5.6301796436309814
C#CC1=CNC(=O)NC1,5.657501816749573
CC12CC3N=COC1C23,7.047175168991089
CC12CC3CN4C1C2C34,8.137667655944824
CC(C#C)C1=NON=N1,6.245740294456482
[O-]C(=O)C(NC=[NH2+])C#C,6.244681000709534
CC1=CC2COC2(C)C1,6.863952875137329
CC12CNC1C(O2)C#N,6.792053461074829
CC1OCC2(OC12)C#N,7.529972434043884
CC1CC2=NON=C2O1,6.170248508453369
CCC12NC1C1(C)OC21,7.9464592933654785
CC1C2C3C=CC1(O)C23,6.268389940261841
CC1(CNC1=[NH2+])C([O-])=O,6.564291477203369
CC1=CC2(CO)CC1O2,6.482617497444153
C1OC23CC4C(C2)OC134,7.706511974334717
Cc1coc(n1)C2CC2,6.299233913421631
CCCOCC(=O)C#N,5.241512894630432
Cc1ccc(=O)oc1C,4.718892395496368
OC1C2[NH2+]C1C2C([O-])=O,7.083984613418579
CC1(C)CC2NC12C=O,5.816203474998474
CCCC(=O)C1CCC1,6.178569436073303
CCC1C(C)COC1=O,7.53696882724762
OCC1C2CC2CC1O,8.481068015098572
c1ccc2c(c1)CCO2,5.727281093597412
N=C1OC=CN=C1C=O,4.30908876657486
CC1COC(=N1)N1CC1,7.163438677787781
N=C1OC=CC=NC1=N,4.44105339050293
CC(O)(C#N)C1COC1,7.659883141517639
CCC(=O)NCC1CC1,7.492340564727783
CC1CC=C2CC=CC12,6.4599738121032715
N#CC1CCCC1C#N,8.237141847610474
O=C[C-]1[NH2+]CC=CC1=O,4.713789165019989
CC12CC1(NC=N2)C#N,6.4138665199279785
CC(=O)C1C2CC1CC2,6.267378091812134
CC1CC(=O)C(=N)N1C,4.735030889511108
Cc1cc(c([nH]1)OC)N,6.074427843093872
CCC1OC11CNC1=O,6.975379109382629
CC(=O)CC1OCC1O,6.137590408325195
CC1CC2(O)CC12C#C,7.474470734596252
NC(=[NH2+])C1=COC(=N)[N-]1,4.592130362987518
CCC(=O)C(=O)C(=O)C,3.9774386286735535
Cc1cn(cc1N)C=O,5.1117671728134155
CC(O)C12CC(O1)C=C2,6.57405412197113
OC1CN2CC3(CO3)C12,8.003218173980713
CC1(O)C2OC2C1CO,8.530507683753967
NC(=O)C1CC(C1)=NO,6.4648497104644775
CC1OCC(C=O)=C1C,5.125814437866211
CN(CC(=O)OC)C=O,6.683326840400696
CC1CC(=O)C(O)C1O,5.956117033958435
COc1cc(c([nH]1)O)O,6.195482969284058
O=C1COC2CC1C2,5.764520525932312
C1CN(C(=O)N1)CC=O,5.817747116088867
O=C1CCC2OCC=C12,5.022706627845764
COC1(CC=O)CC1O,6.015300631523132
CC1(C)C2C(CN12)C=O,5.689738988876343
CCCC(CC)CC#C,8.643575310707092
CC12OC3CC1CC3O2,8.808287978172302
CC#CCN=C(C=O)N,4.714708089828491
COC=NCC1CC1,7.306968688964844
C1CCC(=CC1)CC#N,7.025208234786987
O=CC12CC3N=CN1C23,5.481820821762085
OC1CC[NH2+]C1C([O-])=O,7.220663666725159
O=C1C2CC3CN1C23,6.512402772903442
CC1CC2CC(=O)C12,5.9725648164749146
CCC1C(C)C2CC12C,8.935592770576477
O=C1CC23COC2CC13,5.8137006759643555
O=CC1OC2(CC12)C#C,5.7455679178237915
OC1C2CC3(O)C2CC13,8.608562469482422
C1OC11COC11CCC1,8.329986929893494
CC1C2CC2N1C=O,6.904920816421509
CCC1C=CC2(C)NC12,6.59372079372406
C1CC1CCC(=O)C#N,5.447724223136902
C1C2OC3=NOC=C3C12,6.148796796798706
N=C1CCC(O1)C1CC1,7.734061002731323
C1CCOC(OC1)C=O,6.078733444213867
CC(C)(C(=O)C1CC1)O,6.089968204498291
O=CC12C3CC1COC23,5.969792723655701
CCC1CC(OC)C1O,8.480522990226746
OCC12CC3OCC1C23,8.32717478275299
CC1CC2(CCC2C)O1,8.439102292060852
CC1C(=O)C2OC2C1=O,5.079538822174072
CCC(C1CO1)N1CC1,8.608478546142578
COC1CCC11CC1,8.770910024642944
CN1CC1C1=NOC=N1,6.098279595375061
N=COC1C2CCC12,7.57523238658905
C1CC2OC2C=CCO1,6.734849452972412
CC1OC1C1CN=CO1,7.3129342794418335
CC1C(CO)CC2CN12,8.01935064792633
CCc1cc(oc1)C#N,5.793467879295349
CCN(C)C(=O)C#C,6.0866663455963135
CC1C(C)C2=CC=CN12,6.428362727165222
CC12CCC3C1OC23,8.656578660011292
C1CC12COC(=O)C2=O,4.854619562625885
CC1COC2CC=CC12,7.041220545768738
C1C2C3OC4C3N2CC14,7.873666882514954
OC1C=CC(O)C11CN1,6.457531571388245
N#CC1CC(O1)C1CC1,7.792979836463928
CC1(CO)C2COCC12,8.311055541038513
CC1(N=CN2CC12)C#N,6.487022519111633
NC(=O)CN1CC1C#N,6.827237486839294
OC1C2OC1(C=C2)C#C,6.220629453659058
O=CC1OCC(O1)C#N,5.967546343803406
CC1OC2C(CC12)C#N,7.76559841632843
CC1COC(=O)CCO1,7.201136350631714
CC(O)C(C)(C#N)C#N,7.978681683540344
CC1=C(C)C(CC1)C=O,5.831067323684692
C1CC11C2OC1C21CC1,8.326753616333008
CCC1(CO)COC1C,8.345329999923706
O=C1NC2C1CCC2=O,5.880123257637024
CC1C2NC1(C#N)C2C,7.112929940223694
CC1CC2NC2C1O,8.316597819328308
c1cc([nH]c1N2CC2)O,6.213804364204407
[NH3+]CC(O)[C-](C#N)C#N,6.642949223518372
C1C2CC3CCC(O3)C12,8.44465446472168
[O-]C(=O)C1[NH2+]C2CC1C2,7.218317866325378
CCc1cc(c[nH]1)C#N,5.912316799163818
N=C1OCC2OC12C#C,6.935989737510681
c1c2c([nH]n1)N=COC2,5.497323393821716
CCCC1(O)CCC1O,8.460450768470764
COC12CN3CC1C23,8.033586978912354
CCN=c1cnonc1,4.644367516040802
CC1(C)NC1C(=O)C#C,5.174129962921143
ON=C1C2CCC1CC2,6.728666305541992
C#CC1CCC2CC2O1,7.837289571762085
OC1C(O)C(C#C)C1O,7.372969746589661
CC12CC1OC(=O)N2,8.24276852607727
OCC12CC(CC1)O2,8.550509691238403
CN1C2CC1C(=O)C2,5.628534197807312
OC1CNC11COC1=O,6.827582478523254
CC1CN2C=CC=C2C1,6.537351727485657
N#CC12CCNC1CO2,6.932507634162903
Cc1cc(cnc1O)N,5.211279392242432
COC(C)(C=O)C1CN1,5.791348934173584
OC(C#C)C1CCOC1,7.768039107322693
CC(C#N)(C#N)C1CO1,7.813280940055847
CC(OCC#N)C1CC1,8.038096070289612
CCC12CC1C(C)C2O,8.49246370792389
CC1(OCC11CO1)C#N,7.391261100769043
CC1OC2C(O)C2(C)O1,8.250783324241638
O=CCCC1CN1C=O,5.884923815727234
[NH3+]CCC1=NOC=C1[O-],5.741201400756836
CCC12COC(CO1)C2,8.717271208763123
CC1=CCNC(=N)C1=O,4.447353839874268
CC1(COC1)C(=O)NC,7.239742040634155
CC1CC2OCC1C2=O,5.745837688446045
c1c2c(n[nH]1)CCCC2,6.777123689651489
N#CC1CC2(CO2)CO1,7.939722418785095
N=C1OC2C(C3CO3)C12,7.153761625289917
[NH3+]C12CC(C1)(C2)C([O-])=O,7.179711580276489
NC1(C#C)C2OC(=N)C12,6.837395071983337
CC1C2C3CN2C13C#C,6.973301649093628
CC(O)(C#N)C(O)C#C,7.635655760765076
O=C1CC2NC1C2C#C,5.857986807823181
CC#CC1CC2OC12C,7.673739314079285
COC1C(=O)C2CC12C,5.889598846435547
CC1C2(CO2)CC1(C)O,8.66356074810028
OC12CC(OC1)C2C#C,7.488646984100342
CC1OC1C1=CON=C1,6.505631327629089
OC1(CC1)C#CC1CN1,7.120291352272034
CC(=O)C1(CC1)OC=N,6.037434458732605
CC1C2C(O)C=CC12O,6.400336265563965
CC1C2C3C2C2(C)C3N12,8.04509699344635
CC1OC=NC2CC1C2,7.155896782875061
N#CCC(C#N)C1CN1,7.496400833129883
OC1CN2C=CC(O)=C12,6.125935673713684
CC(C#C)C1=NON=C1,6.717697978019714
O=CCC1CCN2CC12,5.862527370452881
CC1(CCOCO1)C#C,7.797517657279968
COCC(C#N)(C#N)N,7.350275039672852
CN1C2C3OC2C(=O)C13,5.552850246429443
O=C1CCC2CC12C#N,5.971514105796814
CCC1(OC)C(C)C1C,8.629778504371643
Cn1cc(cn1)NC=O,5.793761253356934
CC1CC11OC(=N)C1O,7.518001437187195
NC(=O)C1OC1C1CC1,7.211642622947693
CC1(CC1)C1CC1CO,8.832475662231445
O=C1OCC2C=CCN12,6.405526399612427
CC1=CC2(C)CC3C1C23,5.962988018989563
OC1CC2C3CC3C12O,8.147023439407349
CC1=C(CCC1)NC=O,6.01820707321167
CCCC(C#N)C1CN1,7.705508232116699
c1c2c(co1)NC=NC2,5.321941137313843
CC(=O)C12NC1CC2O,5.915297627449036
CC1CCC1(O)CC#N,8.26756739616394
CC12CC1(CO)C(=N)O2,7.367581605911255
OC1CC(C2CO2)C1=O,5.834998250007629
ON=C1CC2(CCO2)C1,6.600139021873474
CC1C(O)C1OC1CC1,8.234598755836487
C#CC12COC1C=CC2,6.6000683307647705
Cc1cnc(cn1)NC,5.0130802392959595
CC(O)C12NC1C1NC21,7.3472747802734375
CC12CC3C(C1)C3O2,8.739977836608887
CC1OCCOC(=N)O1,8.048890113830566
C1C2CN1C1=CNC=C21,5.895779967308044
N=COC(=O)NCC#N,6.942139029502869
CCCC12CC3C1CC23,9.320379376411438
CC1CC2C3C(CN23)O1,8.190414190292358
C1COCOCC1=NO,6.704480767250061
CC12CC(O1)C(C)(O)C2,8.462786316871643
OCC12CC1C(C2)C#N,7.911042332649231
CC1C(=O)OC1(C)C,7.662037491798401
C1COC(OC1)CC=O,6.144821286201477
CC1COC2=C1C=NO2,6.206421732902527
N=COC1OCCC=C1,6.842262864112854
C1OC1C12CC1CO2,8.427105903625488
OC(C#C)C(O)C1CC1,7.891614675521851
Cc1ncnn1C(=O)N,5.935163378715515
C(C=O)OC(C#N)C#N,6.30302357673645
C#CC(=O)C1CCCC1,5.425413966178894
OCC#CC1CCOC1,7.446064591407776
N=C1COC(CO1)C#C,7.271975874900818
COC12C3CC1(O)CC23,8.257287979125977
CC1C2C1C1C(O)CC21,8.305937767028809
CC(C)C1CCOC=N1,7.304785490036011
N#CC1C2NCCNC12,7.177668571472168
N#CC12COC1CCO2,7.35426664352417
C1CC1C1C2COCC12,8.622645020484924
OCC12COC1CN2,7.9583059549331665
OC1C2NC(=O)C(=O)C12,4.699952185153961
CC1CC1(C)OC(N)=O,8.361889243125916
COCCNC(=N)C=O,4.758469641208649
CC1=C2CC3C(C1)C23C,5.515772104263306
CC1CC(=O)OC11CC1,7.52265739440918
CC1(CC#CC#N)CN1,6.244867563247681
CC1NC(C#N)C11CO1,7.40979528427124
c1c[nH]cc(c1=NO)O,4.6521865129470825
CC1CC1([NH3+])CC([O-])=O,7.312907695770264
C(C1CN1)C1=CNC=N1,6.745106935501099
CC1(O)C(O)CCC1=O,5.911250829696655
CCC(O)CN=COC,7.241746664047241
CC1CC2=C(N1)OC=N2,5.964590787887573
CC(C)C12CC3C1CN23,8.361640214920044
CC12CC=CC1CC2O,6.874745965003967
O=C1OC=NCC2CC12,6.443825006484985
OC1C2(O)C3CC1(O)C23,8.074263453483582
O=C1C2C3C4OC1C4N23,5.644169449806213
CC1C2C1C(O)C2O,8.238580703735352
CC12CNC1(C)C(=O)O2,6.774918913841248
C1C2C3CCCOC1C23,8.432767510414124
CC1CC(C)C2(CC2)C1,9.222504138946533
CN=C1OC(C)OC1=N,6.129457592964172
CC12OC=NC1C2CO,6.943216800689697
CC1(CC2CC1C2)C=O,6.136971712112427
CC1(O)CC11OCC1=O,5.824424505233765
CCNC1(COC1)C=O,5.51375949382782
C1C2CCOC3CC3C12,8.415185451507568
CC1C2C3C=C(C)C1N23,5.761574864387512
CC1CC2(CN2)C(C)=C1,6.690829038619995
CCN=C(C#N)OCC,6.216162800788879
O=C1NC2CC1C1NC21,6.907996773719788
CCC12CC(C1)C(C)C2,9.657359957695007
c1nc(c2n1CCO2)N,6.122482776641846
O=COC1CC(C1)C=O,6.110928654670715
CC1=C(C)C(=N)OC1,6.0753196477890015
O=CCC1C2CC1O2,5.9431164264678955
CC1CC23CC4C2C1C34,9.042191505432129
c1c(nc([nH]1)CO)C=O,5.0298672914505005
CC12OC3C4C(OC13)C24,8.01821255683899
COC1(CO)C(C)C1O,8.193185329437256
O=C1CCOC2COC12,5.621767044067383
C1COCC2(CO1)CO2,8.824427604675293
CC1C=CC(O)C1=NO,6.406712293624878
CC1(CO)OC1(C)C#C,7.6349369287490845
CC12CCC(C1)OC=N2,7.28253436088562
OC1CCC(C=O)=CC1,5.227424740791321
CC1(C)CC2OC2C1,9.238385081291199
CC1C2CC3(COC3)C12,8.57952606678009
CC1C2CC(C2O)C1=O,6.178787112236023
CCCCC1CC2CC12,9.22998821735382
CC1CC1OCCC=O,6.128699064254761
COC1C2CC2C1C=O,5.975101590156555
OC12CC3(NC1C23)C=O,5.757503151893616
C1CC(C1)C(=O)CC#N,6.148841142654419
COCC(C)(CO)C#N,8.003154516220093
CC#CC1C2CC1(C)C2,8.049887776374817
CCNC(C=O)C#CC,5.660242080688477
CCC1(C#C)C(O)C1O,7.510592103004456
COC12CN(C)C1C2C,7.790377736091614
N#CCN1C2CCCC12,7.160717248916626
CN1C(=N)CN=C1C#C,5.503873229026794
COC=NC(C)C#CC,7.264662504196167
c1c2c(no1)C=CCO2,5.105287075042725
C1COCC12CC(=O)C2,5.948206424713135
OC1C(=O)C2CN2C1=O,5.095053970813751
CN(C)C(=O)NCC#N,7.477618217468262
CC#CC(=NO)C(C)O,5.775723338127136
COCc1cc(oc1)N,6.062910676002502
O=C1CC23CC(C2)C3O1,7.433027625083923
CC1OC2COC=NC12,7.16071343421936
CCCN1C2C3NC2C13,7.750034689903259
C1CC1CCOC=O,7.649494528770447
CN1N=NC(C)=CC1=O,4.736171066761017
CCC#CCC(O)C=O,6.004323363304138
CC1CC(C1)C(=O)CO,6.128333330154419
NC1C(OC1=N)C1CN1,7.126672863960266
CC1=CC2(O)CC1C2=O,6.254470229148865
ON=C1C2CC(O)C1N2,6.531608700752258
O=CC1=CC2COC1C2,5.031399607658386
CC1C(C)N1CC(C)=O,5.907793879508972
OC12CC1(O)C(C2)C=O,5.914724946022034
NC(C#C)C(CO)C#N,7.565828561782837
OC12CN3C4CC(C14)C23,8.003400087356567
OCC1CCOC1C#N,7.658177614212036
CC1CC1CC(O)C#C,7.9606544971466064
OC1C=CCC11CCC1,6.942929744720459
CC1CCC=C1C1CO1,6.740945339202881
OC1CNC2=C1N=CN2,5.932287216186523
c1[nH]c(c(n1)O)N2CC2,6.167706251144409
CC1NC1(C)C1CO1,8.71854305267334
Cc1[nH]c(cn1)OC=O,5.990193128585815
CC1(C)C(O)C=CC1O,7.00260329246521
COC1C2NC2CC1=O,5.656832337379456
C1C2C1C13COC1C2C3,8.658633708953857
CC12C3CC1N3C2C=O,5.600787043571472
OC12CC1C1NC21C#N,6.734042406082153
CC1N2CC1(C)OCC2,7.946405291557312
CCC1=NC(C)C(=O)N1,6.30672550201416
CCCCC1OCC=C1,6.921303987503052
CC(=O)C1CC2CCC12,6.101504683494568
CCC(=O)C1COC1C,6.0409252643585205
O=CC(CC1CN1)C#N,5.915134429931641
OC1C2CC1C2CC#N,8.325207114219666
C#CC12CN1C1CCC21,6.985992074012756
Cc1cnoc1C2CC2,6.436381936073303
CC1CC2OC12CCO,8.788117527961731
CCC12C(C)C3C1CN23,8.345597863197327
CCC1=C(C)CCC1C,6.906438589096069
OC12CC1N(C=N)C2=O,6.019931316375732
OCC1(O)C2C3CC1N23,8.02911376953125
N#CC12C3NCC1OC23,6.798531651496887
CC1CC(C)(O)C(=O)N1,7.265794277191162
CC12NC1C(O)C1OC21,8.098506689071655
CC12COC1C2(C)C=O,5.921104788780212
C1C(CO1)OCC(=O)N,7.248740911483765
OC12CC1C1C2N1C=O,6.6555280685424805
CC1(O)C2N3CC3C12O,7.494569182395935
C1CC1C2CC(=O)C2,6.084220051765442
O=C1OCC2(CN2)C1=O,4.712228059768677
NC(C#N)C1C2CC1C2,7.961793065071106
CN1C2CC(O)C12C#N,6.989817380905151
CCC1(C)OC2C(C)C12,8.398685455322266
C1COC(=N1)CN2CC2,6.983549118041992
CCC(C)(C)C1(CC1)O,8.687436699867249
CCCC12OC1C1CC21,8.437908411026001
CC1C(O)C(C#C)C1O,7.793660283088684
OC12CC1C1(CO1)CC2,8.64733374118805
CC1C2N1C(=O)OC2=N,6.854660987854004
CC1OC2C1CCC2=O,5.773475289344788
CC1C2COC2C1C=O,5.806985020637512
CC12C3CCC1CCC23,9.01579463481903
CC(=O)C1CC(O)C1,6.228029012680054
CC12CC(=O)C1C1CC21,5.908345937728882
CC12OC3(C)CC1C23C,8.373503684997559
CN1C2C3CC(C3)C12C,8.18291985988617
Cc1c(non1)N(C)C,5.910128712654114
CC1OC2C1CC2=NO,6.533591389656067
CCC#Cc1c[nH]cn1,5.969744563102722
CC1N2CC1(C2)C1CO1,8.33525800704956
CC(=N)OCCC=O,6.2165257930755615
C#CC1OCC2COC12,7.376978278160095
O=C1CCC2CC(C2)O1,7.387679576873779
CN=C1NCC1(O)C=O,5.356849908828735
OC1C=CC2CC=CC12,6.544135332107544
CN1C2CC(C)(CO)C12,7.790950536727905
Cc1c(c[nH]c1CO)O,6.155968070030212
C1CC23CC(CC=C2)C13,6.790522813796997
C1CC1C(C=O)C=O,5.641293048858643
OCC1=CNC(=N)C=N1,4.613920211791992
CC1CC2CC12C=O,6.040357351303101
CC1C(C#C)C1C1CO1,7.8708027601242065
CC1=C2CCC2OC1=O,6.074643135070801
NC(=O)C1CC(C1)C=O,5.922310948371887
O=C1OCC2C1C1CN21,6.753943562507629
CC1(COC1)N(C)C=O,7.214065432548523
CC(O)C1CN=C(C)O1,7.368184328079224
O=CN1C2CC3(CC3)C12,6.735043168067932
CN1CCOC(CO)C1,8.127973437309265
ON=C1C2OC2C11CO1,6.399187803268433
NC(=[NH2+])[C-]1N=COC1=O,4.666657030582428
CC(O)C1=COC=N1,6.666165232658386
C1C23CCOC12COC3,8.207387566566467
CC12CN3C(C13)C21CO1,8.415503978729248
CC1CC2CC3C2OC13,8.57897174358368
Cc1[nH]cc(c(=O)n1)N,4.9797890186309814
CC(CC1CCO1)C=O,6.065739989280701
C(C1CO1)N1C=CC=C1,6.627825736999512
OC1(CCC=C1)C1CN1,6.705710053443909
N=COCC(C#C)C#N,7.5213271379470825
CCC(C1CC1)C(N)=O,7.498860716819763
CC1=C([O-])OC(C[NH3+])=C1,5.46477997303009
C(C1CO1)C12CCC1N2,8.616981506347656
CN=CN1C2CC1C2=O,5.786301136016846
CC1CC2CC1(C2)C=O,6.120326280593872
Cc1nc(no1)C(C)C,6.977702379226685
CCOC1(COC1)CO,8.545212984085083
Cc1c(c(n[nH]1)O)C=O,5.015584230422974
O=C1CCC2NC2CN1,7.219453811645508
CC(CC#C)C1(C)CO1,8.402878165245056
CC1CC2CC2C1(C)O,8.677027821540833
ON=C1C2CC2OC1=O,5.620359420776367
CC#CC1=NCC(C)O1,6.090502858161926
CC(=O)C(=O)OC1CC1,4.839735448360443
N=C1NC2C3OC12C=C3,5.786725759506226
CC1(O)C(O)C1CCO,8.295525908470154
N=C1OCC2CC2C=C1,5.542074203491211
CCC12CC3CC1(O)C23,8.225865483283997
C(N=C1CCO1)C1CN1,7.152682542800903
CC12OC3=NCC1C23O,6.279659032821655
CN(C)C(=O)COC=O,6.807051420211792
CC1CN1C(=O)C1CN1,6.702649116516113
CC(O)C1=CC=NO1,6.712474942207336
CC12CC1(C)C(C2)C=O,5.957974791526794
OC(CCCC#N)C#C,7.906417727470398
CC12CCC(O)C1C2O,8.326210737228394
CCC1CC=CC=CC1,5.595364093780518
OC1(C=O)C2C3CN3C12,5.643059134483337
CC1C2C1C1(C)CC2C1,9.229791760444641
CCC1OC(=NC)C1O,7.354308128356934
CC1OC2CC2(O)C1C,8.295693159103394
COC12CC3(C)C1OC23,8.218328952789307
CC(=O)CCCNC=O,6.197556853294373
CC12OC1C1CC2C1=O,6.143371939659119
CC12CC(C1)C1(CC1)O2,8.680932641029358
CCOC1CC2C(C)C12,8.669866681098938
CC1C=CC(=O)C1C#C,5.086039185523987
CCC1CC(C=C1)C#C,7.067423582077026
O=CC1C2CC1C1OC21,6.138828754425049
C[NH+]1CCC1C([O-])=O,6.908854722976685
O=CC(=O)NCC1CO1,4.763854622840881
CC1=C2CC3OC(C1)C23,6.1464619636535645
CC(=O)CC(=O)CC#N,5.727567911148071
CC1=C(O)N=COC1=N,4.734626591205597
CC1CCC(O)C1C=O,6.099315047264099
CCC(O)CC1CCC1,8.978551864624023
N=C1CC2(CCO2)CO1,7.5333298444747925
CC1C2CC=CCC1O2,7.013988137245178
OCC12CC1C1COC21,8.186362266540527
CCCc1cc(n[nH]1)C,6.979700922966003
NC1=NCC2COC1O2,6.8735679388046265
C#CC(=NO)CC1CC1,5.707113981246948
CN=C1CC2(CC2C)O1,7.379196524620056
CCc1c(onn1)C,6.17284369468689
CC(C)(C#C)C(O)C#N,7.831858158111572
O=CCC(C#C)C1CN1,6.068319916725159
N=C1OC2CC1C2C#C,7.363272190093994
CC1OC1(C#N)C1CO1,7.626595854759216
CCOC1(C)C2CC1C2,9.079979538917542
CC1C(NC1=O)C(N)=O,6.60012423992157
C1CC(=O)CCOC1,6.078556060791016
C1COC(=N1)C#CCO,6.077300071716309
CCC1N2CC3C2C13C,8.204827308654785
OCC#CC12CN1CC2,7.033041596412659
CC1=CC=CCC(=O)C1,5.132944583892822
CCC(O)C1CC1C=O,6.123050212860107
COC=NC12CN(C1)C2,6.992045044898987
OCC12CC1CCC2,8.898021936416626
CC12OC1C1OCOC21,8.116299510002136
CC1=CN(C=O)C(=N)O1,5.144710540771484
CC(=O)C(C#C)C(N)=O,5.685518503189087
Cc1cnn2c1CC=C2,5.458090543746948
CC1COC1C1(C)CN1,8.349733233451843
C1CC1CN=CNC=O,6.196224093437195
CC1C2CCC12C(N)=O,7.303820371627808
CC1COC(=O)C1(C)C,7.522343873977661
C1CC23CC4C(C12)N4C3,8.423513770103455
CCC(=NO)CC#CC,6.874968647956848
C#CC(=O)CCCCO,5.39938485622406
CC1CC11CC(O)C1=O,5.917213678359985
CNC1=C(N=NO1)C#C,4.729133367538452
COC(C)(C)C1CCO1,8.668995261192322
NC(C#N)C1(O)CC1O,7.34459924697876
OCC12CCC1C2C#C,7.750646233558655
COCC12CN1C(=O)C2,6.954382300376892
C1OCC2OC1C1OC21,8.428336143493652
O=CNC(CC#C)C#N,7.203272819519043
CC1C2CCOC(=O)N12,7.639110684394836
O=CC1COC(C1)C=O,5.64435350894928
CN1CC11C=CNC1=O,5.5538893938064575
C1CC2CC1COCO2,8.931187391281128
O=C1CC2NC2CN1,7.244220614433289
COC(=O)C(C)(N)C#C,6.915364861488342
CC1C=CC2OCC12C,6.758104681968689
OC1(CCOC1)C1CN1,8.237610101699829
COC(=O)c1[nH]ccn1,5.889036417007446
CCOC1CC2OC2C1,8.991914510726929
OC1COC2CCC12O,8.201469659805298
CC1CC(CO)OC1C,8.597321033477783
OC12CC3C(C1)C3CC2,8.86390745639801
CCCC1(CO)OC1C,8.958976864814758
CC1(C#N)C(O)C1O,7.509813070297241
CC1=CCC2(C)OCC12,6.862743973731995
OC1COC2=CON=C12,6.041825771331787
CC1C2CC(O)CCN12,7.902266502380371
CC#CCC12CCC1N2,7.579761385917664
OCC1CC2CC(O)C12,8.559834122657776
CN=C1OC2(CC12)C#N,6.816234588623047
N=C1OCC1C1CCO1,7.5478785037994385
OC1C2OC3COC3C12,8.113290786743164
OC1CN2CC3NC3C12,7.7349419593811035
CC(C1CO1)C1(O)CC1,8.8056001663208
O=CCC12CC3C1OC23,5.880479693412781
C1CC2CC3OC(C2)C13,8.608404517173767
O=C1CC(NC=C1)C#N,5.080030798912048
CC1(O)CCOCC1=O,5.741485118865967
COCc1c(c[nH]n1)N,6.180281281471252
C1CC1OCCCC=O,6.188982725143433
CC1(C)C2CC1C2(C)O,8.767834067344666
CC1(CC#N)CCOC1,7.993205189704895
CC(=O)C1CC(CO)C1,6.242236614227295
N=C1OCCCC2OC12,7.331418991088867
N#CC1CC2CC2CO1,7.992482304573059
CCC(C)(C#N)C(C)=O,6.1838990449905396
CC1CC2(C)CC3C1C23,8.9909588098526
CCC1C=CC(C)C1O,7.076068043708801
CC1N=COCC1(C)O,7.234218955039978
NC1(C=CCC1O)C#N,6.583488821983337
CCOCC(CC)C#N,8.311485767364502
CN=C1OCC1C(C)C,7.4938578605651855
COC(C)(C#N)C#CC,7.373287916183472
CC1C2CCC2NC1=O,7.355685234069824
COc1c(cco1)N,6.079843282699585
C1C2OC2C2=C1NC=N2,6.321312069892883
CC1OC11C2C3CC1C23,8.792025327682495
CN(CC#N)C1COC1,6.895193576812744
NC12CC(OC1)C2C#N,7.441181063652039
CC12CC(C1)C=C2CO,6.519099712371826
CN=C(NCC#N)OC,6.941202759742737
COC1C(O)CC11CC1,8.375396132469177
CC12CN1C1CC2(C)C1,8.505674004554749
O=CC1C2C3N=CN1C23,5.433068513870239
OC12C3CN(C13)C21CC1,7.918099522590637
CC1CC11CC2CN2C1,8.339727759361267
CC1(CC1)N(C=N)C=O,6.191556334495544
OC12C3CC1OC23C=O,5.7454705238342285
CC1C=CCCC1(C)C,7.191117644309998
C1C2C3COC1CN23,8.277212858200073
CCC1OC1C1CC1O,8.704011917114258
CC(CO)(CO)C1CC1,8.738407373428345
CC(O)COC(=N)C#C,6.4585407972335815
CCC1OC1(C=O)C#N,5.935481071472168
CC1(O)CC2(O)CC12,8.380339741706848
OCC1(CN1)C(=O)C#N,5.065344572067261
COC(C)(C#N)C(N)=N,6.891846537590027
CN1CCc2c1[nH]cc2,6.031609058380127
CC(CC(C)=NO)C#C,7.00444483757019
CC1CC2CC2C(C)=C1,6.818596363067627
COC1CC11CC2CC12,8.602318048477173
CCCCC1=CCCC1,7.094997763633728
c1c(c(c([nH]1)O)N)CO,6.035971522331238
COC(=O)C(C)C#N,7.460478782653809
OC1C2OC3C(O)C1C23,7.928089261054993
CC(C)(C)C1(CCC1)O,8.65487551689148
O=C1CC2CC3OCC123,5.7605836391448975
O=C1CC2(O1)C1CC2O1,7.165788173675537
CC12CCC1COC2=N,7.736244559288025
CC(O)C12COCC1O2,8.677418828010559
CC12CC(C1)(CC2)C=O,6.114969611167908
C1C2C1N1CC3OC2C13,7.898892045021057
CC(C1CN1)C(C)=O,6.170427441596985
CCc1cocnc1=O,4.996126890182495
CC1(CO)CCC=C1,7.186752557754517
O=CC12NC1CC21CO1,5.874427437782288
COC(CO)C#CC=O,5.489590167999268
O=C1OC2CC1CC=C2,6.601196885108948
CC1C2OC1(C=O)C2C,5.652089238166809
OCC12CCC1(CO)N2,8.118550181388855
O=CCC1OC1C1CN1,6.024428963661194
Cc1c(c(no1)N)C=O,4.761494517326355
CCC(O)COCC#N,7.939675331115723
CC12CC3C1C2(O)C3=O,6.487830400466919
CC1(C)NCC(O)C1=O,5.7865142822265625
CCC(=N)NC(=O)C=O,4.631122708320618
C1CC11C2C3CC1CC23,8.936580061912537
CC1(C#C)C2OC(=N)C12,7.11759352684021
CC1CC=CC(C1)C#C,7.102017045021057
CCCC12CC=CC1O2,6.815256237983704
CN1CC11CC(C)(O)C1,8.039149045944214
CCC(CO)N(C)C=O,7.278056383132935
CCc1c(ocn1)N,5.9893810749053955
Cc1c[nH]nc1C2CC2,6.74973452091217
N=COCC1COC1=N,7.100100755691528
CC1OCC23CC(O2)C13,8.358072757720947
CCc1ccoc1CO,6.3125410079956055
CN=C1ON=CC(N)=N1,4.4801910519599915
C1NC11C2C3N2CC=C13,4.766583979129791
COC(=O)C1CC(C)C1,7.510112166404724
CC(O)C1=CC=C(N)O1,5.923812747001648
C1CN1c2c(nn[nH]2)O,6.057164430618286
COCCc1ccno1,6.726123213768005
OC1(C#N)C2NC1C2=O,6.192463397979736
CC1(CC([O-])=O)C[NH2+]1,7.326909422874451
COCCC1CC1C#N,8.18290650844574
ON=C1C=CC2CC12,5.296662211418152
O=C1NC2CC2C2CN12,7.303405165672302
O=CC1=CC2C3CN2C13,4.781819462776184
Cc1ccn(c1)C=O,5.3491456508636475
CC1COC(CO1)C#C,7.649924993515015
Cc1c(nc([nH]1)OC)C,6.449636340141296
CC#CC(C)(O)C=O,5.793482184410095
CCC(=O)C12CN1CC2,5.6991190910339355
CCC1C2CC2C1CO,8.866741061210632
CC1C2COC(O2)C1O,8.60720181465149
CC1CC2(C)CC1C2O,8.763197422027588
OC12CC3C4CN(C14)C23,7.973053932189941
c1c(cnc(n1)C=O)N,4.23927241563797
c1cnoc1CC2CC2,6.684053182601929
OCC12C3CC1(O)CC23,8.287672758102417
Cc1c(nn(n1)C)C#C,5.883657217025757
COC12CN3C1CC23C,8.13775634765625
N=C1OCC=C1CC=O,5.5412150621414185
CC1CC2C1=CCC2=O,5.806536674499512
CC(C)(C#N)C(=O)C=O,4.154200851917267
CC12CC(O)(C1)CC2=O,6.237228274345398
C1C2C3C4C5C(C2N15)N34,7.410733699798584
CC12COC1C=CC2O,6.628214597702026
OC1=CNC=C1OC=N,5.513448596000671
Cc1coc2c1CC=C2,5.272595643997192
OC1=C(OC=N1)C1CO1,6.055275201797485
CCCC1NC1CC#N,7.743100166320801
NC1=NC2C(O)C2CO1,7.146429777145386
CC[NH+](C)CCC([O-])=O,7.01009202003479
CC1OC1C(=O)N1CC1,6.777432560920715
CC1OC1C1CCCC1,9.200004935264587
CC12CC(=O)C1C2CO,6.106355547904968
CC12CC1(COC2)C#N,7.667594075202942
CC1OCOC1C(N)=O,7.276611685752869
CCC1=NCC(C)O1,7.358522534370422
CCC1NCC(=O)C=C1,5.0361451506614685
CC1C2CN2C1CC=O,5.8430763483047485
OCCCC12CC1CO2,8.354080557823181
C#Cc1cc([nH]c1O)N,5.445319414138794
OC12CCOC1C2C=O,5.8354575634002686
O=C1CC2(N1)C1CC2C1,7.360242009162903
CC1CC1N1C=CN=C1,6.63920271396637
CC1(C)C2COC1C2O,8.24880051612854
OC1CC23CC(C2)CC13,8.908481121063232
CC(C)C12CC(O)(C1)C2,8.901770949363708
COC1COC1(C)C=O,5.741162180900574
CC1=CC2NC2(C1)C#N,6.237781047821045
CC1C(O)C=CC2CN12,6.390926361083984
CC(C)(C#CC=O)O,5.487768888473511
CC(=O)C1(CC1)OC,6.070841550827026
C1C2CC1N=COCO2,7.082701563835144
CC1C(C)C1(C)CC#C,8.204721927642822
COCC1CC2C(C)N12,8.146698117256165
O=CC12CC(CO1)CO2,5.897622227668762
O=CC12CC1C(=O)NC2,5.875590920448303
O=C1CC(N=CN1)C#C,6.133172512054443
CC12CC(CO1)C=CC2,7.0098689794540405
O=COC1C2CC(=O)C12,6.024242401123047
CC#CC(O)CN1CC1,7.297458648681641
CC1OCC11CC2OC12,8.528180122375488
O=C1C2CC1(CC#N)O2,6.238768219947815
CC1(C)CC2C(C=O)N12,5.697213649749756
CC1C2N3CC2(CO)C13,7.972714424133301
CC(CC#C)C(=O)C=O,4.233630180358887
CCCOC(C=O)C#C,5.919020056724548
C1C2CC3CCC3=CC12,6.6622843742370605
COC1C(O)CC11CN1,8.219560742378235
OC12CCC(OC1)C=C2,6.70845901966095
CC1CC=CC(=O)N1,5.713039994239807
CC1OC1C(=O)CC=O,5.580271124839783
CCC1COCC11CO1,8.859422445297241
CC1=C(C)C(CO)CC1,6.902692794799805
C#CCC#CC1COC1,7.483258128166199
CCN1CC(C=O)C1=O,5.707497954368591
OC12CC=C3CCC1C23,5.94050133228302
CC1CC2OC2C1O,8.843846082687378
O=C1CCOC2CC12,5.929120302200317
CC1OCC2OC3C2C13,8.309049606323242
C#CCc1c(onn1)N,5.48486602306366
CCCC(OC)C#C,8.09042775630951
CCN=c1[nH]cc(o1)N,5.861334562301636
CC1=CC(=O)OC2CC12,5.930055499076843
CC1=CC2(CC1N2)C=O,5.581387042999268
[NH3+]CC1=C([O-])C(O)=CO1,5.115521311759949
CC(O)CCNCC#N,7.4594433307647705
CCN=COCCC#N,7.396770596504211
O=C1C2CCC1OCC2,5.70563805103302
CC(=O)C1(C)CCC1O,6.077449321746826
C1CC23OC=NC2C3O1,6.8219757080078125
O=C1CC(CCC#C)O1,7.605223655700684
OCC12C3C1N1C3CC21,7.949404716491699
C1OC2OCC1C=C2,6.788559913635254
CC12CC3C(N13)C2=O,6.299862623214722
O=CC1OC2CC1C=C2,5.854791641235352
CC1C(O)C=CC11CC1,6.644726514816284
CC12CCC3CC1(O)C23,8.397828578948975
O=CC1CC=CC2NC12,5.993445634841919
CCC1OCC1(C)OC,8.622734904289246
OC1=C2CCN2C(=N)O1,6.074107646942139
CNc1cccc(c1)N,5.405205011367798
CN1C2C(O)C1C2C=O,5.4005738496780396
C1C2COC3CC2C13,8.706422328948975
CN1CC(NC=O)C1=O,6.614535927772522
CC(C)C(C)(CO)C#N,8.474708199501038
CC1COC(=O)C=C1,6.054751873016357
OCC12C3C4NC1C4N23,7.671827793121338
CCC1CCC(=O)C1,6.077777862548828
CNc1cc(c[nH]1)C#N,5.507229924201965
COC12CC1NC2C#C,7.16188645362854
CN1C2CC(CCO)C12,7.8839579820632935
C1CN1C1=NCC2NC12,6.248138666152954
NC=[NH+]CC(=N[O-])C#N,5.290499448776245
CC12CC(C1)CC2(C)O,8.907389402389526
OC1C2CC1N=COC2,7.070214152336121
CC#CC(=O)N(C)C=O,5.487446546554565
C#CC12CCCC1CO2,7.609382271766663
c1c[nH]c2c1NCCN2,5.770564079284668
Cc1c(c(co1)N)C#N,5.398568272590637
OC12C3C1C1CC2CC31,8.51460087299347
CC1C2C3C4OC4C2N13,8.183119654655457
CCC(C)(CC#C)OC,8.25234830379486
Cc1ccnn1C(C)C,7.01130211353302
CC(OC=N)(C=O)C=O,5.558123230934143
CC1OC2C(C)OC12,8.424633741378784
CC(C=O)C(C#C)C#C,6.015417695045471
CCc1ccc(o1)C#C,5.636215925216675
CC1C2CC3CC2C13O,8.823905348777771
CC(O)(C#N)C(N)C#N,7.651434540748596
O=C(OCC1CN1)C#N,6.297057867050171
CC1CC2(C)OC2(C)C1,8.856183886528015
C1CCC(=NO)C=CC1,5.381653308868408
COc1ncc(=O)[nH]n1,4.822988033294678
Cn1c2c(cn1)CCN2,6.049291133880615
CC1(CO)CCC1=NO,6.696042060852051
CC(C)(C)OC(=O)CN,7.320006489753723
OC12C3NC3C1NC2=O,6.680177569389343
N#CC1C2NCC3C2N13,7.090767025947571
O=C1OC23CC12CC=C3,6.130602240562439
CCC12CCC1OC2=O,7.50855028629303
CC1COC(C)C11CO1,8.88088583946228
CC(C)C(C#N)C(C)=O,6.236040472984314
CC1C2N=CN3C2C13C,6.349161624908447
C(CCO)CNCC#N,7.474673390388489
CC1NCC1(C#C)C#N,6.977850556373596
O=C(C#N)C1COC=N1,5.259439826011658
[O-]C(=O)CC1=[NH+]CCN1,6.256266236305237
O1C2C3C=CC4C1C2C34,6.157704830169678
CN1CCCCNC1=O,7.7493990659713745
CC(O)C1COC=N1,7.265568971633911
OC1CC1C12CC(C1)C2,8.95388412475586
CC(=NO)C(C=O)C#C,5.69287633895874
CCC1(CC1)C(=O)NC,7.389953374862671
OC1C2CC3N2C13C#N,7.067275166511536
C1C2CN=C3OCOC123,6.874923825263977
[O-]C(=O)C1CC2(C[NH2+]2)C1,7.221505641937256
OC(C#C)C(=N)N1CC1,6.719918251037598
CCC1(NCC1=O)C#N,5.788236618041992
CC1C(C=O)C1(C)C#C,5.899927616119385
OC1CC(CC1O)C#N,7.979222536087036
CC12C3C1C1C3C3C2N13,7.791985511779785
C1CC23CC4OC2C4C13,8.418114304542542
COC1C2CC(=O)C1N2,5.728686213493347
OCC12C3NC1COC23,8.027036786079407
C(C1OC2CC12)N1CC1,8.355592966079712
CC(=O)OC1(C)CC1O,7.461168885231018
c1c[nH]c2c1c(n[nH]2)O,5.796485185623169
CC1C=CCOC1=N,6.904572010040283
OCCN1C2CC2C1=O,6.917232632637024
C1COC(O1)C2COC2,8.855109691619873
CC1(CC1)c2cnn[nH]2,6.747167706489563
COC(=O)C1(CC1)C#C,7.192600727081299
CC1(C)OC2CCC1C2,8.632136464118958
CC1OC(C)C2(C)NC12,8.314703702926636
CC12CCC1(CO)CC2,8.85457444190979
C1C2C3CN=COC2C13,7.211404204368591
COCC12CN(C1)C2C,8.175249099731445
CC(=O)C1(COC1)NC,5.590916752815247
CCC1(CC)NC1C#N,7.45910370349884
CC12CCC1NC2C#N,7.074556469917297
OCCC1CC2CN12,8.293315768241882
OC12C=CCC11CC2C1,6.414579749107361
C1CC1CC(=O)CC#N,6.322740435600281
CC(O)C1OCC11CO1,8.567887306213379
COCC#CC(O)C=O,5.81236207485199
CC1CC23CC12N=CO3,6.709845423698425
CC(=O)CC(=O)C(=N)N,4.723777949810028
CCC1C=CC2C(C)C12,6.711638450622559
CC12CC1COC=NC2,7.089364528656006
CC1CC(C#C)N2CC12,7.439876079559326
O=CC1=CNC2CCC12,5.077651500701904
CC1(CO)CCC11CC1,8.809203863143921
CC1CC=CC(O)C1,7.137588381767273
OC12C3NC1CC(=O)C23,5.926376461982727
NC1(CC1O)C#CC#N,6.025310158729553
CCC(C)(O)C(N)C#N,7.877785921096802
c1c(c(c([nH]1)N)CO)O,6.016449809074402
CCCc1cnoc1N,6.130207777023315
COC1CCNC1C#N,7.1821147203445435
CC1OC=NCC1C=O,5.8386441469192505
c1c(cnc(c1N)O)N,5.125992774963379
CCC12NC1CC2C=O,5.898807644844055
C1C2CC34COC23C1C4,7.913133382797241
O=CCOC12CC1OC2,5.963734269142151
OC1C=CC2(O)COC12,6.567887902259827
COC1C2CC(C2)C1O,8.572790384292603
O=COCC1COC=N1,6.9284762144088745
CCc1c(con1)N,6.067655920982361
C(C1CO1)C1=NNC=C1,7.146610260009766
CCc1c(cno1)CO,6.558814764022827
NC1=CC(=N)N=C(O)O1,5.426044940948486
C#CC1OC2C3OC3C12,7.188213586807251
CN1CC1COC(N)=O,7.740887403488159
Cc1c(c[nH]c1CO)N,5.957046151161194
O=C1NCCC11CCO1,6.997962117195129
COC1CC2(C)CC1O2,8.681717991828918
CC12CN1CC(C2)C#N,7.3975220918655396
CC1(CO)CCNC1=O,7.352334141731262
NC(C#N)C1CC1CO,7.717362403869629
CC1(CCCOC=N1)C,7.158723950386047
CC(=N)N(C)C(=O)C=O,4.6045732498168945
CC1(O)CC11CC2CN12,8.099704265594482
NC(=O)N1C=CCC1=N,5.889948487281799
COC1C([NH3+])C1C([O-])=O,7.103691220283508
C1NC1C1=NCCO1,7.041809320449829
OCCC(C#C)C1CN1,7.7869569063186646
OC1C2CCOC1CO2,8.369872808456421
CNc1cc(co1)OC,5.984356760978699
CCn1c(ccn1)O,6.631525754928589
CC1=CCC(=O)N1C=N,5.4151411056518555
C(C1CO1)C1CC=CC1,7.227627277374268
CC1(CC1)COC2CC2,8.84517788887024
C1CC1(C=O)C2(CC2)O,6.095154404640198
OC1CCCC2(CC2)C1,8.86445426940918
C1C(CN1C=O)NC=O,6.603311777114868
C1CC11N=C2NC3C2C13,5.693922400474548
CCC1CC=CC(O)C1,7.0889551639556885
CC1(OCC1O)C1CO1,8.534263730049133
CC1=NC(OC=N)=CO1,5.9317827224731445
C1CC11COCC2OC12,8.711663126945496
C1CC23COCC2(C1)N3,8.281174063682556
OCC(=O)N1CC1C=O,5.7206199169158936
CCOC(C)CCC=O,6.222622394561768
COCC1OC2(C)CC12,8.40893805027008
CC1=CC2NC2COC1,6.548861622810364
c1cocc1OCCO,6.282108426094055
CC12OC3CC1C2C3,8.672403931617737
C1C=CC2(O1)CC(=O)C2,5.872291564941406
CCCN(C=O)C=O,6.210213541984558
OCC1(C=O)C2CC1O2,5.716208338737488
COC1C2COCC1N2,8.166199803352356
OC1CC(=O)CC2CC12,6.104754686355591
O=CC12CC3C(C1)C3C2,6.111792325973511
O=C1C2C=CC1C21CC1,5.925584435462952
CC12CC3CC1C1C2N31,8.382782340049744
O=CC1CC2OC1C2=O,5.581053853034973
C#CCNc1ccon1,5.973565340042114
OCC(CC=O)C1CN1,6.135694980621338
CN1C=NC(C#C)C1=O,6.013034224510193
CC#CC12CC1C(=O)N2,6.685176610946655
CC12CC3C(OC1)C23,8.639981985092163
OC1CCC(=C1)C1CO1,6.633820056915283
CCC1C2CC=CC1O2,6.780996084213257
OCC1(CC1O)NC=O,7.295421123504639
CC12CC3N1C3(CO)C2,8.267049074172974
OC(CC#C)(C=O)C#N,5.924965023994446
OC12CC34CC=C(C13)C24,5.311318516731262
CN=c1ccnc(o1)N,4.849332630634308
CCC12CC1C(O2)C#C,7.341020584106445
C1C=Cc2c(nno2)N1,4.4537564516067505
O=C1CC2NC3C2OC13,5.492742538452148
C(C#CC=O)OC(=O)N,5.760925650596619
CC(=O)OCC#CC#N,6.493326187133789
CC1C2OC(=N)C1C2C,7.652770280838013
NC1C2OC1(C=C2)C#N,6.191528797149658
CCOC(=N)C(O)C#N,7.393146872520447
CCC1CC2(C)CCC12,9.312464356422424
CC1CC2(C1)CC(=O)O2,7.5945810079574585
OC1C2COC(C2)C1=O,5.724994421005249
CCC12CN1CC21CO1,8.425532221794128
C1OC1C12CC1COC2,8.681328535079956
C1C(CO1)C2COC2,8.593553185462952
N#CC1C2NC1C1CC21,7.440520286560059
OC12C=CCC3CC1C23,6.384762525558472
CC1CCCC=CCO1,6.948691368103027
O=C1C2OC3C=CN1C23,5.47966468334198
CC1CC2OC2(C)C1,9.141376495361328
CCOCC1(COC1)O,8.459739565849304
CCc1c(n[nH]n1)CO,6.796719312667847
CC(C)CC1C2CCC12,9.183237075805664
CC(=O)N(C)C(=O)C,6.101233005523682
CNC(=O)C12CC1OC2,7.055973768234253
COC(=O)CC1(CC1)O,7.273926734924316
O=C1CCCN2CC12,5.592396974563599
CCC1CC(C#C)C1C,8.26201856136322
CC12CC3CN1C3C2O,8.046117901802063
CC(C)C(=O)C1(CC1)C,6.182478547096252
CCC1=CCC(CO)C1,7.06479012966156
CN=C1OC(C)C11CC1,7.25827157497406
CC1(C)CN2CC1(O)C2,8.013666272163391
CC(=NO)c1cnc[nH]1,5.3757792711257935
CC1OC2C3CCC2C13,8.727091431617737
CC1OC2CCC1C2=O,5.810003638267517
C1CNc2c1onc2O,5.96319842338562
C#CCc1cc(n[nH]1)N,6.1475090980529785
C#CCC1COCCO1,7.98695433139801
N=C1CC2NC2CCO1,7.1560786962509155
O=COC12CC1CC=C2,6.47982132434845
C1CN=COCCC#C1,6.878186106681824
CC12C3N1C1CC3=CC21,4.188887059688568
OC1CCC=C(C1)C#C,5.813002586364746
CC(=N)OC1=NON=C1,6.19084906578064
O=C1CCC2(CN2)C1,5.989007949829102
CC1OCC2C(C#N)C12,7.799516558647156
OC12CC1C(=O)COC2,5.733451843261719
O=CC12CN(C1)CC=C2,5.4168031215667725
CCC(CC=O)C#CC,6.02060067653656
CC1=C(C=O)C(=N)OC1,5.076666831970215
COCCC1OCC=C1,6.937877297401428
c1c[nH]cc1NC2CC2,6.141412854194641
OC1C2C3NC3C(O)C12,7.903695702552795
CC1OC2CN3C1C23C,8.260502219200134
CC([NH3+])C1=CN=C([O-])O1,5.751007795333862
CC1CCNC(=N)C1=O,4.906592607498169
CCC1C(=O)OC1(C)C,7.601233243942261
CCc1cc(co1)C=O,5.154722094535828
O=C1CC2(CO2)C2NC12,5.7634031772613525
CC1(O)C2CC3CC1C23,8.61712908744812
CC1C2OC(=N)C(=O)C12,5.202098846435547
Cc1conc(c1=O)O,4.92287290096283
CC12CC1(CO)N1CC21,7.915537238121033
CCOC1(C)CN=CO1,7.351454973220825
CC12CN1CC2(C)C#N,7.2270424365997314
CCCOCC(=N)OC,7.592932462692261
c1coc(n1)CCO,6.635116815567017
CCC(N1CC1)C(N)=O,6.987093567848206
NC(=O)C(CO)CC#C,7.251176476478577
COC1C2CC(O)CC12,8.454831600189209
CC12CCC(C=C1)C2=O,5.875579833984375
CC1COC(=O)C(=N)O1,6.009066939353943
OCCC12C3CC1CN23,8.24362564086914
CC(C)(C)n1cccn1,7.110353589057922
CC1OC1(C)C(C)=NO,6.743372440338135
OC1CC2COC1C2O,8.23510754108429
O=CCCC1CN=CO1,5.992154240608215
CN1C2C(C1=O)C2(C)O,6.670246481895447
C1N=CN2C3C4NC3C124,5.9295995235443115
COC1C2CC2C=C1C,6.579275488853455
CC#CC1C(O)C1O,7.34781289100647
OC1CC=C(C1)C1CC1,6.7977374792099
COC1CC1C(C)C#N,8.161733746528625
CC1COC11COC1=N,7.261547923088074
CCC12OC3C(C13)C2O,8.026832938194275
CC1CC2CC(O2)C1=O,5.75346040725708
O=CCCC1CC2CC12,6.190964460372925
CC(O)C(O)C(N)C#N,7.694967746734619
CC(CO)(C#C)C1CO1,8.094955325126648
CCC1OC2CC(=O)C12,5.87492036819458
OCC1C(OC1=O)C#C,7.220852255821228
O=CC1=NC2CC(C2)N1,4.491462826728821
OCCC1C2CC1O2,8.485902786254883
NC(=O)N1CC1C1CN1,7.605337381362915
OCC1(O)C2CC1C2=O,6.5095566511154175
OC1C2CC1C(O2)C=O,5.8237481117248535
Cc1c(ccn1C)C#N,5.845792531967163
COC1CN2CC2C1C,8.203344821929932
OC1C2CC1C1CC2O1,8.198201775550842
OCC(O)C1=NNC=C1,6.926384091377258
CC1C(O)C(O)C1C#C,7.786540865898132
CC1C2CC3(CCO3)C12,8.361827492713928
CC1C2N=COC12C=O,5.7645790576934814
CC12CC(O)C1OC2=O,7.4103022813797
CC(=O)NC(=N)C1CN1,6.142730355262756
CCc1[nH]cc(n1)OC,6.359679698944092
CN1C(C#N)C(N)C1=O,6.698663949966431
N#CC1CCC1C1CC1,8.644060254096985
CCC(NC=O)C1CC1,7.578034043312073
N=COC1=CNC(=O)N1,5.424280405044556
CC(C)OC1CC1C#C,7.996428370475769
OC1C2CC1(O)C1OC21,8.451992630958557
CCC1(CC#N)CO1,8.381044507026672
CCOC1(CC1C)C#C,7.496260166168213
O=CCC1CC2CC2O1,6.115272164344788
CCCC1CC(O1)C=O,5.903884530067444
COCc1c[nH]cc1N,6.168834090232849
CC1=C(C(=O)NC1)C#N,5.500368356704712
CC1COC2(C)CC2C1,8.533100962638855
CC1CC2(O)COC12C,8.241511940956116
CC1([NH3+])CC1C([O-])=O,7.260113954544067
CCC(=O)OC=NCC,6.676167011260986
COC1(CN2CC12)C#C,7.061111092567444
CC1C2C3C(O)C2(C)C13,8.713503956794739
CC(=O)CC1CC1C#C,6.258783578872681
O=C1CC2NC1CC2=O,5.471315264701843
C1C2OC=NC3COC123,6.92094624042511
Cc1coc2c1OCC2,6.059330582618713
COC1(CC=CC1)C#N,7.046008348464966
CC1CC11CCC1(C)C,8.986258149147034
Cc1cc([nH]c1C#N)N,5.587538123130798
CCC1(C)COC1=O,7.654762506484985
CC12CC3OCC1C23C,8.430495858192444
CC(C)CCC(O)C=O,6.169305205345154
CC1OCC(N)=C1C=O,5.004798471927643
CC1(CC#N)C2CC1O2,7.770817875862122
N=C1NC=NC1C1CO1,6.2390207052230835
CC1=CC2C(C1)C2(C)C,6.588668584823608
Cn1cc(cn1)CCO,6.86797022819519
OC12CCC3C1C=CC23,6.481755375862122
OCC1CC1(CO)C=O,6.028545141220093
C1OC2C1C1COCC21,8.20147454738617
CCN1CCNCC1=O,7.014939546585083
OC1C2CC1N2CC#N,7.223072052001953
OC(C#N)C1=CC=NO1,6.452501177787781
OC1C(CC#N)C1C=O,6.107318639755249
COC=NC1(C)CC1C,7.1906527280807495
COC12CC1CC2CO,8.472244620323181
CC(CC1NC1C)C#N,7.771019816398621
CCC(C=O)C1CO1,6.110791802406311
CCCCCC(C)C=O,6.1672526597976685
CC1C2C3N1C(=N)C23O,6.668835759162903
C1OC2CC1CCC=C2,6.793566346168518
Cc1cc(nc(=O)o1)O,5.346588373184204
COC1CC2OC1C2C,8.595976829528809
OC(C#C)C1COCO1,7.7560975551605225
C1CC1C(=NO)CCO,6.720708012580872
C(CN=C(C#N)N)C=O,5.443555593490601
CCC12CC(O1)C(O)C2,8.365652561187744
CC(N1CC1)C(=O)C#N,4.892225384712219
COCC1CC2(O)CC12,8.532037496566772
CC12CC3C4CC3N1C24,8.38220739364624
O=C1CCC11COCO1,5.63574492931366
CCC1=C(C)COC1=N,6.053400874137878
CCCC1(CN1)C=O,6.034972906112671
O=CC1C2OC2C11CN1,5.8907283544540405
CC#CC1C(C)C1(C)C,7.643093466758728
OC1C2CC11OC(=N)C21,7.261510848999023
OC1C=CCCC1C=O,5.961382865905762
C1OC2COCC22NC12,8.275922417640686
C#CC12CN1CC21CC1,6.9667617082595825
OC1CC11CCOC=N1,7.017724990844727
CC1CC2C3CCC3C12,9.137083411216736
COC=Nc1c[nH]cn1,5.592122793197632
CN1CC1C1CN1C=O,6.66303288936615
CNc1cc(on1)C#C,4.996002614498138
OCC1NC2C1OC2=N,7.028535008430481
C1OC23COC12C1NC31,7.941223621368408
CCC(O)C(O)C1CO1,8.754078984260559
c1c[nH]nc1CCC=O,6.016624212265015
C1OC11CCCN2CC12,8.394542574882507
CC1CC2CN2C(=O)C1,6.84307062625885
CC1OC(C)C1C#C,7.96143114566803
OC1CC11OCC1C=O,5.77863335609436
OC(C#N)C12CC(C1)C2,8.101405024528503
CC(=O)C(CO)CC=O,5.753745794296265
OC1CC2(C1)OC1CC21,8.235170602798462
CC1(CO)C(O)C2CN12,7.995645046234131
Cc1cc(on1)CCO,6.555135369300842
COC1C=C(C)C2NC12,6.423236966133118
OC(C#N)C1C2CC1O2,7.460379242897034
CCC1(CO1)C(=O)C=O,4.149172484874725
CNC(=O)C1CN1C=O,6.426827311515808
O=CCC12COC1CO2,5.7644020318984985
O=CC(=O)C12CC(C1)C2,4.459185004234314
CC1C2C=CCC(C)C12,6.885806441307068
CC1CC(O1)C(=O)C#C,5.14821195602417
CC1=CCN(C(=O)C1)C,6.576111674308777
CC#CC1=CCC(O)C1,5.7936506271362305
CC1OC(=N)NC1C#C,7.074660301208496
CCC1(CC(C)C1)C#C,8.204197406768799
CC12CC(OC=N1)C2=O,5.796879410743713
CC(=O)C12CC3C1CC23,6.351685643196106
CC(O)C1=C(N)N=CN1,6.145286917686462
CN=C1ON=CC(C)=N1,4.640124022960663
CC1OC2(CC2O)C1=O,5.871333479881287
CC12OC(=O)C1C2C#C,6.981752991676331
CCC1(C)OCC1OC,8.560137033462524
C1C2CCC3CCC3C12,9.117029070854187
CC1C=CC(C)(C)C1C,7.108094096183777
Cc1c(n(c(n1)O)C)O,6.313340425491333
O=C1C2CC3CC1OC23,5.720774292945862
O=C1NC2CCC3C2N13,7.263034224510193
OC1C=CCC2OC12,6.8129435777664185
CCC(C)C1CC1C=O,6.148992896080017
OCC(C=O)N1CCC1,5.641199707984924
C1C2CCOC1C=C2,6.840831279754639
CC1OC2C3NC3C2=C1,6.306028723716736
CC12C3C1C1(C)CC3N21,8.16837990283966
CC1OC2(CO)C(O)C12,8.004075646400452
CC12CN3CC(CC13)O2,8.110976219177246
CCC1(CCC1=O)C=O,5.582847476005554
CC(=O)C#CC1CCC1,5.454872250556946
CC1(C)C2CCC=CC12,6.726975321769714
CC1(C(N)C1[NH3+])C([O-])=O,7.153331637382507
CC(=O)OCC(=O)C#N,5.418795824050903
Cc1c(cnnc1N)O,5.368191480636597
OC(CCC#C)CC=O,6.171264886856079
CC1CC1C1CC(=O)C1,6.0617430210113525
N=CN1C=CCCC1=O,5.475212931632996
CNC(=O)C1(COC1)N,7.0278308391571045
CC1OC2COC2C=C1,6.806591868400574
CC(=NO)C(O)C1CC1,6.760303258895874
Cc1c(nco1)OC,6.189415335655212
CC1C2OC2C11COC1,8.443285465240479
C1C2CC3CC2C1OC3,8.621994256973267
CC12CC3N1C2C31CO1,8.485259056091309
C1C(CO1)C2(COC2)O,8.280714631080627
CC1=CC2C(O)C2(C)C1,6.496933460235596
OC(CC=O)CC1CC1,6.187601327896118
C1CN(C=C1)C(=O)C#N,5.512004733085632
CC12CC1COC(=O)N2,7.944670796394348
OC12CN(C1)C21CCC1,7.873105883598328
CC1C2CC(C)(C#N)C12,8.223029375076294
CC1CN2CC3(O)C1C23,7.852587580680847
CCC1CCC(O1)C#C,7.89504873752594
N=C1OCC2CC2C1=O,5.127180695533752
OCC1(CO1)C(O)C#C,7.617356061935425
OC1CC1COCC=O,6.134147644042969
CN1C(CC11CC1)C#N,6.993112325668335
CCCC1=CC(C)CC1,6.9478373527526855
OC1CC=C(C1)C#N,5.9874337911605835
c1c2n(cn1)CCC2=O,5.113434910774231
CC12CC3C4CC(C14)C23,9.230332255363464
N#CC1CC2N=COC12,7.1484761238098145
CC1CC2(O)C(C)OC12,8.288726091384888
c1c2c([nH]n1)C(=O)NC2,5.870063304901123
CC1CNC(=O)C(O)C1,7.293981909751892
CCC12C3C4C3C1(C)C24,8.13443636894226
CC1(C)OC11COC1=N,7.347021818161011
OC1CCC(=O)C1C#N,5.979842662811279
CC12CC(C1)C1(CC1)C2,9.388416409492493
N=C1CC2(CN2)C(=O)O1,6.503716945648193
CC#CC1CCC2NC12,7.592176914215088
CC(C)C(C)C1OC1C,9.153489232063293
CN1C(=N)OC=NC1=O,5.359826683998108
CC12NC(=N)OC1C2O,7.279167413711548
CC1(CO)CCC(=O)O1,7.507887959480286
CC1=CC(=O)CN2CC12,4.767919421195984
Cc1ccoc(=NC)c1,4.43252968788147
CC1COC(CO)=N1,7.273899793624878
CC1OC(C)C1OC=O,7.422118186950684
OC1CC2CC12N1CC1,8.156208038330078
O=CCC1=CC2CN2C1,5.580082416534424
CCCC1C2C3OC3C12,8.537799596786499
OCC1CC2(O)CC1C2,8.76781141757965
CCC1(CCC1)C(=O)C,6.12140691280365
CCN=C1OCC1C,7.47185218334198
O=CCN1C2C3CC3C12,5.7794564962387085
CC12CCC1CNC2=O,7.379590034484863
Cn1cnc2c1OCC2,6.265915513038635
ON=C1CCCC2CC12,6.718091368675232
N=COC1=NC=NC=C1,5.413320422172546
CNc1cc(no1)CO,5.96561336517334
CCC1=CC=NOC1=N,4.757276713848114
OC1CC2(COC2)C=C1,6.713121294975281
CC12C3C4CN(C14)C23C,7.9672006368637085
CC1CNC2=CON=C12,5.839851260185242
CC1C2C(C3CN23)C1=O,5.623439431190491
N#CC12NCC3C1CC23,7.095883131027222
CC12NC(C1C=O)C2=O,5.64629864692688
OC1CC2COC=NC12,7.181669592857361
C1NC1C1COCO1,8.74660074710846
CC(C)n1c(=O)[nH]cn1,6.431392431259155
O=C1CCC(O1)C1CC1,7.543202638626099
N=C1OC2C3CN3C2=C1,5.604344606399536
COCC1(C)NC1C=O,5.829975724220276
COc1coc(n1)C#C,5.3540191650390625
N#CC1CCCN=CO1,7.094036221504211
OCC#CC1C2CCC12,7.393391013145447
OCC1CC=C(C1)C#N,6.014075398445129
CC1OC1C(O)C#N,7.8782196044921875
CCc1cc(co1)N,5.966797351837158
CCC1C2N(C)C1C2=O,6.223373055458069
COCCCOCC=O,6.209806680679321
CC(=O)CC1NC1CO,6.267226457595825
COC1(C)C2NC2C1=O,5.683095097541809
NC(=O)CC1COC1=O,6.924520373344421
C1CC(O1)C1=NNC=C1,6.878913402557373
CC12CC(C)(O)C1O2,8.64724349975586
CCC1OC=NC1C=O,5.8559592962265015
OCC(O)C1(CN1)C#C,7.337406754493713
C1C2C3C4OCC3N1C24,8.14091956615448
COC1CC(C1)C1CO1,8.944820761680603
OCC12COC1C2C#N,7.433709740638733
COC1(CC1)C1CC1C,8.62906301021576
CC1(CC#C)COC1=N,7.6830302476882935
CCC1C=CC=CC=C1,5.102967321872711
COc1c([nH]nn1)C#C,5.577491044998169
CN1CCOCOC1=O,7.865093946456909
CC1C([NH3+])C1CC([O-])=O,7.2542407512664795
O=C1COC(CC#C)C1,5.963167786598206
c1c(ocnc1=O)CO,5.12870466709137
C1OC1C1=NCCCO1,7.162895560264587
CCC(C)(C)CC(=O)C,6.352825045585632
c1c(c[nH]c1CC=O)N,5.055425763130188
O=CCCC1COCO1,6.251898288726807
c1c(nno1)CCCO,6.364878535270691
CCC12CC(C1)C2C#N,8.705618977546692
CCn1cncc1C#N,5.966368198394775
O=C1CCCC2CC2C1,6.0782002210617065
C(CC(C=O)C=O)CO,5.678694128990173
CC1(CN(CC1=O)C)C,5.505448341369629
Cn1cnc2c1ocn2,5.732037544250488
CCN=C(CO)NC=O,6.0689510107040405
C1C(=O)CC1(C=O)C=O,5.659146547317505
CC12CC3C(C13)C(=N)O2,7.365734338760376
CC1(CN2CC12)OC=N,7.130619525909424
O=CC12NCC1CC2=O,5.400144457817078
C1CC(=O)C2(C1=O)CN2,5.179579675197601
CCc1cc2n(n1)CC2,6.874351978302002
CCC1NC1C(C)=NO,6.616564035415649
C1CC1C1CC2CCC12,9.267033100128174
CCC1=CCC(=O)C1,5.977738261222839
CC1C2C3C4C2C1(C)N34,8.27966058254242
OCC1CC(C#C)C1=O,5.829848051071167
CCC1(C)CC2CC12O,8.488486886024475
N=C(C#C)N1CC(=O)C1,5.068590044975281
COC(C)(CO)CC#C,8.058536887168884
OC1C2C3C4C1C2CN34,8.097119927406311
CC1C=CCC(O)C=C1,6.560529589653015
O=C1CCC2C1C1CN21,5.817889094352722
O=CC12CCC1OC2,5.775086164474487
CN=C1OC2C(CO)C12,6.994038820266724
Cc1c(nco1)CCO,6.442811965942383
CC1N2CC1(C#N)C2C,7.13853657245636
O=C1CC2C3NC3C2C1,6.011530518531799
OC1CC2CC(=O)C1N2,5.91199266910553
CC12CC3(CC3)C1CO2,8.488785147666931
CC(C)OC1(CC1)C#C,7.674223184585571
CCC(O)C1(CO1)C=O,5.885913014411926
c1coc(=O)c(c1N)N,4.48000705242157
ON=C1C2C3C2C1C3O,6.439932584762573
O=C1C2CC3(COC13)O2,5.666688799858093
CC12CC(C1)C(=O)NC2,7.2535916566848755
CC(CCC#N)CC=O,6.209246397018433
C1C2OC22COCCC12,8.695913553237915
CNC(C)(C#N)C1CO1,7.480996251106262
CC1(O)C2CCC1C=C2,6.796663284301758
Cc1cnc(o1)NC,6.059954047203064
OC1C(O)C1(C)C1CC1,8.230202913284302
C#CC(=O)CCC(=O)N,5.348862886428833
OC1CC11C(O)CC1=O,5.940750360488892
Cn1c2c(cn1)nco2,5.848894357681274
c1c[nH]c(=O)cc1C=O,4.463347852230072
CC1CC2=C(O1)C=CN2,6.160845398902893
C1OC2C3CC1COC23,8.338821649551392
OC1CCN(C=O)C1=N,6.283109188079834
CC1CC(O)C(C=O)=C1,5.127304315567017
CN1CC(C=O)C1C=O,5.134864568710327
CCOC1COC1C#C,7.436622500419617
CNCC(C=O)C#N,5.719590425491333
CCC(CC)C(=O)OC,7.5931077003479
CN1C2C3OC2(C#C)C13,6.661054372787476
CCC1C2C=CC(=O)C12,5.059054255485535
C1C2C3C2C2CC3OC12,8.508224606513977
CCC1CNC(=O)C1=O,4.701515197753906
CC1(CCC11CO1)C#N,8.007508039474487
CC12C3N1CC2CC3=O,5.765980362892151
CC1CCOC2CC1C2,8.585027813911438
[NH3+]C1C=CCC1C([O-])=O,6.497815489768982
CCC12CN1CCC2O,8.038815140724182
OC1C2CC1(O)C(O)C2,8.28578805923462
ON=C1COCC11CN1,6.4327696561813354
C1C2CCOCCOC12,8.557522177696228
CCC(C)(O)C(C)C=O,6.094826698303223
CC1=CC(C#C)N2CC12,6.097004175186157
OCCOC1CC(O)C1,8.516939163208008
CC1C2C3CC2C2C3N12,8.408827781677246
CCc1c(cc([nH]1)C)N,6.070844650268555
NC(=O)C12CC(C1)O2,7.163878679275513
CN1C=NOC(=O)C1=N,5.214206337928772
CCC1CC2CC(C1)O2,8.66103219985962
CCC(O)(CC)C1CO1,8.901565432548523
OC1CC11CNC1=O,7.177147150039673
CC(=O)CCC(=O)CO,6.034980058670044
CCC(=NO)C1OC1C,6.6881842613220215
COCC(O)C(C)C#C,8.053638815879822
[NH3+]C1(CC=CC1)C([O-])=O,6.632561206817627
C1CN1C1C2C3CC1N23,8.035356998443604
OC1=CC(=N)C(O)=CN1,4.980356335639954
CC(C)(C(=O)C(=O)N)O,4.7748411893844604
OCC1NC1(CO)C=O,5.910202860832214
CCC(=O)CC(C)C=O,5.893776774406433
CC(C)N=C1OCC1N,7.167166471481323
CC1=NCC=CCCO1,6.659637928009033
C1CC(C1)OC2CC2,8.877921104431152
N#CCC12CC1CC=C2,6.736980319023132
CCC(C)N(C=N)C=O,6.297579884529114
OC1C2NCC(=O)NC12,6.911572813987732
O=CC12C=CC3CN1C23,5.427397012710571
CCNC(=O)C1CCO1,7.2120596170425415
CCOC(C=O)C(C)C,6.008479833602905
C1C=CC(=O)CNC1=O,5.067124843597412
C#CC1COCCC=C1,6.800100803375244
CNc1cc(cnc1)O,5.395434737205505
CCC1=CCOC1=O,6.105694055557251
CC(O)CC12CC(C1)O2,8.385178565979004
CC1=CCOC(=N)OC1,6.550875425338745
OCC12NCC1OC2=N,7.022489309310913
c1c(cn[nH]1)C(=O)CO,5.374350309371948
CCN1CC(=NO)C=C1,5.1781675815582275
N#CC1N2CC2C11CC1,7.269611716270447
Cc1[nH]c(=O)c(cn1)N,4.757247149944305
c1[nH]c(c(n1)O)NC=O,5.36794126033783
OC1COCC(O)C=C1,6.746107816696167
CC12OC3(CO)CC1C23,8.217081904411316
Cc1nc(co1)NC=O,5.567925214767456
C#CCOC12CC1CC2,7.710529208183289
C1CCC(C1)OCC=O,6.132165193557739
COCC1CC(C)C1=O,5.991348147392273
CCN1C(C)C1C#CC,7.059871196746826
CC1C2C(=O)C(O)C12O,5.928933501243591
CCCc1cocn1,6.7393118143081665
CC1(C)OC1CC=O,6.11785364151001
NC12CC1(OC2=O)C#C,6.533682465553284
CC12CC(C)(C1)C1NC21,8.525524258613586
N#CC1C2C3CC1OC23,7.8396642208099365
CC(C)(C)C1OCC1=O,5.902699828147888
OC1CC1C(=O)CC#C,5.97606635093689
COC12CC1OC21CC1,8.033643126487732
CC12NC1C1C(C#N)C21,6.806776285171509
CC(O)C1CC2(C)CN12,8.046137690544128
C1CC2C=CC3NC23C1,6.599616765975952
CC(O)C12CC1C1NC21,7.6852229833602905
N=C1CN(CCO1)C=O,6.680071473121643
COCc1nccnn1,5.4590853452682495
CCC1=CC(=NO)CC1,5.547922253608704
CCOC1C2NC2C1O,8.114746570587158
CC(CCC#C)N1CC1,7.88200056552887
OCC1=CC(=O)C(O)C1,5.194850206375122
CN1CC11C2CC1O2,8.28681218624115
O=C1NC2C3N=CN1C23,6.32079815864563
CC1C2CC2(CO)C1C,8.654756784439087
CC1CC(O)C(N1)C#N,7.350712060928345
CC1(COCC1=O)C,5.8539183139801025
CCC1CC2(CC2)C=C1,6.817153453826904
CC12CC(C1)NC2=O,7.153261065483093
C1C(=NCC#N)OCO1,7.208562016487122
CCC(=O)COC(C)C,6.268944025039673
O=CC12C3OC4C(C14)C23,5.712358117103577
CC12OC1CC=CC2O,6.671968698501587
O=C1CNC11CC2CC12,5.791187524795532
C#CC12CC1N=COC2,6.856784343719482
CC1=CC(=O)N(C1)C=O,5.368299961090088
O=CCC1C2CN1C2,5.7002516984939575
OC12C3CC1C=CC2O3,6.421934604644775
C1CC1C(=O)C(=O)C=O,4.0170629024505615
CC12OC3CCC1C23C,8.347833752632141
CC(C)C1OC1CC#N,8.36971652507782
COCC12OC1CC2=O,5.818234086036682
CC12OC1C1CC21C#N,7.287532806396484
COCC1CC2(CO2)C1,8.949651598930359
CC1C2CC(=O)N(C)C12,7.0127928256988525
CC12CC3(C)C1C1C2N31,8.344035744667053
CC1(OCCCO1)C=O,5.887050271034241
CC1C2N1CC2(O)CO,7.792839288711548
N=C(C#N)N1C2CC1C2,5.82090425491333
OC12C3N=C4CC1N4C23,5.407553791999817
NC1=C(C=CO1)C1CO1,5.855112433433533
C1CC(C1)OC(=O)CN,7.226953625679016
C1C2CCOC3CC2C13,8.535852789878845
CC1=CC(=O)C2(O)CC12,5.115433096885681
CC1C2NC=CC(=O)C12,5.00352942943573
CCC1NC1C(=O)CC,6.096593260765076
C1OC23CC(CC=C2)C13,6.521860599517822
OCCC(=O)C(O)C#N,6.138239502906799
O=CCC12CN3C1CC23,5.714791655540466
CC1(O)CCC(C)(O)C1,8.635057210922241
N#CC1NC2C3NC3C12,6.968272805213928
C(CO)N=COCC=O,5.912917733192444
CC1CC23NC12CC=C3,6.2833991050720215
CC(O)C(C#N)N1CC1,7.357413172721863
C1OC2CC1OCC2,8.626400589942932
OC1C2NC3C1(O)C23O,7.539780855178833
Cc1cc(nn1C)CO,6.7608702182769775
CC1(C)C2OCOC12,8.798173189163208
CC1C(=O)CC1(O)C#C,5.8836681842803955
O=CC1=CC2CCC1C2,5.129091739654541
CC12COCC1N=CO2,7.236889004707336
O=C1OC2C3CC=C1C23,5.767490983009338
CC12C3C1C1CC3C2C1,8.977972149848938
CCCC1C2OC2C1O,8.716359734535217
CCN=C1OCC1O,7.312413573265076
CC1=CCOC12CC2,6.563541889190674
CC1=CC2CC1C(=O)O2,6.448920249938965
CC(O)C12CC(C)(C1)O2,8.420533061027527
CCC(CC#N)C1CC1,9.013386011123657
c1c(n[nH]n1)CCC=O,5.973501205444336
CC1CC2(CC2)NC1=O,7.320468783378601
CC1(C)C2N3CC2(O)C13,7.852900266647339
O=C1COC2(CC12)C#N,5.743383407592773
OCC1CN(C=N)C1=O,6.184029459953308
CC1CC=CC2(C)OC12,6.791511297225952
COC1(C=O)C2CC1N2,5.440823554992676
C1CCN(C1)C(=O)CO,7.197699666023254
CC(=NO)C1CC(=O)O1,6.638416290283203
CC12C3C(O)C1(O)CN23,7.800104856491089
O=COC12CC1C(=O)C2,6.061716198921204
CC1C2CC3OC2C13,8.796669125556946
CNC(=O)C1CNC1=O,6.678916931152344
CC1(CC(O)C1=O)C#C,5.814195275306702
CC1=CC2COC1CO2,6.614523649215698
OCC1(O)CCC11CC1,8.39748740196228
CN1C2CC3(O)CC3C12,7.7172157764434814
C1C=CCN1CC=O,5.672703385353088
CC1CCOC(C)(C)C1,8.577892780303955
C1CC12CC=CCC2=O,5.9948203563690186
COC(C#N)C1(N)CC1,7.528063654899597
CC1OCC(O)C1(C)C,8.3906729221344
CC(O)CCC#CC=O,5.555602431297302
CC1CC2CC2CC1=O,6.0512306690216064
N=C1CC23CC2(CC3)O1,7.4506614208221436
CC1=NC2CC2CCO1,6.936627388000488
CCC1CC(=O)C2CN12,5.6645848751068115
CCOCCNCC#N,7.402852416038513
CCC1(C)CC1C#CC,7.824398875236511
OCC1OC2C(C#N)C12,7.498504996299744
OC1C(=O)CCNC1=O,5.786564946174622
c1c(c(on1)N)C2CC2,5.981021881103516
CC1CC2(O)CC2(C)O1,8.280648350715637
COC1CC2(O)CCC12,8.458332419395447
CC1(CO1)C(O)CC#C,8.175206065177917
OC12C3NC3C3C1CC23,8.3174467086792
Cc1cc([nH]n1)COC,6.943266272544861
OC1CC2C(C=O)C12O,5.97089147567749
CC1CC(C#C)C(C)O1,8.09894585609436
N#CCC1C2C3NC3C12,7.199535846710205
CC12CCC(O1)C2C#N,7.750228643417358
O=CCCC1(CO1)C#C,6.093002796173096
CCOC1(CO)CC1O,8.33174180984497
O=CC1CCC11CCO1,5.883882641792297
OC1CC23CC4N2CC134,7.56702196598053
Cc1cc2n(n1)CCO2,6.456999063491821
CC(C1C[NH2+]1)C([O-])=O,7.357752442359924
N=COCC#CC1CC1,7.310992956161499
CC12CN(CC1N2)C=O,6.975650429725647
CC1C(=O)NC11CC1O,7.17992377281189
CCC(CC)OC1CC1,8.959684371948242
COCC1(C)C(O)C1O,8.189756751060486
Cc1cnc(nc1)NC,5.138224363327026
COC=NC1CC=CC1,6.82290506362915
CNC12CN=C3NC1C23,5.841848134994507
C1C2CC3OCC=C3C12,6.418215990066528
OC12CC3C(C1)N3CC2,8.067189812660217
CC1OC23CC12C=CC3,6.271712422370911
CC1CCCOCC1O,8.522474884986877
C(C1CO1)C1=CON=C1,6.694793343544006
NC(=O)OC12CC(C1)C2,8.266795635223389
CN1C2CC1C2(C)O,7.782093286514282
C1C=CC(=O)COC=N1,5.030864357948303
N=COC1CC2OC12,7.5080485343933105
CC(C)(C)NC(=O)OC,8.452183961868286
CC(CC1(O)CC1)C#N,8.386905908584595
O=C1CC2OC3CC12C3,5.945324063301086
CC1N2C3C2C1(C)C3O,8.091294288635254
C1OC=NC2C3OC1C23,6.865443110466003
NC1=C(NC=N1)OC=N,5.5881348848342896
OCC1=CCC2CC1C2,6.857179522514343
Cc1ccccc(=O)c1,4.367304027080536
CCN=C(CCO)OC,7.309812426567078
O=C1CCC(OC1)C#C,5.8683762550354
CC(C)C1(CC1)C(=O)N,7.455991506576538
CCc1c(c[nH]c1C)C,6.4466129541397095
CCC12CCC3C1OC23,8.616404175758362
CC1CCC2=CNC=C12,6.364317178726196
CC1C(NC=O)C1C=O,5.893781542778015
C1CC2C1C1COC2C1,8.640532851219177
CCC1=CCC(=O)NC1,6.603696227073669
CC1OCOC11CC1,8.989941120147705
CC1CC(C)=CC1CO,7.016128182411194
Cc1c([nH]cn1)CO,6.648898959159851
CCCC1(CC1)OCC,8.848158836364746
CCC1(CO)C2COC12,8.29587972164154
CC1C2CCC(C=O)N12,5.808913350105286
CCCC12CC(C1)C2=O,6.542230129241943
CC1C2C=CC1(O)C2O,6.422653675079346
NC(=O)C12CCC1CC2,7.436333656311035
CC1(O)C2C3CC2(O)C13,8.364686965942383
CC12COCC1OC2=N,7.522963047027588
CC12CN1C(CCO)C2,8.189723372459412
O=CC1C2NC2C11CN1,5.844937443733215
CN=C1ON=C(O)C=C1,4.519492030143738
CCC1=NC(C)CCO1,7.280699133872986
C1COC(=O)CC(=O)N1,6.641716957092285
COC12CCC3C1OC23,8.418163418769836
CC1C2OC2CNC1=O,7.219213604927063
C1C2OCC3C4CC23N14,7.887233853340149
C1CCCC2(CC1)CC2,9.231738567352295
CCC(=O)n1cccc1,5.553199052810669
CN(C)C(=O)C1CN1C,6.694813251495361
CC(=O)CC(C#C)C#C,6.211602091789246
OC12CC3(O)C1CC23O,7.819587469100952
CC1C2CC1C2C(C)=O,6.392843008041382
c1nc(c(n1C=O)N)O,4.838715553283691
CC(C1OC1C)C(N)=O,7.288346886634827
CC12CC(C)(C1)C2C#N,8.512625217437744
OC1CC(O)C(=O)C=C1,5.085513353347778
C1CC2CC3NC3C2=C1,6.533361911773682
CC1C(C)N2C1CC2=O,6.7645145654678345
COC(=O)n1nccn1,6.165239572525024
OC1CC2C(=O)CC12O,5.969574570655823
CC12CN1CC(=O)C2,5.685503959655762
OCCOC1CN=CO1,7.328984498977661
OC1(CNCC1=O)C#N,5.476537227630615
OC12CCC3C=CC1C23,6.461209654808044
OC12CC3(O)C(CC13)C2,8.4288090467453
OC1CCC2=C1ON=N2,5.758597254753113
CC(=O)C1C=CNC1=O,5.186408758163452
COC(C)C1OC1(C)C,9.001631617546082
C1C=CC2COCOC12,6.991068124771118
OC1C2C(=O)CC12C#N,6.022318363189697
OC12CNC1=NCC2,6.608523488044739
CC1=NC(=N)N=C(N)O1,5.507467150688171
C1CC1CC(C=O)C=O,5.700557589530945
CCC1N2CC1(C2)C#N,7.072720527648926
Cc1cncoc1=NC,4.651076912879944
CC1(CC1)C1(CO1)C#N,7.742367386817932
CC1CCCC(O)C=C1,6.963369131088257
CC1(C)C2CC1(CO)C2,9.02718985080719
COC(C)(CO)CC=O,6.12741482257843
CC(O)CC1=CN=CN1,6.791397452354431
Cc1c(n2c(n1)CC2)O,6.405151009559631
CC(CO)C1(CN1)C=O,5.977397084236145
CC1=CC2C3CCC1C23,6.538974285125732
c1cc(oc1CCO)N,5.897176265716553
CC1=CNC(=O)CCC1,5.716765999794006
CCCC(CO)C#N,8.386587500572205
CN1C=NC2CC12C#N,6.372984051704407
CC12CC(N)C1(O2)C#N,7.014915108680725
COC1(CC1C)C(N)=O,7.199826598167419
O=C1CN2CCC1C2,5.510208487510681
C(C=O)N=CNCC#N,5.8352766036987305
CC1OCOC1C#C,7.816522836685181
C1CC(=O)C(C(=O)C1)O,5.5477118492126465
COC1CCOC=NC1,7.002177596092224
C1N2C3C=CCC=C1C23,5.627536177635193
Cc1c([nH]nc1O)C,6.611636996269226
OC1C2CC2C2CC1C2,8.867187857627869
CC1OC2CC(C)CC12,8.54287874698639
C1OC2C3CNC12CO3,8.208382487297058
ON=C1CC2(CN2)C=C1,5.248113036155701
NC(=O)C12CC(O1)C2O,7.071277141571045
C(CCC(=O)N)CCO,7.534247517585754
CCC(C#C)C1CC1O,8.238761901855469
N=C1NN=C(C=O)C=C1,4.568065047264099
OCC1(CC2CC12)C=O,6.02781879901886
CC1(O)C=CC2OCC12,6.7074925899505615
CN1CC23CC(C)(C2)C13,8.02638840675354
CC12CC3N1C2CC3=O,5.8926922082901
CCC1CC1C1CCC1,9.310103058815002
CC1(O)CNCC1=O,5.731411576271057
OC1C2NCC1(O)C2=O,5.650810241699219
CC1(CC(C1)C2CC2)C,9.318336129188538
C1CC1(CO)C(=O)C=O,4.184252917766571
CCC(=NO)C1(CC1)C,6.774660587310791
NC(=O)N1CC2CC2C1,7.64790952205658
CNC(=O)COC1CC1,7.238516807556152
C1NC1C#CC1CO1,7.198386549949646
CC1COC1=NCC#C,7.322837710380554
NC1(CC1(O)CO)C#N,7.26535439491272
CCC(=O)C(C#C)C#N,6.069057464599609
CN=C1OC=NC(O)=C1,4.7314035296440125
CC1=C(C)C(O)CC1O,6.806297540664673
C1C23CCOC12C=CC3,6.433722972869873
CC1(O)C2CC(CO)C12,8.401268482208252
C1OC11CN=C2NCC12,6.466655015945435
COC(CO)C1(C)CC1,8.723020076751709
CC1=NC(CCO1)C#C,7.223316550254822
CC(O)C1=CC2NC2C1,6.49765932559967
CCC1(O)C=CCC1O,6.9947733879089355
CC12OCC1C2CCO,8.28324580192566
COC1C2CC=C(C)C12,6.526271939277649
Cn1c(=O)c(=O)[nH]cn1,5.295454740524292
CC1CC2(CN2)C2NC12,8.132694244384766
CC1C(O)C(C#C)C1=O,5.822171330451965
CCC1COC1C=O,5.815901160240173
COC1C2CC=CC12,6.595332741737366
CC1C2C1C(C)CC2C,9.214302659034729
CC1CC(=O)C=CC=C1,4.841248452663422
CC1=CC(=O)C(O)C1=O,4.263376533985138
CC1=CC(=O)C2(C)CC12,5.166642069816589
C1CC2OCCC3C1C23,8.480850219726562
CCn1cncc1C=O,4.998849153518677
CC(OCC1CC1)C=O,6.06499969959259
N=COC12CC1OC2,7.386042833328247
N#CC12CN3C(CC1)C23,7.26683509349823
C#CC1=CC2OCC1O2,5.714052677154541
CC1(C)CC2OC=NC12,7.224792838096619
CC12CC3C1N3C21CC1,8.414068937301636
CC1C(C)C1C(O)C=O,6.00904107093811
COC1CC23CC(C2)C13,8.919111132621765
CN(CC=O)CC#N,5.689444661140442
CN=C(C#N)N1CC1C,5.5567628145217896
CC1C2C3N2C(=O)C13C,6.623060345649719
CC12OC3C1C(C=O)C23,5.845797777175903
CC(O)C1=CCOC1C,6.769391298294067
CC1NC2C1OCC2=O,5.604723811149597
CC1(CN1)C1OCC1O,8.223174929618835
O=C(C#N)C1CC2OC12,5.0966373682022095
c1cc(c(=O)cnc1)N,4.009664595127106
Cc1cc(=O)c(c[nH]1)N,5.049518883228302
COC1CCOC(=N)O1,8.156795978546143
OC1CCC1(O)C1CN1,8.23380970954895
OC1C2CC2(O)C11CO1,8.177986979484558
COC1CN2CC12C#N,6.961952567100525
CC1C2CC3C2N3C1=O,6.474751114845276
CN1C2C1C(=O)CC2=O,5.00162798166275
CN1CC2(C)OC(=O)C12,6.5347747802734375
CC1C(O)C(=O)C11CO1,5.614774584770203
CC12COC(C)(C1)C=C2,6.724967360496521
O=C1CC23CNC2C1O3,5.502174496650696
CC1(C#N)C2C3CN3C12,6.916073560714722
OCCCOC(=N)C=O,5.158873438835144
CCCN1CC1CC#N,7.403555989265442
OCC12OC1CC21CC1,8.602083444595337
CC1=CCC2OCC12,6.793810606002808
COC=NC1CC1(C)C,7.182816982269287
C1OC2CCC=CCC12,7.025710105895996
Cc1c(c(n[nH]1)C=O)O,5.012158036231995
COC1(CC1)C1NC1,8.467082500457764
C1COCC(CO1)CO,8.643103241920471
c1c2c(c[nH]1)CC=CC2,5.834205150604248
O=CC1C2CC1C2C=O,5.722744345664978
COC1CCCC(C)C1,8.837382316589355
CN=C1OC(=O)C(N)=C1,5.464428901672363
COc1ccc(o1)OC,6.1007009744644165
COc1coc(c1N)N,5.915578007698059
CC(C=O)C1CC1CO,6.161829829216003
CC1C(CC1=O)OC=N,6.047666311264038
CN(CCC#N)CC=O,5.646435260772705
COCC1C2OC=NC12,7.043036699295044
C1C2OC3COCC3C12,8.51511037349701
c1c2c(no1)CCOC2,6.470887064933777
CC12OC1CC2(O)C#C,7.266326904296875
N=C1CC(=N)OC(=O)N1,6.4424744844436646
CC(=O)C12CC1(C)OC2,5.961008191108704
CC1(C2CC1O2)C(N)=O,7.123082876205444
C1CC1(CC=O)C#N,6.151556611061096
O=C1C2NC3CC2NC13,5.646169543266296
C#CC1C2NC1C1OC21,7.5182801485061646
OCCC1C2C3OC1C23,8.354668736457825
CC(=NO)C1(CN1)C#C,6.488784074783325
OC1CC(CC#C)C1O,7.976968884468079
CC1C2C=C(C)CC12C,6.582870125770569
CC(C)(O)C1CN2CC12,8.042373299598694
C1CC(C1)C1CCCO1,8.638823986053467
CC12C3CN3C1CC2=O,5.650100588798523
CC1(CC1)OC(=N)C=O,5.152954936027527
COc1nccc(n1)O,5.610896348953247
C#CC1CC2OCC=C12,6.320963382720947
CC1C2CC(C2)C1O,8.902535438537598
CN(C=O)C(=O)COC,6.019754528999329
COCC(=O)NCC#N,7.206932306289673
NC1=NC2CCC2O1,7.4133219718933105
CN1C2C3C=CC1(C)C23,5.921139597892761
CCN=C1C(CO1)(C)C,7.417521119117737
CC12CCC1(O)CC2O,8.35156786441803
CC1C2(C)CCC12CO,8.496621251106262
CC#CC1CC=CC1=O,5.074962615966797
CCC1(O)C(O)CC1=O,5.910181522369385
C1CNc2c1onc2N,5.8931814432144165
C1CC(=O)C(=C1C=O)N,4.832542359828949
O=C1NCC2OCOC12,7.158874034881592
N=C1OCC2CCC2=C1,5.816204786300659
CC1CC2(C)CN3C1C23,8.24938714504242
O=C1OCC2CC12C#N,7.071895480155945
CC1OC2C3CCC3C12,8.400727152824402
CC1=NN2C3CC3C2=C1,6.3418930768966675
CC12COC1(CO2)C#C,7.045130014419556
CC1CN=C2OCC12,7.221739411354065
CC#CC(C)C(O)C=O,5.962696313858032
CC12OCC34CN(C13)C24,7.959787011146545
Cc1c(ncoc1=O)C,4.9384578466415405
COC1CN2CC12CO,7.97115433216095
CC(CCO)C(=O)C=O,4.185920536518097
CC(C)OC(C)CC=O,6.1340718269348145
O=C1CC2NC2(C1)C#N,5.960249423980713
COC1C2CC1(O)C2O,8.321384191513062
CC1CC2(CC2)CC1=O,6.0800827741622925
c1cc(oc1)C#CCO,5.713687896728516
C1CC2(CC1=O)COC2,5.9334129095077515
CC1C2CN1C2(C)C=O,5.497942328453064
CC1CCC([NH2+]1)C([O-])=O,7.353392124176025
CC1(O)C(NC1=N)C#N,6.809696912765503
CCC#CCC(C)CC,8.16636860370636
CC1N=COC2C(O)C12,7.029569864273071
CC#CC(CCO)C#C,7.748037219047546
CN=C1CCC(CO)O1,7.393913984298706
CC1C2C1C1C(C)OC21,8.295501232147217
C1C2NC3=COC=C3C12,5.689844012260437
N#CC1C2C3CCN2C13,7.215989828109741
COC1CC11CC2NC12,8.290652632713318
OC12CCC1NCC2=O,5.606721043586731
C1CC1C12C3C4C1N4C23,7.754360318183899
O=C1CC2NC2C2CN12,6.631223201751709
OCC(=O)C1CCC=C1,5.967027902603149
OC1CC2OC12CC#N,7.720438480377197
C1CC11CCC2(CO2)C1,9.031308054924011
CC1C(CC1C=O)C=O,5.780471205711365
CC12CC1C=CCC2O,6.756770014762878
CC#Cc1c(con1)C,5.694391131401062
CC(=O)C1(CC1O)C#C,5.957248568534851
N#CC1CNCCCO1,7.207059741020203
CC1C=CC2OC2C1C,6.7624006271362305
OCC12CN3CC(O1)C23,7.507784008979797
CC1CNC(=O)C1O,7.429784536361694
CN1C2C1C1OCOC21,7.91435182094574
OC12COC1CC21CN1,7.914512753486633
Cn1c(cnc1O)C#N,5.505177974700928
CC1CC(CO)CC=C1,7.178211331367493
CC1(CO)OC11COC1,8.522085070610046
O=CN1CC(C1)C1CO1,7.248695015907288
CN=C1C(=NO)CCO1,5.536258697509766
CC1COCC11CN1,8.484661936759949
COC1C(NC1=N)C=O,5.57047164440155
CCOC1CCC(C)C1,8.886924505233765
CC1OC2CCC1(C)O2,8.899693489074707
Cc1ccc(o1)NC,5.773797273635864
CC1COC(=O)C1C,7.617385625839233
CC12C(CO)C3C1CC23,8.928048610687256
C1N=C2OC3C4NC13C24,5.842377781867981
OC1CCC(O)C1C=O,6.054314017295837
CC1C2C3OC3(C=O)C12,5.825018882751465
CC1(C)C(O)C1C1CO1,8.624876499176025
CC(=O)CC1COC=N1,6.065562725067139
CCC1C(C)C(C)C1O,8.60373067855835
CCC1(C)CCC=CC1,7.319708466529846
CC1(O)CC11OCC1O,8.029197573661804
CC(C)(C#N)NC(=O)N,7.6957443952560425
COCC1OCOC1=N,7.60550594329834
CC1(O)CCC(CO)C1,8.83429479598999
OC1CCC2(CC2)C1,8.935922026634216
C1N=C2OCCC3C1N23,6.82865035533905
O=C1C2CC3C4C3N2C14,5.785139560699463
CC(C)C(O)C#CC#N,6.435739040374756
N=COC(=O)CCC#N,6.848286390304565
O=CC1C2CC3(CC3)N12,5.8077110052108765
CC12OC1C1C(O)CC21,8.41649043560028
OC1C2CC(O2)C11CC1,8.400737643241882
CCC1CC2OC2C1,9.305930852890015
CC1CNCC(=O)C1O,5.578931093215942
C1C2CC3NC3C1O2,8.30725634098053
CC1(C)C(CO)C1CO,8.492737531661987
CC(=O)CC1=NCCO1,5.886757254600525
CCC1CN(C1)CC#N,7.095082759857178
COC1C(C=O)C1C=O,5.6948734521865845
CC(CC=O)CC(N)=O,6.017439484596252
CNC1=CC(=N)OC=C1,4.528730273246765
CCC(C#C)C(=O)NC,7.366945385932922
CC1NC1(C=O)C1CC1,5.9539254903793335
NC(=O)C(CO)C1CN1,7.2224355936050415
CC1(CCC1)OCCO,8.752421021461487
CC1C2OC(=O)C1C2C,7.4318907260894775
CC1CCC2(CO2)C1O,8.809924006462097
C1CC2(C1)COC=N2,7.21186089515686
C1C2CCC3=CCOC123,6.25242280960083
OC12C3C=C4CC1C4C23,4.935707449913025
CC1N2C3C(O)C2C13O,7.706348180770874
CCC1OCCC1=NO,6.67907989025116
CCC1C2C3C1CC23O,8.439488530158997
COC1C2(C)CC1(C)C2,8.921738505363464
CC1=CC2CC(O2)C=C1,5.1525760889053345
O=C1CNCC1C#C,5.672136545181274
CCC1(CC#CC)CO1,8.146958589553833
CN=COC1COC1=O,6.785547614097595
CC1C2C(=O)C1C21CN1,6.255372643470764
CCC(N)(C#N)C(N)=O,7.035063743591309
OCC1CC2(CO2)C1O,8.625983119010925
COC(C=O)(C#C)C#C,5.822168350219727
CC1(C)CC1OC1CC1,8.688952922821045
CC12CC3(C)C1C=CC23,6.281483173370361
CN=C(C=O)OCC=O,4.961703777313232
c1nc(c(o1)N)CC=O,5.037408709526062
O=C1CCC(=O)C2CC12,5.697875022888184
O=CC1CC2(CO2)C1,6.081384658813477
CCc1cc(n[nH]1)O,6.624333739280701
N#CC12NC1C1CC2C1,7.185372352600098
C1C2C3CC4C(CN24)N13,7.710750460624695
CN=C1OC(C)C1C#N,7.347086668014526
CCOC1(CCCC1)C,8.777501463890076
C1CC1OCCOC=O,7.440450429916382
CC(C=O)C1=NC=CN1,5.4310222864151
CC1(CN(C1)C=O)CO,7.251126289367676
CC1CC(CO)(N1)C#N,7.360550761222839
CC1=CC2OC2CCC1,6.720417141914368
O=C1C(C#C)C2CCN12,6.453490495681763
CC1C=C(C)CC1O,7.052442908287048
C1C2CCOC=NC12,6.881193995475769
CC(OCC1CC1)C#N,8.099990487098694
CCC1(CO)NC1C=O,5.8948811292648315
CC12C3OC3C1NC2=O,6.742061614990234
CC1NC1C(=N)OC=O,6.427832365036011
COCCC1CCC1C,9.085453987121582
CC1=CC(=O)CCCC1,5.2095290422439575
N=C1OCC2OC(=O)C12,6.6768479347229
CC1C(O)C1C(O)CO,8.238344550132751
Cc1cnccc1O,5.873996138572693
CC1=C(CCC1=O)N,5.446795463562012
CC1(C)CCOC1C=O,5.912674307823181
COCC12NC1CC2=O,5.819870948791504
COC12CCC1(O)C2C,8.12746262550354
CCN=c1ncnno1,4.82343465089798
CC1CC(O)C(=O)N1,7.360095262527466
CCOC(=O)C(O)CC,7.440891265869141
O=C1CC(CC2CO2)C1,6.12825334072113
CC1OC2CCC12C=O,5.734069347381592
CC1C(O)C1(N)CC#N,7.60004198551178
CC12CC1N1CC21C#N,6.681846499443054
CC12C(CC1=O)N2C=O,5.764669895172119
N=C1NC(NC=O)=CO1,5.123366117477417
COC(C#N)C(C)C,8.148305296897888
N=C1NC(C#N)C11CO1,6.793860197067261
OC1C=C2CN3C1C23,5.482604742050171
CC12COC1(C)C(=O)C2,5.709516525268555
CC(O)C(C)CC#N,8.483084321022034
O=C1CC2CCC(=O)N12,6.14923369884491
CC(OCCC#C)C#N,7.805944800376892
CCC1C(O)C2(C)CN12,7.9231367111206055
CC(=O)Cc1cnn[nH]1,5.789528727531433
COC12CN(C1)C21CC1,8.196409344673157
CC12CC3C1OC(=O)C23,7.1863555908203125
Cc1c2c(c[nH]1)onn2,5.163569092750549
OC1CCC(CC#N)=C1,6.944584250450134
CC1(O)C2CCCOC12,8.319921135902405
CC#CC(=NO)C#CC,5.305908203125
c1conc1C2COC2,6.609801769256592
CC(=O)C#CCNC=O,5.46134078502655
N=C1OC2CC3CC12O3,7.111897706985474
CCC(C)(O)CC#N,8.473984956741333
C[NH+]=C(N)C(C)C([O-])=O,6.375027418136597
CC1(OCC1=O)C1CC1,5.9031970500946045
C1CN1C2(COC2)C=O,5.615190148353577
CC#CC(C)OC(C)C,7.860655188560486
NC(C#N)C1COCO1,7.552908778190613
C1OC2CCCC3NC123,8.33996844291687
CC1=C(C=NO1)C1CN1,6.34706723690033
C#CCC1COC1C#N,7.4309834241867065
c1nc(on1)C2CCC2,6.779371023178101
CC1(NC(=O)C1O)C=O,5.70697283744812
CC12CC(C1)(O2)C(N)=O,7.13109290599823
CCC1CCC2CC1O2,8.669925212860107
OC1CC2(O)C=CCC12,6.6427161693573
COC(C)C#CCO,7.628024697303772
CC1OC2CC12CO,8.271373271942139
OCC1C(O)COC1=N,7.4490286111831665
CCc1ccncc1O,5.84613835811615
C1CC=CCC(=NO)C1,6.694054961204529
NC1=NC=C(O)C(=N)O1,4.751694977283478
CC1CCC(O)C2CN12,7.936274290084839
CCC1CC2(C)CC12O,8.456690549850464
CCOc1c(c[nH]n1)C,6.473666310310364
COCC12CC(C1)OC2,8.670703053474426
c1c2c([nH]c1N)C=CC2,5.132630467414856
CCC(CC(C)=O)C#N,6.330682635307312
COC12CC3OC1C23C,8.219482421875
OCC1C(CO)C1CO,8.424029111862183
N=C1CN=C2OCC2O1,6.694350957870483
OC1C2CC1NC(=O)N2,7.71993362903595
CC1C2CC(C=O)C12C,6.011037707328796
CC1(C)C2CC(=O)NC12,7.305557489395142
C1C2OC3CCC1OC23,8.426253318786621
OC1CC=CC1OC=N,6.831743359565735
c1c(c2c([nH]1)CCO2)N,5.829105496406555
CC1(C)OC2(CC2)C1O,8.3911874294281
CC12CC3CC4C(C13)N24,8.357136607170105
CC12NC3(COC13)C=C2,6.038195729255676
COC1C2OC1C2C#N,7.387281537055969
ON=C1C2CC(C2)C1=O,4.908982336521149
OC1C2CN2C1C1CO1,8.284502983093262
OCC1CCOC1C=O,5.937142014503479
CC1OCC2C3CN3C12,8.12505328655243
N1C2C3C4C1C2N=CN34,5.969176650047302
CC1OCOCCC1O,8.802957773208618
COCC1(C)CC2CC12,8.898974180221558
COCCC(O)C#N,7.977737665176392
CCCc1ncco1,6.706351399421692
CNC(=N)C(OC)C#N,6.690109491348267
C1CC23COC12CC=C3,6.547733664512634
CC1(N)CC1(O)C#N,7.247399926185608
CCC(CO)OCC#N,7.81864869594574
CC1OC=NC2C(O)C12,7.016992211341858
OC12C=CC3(O)CC1C23,6.1138386726379395
Cn1ccc2c1C=CC2,5.223505616188049
OC1CC2C(C#C)C12O,7.4603575468063354
N=COC1CN2CCC12,6.976607084274292
COC12CC(CC1)C2O,8.56227719783783
CCC(C)C12CC(C1)O2,8.514743566513062
CCN1CCCC1=O,7.272084832191467
O=C1CC2(CC2)C2CC12,6.0672513246536255
OC1C2CC11OCC1O2,7.942156553268433
C1C23COC12CC=CC3,6.7295814752578735
O=CC1CC(C1)N1CC1,5.7808778285980225
OC1(CCCC=C1)C=O,5.726110577583313
C1CC2OC2C2OC12,8.692825675010681
C1CC1CCCNC=O,7.64228630065918
CC1CC2C3C2C2C3N12,8.09229564666748
CC1=C(C)C2OCC2C1,6.661609411239624
CC(C)n1c(ncn1)O,6.779473423957825
OC1CN(C1)C(=N)C=O,4.554978132247925
CC(CO)COC(C)=O,7.601715683937073
CCOC(C)C#CC=O,5.487914323806763
N#CC1CCCC11CN1,7.683955430984497
CC1(C)COC(O1)C#C,8.036524415016174
C#CC1CN=C2OCC12,6.970738410949707
CC(=O)c1c(cc[nH]1)O,5.017862021923065
COC(C)C1(CC1)C=O,6.141516447067261
CC1(CC[NH2+]1)C([O-])=O,7.195513486862183
CC1COC1C1CC1,8.705641269683838
NC(C#N)C12CCC1N2,7.1682997941970825
c1cn(nc1O)C(=O)N,5.446368336677551
CC(OC=N)C#CC#C,6.317252993583679
CCC1(O)CC(=O)C1C,5.979651212692261
CC1CN(C=O)C(C)=N1,6.116793155670166
CN1CC(O)C(=O)C1,5.57383930683136
O=CC1C2CN3CC3C12,5.721934199333191
CC1NC(=O)C1CC#N,7.4180967807769775
COCCCOCC#C,7.878828048706055
CC1(CO1)C1(CO)CO1,8.671636819839478
OC12CC1C1CCC21O,7.925636529922485
OC12CC1OC1CC21,8.15706729888916
CC1CC2(CC2)C(=N)O1,7.701452612876892
N=CN1CC11COC1=O,6.47473406791687
O=C1CC2(CC12)C1CC1,6.123240828514099
CC12CC1C1(CO1)C2O,8.531961679458618
ON=C1C2CC1C(O)C2,6.6921902894973755
CC1C2C3OCCC3N12,8.155067920684814
CCCC1=CCCC1C,7.007845878601074
CC(O)C(=O)CC(C)=O,5.7246809005737305
CC1C=CC(C)C2OC12,6.896536231040955
C1CC11C=C2CN3C2C13,4.719658017158508
CCC(=O)c1ncco1,5.31142795085907
OC1(CC1)C12CC(C1)O2,8.25093948841095
OC1(CC#C)CC1C#N,7.643243908882141
CC1C(=O)CCC1(C)C,6.051390528678894
OC1CC2C3CC12OC3,8.299400448799133
C1C2OC=NC3CN1C23,6.741512298583984
C1N2CC11COC3C2C13,8.178760647773743
CCC#CC1CC(=O)C1,5.9781670570373535
COC=NC(CO)C=O,5.724056839942932
O=CC1OCC(C=O)=C1,4.988955080509186
OCC12C3CC1COC23,8.335791230201721
OC1C2OCCC(=O)C12,5.88194739818573
CC1OC(=N)CC11CO1,7.527527332305908
OCC1=CCC2NC12,6.4989835023880005
CC(=O)NCC#CC#C,6.136346101760864
CC1(C)NC(=N)NC1=O,6.439036726951599
CC1C=CC(=O)CC1O,5.095980644226074
CCOC(C#N)C(N)=N,6.978996157646179
CN1C2C3(C)CC1C23O,7.535755157470703
Cc1c(cno1)C2CC2,6.43692684173584
O=C1C=CC2CCC1O2,4.918396711349487
O=CN1C=CC2CCC12,5.772145986557007
C1CC(C1)(C2CC2)O,8.809913635253906
CCn1cc(cn1)CO,6.8807713985443115
COC12C(C)C1OC2=N,7.253965139389038
OC1C2CC=C(C#N)C12,5.605525255203247
CC1(NC1CO)C1CN1,8.19161307811737
COC1COC1C#CC,7.3358999490737915
C1C2NC1C1=C2NN=C1,6.254882574081421
C1NC1C12CC3CN1C23,8.161271333694458
CC1C(O)C11OCC=C1,6.37101674079895
CC1C=C(C)C2CC1C2,6.880920886993408
N=C1NC(=O)CC2NC12,6.362835645675659
CC1C=CC=CCC1O,5.5233423709869385
CC(=O)C1CCC1(C)C,6.161615490913391
CCOCC(C)(C)C#N,8.322105526924133
CC(C)OC(C=O)C#N,5.982175827026367
CCC12C(C)C1NC2=O,6.962948560714722
Cc1c(c(ncn1)N)O,5.569581627845764
OC1(COC=N)COC1,7.2634018659591675
CCC(C)N1CC1C=O,5.697433829307556
N=C1OCC1C(=O)C=O,4.477962553501129
C1C2CC3C1C21COC31,8.720720887184143
Cn1cc(nc1CO)O,6.14937436580658
CC(C=O)N1CC(O)C1,5.604593276977539
O=CC1=CC(CC1)C#C,5.108378648757935
CC1(NCCC1=O)C#C,5.720477819442749
CC(O)CC1(CC1)C=O,6.142403960227966
N=C1N(CC11CN1)C=O,6.231060147285461
C1CC(O1)C1=CC=CO1,6.285415053367615
c1cnc(c(=O)[nH]1)CO,4.819511294364929
CC12CC(C1)C(C2)C=O,6.105958461761475
CC12CC1(O)CC2C=O,5.974360466003418
CC(C#N)C1CCC=C1,7.198623180389404
N=C1C=CC=COC1=O,4.4052446484565735
OC12CC(C1)OC2C#C,7.380473256111145
CC1CCC2(CCC2)C1,9.460008144378662
CCC1COC(C)=NC1,7.385466814041138
CC1N=C2CCN2C1=N,6.022334456443787
CN1CC1(C=O)C1CC1,5.651136636734009
OC1C=CC(=O)C11CN1,4.946921467781067
CC1=C(ON=N1)C1CO1,5.702451586723328
OCC(O)C1=CON=C1,6.5895514488220215
CN(C)C1=COC(=N)O1,6.3027390241622925
CC1N=CN2C(CO)C12,6.575254559516907
ON=C(C#C)C1CCO1,5.7271968126297
CC1CC2COCC12,8.766277313232422
CC1=C(N=CN1)C1CN1,6.49788224697113
C1C2C=CC3OC12C=C3,6.006620526313782
CC1(CC(=O)C(=N1)N)C,4.855874121189117
CC1CC1(O)C(N)C#N,7.648962378501892
CCC(C)C(=O)C1CO1,6.0733630657196045
CC1C(O)C1(C)CC=O,6.040303707122803
CC1C2COC2C1=NO,6.519334435462952
OC1CC(=O)C1CC#C,5.988929033279419
CCOC(C#C)C1CO1,7.775014519691467
Cc1cc(=O)[nH]c(n1)O,5.495749473571777
CCC12CC(CC1C)O2,8.653117895126343
c1c(noc1N2CC2)N,6.0327125787734985
CC1C(C)(C)C1(C)C#N,8.175377130508423
O=C1CC2CNC(=O)N12,6.609537482261658
OC12CC(C1)C2CC#N,8.294754981994629
CC1(CC(O)CO1)C#C,7.755738854408264
OC12COC11CCC1C2,8.01425588130951
CCC1OC(=O)C1N,7.142309069633484
CCNC1CC1(O)C#N,7.19757878780365
CC(C)(CC=O)C1CC1,6.176361680030823
CC1(O)CC(C=O)C=C1,5.889423727989197
CC1C(O)C11CC(=O)O1,7.427021622657776
CCC1C2CC1CCC2,9.55899202823639
CNc1cc[nH]c1CO,5.928219318389893
CC(C)(C(=O)N)OC=O,6.806526184082031
CC#CCN=COC,7.246111273765564
CC1C2CC(C)C1(C)O2,8.630160689353943
CC12CC1C1NC(=O)C21,6.871404409408569
CN=COC1CC1C#N,7.224171996116638
CCn1cc(nn1)OC,6.158151388168335
CCC1(C)OC(=N)C1N,7.480424404144287
C1CC(=O)CC2(C1)CC2,6.113903641700745
N=C1OCC(=O)C2NC12,5.804884195327759
COC1(COC1)C(=O)N,7.0428667068481445
C1C2C3CCOCC3N12,8.09507405757904
OC1CC(CC=O)C1=O,5.6920729875564575
CC1CC2C3CC2C1O3,8.6765718460083
OCCCC1CC1C=O,6.169424533843994
COc1ccn(c1)C=O,5.458428621292114
CC(C)(C#N)C1CO1,8.373002290725708
C1N2C3COCC=C1C23,5.927645564079285
CC1(CC2(O1)CC2)C,8.546789407730103
CC1(CC2(C1)COC2)O,8.314022541046143
OCC1=CCOC(=N)C1,6.736484527587891
C1OCC11C2C3OC3C12,7.9967769384384155
CC12CN3CC(OC1)C23,7.98354184627533
Cn1c(ccc1OC)N,6.1477906703948975
OC12CC1N(C2)C=O,6.991777539253235
OCC1(CC1)C1CCO1,8.36930763721466
CCC12CC(=O)C1C2C,6.06194531917572
Cc1cc(c([nH]1)N)C=O,4.680549442768097
O=C1C2CC1C(=O)NC2,5.859581351280212
OC1(CCN2CC12)C#C,7.214414477348328
COC12CC1(O)CC2O,7.906261682510376
CN1C2C(=O)NCC12C,6.614430546760559
CC(=O)C12C3CC1CN23,5.96481716632843
CC1CC2(C1)OC2C=O,5.929169297218323
C1C2C3OC4CC13C2O4,8.08584451675415
CC(C)c1c([nH]cn1)O,6.563495635986328
OC1C2CC3(CO3)C12O,8.215397596359253
CC1(C)OC2CC12C#C,7.186771035194397
C1C=CC(=O)C=CCO1,4.724148154258728
OC1C2CC2(O)C1C=O,5.940524935722351
CC1OC2C(O)C12C#C,7.21045708656311
CC1NC(=O)NC1C#C,7.5606449842453
CCN=C1C(=CCO1)C,5.830775022506714
COC12CC3CC1(C)C23,8.418361186981201
OC(CC#C)CN1CC1,7.528558969497681
CC12CC1C1C(C#C)N21,6.7907480001449585
COCC1(O)CCC1=O,5.792468786239624
N#CC1CCC2CC1C2,8.857749104499817
Cc1cc(=O)[nH]c(=O)[nH]1,5.507294297218323
CC(C#C)C([NH3+])C([O-])=O,7.247136473655701
CCCOc1cnco1,6.406665205955505
C1CCN=C(C1)OC=O,6.395617961883545
OC1COCC2CCC12,8.476495623588562
CC1=NCC2NCC2O1,7.099923610687256
CCCC1=CCC(=O)C1,5.944571018218994
O=C1CC23CC2(CC3)O1,7.322116374969482
CCC1(C)CC(N1)C#N,7.336313009262085
