smiles,gap_eV
CC1(CN1)C(C#C)C#N,7.313922926447595
C1CC11C2OC2C11CO1,8.267975667538076
OC1CC1C1CC(O)C1,8.599343573363283
OC1C=CC2COC12,6.7009075762914065
CC1OC1CNC(N)=O,8.06821590357517
O=C1CC2OC2(C1)C#C,5.853660109120947
C1C2CC3(COC3)C12,8.663157091206045
CC(C)(O)C(C#C)C#N,7.986904796362865
CC1COCOC1=N,7.646132854887398
CC#CC1(O)C(C)C1C,7.431896249675851
OC12CC1CC2CC#N,8.096119842114804
CC1C2C(=O)OCC12C,7.418735081868568
CC12OCC3OC1C23O,7.619477586443166
CC1C2C=CC3(CO3)C12,6.5375316966346055
OCC12NC1CNC2=O,6.94639080144573
OC12C=CC3C(C=C1)C23,5.9007709534504595
c1cnc(cn1)CCO,5.486955488782703
CN=C1OCOC2CC12,7.195464400236672
CC12CC(N1)(C=O)C=C2,5.593142346933188
CC1CN1C(=O)CCO,7.043313454418723
Cc1c[nH]c(c1O)OC,6.236222131767065
CN=C1OC2C3CC3C12,7.222047444408685
CCCC1CCOC1C,8.76545684941639
CC1(OC1C1CN1)C#N,7.189664560567756
CC1C=CC2OC12CO,6.6199567852063375
CC12C3N=C4NC1C4C23,5.463296028280634
C1C2C3NC3C3(CO3)C12,8.031582211021622
CC1=CC(O)C2(CN2)C1,6.72689899156917
N=C1C=COC(=O)N=C1,4.592447199327717
NC1=NC2COC2C1=O,4.4757804566887085
C1OC11CC2OC3C2C13,8.360368759526075
N#CC1NC23CC(C2)C13,7.229565609564948
N#CC1OC23CC(C2)C13,7.247533567796723
CC1CC2CNC12C#N,6.968160715521513
NC(=O)C1(CCO1)C=O,5.610615656632153
CC1(CN1)C1(CC1)C#N,7.494708654248228
C1C2COCCCN12,8.377561600855735
CC12CC3(O)C1NC23,8.026426461761039
CC#Cc1ncn(n1)C,6.0331372286935965
OCC12CN1CC=C2,6.329299582122934
CC1(O)C2COC1CO2,8.380130992454477
CCC1OC(=O)C=C1N,5.995934194641301
CC1(CO1)C(=O)NC=O,5.870085257346066
CC1=CC(=NO)CN1,5.437694001496282
CC1C(N1C)C(=O)C#N,4.793077225135529
OC1CC=CC(C1)C#N,7.197985344511389
C1OC1C1OCC11CO1,8.483999689438754
O=CC(=O)NCC1CN1,4.847576120865561
C1C2=C(COC2)C(=O)N1,5.66859696622939
CCC1COCC=CC1,7.031688897808823
Cc1c(oc(=O)cn1)C,4.862260865419392
CC1C2CN1C(C)CO2,7.967144709998475
CCCC1CNC(=O)N1,8.06151554784609
O=C1C2CNC1CN2,5.469722156611126
NC1(C#N)C2CCCC12,7.736607609158701
NC(=O)N1CC1CC#C,7.460684091483843
CC1CC=CC2OCC12,6.926851846924863
CC(C#N)N1CCCC1,7.3019535073349315
CN1C2C3NC3C12C=O,5.40387184472803
CC(C#N)C1=CN=CO1,6.501395154942444
CC1=NCC(O1)C#C,7.181992918160766
CC1OC(C)(C#N)C1=O,5.7774629719643285
NC(=O)C12OC3C1CC23,6.760625506202843
CCC1=CCOC(C)C1,6.998145992574097
c1c(onn1)CC(=O)N,6.095904046525937
OCCC1CCCOC1,8.728021380060198
CN1C2CC=CC1C2O,6.28773161813871
C1OC2C1CC1OCC21,8.41407566893376
CC12NC1COC2C=O,5.734400197335922
CC1CCC=C1C(N)=O,6.046247080415018
C1C2CC3OC2C1C=C3,6.707705115149391
OCC#CC(CO)C#N,7.506647409189416
CCCC1OCC11CN1,8.419413388321052
O=CC1OC(C=O)C=C1,5.3362614354378435
CC1(O)C2CCC12C,8.407161887750206
CCC(C#N)(C#N)OC,7.780631889802387
CC1(CO1)C1(CO)CN1,8.58029134440061
O=C1NN=C(N1)C1CO1,6.345943458844536
COC12CC3C1C2N3C,7.830074248712849
COC1=CC(=O)NN=N1,4.659075046682239
OC1C2C3CC3C12C=O,5.693305382902387
COC1(C)CC1(O)C#N,7.44237166801234
CC#CC(CO)CC#N,7.952332147001354
CCC1=CC2C3CC1C23,6.2416499648733055
CC#CC1C2C3CN1C23,6.928572533440967
c1c2c([nH]n1)COC=N2,5.552015696020474
CC12OC3C(C13)C21CN1,8.171325200017815
OC1CC=CC(=O)C1,5.222444323671514
C1C(CO1)C(CO)CO,8.370541249091945
Cc1c([nH]nn1)C(=O)C,5.366320802428022
COC1(CCCO1)C=O,5.984832112858627
C#Cc1conc1CO,5.799091716044201
C1OC2C=CC3C1OC23,6.366680901195473
COCCCN=COC,7.215914592315214
CC1(CN1C=O)C1CC1,6.907550453866929
CC(=O)CC1(CO1)C#N,6.178931957163139
CC1CC1CCCCO,9.195081802438716
CC1OC2CC(=O)C12,5.904436756688609
N#CC1CN2C3CC3C12,7.009203021557665
C1N=C2OC3C=CC1C23,5.76272664722658
CC1(C=O)C2N1CC2=O,5.522199482373456
C1CC12CN=COCO2,7.085948055091126
OC1(CCC1C=O)C=O,5.569068739057243
CC#CC1(CN1)C1CC1,7.410357571397722
CC1CC2(C)CC2(C)O1,8.433252478485766
CC1CN2CC1C2C=O,5.598238240177588
CCCCN=COC=O,6.56561091306413
CCOc1coc(n1)C,6.320965178511911
CCC1CCC=CC1=O,5.135366460434651
CN=C1C=C(O)NN=N1,4.463300081090863
N#CC12CC(C1)C21CN1,7.448603516835548
OC1C=CCNCC1=O,5.4768565465688255
CC1C(CC#N)C1C=O,6.134692755300616
CCC1OCC(C)=C1C,6.79819343900223
CCC1CC(C1)C#CC,8.124779845611855
CCC(C)C1=CN=NO1,6.5165545178245825
OC1C2OC3C2C13C#C,7.03492702449511
CC1OC2C1OCC2O,8.262755965505493
CC12CC1C(O)C1CC21,8.482659531642824
CC(C)C(C)C(O)C#C,8.14516989528839
CC1=NOC(=N1)C1CN1,6.183431327922793
CC(=O)C1CC1(O)C#N,6.056466974292383
Cc1cc(n[nH]1)N2CC2,6.336994813854547
CC#CC1C2CC1CC2,8.098120823987983
C1OC2C1C1C3OC3C21,8.21957784771262
OC12CC3C(CC1=O)C23,6.125891260615842
NC1=CN=C(N1)C1CO1,5.914771823701097
C(CCOC=O)CC#N,7.555892581562521
CC1(CCOC(=O)C1)C,7.486042450312544
OC1CC1C1(CC1)C=O,6.103303969348676
ON=C1CC2(O)COC12,6.620943415331226
CC(C=O)N(C)CC#C,5.543730485902412
c1c(c(n[nH]1)N)CC=O,5.393879466819849
CCC(C#C)C1CC1C,8.334849888443204
OC12CN(C1)C(C2)C#N,7.153702860286345
[NH3+]C1(CO)CC1C([O-])=O,7.328022594011848
C1NC1C1=CC=NC=C1,5.878095316256121
CCOC(=N)C(=N)OC,6.330059380366315
COc1ccc(=O)[nH]n1,4.855727705768237
C1CC12COC23CC3,8.269125387799209
c1coc2c1CCCO2,6.165479059423923
c1nc(c(c(n1)O)N)N,5.42614264073183
N=C1NCC2(CN2)C1=O,4.661100206693857
CC1CC(=O)CC1C,6.037483912207357
COc1ccncc1N,5.543571421022187
CCC1CCC1(C)C=O,6.04196617630804
CCCC(=O)NC1CC1,7.420143193409329
CC1CCOC(=O)C=C1,5.997125275661099
CC12CC3(C#N)C1NC23,7.136552190729628
Cc1c(ocn1)N2CC2,6.132875867253513
OCCC1C2C3CN1C23,8.193752903308146
CC1OC2C3CC1C23C,8.510752254502469
O=COCC1OCC=C1,6.639357473664159
C1C2CC1C1OC1C=C2,6.647094817398753
CC1CC2(COC2=O)O1,6.988672323507616
OCC1C2C3CN1C23,8.06821989341398
CCC12OC1(C)C1CC21,8.319632624193222
CCC1C2CC1C(C)O2,8.567349541092868
OC1COCC(=C1)C#C,5.794384955278523
CC(C)C1(C)OCC1O,8.388771808662634
CC([NH3+])C1=COC([O-])=C1,5.3975454853404825
CC12CC(OCO1)C2=O,5.75251485377664
N=C1COC2CC2CO1,7.425668223857033
CC12OC1C1OC2C=C1,6.615176680946729
CC1CC2OC2C1CO,8.815006031034722
CC1C2CC3OC3(C)C12,8.809275123687328
O=C1CC2OCCOC12,5.578938509472177
N#CC12CC1NCC=C2,6.448725313843546
OCC1(CO)CC1C#C,7.827763768617884
O=CN1CC2OCCC12,7.119291399557374
CC1=C(OC=N1)C1CO1,6.256709515644294
CC1=CCC2OC12CO,6.718599340322992
COC(C#N)C1CC1C,7.944256951293898
CC1CCC=CC11CN1,6.76601351522433
CC1CCC(C)(O)C1C,8.782545223890716
C1CCC=CC=CCC1,5.91676842439801
NC12CC1N1CC21C#N,6.661023437281597
CC(=O)C1(CN1)C(=O)C,5.27503631372527
CC1CC2(C)OCC=C12,6.4672967812926565
CC1CN2N=C(C)N=C12,6.8125804245392665
C#Cc1c(nc([nH]1)O)N,5.3573069409866205
NC1=CC=C2C3CC3N12,5.843197678004684
COCC1C2CC(O)C12,8.383486512857338
OCC1C(C#C)C1C#C,7.338558676589442
CC1(C)COCC2CC12,8.645067108130549
C1CC2CCCC=C2C1,6.938634173635765
C1C2OC11CCC=CC21,6.597296846576514
CCC12CC1C(C)(O)C2,8.559599915062458
CCC(N)(CC#N)C#N,7.744576127029831
CC1OC(CC#C)C=C1,7.05648935926337
CC(=O)C(CO)C1CN1,6.0798468783674275
c1c2c(cnn1)CCC2,6.151182103407869
CC1C(C#N)C1C(C)=O,6.257384273733101
OC1C2CC2(C#C)C1O,7.399047988936775
CC(O)CCOC(C)=N,7.828606862524949
CC(O)C1(C)OC2CC12,8.281172147460339
CCC(=O)N1CC1C=O,5.761789914765733
CC12CC3CC1(C=O)N23,5.8295614018826845
CC12CC3C(O)C(O1)C23,8.148611190402502
CC1(CO)CC2OC12,8.819659850139693
CC12C3CC4CC1C4C23,8.879173157935607
CC1CC(=O)C(C)=C1N,5.540005763026813
CC12CCOC1=NCC2,7.135028258637806
C1C2C=CC3CCC12O3,6.509135524496001
O=CNCC1CCCO1,7.497244643117614
CC1COC1(C)CC#N,7.841251513269472
CC(=O)CC1(O)CC1O,6.252080536660114
CC1C2CC(C)C1O2,8.753160061940877
OC1(C=O)C=CNC1=O,5.237081082806415
C1OC2CC34CC(C3)C124,8.2849832132183
CC1C(CC=O)OC1=N,6.041460927373003
CCc1c(nc[nH]1)O,6.430719323305653
C1C2OC2C2=C1N=CO2,6.261714227511439
CCC1OC(CO)C1O,8.23871237538983
OC12CC(=O)N3CC1C23,6.612682934845786
CN1CC(O)(C#N)C1=O,6.538955493414938
CCC#CCC(=O)OC,7.376208891728592
O=C1C2OC3OCC2C13,5.804391205327268
CC12C3N1C1C3(O)C21O,7.317548247074926
CN1CC1CCC1CO1,8.544181105181327
CCOC1CC(=O)C1O,5.947304125667503
N#CC12CC3C(C1)N3C2,7.378504585639206
CCC1(CCCO1)OC,9.006711329075126
CCC1(O)CC2(CO2)C1,8.673435188055137
OCC1CC2CC1CO2,8.523331732806055
O=C1CC2C3CN3C2C1,5.8116388901481
CNC1COC(=N)C1=O,4.802114040718867
CC12COC1CC21CC1,8.439224029556076
N=C1OCC2OC2CO1,8.099343449711393
CC1CN1C(C)(C)C#C,7.4731962152469364
CCC(C=O)C(C)=NO,5.739282232017038
C(C1CO1)C1=NC=CO1,6.7420346725964695
C#CCC#CC1(CC1)O,7.06706937672664
O=CC1(CN=CN1)C#N,5.554504556137798
CCC1C2CC(O2)C1C,8.623762182513719
CC1C23CCC12OCC3,8.090348489627289
CCCC1(CO1)C1CO1,9.000555505148116
CC1C2OC(C=O)C12,5.787645573267519
C#CC12CC3CC3C1N2,7.180374825817042
CC1CC(=CN1)C(C)=O,5.392840138646068
CCOC1CNC1C#N,7.174251311722223
CC1C(N1C)C(C)=O,5.656552309302625
CC(C)(CC1CC1)C#C,8.465112709170683
CNC1=NC2CC2C1=O,4.40046476502681
CC1C2COC(=O)N12,7.658477146177439
Cc1[nH]c(cn1)CC#N,6.617753985195546
CC1OC2CCC12CO,8.153498372396703
OC1C2C3C4C1C2N34,8.009940937241993
O=C1C2CCC2C2CN12,6.583272169328492
OC1CCC2C1OC2=O,7.484416823552862
CC(C#N)C1CCC1O,8.352318535879851
CC(C#C)C1=NNN=C1,6.883783480302696
OC1CN2C3CC(=C1)C23,5.8216248626482
OC1C2CC3OC3CC12,8.716308157130065
CC1CC2(CO)CC1O2,8.413902383361998
CCC12OCC1C2C=O,5.841947346103698
CC12CC(C)(C)C1(C)O2,8.63438741416984
CC12CC(O)(CO1)C=C2,6.672119443864072
CC1=CC(O)C(C)(C)C1,6.9435519092937845
CCC1COC1(C)C#N,7.7660426595936025
C1CN=C(CN1)OC=O,6.140145034951853
CN(C)C1C=CCC1=O,5.309606609769995
CC1C2CC2(O)C1(C)O,8.16677924429824
CC1OC(=O)CCC1=O,5.9987689645721005
CC1=CC23OC4C2C1C34,5.391341874039899
c1cnccc1CC=O,5.240570457798352
CCC1(O)CC2OC12C,8.608558759651196
CC1C(CO)C11CCO1,8.056474559157712
CC1CCC2OCC2=C1,6.727895875739558
C(CCC(=O)N)CC=O,5.958199001335524
CC12OC1C1(OC21)C=O,5.756981208478335
OC1CC2NC(=O)C12O,6.934829420479821
COC1=CC(=N)OC=N1,4.676164696867499
CCC(C=O)N=COC,5.860175841294113
CCC1COC1CC=O,6.013121775693464
COC1C=CCCC1O,7.049942051103269
N=C1OCCC2NC12,7.137637655631558
O=C1CN2CC2C2CC12,5.640657414940111
CCC1N=COC1(C)C,7.367378984589445
CC#CCC1COC1=O,7.467050575952368
CC1C(CC1(C)O)C=O,6.032924482973334
CN1C2C3OC3C12C=O,5.494630376038943
C1C2CCOCOCC12,8.966337024474523
CNC(=O)CC(O)C#N,7.276491524806145
OC12CC3CC1C3C2=O,6.410206402729731
CNC12C(N)C1OC2=N,6.6447062311460705
CC1COC(=O)C(C)C1,7.487012869648401
NC12C(CO)C1NC2=O,6.69670233289726
CCC12CCC1C(=O)O2,7.526413292525597
CN1C2CCC1C(=O)C2,5.529995644889286
CC12OCC1=CC1CC21,6.139523856714157
CN=COCC#CCO,7.233980782577358
C1OC2C3CC=CC12O3,6.537847897817967
CN1CC(C1)(C=O)C#C,5.293216833491506
C1OC11CCC11COC1,8.412923393509095
CC1(COC=N1)C1CN1,7.185822745997746
OC(CC#N)C1COC1,7.774658589274216
CC12OCC1OC2CO,8.116192981255939
C1C23CCC12N=COC3,7.006875724323185
Cc1ccc(nc1O)C,5.653764169181659
CC1=C([O-])C(C[NH3+])=NN1,5.8436542048159295
CC1NC11CC(=O)C1,5.958258446603741
CC12CC3CC4C3C1N24,8.417663767614918
COC1CCC1CC=O,6.110986853436881
O=C1CC2C3COC2C13,6.017300999939779
CC1CCC1C(O)C=O,5.963844367024043
CC(C)C(=O)OC=N,6.9665799979918726
N#CC12CC3NC1C3O2,6.691992201763363
c1c(nc([nH]c1=O)N)N,5.316266820948545
OC12C3CN4C(C13)C24,7.903260665318527
CC1(C)C2OC1C21CO1,8.553117054276006
COCCC(=O)CC#C,6.211092098372606
OC1C2C3CC4C3C1N24,8.00797354275622
CC1(O)C2C3OC1OC23,8.181480665989818
O=CC12OCC1C1OC21,5.722268003588937
C1CC=C(C1)CC2CC2,6.914748645671682
CC1OC1CN(C)C=O,7.219079527794543
O=CCCC1CN2CC12,5.846102977637278
C#CCC12CC3C(O1)C23,7.430217998428953
NC(=O)C12CC(O)(C1)C2,7.35072955146778
CCCC1CNC1=O,7.587169183590282
C1CCC(CC1)C(=O)N,7.501561925773496
O=CN1CC11C2CC1O2,6.8863476635555125
CN1C=NCCOC1=O,6.695652482211975
CC1CC2(C)OC=NC12,7.219634614044305
CC1OC(=N)CC1CO,7.741714801732888
CC12COC1(C)CCC2,8.405628980316347
CCC1C(C)C(O)C1=O,5.934182143776955
CC1=CC(C[NH3+])=C([O-])O1,5.072744014714425
OC1CC2C3CC1C23O,8.434277067782538
C1CN1C1C2C3OC2C13,8.184273531708996
CCC1CC(C)=CCO1,7.054924611227416
CC1N2CC2C11COC1,8.187320664480481
Cc1c2c(cno2)on1,5.654405922474794
O=CC1CCCOC1,6.053458217657664
c1cnc([nH]1)C(=O)C=O,3.9563779580158673
CC#CC#CCC1CO1,6.209091182888762
CC#CC1OCC1C#N,7.2373953873091565
Cc1c(ncnc1O)O,5.6414432609339205
O=C1OCCC2NC12,6.942458629997523
O=CCC1CC1CC#N,6.254606595251933
CN1C2CC1C(=O)C=C2,4.892358910254071
CC(C#C)C1COC1=O,7.543758613368003
CC(O)(CO)C#CC#N,6.436889330714781
CC1CC1C(O)C(C)=O,6.226679957396107
CC1(CC(O1)C#C)C#N,7.354860985911039
CC(=O)c1c(cno1)N,4.8783007853885225
CC1CC(CO)C2CC12,8.924567519792493
OCC12OCC1C1CC21,8.220296987734113
NC1=COC(=N)C(N)=N1,4.527174522681617
c1cncc2c1CCO2,5.875910098284236
CC1CC1C1(O)CC1C,8.533856533242938
OC12CC3C(NC13)C2=O,6.2415203276343565
CN=C1OC2COCC12,7.31735308120527
CC1CC2CC(=O)C2O1,5.7235842237039956
CCC12CC(C1)OC2C,8.671323187924811
Cc1ccc(oc1=O)O,4.647054371789376
c1c([nH]c(n1)NC=O)N,5.611678695930396
CC1C2C3C2C2(CC2)C13,8.885342458712628
CCC1(COC1)C#CC,7.716842875250114
C1C(=O)C=CC12COC2,5.0938178633618465
CC12COC3CC1CC23,8.924904167703154
N=C1OCC23CC(N2)C13,7.120535470762062
CC(=N)OC1CCOC1,7.5360251707654164
CC1(O)C(=N)NCC1=O,5.3064418187698355
CC1=NC2COCC2O1,7.150361907891742
OCC1(O)C2CC1C=C2,6.616277824174484
CC(=O)C1CC1(C)C=O,5.776881281323109
C#CC12OC1CC1OC21,7.134483510424887
CNC1CCC1(O)C#N,7.130030700054892
NC1=CNC(O)=NC1=N,5.07000768184508
NC1CC(CO)OC1=O,7.057174041854017
C1C(=CC(=O)C1=O)CO,3.8775494957321848
ON=C1CC2(O)CNC12,6.380269362949951
O=C1OC2C3CNC1C23,6.650279481089844
CCC(=O)C(O)C#C,6.142458187851262
CC(CCO)C1COC1,8.583602454595932
CCC1(N)CC1(O)C#N,7.396311280780342
CC(OC(=N)C#C)C#C,6.683583197795761
Cc1cc(c(o1)OC)O,5.986063975216072
CC(C)(CC#CC#N)O,6.646320247114356
CC(NC=O)C(C)=O,5.922640730814143
CC1=CC2N3CC2(O)C13,5.522532545026109
Cc1c(con1)C(C)C,6.716620129957314
CC12CC1C1(CC1)C2O,8.500009465445238
CC(C=O)C1NC1(C)C,5.980952926585529
CC12CCCC1C=CC2,7.079650111982871
O=C1C2COCC1N2,5.736865656760105
CC1NC=[NH+]C1C([O-])=O,6.560703879069423
ON=C1CC=C2COC12,5.870792326428245
CC#CC(O)CC(C)C,7.947118082267263
CCC1CC2COC1C2,8.630854210936308
OC12CC1N1CC21C=O,5.615651423631646
CCC(N)(COC)C#N,7.850356452097023
CC#CC1OCC1C=O,5.846164225714312
CCN1CC(C#C)C1=O,7.005952305364781
c1cnc([nH]1)C2(CC2)O,6.556199438408291
C1N2C3C4OC3C2C1=C4,4.772670070626153
CC1=C(COC(=O)C1)C,6.6473601195835705
CC12OC3C4OC4C1C23,7.9318177597254635
CN1C2CCOC2C1=O,6.7653954116000765
O=CNC1C2C=CC1O2,6.257241936347607
CC1=CC2(CC2)OC1=N,5.881729551288366
CCC(C)C1OC1C=O,5.966034785704797
CC12CC(=O)C(O1)C=C2,5.659440185153727
C1C2OCCC3OC2C13,8.211533144151772
OC1C2CNC(=O)OC12,8.104723316332691
CC(C)CC(C)C(C)=O,6.297922928430037
CC(C=O)C(=O)C1CO1,5.511397896952874
Cc1c(c(ncn1)O)O,5.5585447121100415
OCC1C2C=CCCN12,6.462466453905308
O=C1C2C3CC4C3C2C14,5.92225103593025
CC1C2OC1C1CC2C1,8.757191493708945
COC1CCOCC1C,8.63971621341021
N=C1CC2OC(O1)C=C2,6.418835484251544
C1OC1C1CCCOC1,8.874492541331605
CN(C1CC1)C(=O)CO,7.202113604989102
N=C1NC(C=O)C1C#N,5.867004840960001
CC12OCC1CC2C#C,7.664749873562661
Cc1c(ccc(n1)O)N,5.15258174551775
CC12NC1CC(O)C2O,8.092754079675204
CC1(O)CC(O)C(=O)C1,6.0053615857147
OC12C3CC1C1(CC1)C23,8.357398079257559
CC(C#C)C1OCC1C,7.946150965079846
CC1(CC(CO)O1)C#C,7.592886757747272
CN1CC2CCC12C=O,5.2358571441857045
CCC1C(NC1=O)C#C,7.3570858596436
CC1=CC(O)C2CN2C1,6.321188946447323
C1OC11CCC2OCC12,8.708912348799501
C#CC1(CCO1)C1CN1,7.261567441784447
CCC12CCOCC1N2,8.390634575027722
CNc1ncc(o1)C#C,5.14886521063297
CC12CCCC1CO2,8.722065887666874
CN=C1OC2(C)CNC12,6.970651121238094
CC12CC1C1(C)CC21O,7.976141060690429
CC(C)CC(=O)OC=N,6.986692553188817
CCC1=CC(=O)CCN1,5.396619777429816
CC(=O)CCC(=O)N,6.052158082082714
COCC1C2CC(=O)C12,6.039423934141915
CN1C2C3NC2C3C1=O,6.533793754631186
CC1(C)CC(CCO)O1,8.620697085891367
OC1(C=O)C=CC2OC12,5.619311674068314
N=C1CC(OCO1)C#N,7.609562683203312
OC1C=CC(=N)OC1=O,5.378985524815887
CC(O)C#CC(C)O,7.688319688305984
CN1CCCC(=O)C=C1,5.00181142065341
CC1=COC=C([O-])C1=[NH2+],4.555585916369237
C1C2OC2C11COCO1,8.642243112262912
OCC1OC1C#CC=O,5.566442870841476
CC1NC(=O)C1N(C)C,6.8307391370290285
CC1OC(=O)NC1C=O,5.953446641762288
CC1(CC1)C1C(O)C1O,8.19310585850116
CC1(CN1)C1CC(=O)O1,7.403891243385424
C1COCC=C1CC=O,5.775844222573002
CNC(=O)CCC1CO1,7.432556689602978
CC(O)C1OC2CC12O,8.190530805007725
O=C1COC2C3OC3C12,5.790059217024394
CC1=CCC(=O)C12CC2,5.708646419440332
CC1C2CC1C(=O)N2,7.168490750816854
CC1CCN2N=CN=C12,7.148698422742164
Cc1c([nH]c(=O)o1)CO,6.338702919864873
N=C1OCC1(C=O)C#C,6.077579331023699
CC1(CCOCC1)C#N,8.04893706044993
CC12CN1C(=N)C2O,6.739539565687795
CC1OC1(C)CC1CC1,9.15004697221069
O=C1N2CC2CC11CN1,6.451454267564957
OC1CCC2CC3C2C13,8.709056664263922
CC(C#N)C(=N)NC=O,6.2230103948615305
OC12COC1COC2=N,7.203421617582797
C#CCCc1cnc[nH]1,6.658126427166816
OC12CC1(O)C(C2)C#C,7.429528211525684
O=C1C2CC2C1CC#N,6.204165762149434
CC1OC2(CCC2)C=C1,6.6981385765460475
CC(O)C#CCCC#N,7.7395625997270265
COCC1(CC1C)C#C,7.809069255882759
CC1=COC(=N)N=C1N,4.674285009172277
CCCC(=O)CC(=O)N,5.739037450865963
C1C2CC3=C(NC=C3)N12,5.9236063016398575
CCC1C2C3CCC1C23,9.069564279906553
C#Cc1c(cc(o1)N)N,5.047779192416672
CC1C2NC(=O)C(O)C12,7.092874828325297
OC12CC3CC1(O)C23,8.076730569017869
CC1CCC(O)C11CC1,8.823032488570611
c1cnoc(=O)c1CO,5.00293555189055
OC1COCCC11CO1,8.535258466804194
c1[nH]c(c(n1)NC=O)O,5.432596472864146
CC1(C)C(O)C11CCO1,8.013123396419367
C1CC23C=CC4C(C24)N13,5.660358259426037
ON=C1CC(C1)OC=O,6.774590234927826
OCC(=O)C#CC1CO1,5.350738131985221
[O-]C(=O)C1CN(C1)C=[NH2+],6.418401651661404
CC1C2C3C2C2(CC2)N13,8.361647518878693
CC12OC(N)=NC1C2O,6.75570722539248
CC12CC(C)(C1)C1CC21,9.376123012099061
CC1C2(C)CC1(O)C=C2,6.5309324314661525
C1C2OCC11OCCC21,8.392506854578132
O=C1NCC2CC1C=C2,6.262580375027657
Cc1c(oc(n1)C)OC,6.390560032128711
CC(CC#C)C(O)CO,8.082123268947672
O=CCC12CC1OC2=O,6.148356232398955
CC1COC2CC1C2=O,5.702223862459074
CC12C=CC(O)C1C2O,6.3629146079442584
CC#CC1C2CC1(O)C2,7.7077310956252525
OC1C2C3C4CCC13N24,7.82406493520526
CN=C1OC(C)C1CO,7.448488281671628
CN=CNc1ccco1,5.462978176778612
OCC1C2COC12C#N,7.139831907298546
CC12OC3C1CCOC23,8.232687188871516
C1OC23CC(COC2)C13,8.324811006371192
COC1CC1(C)C1CC1,8.771074692864982
CC1C2N1C(C)(C)C2=O,5.883731786283167
CCC1(C)OC11CCC1,8.844592970189577
CCC#CC(O)C#N,7.555162414648468
C1CC11OC2CCC12,8.452259381562454
CC12CCCC(O)C1O2,8.892761690159743
[O-]C(=O)C12CC([NH2+]1)C=C2,6.0144825653800655
CC1(CCC1)C2(CC2)C,9.268613031702538
OCC12OC1C1(O)CC21,7.896773265597159
CC(CC(C)=NO)C=O,5.906139972188964
NCC1(CC(=O)O1)C#N,7.161611013628001
O=CC1C2CCCCN12,5.709440944314378
OCC1C(C#C)N1C=O,6.858487336240723
CC1C2N1C1C(C)C21O,7.600495426476366
CC1(C)CN1C1CC1O,8.037410856747835
CN1CC11CC2C(O)C12,7.972772246101048
OCC1C2OC1C21CN1,8.140097657400688
C1CC(C1)C1CCC=C1,7.069488089571575
C#CCCc1cocn1,6.690749267409619
OC12COCC1C2C#C,7.289544780422515
O=CC12CN=C3NC1C23,5.352861926879756
CC1CC(C)C=CC=C1,6.124331746312317
CC(NC1CC1O)C#N,7.24703188879889
CCC12C3C4N1C2C34O,7.3571031539649425
Cc1cc(c([nH]1)C#C)O,5.326052600518213
C#CCc1[nH]c(=O)on1,6.015948779901993
CC(C)C12CC1(C)CO2,8.298720863179831
OC12CC3C4C(C14)N3C2,8.087511228097933
OC1C2CCC1C=CC2,7.018375682605377
Cn1c2c(cn1)OCO2,6.093910550756201
CC1(CC2(C1)CCO2)C,8.488150478368073
CC1CN(C1)C(=O)C#C,6.09414075843032
C#CC1COCC=CC1,7.08015509003895
C#CC1C2CC1C2(C)C,8.280289272647549
CCc1c(cno1)C#N,5.9484526458830835
CN1CCOCC(=O)C1,5.441883509918748
COC(C)CC#CCO,7.728967694932254
C1C2CC34CC3(OC4)C12,8.1412244560247
CC1CCCC1(C)C#C,8.250291124940635
COC1C2C3OC3(C)C12,8.07364599577138
CC1=CC(=O)CC2CC12,5.297036556865098
[NH2+]=C1NC[C-](C=O)C1=O,4.414481955151268
CC1(O)COC2CC12O,8.021611766934818
CC1N=COC(=O)C1C,6.7149472297292085
CN=CNc1cnoc1,5.597526686970025
OC1C2CCCCC12,8.654788030978823
CC(C)CCC1(CC1)O,8.829237103600025
CC1C2C3CC=C1C23O,5.514618437191414
CC(=O)CCC(O)C=O,5.782603658717631
CC(=N)OC(C#C)C#C,7.2518711547055155
CC1(CC(N)=O)CC1O,7.418513574845653
C1C23CC=CC12C1OC31,6.066867449773625
C1C2C1C1CCC2CC1,9.511736985193663
COC(C)CC(=O)OC,7.198760073321784
OC(C=O)C1C2CC1O2,5.752251744315606
CC12C3CN1C3C21CN1,7.93841903216767
CN(C)C(=O)CCOC,7.294556031641975
CC1(N)C(CO)OC1=O,6.877728871617788
CC1(COC=N)COC1,7.454865407619192
CC(CCC#N)C(C)=O,6.4025218321616375
CC(C#N)C1=NOC=C1,6.831156627528138
COC1=NC2CC2(C)N1,6.946915987402304
O=CC1C2OC2C1C=O,5.64290652571359
CC1OC(CO)OC1=N,7.749622368709818
CC12CN3C4C1C2C34C,7.979007886401348
CC1(O)CC2C=CCC12,6.8940525338348495
Cn1cnc(c1N)CO,6.094128969013419
C1CC(C1)NC(=N)C=O,4.635482924190188
O=CCC1CN1CC#C,5.8477253768798745
CC(=O)c1c(cc[nH]1)N,4.91992674982297
O=CNCC1CCC1=O,5.966624237132598
NC1C(COC1=O)C#N,7.016458638896283
CC1CC=CC2CC12O,6.8038664787442125
O=C1NC=CCC1C#C,5.956565115986544
CC1OC2(CC12)C1CO1,8.468264799536117
OC12CC(NC1=O)C=C2,5.838801034227491
O1C2C3C4C5C4C(C23)C15,8.056518217415237
CC1CC(C1)NCC#N,7.461356951994993
Cc1c[nH]c2c1ocn2,5.568622412870635
CCC12CC=CC1C2C,6.704589272662391
CCCN1CCC1C#N,7.091398669450773
CCC12OC(=O)C1C2C,7.425401816133738
CC1=C(C)C(=N)N=NO1,4.791639190234354
C1CC11C2C3OC1OC23,8.354508894465898
OCC1(CC=CC1)C#C,7.206093868262402
C1C2N1CC1=C2C=CO1,6.087506604231863
CCC1(CC1C#C)OC,7.791993492831602
OC12CC(C1)CC21CN1,8.420321583904443
OC1CC1(O)COC=N,7.36725320687173
O=C1CNC11CCOC1,5.485744223515912
CC(CO)C1CN2CC12,8.106728347739184
CC(=O)NCCC#C,7.479475380233074
CC(O)CCC1(O)CC1,8.777711480560233
CC(=O)OCC1(CC1)O,7.497355808099355
CC(=O)CC(C)(C)OC,6.249957669717412
CC1CC(C)(C=O)C=C1,5.921021273761551
CN1CC1C1CC(=O)N1,7.007649944766379
C#Cc1cc([nH]c1)CO,5.74769291761179
C#CC1CC11OCC=C1,6.368732820408064
Cc1cc(=O)cc([nH]1)N,5.446262097183929
CC(C)NC(=O)CCO,7.45193226886067
CC1NCC(=O)C2OC12,5.588347812189098
C1CC(=NO)C=C1C=O,4.749090290361072
CC12CC1C(O)CC2=O,6.062683443286465
OCC(C#C)C#CC=O,5.4947668612691
Cc1cc(no1)C(=O)C,5.3655858116566435
c1c(c(c([nH]1)O)C#N)O,5.4897795301907095
Cc1cc(oc1C)NC,5.910580774960954
CC1OC2(C)CCC12O,8.29595667590851
OCC1C2CC1(O2)C#N,7.391733802302565
OC12CN3CC1C23C#N,6.8538212092460675
CC(C)C1(O)CC2NC12,8.207802723045885
C#CC12CC3CC1OC23,7.357481925622478
CC(C)Oc1ccco1,6.236424194700478
OCCC1OCC2CC12,8.583235601405411
CN=C1OC2C(C#C)C12,6.55896601417215
NC1C2NC2COC1=O,6.889753506992947
CC1=CNCC(O)C1=O,5.2819621058412265
CC1=NCCNC(=O)N1,6.579658404871343
CC1C=C2COC2C1O,6.4498716308656165
CC(=O)N1C2CC1C2O,6.845154716468624
CCN(C=N)C(=O)OC,6.890032268245228
CC1CC2OCC(C)=C12,6.455889635867615
N#CCC1CC2OCC12,8.01908697168379
CC#CC1N2CC1(C)C2,7.106636473266016
C1OC1C1CC2COC12,8.638719685714717
OC1C(=O)C2NC2C1=O,4.8696188206451385
NC(=O)C1C2NC2C1O,7.077151411827906
CC1C(OC1=N)C1CC1,7.830023551150533
OC1CCCC2CCC12,8.838276328947867
CC(CCC(N)=O)C#N,7.369777202438307
C1C23COC12CCOC3,8.168259530527372
O=C1CN2C3COC3C12,5.441939597932021
C#CC1(CC1)NCC=O,5.836228038842446
CC1CC1(CC#C)C=O,6.043039887573403
OC1CC2OC12C1CO1,8.389351816539403
CC1C2C3NC3C12C=O,5.849032852359669
CC(=O)C(C#C)N1CC1,5.752941139112677
C1C2OCC3COC1C23,8.501263986326814
CC1C2N(C=O)C1C2=O,6.02244149393391
CC1OC2C1=CCC2=O,5.57677014005856
CCC(CC1CO1)C#C,8.449914237703293
N#CC1OC2C=CCC12,6.667307411579205
Cn1cnc(nc1=O)N,5.012414562436014
CCC(C)NC(=N)C=O,4.595647824756745
CC1=C(OC=N)ON=N1,5.474859912066135
O=C1CC2(CC1N2)C#C,5.863177736892981
CC1(C(=O)C2(O1)CC2)C,5.885842064587751
CC(O)(C#C)C(=O)C#N,5.143277638043554
O=C1CC2C3COC1C23,5.6883085102048945
O=CC12C3COC1CN23,5.6145105548731715
CC1CCC11CC1C=O,6.013221431025414
CCC(CC(N)=O)OC,7.451041705608323
CCC1(C)C(O)C1C#C,7.761085028178475
CC12CC3CC(=O)N1C23,6.516157455144293
CC1(C)CCCC(=N)O1,7.741456017590473
CC(=O)C12NC1CC=C2,5.5694476760265434
NC(C#N)C1OCC1O,7.2808320694026385
O=C1CC2NC11CNC21,5.610803369750419
CC(=N)Nc1ccon1,5.8522412493797535
C1C2C=CC11CCCC21,6.673227964861504
CC12CC1(C#C)C(O)C2,7.593262301366326
C#CCC1=CCC(=O)C1,5.9246722033749215
CN1CC2(C)C3C1CN23,7.538262159577479
O=CC1COC(C=O)=N1,4.842066113027435
OCC1CC(O)(C1)C#N,7.838494731859461
CC1COC(=O)CC1C,7.547796308668422
CC1(COC(=O)CN1)C,6.831200270279002
OC1C(C=O)C1(O)C#C,5.6919184162317435
CC1CC2(OC12)C1CN1,8.501922786499009
CC1CC2(C)C(C)OC12,8.477106458492113
CC(=O)CNC(=O)CO,5.899908694225702
CC(CO)(C#C)C1CC1,8.347148480069402
OCC12CC1C1NC1C2,8.245818265856482
CC1(C)CC(O)C(=O)C1,6.011569896188173
CC(NC=O)C1NC1C,7.393844048572801
NC(=O)C1CC2OC2C1,7.369612751189533
CCC12CC1(CO2)OC,8.162780568716272
CC1C(OC=N)C2CN12,7.1750553117217155
O=C1CNC2CC12C#C,5.55481797614657
CC#CCCC(C)C=O,5.989821986016022
CC(=N)Nc1cnno1,5.582949611813173
OC1C2NC2C11CN1,7.98142535525605
C1C2OCOC3CC12C3,8.712433458875399
CCC(C#C)C(O)C#N,7.826168434248766
CC1C2CC2CC11CC1,9.11309518319688
OC1C2CCCC1C=C2,6.976144966807455
N=C1NC(=O)CN1C=O,5.891852644915978
CC1(C)NC(=O)OC1=N,7.223110097972109
CC1C(=O)C(C)C11CC1,6.015110610738778
CC1(C)CCCC1(C)O,8.706670104812755
CC1CCCCCCO1,8.783282314889686
COC(C)C1(CO1)C=O,5.914949913327604
CCC1C(C)CN1C=O,7.0986560935714555
N=C(OC=O)C1CC1,6.638256679697023
C1OCC2C3C4C3C2C14,8.582639631725973
CC1(O)CCOC1C#N,7.695634075287494
C1C=CC2OCCOC12,6.802411903923122
[NH3+]CC1(CC1)C([O-])=O,7.2876929726416915
CN=C1OC2CC1C2O,7.232757877023807
CN1CC(=O)C(C)(O)C1,5.450998208516813
CC1CC(=O)CN=CO1,5.852382449277035
OCC12OC1CC=C2,6.697364229606736
CC#CC12CC3C(C1)N23,7.149550458924486
CC1OCC(=O)OC1C,7.176274417345824
C1C2C3OC4CN(C13)C24,8.103846380248292
CC12NC1(C)C1(C)OC21,8.03590532520539
COC(C)C1OC1C#C,7.568848891430317
c1cc(cc(c1)O)CO,5.85834711031958
CC12C3N4CC1C4C23O,7.453645766888391
OCC(O)C12CC(C1)C2,8.717874708600924
CC#CCc1cc[nH]c1,6.481586680315276
CC1CCNC(=O)CC1,7.351268506489413
CC1C(O)C(C)C1(C)C,8.476730940591048
CC1C(C)C11CC(C)O1,8.347149871184008
CCC1(NC1CO)C#N,7.589110918633568
CC12COC1(C)CO2,8.227754598192503
c1c(con1)C2CC2,6.565748601575949
CC1CCCOC(C)=N1,7.111333872655201
OC1CCC1COC=N,7.6079662009118705
CNC(=O)CC#CC#N,6.412351752565207
NC(=O)C12OC1CC2=O,5.091266429290323
CC1C(C)(C)C11CCO1,8.272829710616424
CC1OC(C(C)=O)C1=O,5.292016151247761
CC1CN(C1)CC(=O)C,5.785062180605445
CC12C(O)C1C1CC2C1,8.651173657750201
CC1(OCC=C1)C1CN1,6.674421693432428
O=C1CCN2CC2C1,5.782621358863581
NC1=NC(O)=CC(=N)O1,5.239035235968505
CCC1CC(C)C(=N)O1,7.80368749189128
CC1CC(C=O)C=C1C,5.785663208578839
CC(C#C)C1=CNC=C1,6.33842058802918
C1CC2C1C1CCOC21,8.454280831138991
CCC(=O)n1nccn1,5.758376675686998
OC1C2CC(O)C12C#N,7.456772374608754
C1CN2CCCN=C2O1,6.914715465461678
CCCC(O)C(=O)CO,6.317821802592905
CC1C(=O)OC1(C)C=O,5.992437059603208
NC1=C(OC=N1)C1CN1,5.775922588294949
O=C1C=CC2CN2C1=O,4.368015553316023
C1C2C3OC4CC3C2C14,8.618621309473045
N#CC1CCCC11CC1,8.655157133985444
CCC#CC(C=O)C=O,5.5983149692304
CC(C)(C)C1(CC1)C#C,7.924654710811902
O=C1OCC2OC2C=C1,5.888742832397847
OC1(CC1)CC1OC1,8.895559951656619
Cc1cc(cnc1)OC,5.732786122340173
CCC1(COC=O)CN1,7.32227536550646
OC1(C#N)C2C3NC1C23,7.116941756372584
COC1(CO)CCC1C,8.617559290867906
N#CC12CC1OC1CC21,7.512831663328665
C1CN1c2[nH]nc(n2)O,6.692064604325795
NC1(CC1N1CC1)C#N,7.2759140020941
COC(C=O)C(C)(C)O,5.9107512276919065
CC(CC=O)C1COC1,6.095198063222589
CC12CC(O1)C(=C2)C#N,5.931526684830777
CC1C2N3CC1C23C=O,5.861404790245153
CC12CC3C1N3CCC2,8.360717695748873
COC1C2CC1OC2,8.610654285823818
CC1CC2(CCO2)CO1,8.551856230798212
[O-]C(=O)C12CC1NC2=[NH2+],6.55795026131956
CN1CCC(=CC1=O)N,5.6910009690093615
OC12CC1C1OC1CC2,8.741493898641277
COC12CC1N1CC21C,8.057930108869797
CC1C(OC1=O)C1CC1,7.659889198599098
CCC1OC2C(O)C2O1,8.419246102931092
O=C1CC2CCC3C2N13,6.5451876512105205
N=C1CC(CC#C)O1,7.791928748659042
C#Cc1c(oc(n1)N)N,5.1336702094549205
CC1OCC2C(C=O)C12,5.923034575788494
O=C1NCC2COC1O2,7.075491812461796
CNc1cnnoc1=O,4.549248914577615
CN1C=C[C-](C#N)C1=[NH2+],5.27009176392098
CCC1(C)OCC2CC12,8.559548851127552
CC1(CC=O)NC1C#N,5.971145185326902
CN1C2C1C1(O)CC21C,7.483947323054591
COc1c(cc([nH]1)N)O,6.118530436449405
CC(C#N)C1(O)CC1O,7.967279559456102
Cc1nc(no1)CC#N,6.6175983774812455
CC1COC2CC2OC1,8.65352378832919
CC12OC3CC1C2(C)O3,8.40310365764292
C1NC11CC2OCC12,8.318716365711547
CNC12CNC1C2C#N,6.701109910135439
OC(C=O)C12CC1OC2,5.69689489159396
COCC1CC(=O)C1,6.1064637708562755
C1OC2C=CCC3NC123,6.6333498935964395
CC(CCC=O)C1CC1,6.2657657491184775
CCC1NC11COC1C,8.336133197169914
CC1(CCC11CC1)C#C,8.012481780084837
CCCc1cnon1,6.854942092032927
CCC12C3C4C(CC14)N23,8.364418948832203
C1C2CN1C1=C2C=CO1,5.8612948494130235
COCC(C)C(O)C=O,6.107397719446288
CC1NC1C#CC1CN1,7.093074623867674
OC12C3C1C1CC3C2=C1,4.928742786516718
CC(=O)c1conc1N,5.102823317111552
C1C2CC=CC3NC3C12,6.650081266299959
CC1(CN1C(=O)OC)C,7.837890124758929
CN(C=O)C1CCOC1,7.197746377152357
CC12CC1CCC2(C)C,8.960042020992901
c1c(nc(o1)CC=O)N,5.111837094999425
CC1CC(C)C11COC1,8.50173956898033
CN=C1OC2CCC1C2,7.439695023989139
CC(CC=O)CN1CC1,5.931741127783374
N#CC1CC2CCN2C1,7.237628006140949
CC1C2C=CC(O)C12C,6.509316511829224
CCCC(O)CCC=O,6.221071739419589
CCCc1nc(no1)N,6.448192698351191
CC1CC=C(C1)NC=O,6.302849955491672
COc1cncnc1N,5.273437974471145
OC1CC11COC2CC12,8.299727721909886
OC1CC(OC=N)C1=O,5.806749793548256
CC1(CO)CC(O1)C=O,5.853830227577299
CN=C1OCC2CC1C2,7.4274317510804595
OCC12CN1CCC2O,7.999431533325493
CC1(OC1C=O)C1CO1,5.972957620056307
CC(C)c1nccn1C,6.780290920961091
CC#CC1N=CNC1=N,5.8661070433035505
COC(C=O)C#CC=O,5.352938397812295
CC#CC1(CN1)C=O,5.77983481299613
CN1CC2(O)C1C2(C)C,7.371310803842903
OC12COC1CCCC2,8.355479922815242
OC1CNC1(C=O)C#C,5.540372588261917
COC1(C)CC(=O)C1O,5.85901734666526
O=C1OC2C3N4CC13C24,6.304415755354711
C1C2COC=NC1C=C2,6.382063893569434
CC1N2CC3(CC3)C12C,8.370454230307432
O=COC1CC2NC12,7.195933974224683
c1cc(c(nc1)C=O)N,4.4647599906637225
CC1CNC2C1OC2=N,6.933255275542596
ON=C1CC2C(C=O)C12,5.7912947649850945
C1C2N1CC21COC1,8.146319948387653
CC1C(O)C2C(O)CN12,7.620203574918456
CC1C(C)C(C)(C)C1=O,5.93206067784176
CNC(=O)C(C)C(N)=O,6.426329605486196
CC1=CC2(CN2)CC1=O,5.194158694091188
OC1C(C#C)C1(O)C#C,6.791740435300948
CC(C)c1ncc(o1)N,6.159772702713278
CC#CC(C)(O)CCO,7.806360451819504
CC1(C)CC2CCC2C1,9.300608746695488
COCCC1(CC1)C#N,8.168859814125486
CC1CNC2=C1C=NN2,6.064605515375157
CCCCc1cc[nH]n1,7.133528062948901
OCC1C2NC1C2C#N,7.284307066015843
CN(CCCO)CC=O,5.697745052152349
CCC1COCCC1=O,6.035413411075147
Cc1conc1C(=O)N,5.6182116630903645
CC(=NO)C1(CC1)CO,6.739909606889718
CC1(CN1)C1=COC=N1,6.344961600964236
CC1CC1(CCO)C#N,8.19903154631666
O=C1OCCCC2NC12,6.877365045423816
CCC1C(C)C1C1CC1,9.074680309327121
C1CCC(=CC1)CC=O,5.806759165047061
C#CC1COCCOC1,7.808755777270932
CC1OC2=NCCCC12,7.309870448931687
C1CC1C#CCCC#N,7.669855386560632
CCC(=O)OCC(C)O,7.655247198097694
Cc1[nH]c2c(n1)con2,5.672769228543419
CC#CC1(C)NCC1=O,5.657676326513188
OC12CC(=O)C1C2C=O,5.660701393595139
CC(C)C1(CC(=O)C1)C,6.01209936793871
O=C1NC=C(O1)C1CO1,6.199437945988428
CC1C2CC1C(=O)CO2,5.790592016090271
CC1C2C(CN12)C(C)=O,5.805350512225148
CN1CC11CCCC1O,8.015768498242968
CC(O)(C#C)C(O)C#C,7.548701934807595
CCC1(O)CC2NC2C1,8.26482472885323
CC(O)C12CC1OCC2,8.304630472024586
CCOC(C#N)C(C)C,8.193015756207348
CCC(=O)NC(C)CO,7.453024595751977
CC12CC3CC1(C)C23C,8.564876771664732
O=COC1CC=CC1=O,5.207432084764872
O=CC1C2C3CCN1C23,5.651870906840225
CC1CN(C)C1(C)C#N,7.038076805123511
CC(=O)C1CCN=CO1,5.8709098638327
CCC12CC1OCO2,8.824906487519138
C1=C(C(=O)NC1=O)CO,4.8695123055034175
O=C1CC23COC2C1N3,5.535212110618196
N=COC1(CNC1)C#C,6.941027830065186
C1CCCC(CC1)C#N,8.915887752947478
CCC(=O)C#CC1CO1,5.459703155560488
OC12CCC1CC1OC21,8.77686237828877
CC1(C)CN2C3CC1C23,8.319552691604565
CC1(CO)CNC(=O)C1,7.429273225174209
OC1CNC2=C1OC=C2,5.680199471453259
CC1(CC1)OC2CCC2,8.772148871015778
O=CC1CCCC2CC12,6.033136875574097
CNC(=O)C1CC(=O)O1,6.863007467654863
CCC1C2CCCOC12,8.605041943272264
CC(=O)C1=CC2CC2C1,5.315312123495306
CC12C3C1C1OC3C21C,8.300033223643648
c1c(c2c(o1)NCC2)N,5.8065241892749135
OC1CCC2COC12,8.410215876164948
N=C1C2C3NC(=O)N1C23,6.436133652359004
Cc1c(=O)ncncn1,4.475847777564223
CCN=C1OC(C)C=C1,5.793818912834723
C1OC1C1CCC2CN12,8.449320257317897
N#CC1OC2OC1C=C2,6.640782081111613
N=C1NC2C(OC12)C#N,6.7203257141444634
CC1(C)CC11CC2NC12,8.248076676951703
CC1(CC1)N=C2CCO2,7.105650768456356
CCC12OC1(C)CC=C2,6.735354014108084
CC1OC11C2CN2C1=N,6.563141494510483
COC12C(C)C3C1OC23,8.154248762057634
CC1C2CC3N2C13C=O,5.9598661253062275
CC1CC2OC1C=C2,6.694253543339002
CC12NC(=O)OC1C2O,7.837065410108475
NC1=C2CCN2C(=O)O1,6.096380685333522
C1CCOC(=O)COC1,7.045434680371061
OC1(CNC1C=O)C#C,5.60129938966399
O=C1CC2NC3C2NC13,5.490588219083543
CC12C=CC3CC1C23C,5.995667516789294
CC12COCC=CC1N2,6.6247520968519495
OC12CC3C1N3C21CC1,8.048527365077877
CC1CC11CC(=N)O1,7.591483912366182
CC1CCC1(CO)C#N,8.280237750267686
CC(O)C1CC(=O)C1C,6.016233895654268
CC(C)CC(O)CC=O,6.163291584052714
CC1(C)CC2N=COC12,7.230147064784863
CC1OCC(C)C(C)=C1,6.92930102325891
C1OC23CC4OC2CC134,7.894633091244995
O=COC1C2C3CN3C12,6.747415319186641
C1C2OCC3=CCN1C23,5.875684164141526
CCC1=CCN(C1)C=O,6.389275626484841
CC(=O)N1CCC2CC12,6.971508639712242
COC(C)C(C)(C)C#N,8.237029323464315
OCC12CC1CC(=O)C2,6.156901798591739
CC(=O)CCCC1CC1,6.394423999188341
C1CC2NC2C=CC=C1,5.44872319741142
CC1C23CCC12OCO3,8.149454774580702
CCC1(CCO)CC1C,9.00418745500786
CC1C2OC1(C#N)C2N,7.002623748261231
CC12NC1C(O)C1NC21,7.827321415698629
CCC12COC1C2C#N,7.576651074285797
CN1CC1C1(CC1)C#N,7.010129076335659
CC12CC(O)C1OCO2,8.453966606352624
CC12CC=CC3OC1C23,6.49367967099138
C1C2N1CC21CCCO1,8.083999764802902
COCC(O)(CO)C#N,7.650959303568216
CC1(C)CC(C=C1)C#N,7.118186238786559
OCC#CC(C=O)C#C,5.793848304527078
CC1(CO1)C1COC1=O,7.388702334041412
CC12CCC1N2C(N)=O,7.578900187204007
C1C2OCOC3CC2C13,8.667787810384787
O=CC1C2CC(C#C)N12,5.652436948500221
CN1CC2(O)CC=CC12,6.353557113959692
CNC1CC1(C#C)C#N,6.888417964640562
OC1C2N3CC3CC12O,7.7736685483569605
CC1N(C)C11C2CC1O2,8.246695259631814
CC1(O)C2OC3CC2C13,8.318843416550205
OC12C3C=CN(C13)C2=N,5.411329775928273
C1CC2(CC2)CCOC1,8.741791761031337
CC1(COCO1)C1CO1,8.995630276334861
C#CCc1c[nH]nc1N,6.178322115577131
CN1CC1CC(C)=O,5.819778457306144
CCN=C1OC(C)C1N,7.232501235671794
CC12CC3C1CCC23O,8.71022024085146
OCC12CCC1OC2=N,7.50626133365337
CC1C2CC(=NO)C12C,6.671107289679599
C1OC2C3NC3C2=C1,5.940168090202256
COC1C2NC2(C)C1C,8.262850354970043
C1CC(O1)C1OCC=C1,6.71935116140629
N=COC1CC2(CO2)C1,7.611416840141473
OC1CC23COC2C1O3,7.906834186401163
CC(CC#C)(CO)CO,8.156594469105148
C1C2COC3CN1C23,8.035493384904418
OC1CC11NC(=O)C1O,6.9610532397778
CC1C=CC2C3OC3C12,6.740718157141389
COC12C3CC1CC23O,8.138614419645506
CC1(C)NC11CCC=C1,6.6336287586543214
O=CNC1CC=CC1,6.739635603284181
CC1=CC(=N)OC1(C)C,6.245966495288027
CC1COCC=C1C#N,6.212572192796107
OC1CC2OC1CCO2,8.68865129536907
OC1C2OC1C2CC#C,7.646281027031414
C1OC2C1C21CC2OC12,8.191239062429911
C#CC1=C2COC2CC1,5.538984773920045
COC(=O)C(C)C(N)=O,6.599044727514924
N#CC12CC(C1)CO2,7.6687166912843
C1CC11N2C3CC=C1C23,4.770745158137234
COCc1c(nco1)O,6.164798633961774
CCc1c(c(co1)N)C,6.074209955704014
COCC(O)CC#C,8.090249045585674
Cc1cccc(=O)cc1,4.395498319703494
CC(O)C(C)C(C)=NO,6.98566730517428
CC1(O)CN2CCC12,7.944722336560649
C1C2NC3=CC=NN3C12,6.16817528695368
CCC(OC=N)C#C,7.608285267502574
CC(C)Nc1conn1,5.567933950462452
c1cc2c(nc1)CCO2,5.754137134848364
OCC1OC11CC2CC12,8.729174318512392
CC1CC2(CN2)C(=O)N1,6.893861889731185
Cc1c(c(no1)N)CO,6.1217015321205475
OCC1CC23CC(C2)C13,8.910918046355759
CC1C=C2COC3C1C23,5.934418678377451
CCOCC(C)(C)C#C,8.317041402625607
CC1=CC(=O)[CH-]OC1=[NH2+],4.797713150036107
CC1=CCOCCOC1,6.7000212263521375
Cc1cc(no1)CO,6.664634273454471
Cc1cc(=O)c(co1)C,5.055671575607839
CC1C2CC=CC(=O)N12,5.5028070889760405
CC1CN(C=O)C=C1C,6.02610956656491
OC1CN(C=N)C(=O)C1,6.304149555892599
CN1C(=N)NN=C1C=O,4.686507408375866
CC1=CNC(=O)OCC1,6.220162542526236
[O-]C(=O)C1[NH+]=CN2CC12,6.502887319560617
O=C1CC2OC12CC#C,5.801107100537951
CC1NC=C(C=O)C1C,5.098865293586645
c1c2c(on1)CC(=O)C2,5.526030330664126
Cn1cnc2c1COC2,6.567409663486126
CCCC1COCC=C1,7.002027859630216
CC(CO)C#CC(N)=O,6.390841751482839
CN(C)CC(CO)C#N,7.058869966846622
C#CCOc1cnoc1,6.228253000120465
COC(C)C1(C)CCO1,8.587140114070866
N=C1C=CON=C1C=O,4.685196203180627
COC1OC(=O)C2NC12,6.8657827128715185
CCC1(C#C)C2CCC12,7.712993630564661
c1c(c([nH]c1N)O)C=O,4.584003909458577
CCOC(COC)C#N,7.951571179019831
CC1CC2(CC12O)C=O,5.933494214026643
C1CC2COCC2C1,8.83085134009161
OCC(C1CN1)N1CC1,8.080958227493367
OC12C=CCC3C1OC23,6.422590292504037
OCC1NCCCC1=O,5.7220009609647
N#CCC1OCC11CN1,7.625509268449556
CCC12CC1(CC2)C=O,5.982646747273627
CC1COCC2CN2C1,8.260801928729032
CC12C(O)C1COC2=O,7.241809098421434
CCC1(CC#N)CC1C,8.67404848442891
CCC12CC1(CC)OC2,8.257148513568671
CC(CCOC=N)C=O,6.102885133517753
CC(OC1CC1)C#N,8.051097060954676
CCCc1conc1O,6.462124365677029
Cc1cc(c([nH]1)N)C#C,5.311142322307282
CC(CC#N)OC(N)=O,8.240504750968176
O=C1CCC2CC3C1N23,5.819810307175841
CC1C2OC2C2OCC12,8.470269528132661
NC12C3NC3C1C2C#N,6.7194604392081
O=C1OC2CC=CC2=C1,5.325618565415222
OC12CC1(O)C1(CC1)C2,8.147273459256136
COCCN=COC=O,6.468356199169697
CC12CN1C(=O)C2O,6.6199626492954575
C1CC12CNC(=O)CO2,7.085519500587233
CC1CNC1(C#N)C#N,6.951021652990005
CNC1(C)C(O)C1C#N,7.1601077251473235
CC12CC3(C)C=CC1N23,5.995258826749811
OC1=CC=CN=CC1=N,4.286194064052191
CC1(C)OC1(C)C=O,5.955497414718029
OCC1CC1(O)CC#N,7.928768475915739
O=CC1C2CC2C2CC12,5.983428469876077
CC#CCC1CCC1C,8.204650345109137
Cc1nc2c(o1)nc[nH]2,5.613348566527837
CC12CC3C1C1(CC1)N23,8.553874553023824
CC#CC12CC1CC2O,7.566696147635965
CC1CC2N=CNC2=N1,5.922045461526468
CC1C2C3C(O)C3CN12,7.676762035177319
C#Cc1cocc1CO,5.759645314944987
CC1=C(COC1)CCO,6.6760142881984175
C1C(CO1)CNCC#N,7.221282657598503
OC12CC3=CCOC1C23,5.703207650430169
CC12NC1CCC2=NO,6.453602603171151
[NH3+]C1(CCC=C1)C([O-])=O,6.330073795866378
O=C1CCNC(C1)C#N,5.754260882065538
CC(C)C12CC(C1)OC2,8.614851827735711
O=CNC1C2COCC12,7.169153198121986
OCC1COC2COC12,8.365909908887803
CC1C2C(O)C1C21CC1,8.871354116209947
CN=C1C=CC(=O)N1C,4.82929512881094
COCC1=COC(=N)O1,6.429205325341026
Cc1cc(oc1)N2CC2,6.075278855891581
CCC1(C)C(O)C1CO,8.244813270028667
CC1(CO)OC11CCC1,8.722106081802089
O=C1NC2CC2CCO1,7.947437126435679
CN1CC2OC3C2CC13,7.869267542393236
CC1=CC(O)(CC1)C=O,5.561283094888813
CC12CC1C1CC(C1)O2,8.696852233688904
CCC(OC1CC1)C=O,6.009694459107018
CCOC1(CC)CC1O,8.460399894084116
O=CC1NC1(C=O)C=O,5.424563178110414
CC1(C)CCC1(C)CO,8.861612594733105
CC12CC1CC1CCC21,9.108107843069083
CC#Cc1cn(nn1)C,5.830203139885355
[NH3+]CC(O)C#CC([O-])=O,6.34389360844964
CCC1(C)C2OC2C1=O,5.855457481181955
CC#CC1CC2C(C)C12,7.79162092936333
CC12NCC1(C#N)C2N,6.779173091794614
CC1(CC1O)C1CCO1,8.30816901642858
OC1C(=O)C2C3CC12O3,6.022922344509859
O=C1CC2C3CC3C2N1,7.275212002658022
CC1OC2(COC12)C#N,7.165757560449124
OCCC1CC2(O)CC12,8.678512081597205
COC(=O)C#CC1CC1,6.392265703929226
CC1C(C#C)N(C)C1=O,7.0657544678819555
CCC1OC(=O)OC1=N,7.4991526249415985
CC1=CCOC1(C)CO,6.865602907787062
OC1CC1(OC=N)C#N,7.234971614444392
CNc1cc(oc1)NC,5.802857290842428
CN1CCCCC1=O,7.227140553906809
CC1C2CN1C2C(N)=O,6.769737929584732
C1C2NC1C1=C2OC=N1,6.124642574359739
OC12CC1C1NC2C1=O,6.200545054850443
NC1=NC(C#C)C(=O)C1,5.451852551220367
O=CC1CCC11CC1,6.035330650125899
CCC(C)C1CC1CO,9.093772477300371
CC1C2OCC3CN1C23,7.9017644645333505
OC12CN=C3OCC1C23,6.354998823015631
N=C1CCNCC(=O)O1,6.470277816873876
CC1CC2C(CCO)N12,8.104124200673814
CN1CCC2CC2C1=O,7.060266657719806
CC(OC=N)C#CC#N,6.307954201564732
CC1OCC(CO1)C#C,7.998147505678652
CC1(CO1)C1OCCO1,9.000178848852991
N=C1OC2CC12OC=O,6.872549536764263
CC(O)C12CC1CC2,8.753029532613443
Cc1c(ncoc1=O)O,4.895843441224139
CC1=CC(=[NH2+])C([O-])=CO1,4.517733392641311
OC1C(CC11CO1)C#N,7.684750832193299
OC1CC2CN2C1C#C,7.252852535434827
COC1CC2C3OC1C23,8.34180622625409
O=C1CC2CC1C=CC2,5.87936951669963
CC12OC1C1(C)CC2O1,8.596637346199838
CC1NC11CCC(=O)C1,5.995637116137111
CCc1cnccc1O,5.9412798884541544
CC12OC1C(=O)CC2=O,4.961351204556897
CC12CC1(C)CC(=O)C2,6.049006486900852
C1CC(C1)OC2CCC2,8.71798145315959
O=C1C2NC2C1CC#N,5.8095456421786
CC1C(C#CC=O)N1C,5.0883518200432345
NC(=O)C12OC1CC=C2,6.000892705531262
Cc1c(c[nH]c1O)C#C,5.476049212553951
CCc1c(cc(o1)C)C,6.299591527448008
Cc1c(onn1)C2CC2,5.877976220471883
NC(=O)C1CCOC1=O,6.836414322848261
C#CCC1C2CCCC12,8.247061137706217
CC(=O)CCC1COC1,6.279397692647073
C1NC1C12CC(C1)O2,8.313808717942587
CC1=CC(=O)C2CC1O2,5.358182239033453
O=CCC1(CC#N)CN1,6.03062276231688
c1c[nH]cc1OC2CC2,6.356079753737058
CCC1C2OCOC12C,8.686152762033597
CC12C3NC11CCN2C31,7.6785793565003475
OCC12C3C(O)C1CN23,8.108257865604811
CNc1coc(c1N)O,5.783056849859218
CCC#CCC#CCC,7.701435222678156
CCC(=NC)OC=O,6.608748656279005
CC#CC(C)(C=O)C#C,5.768926176143801
C1C2CC3N=COC2C13,7.1778006890445285
C(CN=COC=O)C#N,6.595021334344195
CC12CC1(C)OC(=O)N2,8.140636241876253
CC12CCOC1CC2O,8.380019353037245
CCC1OC2C(C#C)C12,7.675632820782318
C1C=CC(=O)CC1=NO,4.885636818055926
CCC12OC1C1NC21,7.715667795389438
CC12COC(CC1=O)C2,5.913630088224075
CC1(C)C2CC(CO)N12,8.048616131895098
CC1(CNC(=O)N1)C#C,7.552126962116087
OCC(=O)C12CC1OC2,5.885696726576165
CC(=O)C(=O)N1CC1,4.603240925429934
CCC1(CC(=O)C1)C#C,5.996089671913308
OCC1CC2OC(=O)C12,7.401330655036184
O=C1COC(=O)C11CN1,5.155637171366837
OCC12CC1N=COC2,7.160900413828739
C1C2CC3CCC=CC123,6.7592640575424445
[O-]C(=O)C1C2C3[NH2+]C1C23,6.905549235363322
CCC#CC1CC1(C)O,7.537374396594488
CCC1COCC1(C)C,8.681757759571672
OC12CC1(CC2)C1CO1,8.553201920378916
CC1(O)CCCC=CC1,7.277752779669285
OC(C#C)C1NC1C#N,7.3504849854332885
C1C2CC1OCCCC2,8.481556130920403
CC1(COC1=NC)C,7.479210269199945
COCC1(C)CC2OC12,8.847782059058549
CC12OCC1C2C1CO1,8.447750981882942
C#CC12CCC1CCC2,8.084350838457334
CC1CCCC(C1)=NO,6.956098632941224
OC1C2OC1C2C1CN1,8.269308850881988
CC1N2CC2(C)C1=O,5.949258973308401
O=CNCC(C#C)C#N,7.054119483901486
OC12C3CC3C1CC2=O,6.052160844577179
C#CC12CCC1OC=N2,6.973232169902751
CC1C2C3(O)CC3C12O,7.6275807780449325
CC12CC1CC2CC#C,8.185438133282004
CC12CCC(C1)C(=O)O2,7.454964292908764
CCC1NC(=O)C11CN1,6.935357340601965
CC1CC1C1CCO1,8.652013100142415
CC(=O)COCCC#N,6.305121267868778
CC1(OC2C(O)C12)C#C,7.311002626594152
C#CC1CC11COC=N1,6.8837461670484235
CC(CNC(C)=O)C#N,7.354343424191396
OC1CC(C1)C1CO1,8.89833530888182
CC1OCCC2C1N2C,8.108812559084754
COC1CC1CC1CO1,9.051239955856957
C#CCCNC(=O)N,7.644900257243437
CCc1ccc(cn1)N,5.435431528247037
OC12CN(C1)CC2C=O,5.6573180786099755
CC12CC(=O)C1(N2)C#N,5.916716629630066
CC(=O)OC1CC2OC12,7.3811546910456345
CCC1=CCN=COC1,6.370554029696101
N#CC1C2CC2C2CC12,8.016252121423776
NC12C3OC1CC23C#N,7.0684974980375
CC1OCC11CCC1O,8.231175600530438
CCC1OC(C)(C)C1=O,5.829516870364607
C1CC2OC1CC1NC21,8.234585498457847
C#CCC1=NCC(=O)O1,6.201021406819952
O=CC12CC3C(CN13)C2,5.615202286220939
CC1=CCCC(O)C=C1,5.838402340521688
CCC1CCC(C)=CC1,7.078410655553382
NC(=O)CC1CCCO1,7.426061417557388
CCC1OCC(C)C=C1,6.897283776833501
N=C1OC2C3NC=C1C23,5.478646567187126
O=C1CNC(=O)C2CC12,5.8092603862076455
CC(C)C1OCCC1O,8.46457798579098
CCc1c(=O)[nH]ncn1,4.962270767442818
CN1CC2OC(=O)CC12,6.624643800646625
CC1NC1(CCO)C#C,7.522191473461753
COC1CC2C(O)C12O,8.083218032518896
CC#CC1(C)CCC1=O,5.722771042892602
c1c(nco1)C(=O)CO,5.400394746548312
O=C1NCCC11CN1,7.089421841175889
[O-]C(=O)C1CC2C[NH+]1C2,6.961192183139377
CC1(CO)CCC1C#C,8.196911444155475
CC1OC(=O)C2CC1C2,7.46797694434663
OC(C=O)(C#N)C1CN1,5.769020194374985
CC1CC1(C=O)C(C)=O,5.694508549282569
CC1=CC(C)(O)CC1,6.902682983145365
CC1(CCO)COC1=O,7.3871869524662355
O=C1C2COC2C1C#C,5.618767467369404
OCC12CC1OC2C#N,7.399285034512027
CCC1CC2(NC12)C#C,7.307687992672373
C1C2CC1C21CCC=C1,6.874906992812452
CC#Cc1c[nH]c(n1)C,5.614241926285491
CC1(CC1)N1CC1C=O,5.723083221990637
CC1C=C(NC1=O)C=O,5.124445178820026
OC1CC11OCC2OC12,8.312291438454373
O=CC1CC2C3CN1C23,5.680804256714523
CC1=CC(C)(CO)OC1,6.797286405326154
O=C1N2CC2C11CCO1,6.3744443908639905
Cc1c(c[nH]n1)OC,6.42559148905457
CC12CC3CC1C3C=C2,6.726659993115733
COC(C#N)C#CC,7.520006888330364
NC1=CC(=O)CC1C#C,5.3692722477773165
CN1C2COC(C#N)C12,6.908066307047623
OC12C3COC(C13)C2=O,5.977825742365025
CC1CCOC(C)OC1,9.087320065758785
c1c(c(c[nH]c1=O)O)N,4.72911267401138
CC1OCC(CO)=C1,6.770789218175829
COCC12CC(O1)C2=O,6.177491757181175
CC1C(O)C2(C)COC12,8.208888107394372
CC(C)NC(=[NH2+])C([O-])=O,5.513519893238232
CC([NH3+])C#CC([O-])=O,6.495185018169541
C1C=C(CC(=O)O1)CO,6.212487580699531
C1COC=NC12COC2,7.100533658638111
c1c(c(c[nH]1)O)N2CC2,6.1403092801709525
C1OC2C3CC1CC2O3,8.5033955282794
CC1CC2=CNC(=O)N12,6.254515720642724
N#CCC1NC1CC#N,7.576661018643684
OC12CC3C(N3C1)C2=O,5.865317601637672
COC12CC1(NC2)C=O,5.636535870677793
C#CC(=O)N1CC=CC1,5.6897711958077135
CC1CCC(O)COC1,8.598537273866548
OC12COC1C1COC21,7.751619878419355
CC12CNC(=O)C1(C)N2,6.8452469749921825
N=CN1C2CCC2C1=O,6.139820244905218
CN1CCOC(=O)C=C1,5.643847063020956
COCC#CC(C)C=O,5.9285636331852425
OC1C2C1C1(CN1)C2O,7.965376483568994
C#CCC1CC=CCO1,7.216445724956522
OCC1C2CN1CC2=O,5.7216711489543925
CC1OCCC2(C)CC12,8.70000830011285
CCC(C#C)C1(C)CO1,8.271906439452009
CCC1CC2(C)CC1C2,9.56846006602094
CC1CC(=N)OC1(C)C,7.777386814387711
O=C1C2CNC1C=CC2,5.575728414227145
CN1C2CC3(CC3O)C12,7.672722281308854
c1c([nH]c(=O)[nH]1)CC=O,5.162468072790675
CC1(C#C)C(O)CC1=O,5.785523087365916
CCn1ccnc1C#N,6.194896430805822
Cn1cnc2c1noc2,5.867093643174361
C1CC=CC2(CC2)C=C1,6.342243746204719
CC1CC1(C)CCC=O,6.184067392937043
CC1NC(=O)C=CC1C,5.732181047369565
CNc1c[nH]nc1C=O,4.772807851000461
COc1ccc(o1)N,6.141663326690261
CC(=O)C(=NCC#C)N,4.971027123564339
OC1CC2(O)CCC12,8.434534148042312
ON=C1C=CC2CC1C2,5.593094968541511
NC(=O)C1CC2CC2C1,7.462675220829732
CC1(CO)CC1C1CO1,8.831256598657315
CC1C2COC1C21CC1,8.756410683337025
CC1C2NC2C11COC1,8.24211936225608
CC1(CO)C2COC12C,8.16667849322647
CC1NC(=O)C(O)C=C1,5.829449631366606
N=COC(C#C)C1CO1,7.42478071750433
OCC1CCCC=C1,7.177072988897671
O=CC1CC2(CC12)C#C,5.82597239195899
OC12CN(C1)CC21CO1,8.282747079446068
CC1CN(CC1O)C=O,7.221857241113778
CC1CC2CC1C2O,8.865225340946226
CCCN=C1OCC1O,7.2884545634451605
CCC12C(O)C1OC2=N,7.3821389229843595
CN1C2C=CC(O)C12,6.218542184669243
CC1C2C3OC1C(O)C23,8.345144791258473
CC12CN1C(C)(C2)C=O,5.791736250649577
CN=C1OC2(C)CC12N,6.878358234091005
C(CC1COC1)C1CO1,9.018217362734974
OC1(COC1=O)C1CN1,6.910606624755539
CCC(O)C#CC1CO1,7.419756963523072
COC(C)C(=O)CC=O,5.591036338236039
OC1(CC1C1CO1)C#C,7.469976617321983
CCC1(CC1C)NC=O,7.5183927954804455
C#CCNc1ccoc1,5.844447123546678
OC1(CCC(=O)C1)C#N,5.972160472722589
OCC12CC(O1)C1OC21,8.390645119980565
CC1CC2CCCC1O2,8.596991719393593
CNc1c([nH]cn1)CO,5.976969511854951
OC1CC11N=CNC1=O,6.043921510172988
C#CCC1COC=NC1,7.359544367625725
COCC(OC)C1CO1,8.96401118905741
CC(C)C1(C)CC(=N)O1,7.75749155967581
CCC1C(O)C1OC=N,7.4561588182285705
C1CC(C1)C(C=O)C=O,5.689685154454906
COC1C(C)CC1(C)O,8.598885926854713
c1coc2c1[nH]c(c2)N,5.604040397771617
CCOC1(C)CC1C#C,7.801692261927924
COC(CO)C#CC,7.736935885926435
CC12CC3(C)C1OC23C,8.41735804932658
Cc1cn2cnoc2n1,5.763443083398427
C1C(=O)CC1(CO)C=O,5.697739786902493
CC1=C(C)C(O)C2CC12,6.532732267968196
CC1NC(C=O)C1C#N,5.7080942721567265
O=C1CC2CC2N=CO1,6.550866826843235
OC1CC2(CCO2)C=C1,6.645947964765559
[O-]C(=O)C12CC(C1)[NH2+]C2,7.057924393433622
CC1C2CC(=O)C(C)C12,5.99193972682332
CC(=O)N1CC=CC1=O,5.27352924043919
CCC#CCCC1CO1,8.189456977412263
Cn1c(=O)ccnc1N,4.976011221467649
CC1OCC=C1CO,6.793563594204449
C#CC1CCC(O1)C#C,7.639236882172412
CC1C(O)C2OCC=C12,6.410795032402813
CCC1CC1(C)C1CO1,9.179104676235866
CC1C=CC2C3CC3C12,6.754389984776134
COC1CC(C1)C(N)=O,7.406372613388667
CC1CC2C3CC3C2O1,8.423842161557191
CC1(NC2CC12O)C#C,6.9748358636636025
CC1OCC2(C)CC12C,8.454823946954846
CC1C2C3C4N1C2C34C,8.134374093543803
CCNC(=O)C1NC1C,7.020829697449463
CC(O)C1(COC1)C#N,7.660711338891698
C#CCC1(CO1)C1CN1,7.682647251028091
C1C(=NO)C2(O1)COC2,6.553820096357891
Cc1cnc(=O)oc1O,4.797364789756409
O=C1CC2(CN2)C2CC12,6.084612457955078
OCC1CN2C(C#C)C12,7.168800559243678
O=C1CC2(CN2)C1C#N,5.804520664487786
CC1(C)CC2CC=CC12,6.874452667087803
O=C1CC2NC(=O)CC12,5.957163013333174
CC1(CNC(=O)CN1)C,7.247121236891058
CC1(N)C(O)C1C#N,7.424631283270175
OCC12CC(CC=C1)O2,6.683743680455032
CC(=O)C1C2CC2C1O,6.1191567842310794
CC1(CC11CCO1)C#N,7.570156899170575
OCC1=NC(=N)NC=N1,4.911977211966992
CC1C2CC3C4C(C23)N14,8.333714474853949
CC1OCC2CC=CC12,7.0109354896899205
CCC1C2OCC3C2N13,8.356852836436019
CC12C3CN3C1(C)C2O,7.759437464690587
c1nc2c(o1)C(=NC2)N,5.5521272715944665
OC1CC2CC1OCO2,8.615437754250294
CC12CC1C1COC1C2,8.65391644933241
CC(C#N)C1(C)CC1O,8.34319958036756
CC1(O)C(O)COC1=N,7.446329314518081
[O-]C(=O)C1OC2C[NH2+]C12,6.92507330286085
OC1C2OC(C=C2)C1O,6.537492767802024
NC1(C#N)C2C3CC3C12,7.033610643083681
CC1(COC1)CC#C,8.065724064997744
CC12CC3OCCC1C23,8.470283429272817
O=C1NC=C2CC=CC12,5.471255460539992
CC1CNC=CC(=O)N1,5.433508882253003
C1C2OC1C21CCCC1,8.625525549517585
Cc1ccnc(c1)O,5.860776456849101
CCOC(C)(C=O)C#C,5.855055588368847
CC1C(=O)CC=CC1=O,4.919787845316173
OCC1CC=C(CO)C1,7.0346027747684525
O=CC(C#C)C1COC1,5.799100986617958
CCC1CCC(C)C=C1,7.0986797807203725
CC1CC(C)(C)N1C=O,7.09947790055015
OC1C=CC2=C1N=CO2,4.959270284100668
CC#CCOCC#CC,7.488429642768245
CC1C(C#C)N1CC#C,6.913784010369588
COCC1=NCC(=N)N1,6.104548544738174
CN1CC(C1)(COC)O,7.913616779685013
CN=C1N(C)CC11CO1,6.333457555495395
N=C1OCC2=C1COC2,5.91303826297292
CN1CCCCCC1=O,7.178343519709551
CC(O)C#CC(O)C#N,7.462572740850917
CC1COC2=C1C=CO2,6.108452414074276
OC1CC11C2CC2C1O,8.325337539714537
O=C1CN2C1C21CCC1,5.820513669047249
CC1C2CCC1(O2)C=O,5.818718760582393
CC1C2C3OC2C13C,8.555205118735286
CC1NC(C)C1(O)C#N,7.260533250380453
CC1CCN=COC1,7.193292581615176
CN1CC1(C)C(=O)C#N,4.949573065627879
CC(=O)NC(=N)CC#C,6.142190481306668
CC#CC1C2C3CC1N23,7.301474407613678
C#CCOC12CC(C1)C2,7.839896507869965
OC1CC(C#C)C1C=O,6.011894815558518
CC(CO)(C=O)C(N)=O,5.745274370151056
CC1CC2(CO)CC12C,8.57644482165378
COC(=O)C1(CCC1)O,7.0301857312196
COC1=NC=CC(=N)O1,4.905942985680225
CN1CCN2C3CC2C13,7.621180323339834
CN=COC1CC(O)C1,7.366563619289042
c1c2c(c(co2)N)[nH]n1,5.603222071201966
CC(C#N)C1OC1C#N,7.746178627261772
O=C1OC23CC12C=CC3,6.1606067899809815
CC1C(O)CC1C(N)=O,7.3400604427623835
N#CCCN1CC1C#N,7.1900402459217085
OC1(CC=O)CC2NC12,5.988717116556257
CCC1=CC=CCC=C1,4.986841283780682
C1CN(C1=O)CC=O,5.812732443185128
CC1C2OCC(C)C12,8.583456872160736
O=CC1=CCCC11CO1,5.073566053326039
CN1CCC1C(=O)C=O,3.7569026631466915
COc1c(cco1)CO,6.318238274249109
c1c(cn[nH]1)NC2CC2,6.075332352336949
CN1CC11C2NC2C1O,7.822873158584842
CC1(CN(C1)C(=O)N)O,7.691139976175952
CC1C2CC2CC2CC12,9.106571227661306
NC(=O)C1CCC2OC12,7.347314842837766
CC(C)C(O)C1(O)CC1,8.528661300897483
CC1(C)CC1CC=O,6.139755348925743
C1OC23C4C2C2C4C32O1,7.5660967180235374
CC1(CN1)C#CCC#N,7.0886695317489155
CC1C(C)C2C3CC3C12,8.844576698878711
C1C2CC=CC3CC12C3,6.864465123640446
CC1(CC1)C(C)(C)C#C,8.193384459628033
Cc1c(noc1OC)C,6.421749424326727
CC1OCCC11CO1,8.937556814764536
C1C2C=CC11C=CCN21,5.781014771911616
OC1C(=N)N2CC12C=O,5.479478335626728
CC1COC(=N)C1(C)O,7.647723963535986
CC1CC2CC(=O)NC12,7.347742673867845
OC1C2CC=CC1C2O,6.718566109198173
CC(O)C1CC=CC1=O,5.154338704918529
CC1(N)C2CC1(O2)C#N,7.018673794802488
O=CC1CC2CC2C1,6.124103053621553
C1C2NC2C2=NNC=C12,6.288766829784979
C1C=CC(=O)N1C(=O)N,5.50931230655353
N=C1C=CN=CN1C=O,4.350465586078571
OC1CN=CN(C1)C=O,6.119978977674939
CCC1(CC1)NC(=O)C,7.442226497087243
CC1OC2CCN=C2O1,7.271644998190495
CCC1(O)CC1C(N)=O,7.343791507866714
c1c(oc(c1N)N)C=O,4.407638804869751
CCCCOCCC#C,8.293551047855026
O=C1CC2OC12C1CN1,5.704742530684923
CC1(CO)C2CC1OC2,8.413353678616078
CC1C=CC2=CON=C12,5.222525085248208
CC1C2C3CC2C13O,8.861675352398564
COC12CC3C(C1)C23,8.756626994327522
Cc1cc([nH]n1)CC#C,6.992712112774011
CNc1[nH]c(=O)ncn1,5.071068225540051
CC(C)(C)C(C)(C)C#C,8.437691691890864
CC12CNCC1(O2)C#N,6.820112980577767
OC1C2OC11CCOC21,7.8327135623654005
CC(C)C(CC=O)C#C,6.096689257229246
CC1OC11C2OC2C1C,8.44466767550772
c1c(c(c([nH]1)CO)N)O,5.766655114998514
OCC1CC(=O)C11CO1,5.735120082384257
CC1COC(C#N)C1O,7.522824272685735
OCC#CC#CC1CN1,6.076004132613746
CC(O)CC1(CO1)C=O,5.945617259971943
CN1C2CC1(C=C2)C#C,6.046057793047642
CNC1=NC(C)C2OC12,6.437946072808405
CC#CCC1COC1,8.045513778951527
O=C1CCC11NC1C#C,5.7588343708871506
CC(C)(C)C(=O)C1CC1,6.125621749241871
O=CCN1CC1C=O,5.585126773679162
OC1CC23CC(O2)C13O,7.789770976832902
Cn1c(ncn1)C2CC2,6.939602926004229
CC(C)Oc1cn[nH]n1,6.293775453843855
CC1OC(=N)OC1C#N,7.9054604488711995
N#CC12CCOCC1N2,7.396192796554042
OC12CC1CNC2C#N,7.0864642071102875
CC(C)(O)C1OC2CC12,8.225016343806205
CC(O)C1=COC=C1N,5.918104348865308
CC12COC1CCC2=O,5.857132667010779
N=COC1(CCC1)C#C,7.508792173072641
Cc1[nH]cc(n1)CC=O,5.548179764625793
CCC#CC1COCO1,7.698192297155573
O=C1CN2CCOCC12,5.431140473832925
CCCC1C(C)C1C#C,8.019313284096398
CC1C(=N)N2CC12C#N,6.669109513511031
O=C1OC2C3NC(=C1)C23,5.613948156349274
CC12CC(CC1O2)C#C,8.086087759758728
C1CC1C1C2C3OC1C23,8.51924999171399
CCC12CC1(C)CO2,8.364410122879296
CC1C(C)C(CO)C1C,8.98112666046949
OCC1NC1(C=O)C#N,5.805033111466457
CC1(NC1C1CN1)C=O,5.837768711793963
C(CO)C(C#N)(C#N)O,7.7057909404648965
N=COC1CCC2NC12,7.187053735613772
O=CC1CN1CCC#C,5.7836826794757
CC1=C(NN=C1)C1CO1,6.678349322466089
C1CC1(CO)OC(=O)N,8.376096252773221
COC(C)C#CC1CC1,7.615406731661216
CC1OC(C)C(C)=C1C,6.728719358227033
O=CCC1OC2CC2O1,6.108398482342931
CC1(C)CC(O1)C1CN1,8.441885564133393
COCC1CC=CC1C,7.089440510407639
COCC(=N)OC(C)=O,6.626010932816737
N=C1N=COC=CC1=O,4.603387529183259
O=CCCC1C2CC1C2,6.327869630595659
CCC12CC1OC(=O)O2,8.424633867478574
OC1C2CC11CC(=O)C21,6.000386806261205
CC1C(C)=CC(=O)C1=O,3.875808960275339
CC1OC(C)C1(O)CO,8.276984609531269
[NH3+]CC1NC1CC([O-])=O,7.239083567301807
CC1C2C3C4CCC13C24,8.993809584518933
COc1ncc(nn1)N,4.985604643172595
CC1CC1C1=NNN=C1,6.7344779194967295
CCCN1C2C3OC3C12,7.5240010575572045
OC1CC(O)(C#C)C1O,7.2607580207080895
OC1C2OCC(C#C)C12,7.663032330482692
OC1(CC1)C1CCC=C1,7.0102060227253595
CC12OC(=N)C1C1NC21,7.055034867069974
CC12CCCC=CC1N2,6.791402867519152
CC1(C)OC1(C)C1CN1,8.655394271225157
NC(=O)N1C2CC1C2=O,6.210105953722611
CC1C=CCC=CC1C,6.774340043510605
CC(C=O)C1COC1=N,6.0167685884384055
CC1(CO)C2C3CC2N13,8.19095087018962
O=C1CC2CCCCN12,6.973996229779615
CC1(CC1)OCCC#N,8.130117947267117
CCC1C2NC2CC1=O,5.95576826736898
CC12COC(CC1O)C2,8.429390559461217
CC1C2CC2C2OC12,8.992779013406684
C1COC(=N1)CC(=O)N,6.603811421159362
C1C=CC(N1)(C=O)C=O,5.2081924265998225
COC1OC2CC1C2,9.004102606921931
CC12CC(C1)CCC=C2,6.979427324693605
OC1CC2NC(=O)C12,7.232890032372959
O=CC(C1CN1)C1CO1,5.900302115574727
c1cc(nc(c1O)O)O,5.297177529028555
OCC1=NC(=N)C=NO1,4.851271828145707
OC12CCCC1C1NC21,8.1266021013462
OC1CC2OCC2C1O,8.263490785065285
CN1C2CC=CC1C2=O,5.495026383015877
CC1CC2(C1)NCC2=O,5.725859556969371
C1CN1C1C2C3CN2C13,7.931772646267562
OC1C2C(=O)NC12C#C,6.480868688639823
CC1CC(C)C(CO)=C1,6.994579491906679
CC(O)CC1CC(O)C1,8.806865291413295
CC(C1CCC1)C(C)=O,6.2634266073986975
O=CC(=O)C1CC2OC12,4.178132133734366
CC1CC2C(O)C(=O)C12,5.815196767388646
CC1(CC1)CNC=O,7.617941720301453
O=CC12CC(C1)N1CC21,5.859030102105374
CCC1OC2C1C2(C)C,8.413602770547172
C1OC2C1C1CC2C=C1,6.774401778970138
CCC#CC1(CC1)OC,7.461581463536332
O=CC12C3CC1CCC23,5.972298808090034
Cc1nc(n(n1)C=O)C,5.591993024959234
[NH3+][C-]1C=CC2=C1ON=N2,4.920617437331827
COC(=O)NCC1CO1,8.237636178999619
CCC1(CO)NC1C#N,7.536804936859136
CCCC1CC1(C)C#N,8.55010385411931
CC1(C)N2CC(O)C12C,7.913967382596466
c1cc(=O)nc[nH]c1=O,4.392975328985018
CC12CC1C(=O)C(N)=N2,4.6341082942245135
CC1OC2CC3C2C13,8.598972984622176
CC(=NO)C1CC1C=O,5.824878607662812
OC1C2C3CC4C(C23)C14,8.416252134147559
N=C1OC2C3NC3CC12,7.113043848064128
CC(C)(CC1CC1)C=O,6.174290584738376
CC1CN1C1=NON=C1,5.906756346930704
COC=NCC(=O)C=O,4.09955994304095
CC(=O)c1c(ocn1)N,4.836857692423267
CN=C1OC2CC2C1=O,4.785221979385181
CCC1(C)CC2OCC12,8.547354757497823
CC1C2OC3CC2C13,8.765224252289658
c1cn(c(n1)O)CC#N,6.1620527205198945
CC1C2(C)C3OC1(C)C23,8.381611839882394
CC12CC(C1)C(=O)C2O,6.170173743826756
O=C1C2CC3C4C(C23)N14,6.403060234949017
N=C1CC2CC(CO2)O1,7.639064653195758
CCC12CN(C1)CCO2,8.004272501723653
Cn1c(=O)[nH]cnc1=O,5.315305099459728
CC(=O)N1CCC(=O)C1,5.722691580610405
Cc1cc(n(c1)C)C=O,5.0537321098779495
N=C1N=CNC=C1C=O,4.447229843782034
CN1CC11CCC11CN1,8.059472713835012
CCC1CN1CCC#N,7.429566281557318
CCC(C#N)C(=O)NC,7.276419231531555
CC1(COC(=N)C1)C#C,7.645019516674104
CC1=CC2CC2(O)CC1,6.704872851864092
C1CC11CC2NC2C=C1,6.69516847849171
NC1=NCCC1(O)C=O,5.501549017459418
O=CC1=C2CC3C2N3C1,4.812363683375716
C1OC23CN(CC2)C13,7.938468753179972
C1OCC2(CC=CC2)O1,7.1560921106488
CC1(CC1)C1CN=CO1,7.324852069097929
CC1=CCC2COCC12,6.870601031458832
OC1C=CC2(CC2)C1O,6.593440727555812
CC1(C)CC1(O)CC=O,6.106787231361366
C1OC2C3CC12CCC3,8.567274368824158
CC12NC1CC2(O)C=O,5.763917490654135
C1CC(C1)CNC=O,7.650247969148687
CCCc1nccnn1,6.075827842518888
OC1CC2C(O)CC=C12,6.451768448777369
CC1(CC1)NC(=N)C#N,5.830659265541395
CC1C2CCC(=O)C12,6.02507816860965
CN1CC11CC(=O)C1O,5.573654245752658
COC1(C)CN2CCC12,8.09065549393463
CC1(CO1)C(=N)OC=O,6.605563009519114
CC1C(=O)CC11CCO1,5.810979886316711
CC12CC1C1CC2(C)O1,8.598529154492422
C1C2OC1C=CCC=C2,6.451867071719321
C1COCCC1CC#N,8.05539097654546
CC1(O)C2CC1N1CC21,8.095991103487261
O=C1NCC2(CC12)C#C,6.961188626776661
CC(C)(O)C1(CO)CN1,8.32272013201057
CNC(=O)C1(CC1)O,7.122630295274554
CN1CC(C#N)C1CO,7.012975324580303
CC1OCCC2COC12,8.528894636414593
CCC(O)CC(=O)C#N,5.2603040831477585
OC12C3CC4CC1C4C23,8.431364211588285
O=C1CC2C(O1)C1CN21,6.888190153359865
OC1=COC(=N1)C1CO1,6.12253304756801
CCC12CC(C1)(C2)C#N,8.59936964198911
CC1C2CC1(C)C21CN1,8.489117698753077
CCC12CN1CCC2=O,5.658254068491935
COC(N)=NC(C)C#C,7.344151441279534
CC(=O)C1(C)CCCO1,5.921635201466881
COC(=O)C(N)C1CN1,6.802652879233449
CC(CC(C)=O)N1CC1,5.9241209427926504
CC1C2CC(=O)C12CO,6.1281236295108155
CCCC#CC1NC1C,7.33643874718277
CC12C=CC34CN(C13)C24,5.59698013751035
O=C1NCCCC11CO1,6.955143490391783
CC(CC(C)=O)C(N)=O,6.047324074116433
CC(=O)C1OCCC1O,5.978729013379264
CC1CC=CC=CC1=O,4.4939616910480105
CC(C)c1c(cco1)N,5.970340754382417
OC12COC(C1)OCC2,8.734416557623934
Cn1cc(nn1)CCO,6.68089198404856
CC1C2CC1COC2,8.787397913230796
CCC1=CCCC12CC2,6.669558940991495
CCC12CCC1C(C)C2,9.170607040972026
C1C2OCC3OCOC123,8.290996331188316
O=CC12CC3C1N3C=N2,5.450634655471944
C1CC1C1CCC11CO1,9.12737493464674
C1N2CC3CC12CCO3,8.295529921874683
O=C1OC2CC3CC1C23,7.324492689943599
CC12CC3C(C13)C(=O)O2,7.26588866753908
CC1(C)C2OC2C1=NO,6.721235920200531
CNC(=O)C1CCC=C1,6.37659400289243
CC(CCC1CO1)C#N,8.448466040610406
OCC1C2CCC1C=C2,6.85998222783464
CC1N2C3C1=CCC23C,5.162610657214888
OC1(CC2OC2C1)C#N,7.816564647384857
C1CC23CC=CC2C1O3,6.661937399472884
CC12COC1C(=O)CC2,5.699213357515141
COC1(C)C=CC2NC12,6.514424747846183
CC1CC(CO)=CC1O,6.881443515575513
CC12CC1(O)C1C(O)C21,7.67011244091993
CC12CC3CC3(O)C1O2,8.528825954079977
CCC(CC)C(O)C#C,8.088240601196206
CC(O)C1OCC(C)O1,8.877428008543328
CCC(=O)C1CCC=C1,5.998121718494011
CCC(COC)C(C)=O,6.333492541281586
CC(=O)Oc1ccco1,5.879329313684038
CC1C2C3OCC1C23O,8.116663028118248
CCC12CC1(C)C(C)C2,8.839772123075306
OCCC1(CN1)C#C,7.478571703197046
CN1C2C3NC2(C#N)C13,6.502859637201169
N=C1NC=CCNC1=O,5.056132061785695
c1c(onc1N)C(=N)N,5.170748449230299
CC1(CC1OC=O)C=O,5.970044844157768
O=C1CC2COCC2O1,7.317559319651434
CC1OCC2C(O)C2O1,8.58993151933683
N=COC1C2CC2C1=O,5.904975697581036
O=CC1C2C3CC2N1C3,5.661862384746397
OCC1C2C3N2C1C3=O,6.092749076376294
CC1CCOCCC1O,8.538719419478369
OC1COC2C3CC12C3,8.398805048446008
COC1=NNC=CC1=N,4.843106196483047
C1OC1C1=CCC2NC12,6.236859304360622
CC12CC3CC4C1C2N34,8.264470060371563
CCc1cnc(o1)N,6.209624471560484
Cc1c(n(nn1)C=O)N,4.91503514340659
COC1C2C(O)C2C1O,8.063539951177143
CC12C3CN1C(C=O)C23,5.648346537807061
CC12CCC(O)C1N2,8.371190290604869
CC1=CC23CCC2C1O3,6.202865566146853
N#CCOC1CCCO1,8.095247022833687
CC1(O)CNC1CC#N,7.43660243562154
CC12CC=CC1(N2)C#C,6.196406691781014
CNc1cc(on1)C#N,5.074243447362853
OC1CC(=N)OC11CC1,7.551401120316585
C1C2OC3COC(C3)C12,8.317672899837712
CC12CN1C(=O)NC2=N,6.508560073596675
CC1(O)CC11CCOC1,8.381705570625813
NC(=O)CC1NC1C#C,7.112208985607864
C1C(=C(CO1)N)C=O,4.976923501297763
CC#CCN=C(CO)N,6.906905598293122
O=CC1CC(=O)C11CC1,5.707244924839333
OC1COCCC1C#N,7.740577479012855
c1c[nH]c(c1O)CC=O,5.268553029740734
OC1C(O)C11NCC1O,7.645192073373258
CN1C2CCC1(C)C2=O,5.886006666278971
C1OC2CCN=COC12,7.228982872231076
CN1C(CCO)C1C#N,7.05441464650548
COCC#CC(C)OC,7.564041360004369
OC1C2CC(C2)C1C#C,8.112319394431054
OCC(CCC#C)C=O,6.130576512305385
OCC12CC=CCC1N2,6.801345601293058
OCC(O)C1C2CCN12,7.912809322597978
CCC1CC(CO1)=NO,6.758401286651584
CN1C2CCC2OC1=O,7.921738267073316
CC1(CO)CN1CC#N,7.423169751630337
C1CC2CCCOC2C1,8.623894295282142
O=C1CNC2CC(C2)O1,6.727589795533687
C#CCOC1CN2CC12,7.109585347092493
c1c([nH]c(c1O)N)CO,5.899844634606603
CC1C2C(C)C(C#C)N12,7.207472668894777
C1CNc2c1c(no2)N,5.925418517509602
CC1(CC(C1)C#C)C=O,6.043294148779868
c1c(cnc(n1)N)C=O,4.304181190632714
C1C2CC3C4OCC12C34,8.35716753138613
Cc1c(cnn1C)O,6.384137463724608
CC1C2CC(C3CO3)N12,8.403772771289828
CCOC(=NC)C(C)O,7.333303258214786
CC1CCC2NC12CO,8.265630544102422
Cc1c(ocn1)OC,6.3306539939902855
OCC12CC1(O)CCO2,7.9585265674523304
OC1C(CC=O)C1C#C,6.080366535853008
CC(=N)OCC1CO1,7.677325702859992
C#CC(CC1CO1)C#C,7.936240214880175
C1C=Cc2c1onc2N,5.347176594497636
COC1C=CC2C1N2C,6.163864036852032
CC1(O)CN=C(N)C1=O,4.571114110052004
CC1(C)CC2OCCC12,8.545316912514066
CC1CC1C(O)CC#C,8.207801743021397
CCOC1CCC1CC,8.83486282680919
OCC1=CCN2CC12,6.101008747723146
C1OCC2OC2CC=C1,6.963871767254538
c1c([nH]c(n1)O)CC=O,5.431164639421716
[O-]C(=O)C1CC2(CC2)[NH2+]1,7.217635508864406
CC1(O)C(NC1=N)C=O,5.658042225423735
O=CC1C2OC1C2C#C,5.739966106635877
CC12CCC(OC1)O2,9.030965711368838
CC12CC(=O)N1C2C#N,6.464576843680491
N=C1CN=C2C=CCN12,5.026314928747437
C1C(CO1)(C(=O)C#N)O,5.089337376517781
C(CC(=N)NC=O)C=O,5.83606239444954
C#Cc1cc[nH]c1CO,5.683561530701834
CCc1cn[nH]c1C#C,6.049592396252254
CC#CC1N=COC1=O,6.160470592627408
C#CC1CC2OCC1O2,8.060771491619798
COC1C2C3C1C2N3C,8.017753608267238
CN1CC1(C)COC=O,6.678340793259698
CC1CN1CCOC=O,7.0424944494630095
C1Cc2nc(nn2C1)O,6.631540008053109
CC(C#N)C(CO)C#N,8.07782887132205
CC(=O)C1CN(C1)C=O,5.774793121156904
CC12OC1(C#C)C1CC21,6.960119393029514
CC12CC3C1(O)CC23O,8.153520570447874
CCCC(=O)OCC#N,7.5653315610953955
COCC1C2CC(=O)N12,6.88983500465486
OC1CN2CCOCC12,7.923511119374008
O=CC12CC1CN1CC21,5.82802787347779
ON=C1C=CC2CC12O,5.4100927486359565
C#CC1OC2CCOC12,7.347123922872031
CN=C1OCC=C1CO,5.736163896216781
CC([NH3+])C1CC1C([O-])=O,7.319296365444768
CC(OC=O)C1NC1C,7.227774162270524
CC1C=CCC1NC=O,6.774969794042672
OCC12CC(O1)C2=NO,6.750064548945628
CC1(C)C2CN2CC1=O,5.553402165760586
CC1CN1C1=CN=CO1,5.950211850272831
OC12CC1C=CC21CN1,6.372294212393326
CC12C(O)C1OC21CC1,8.079070268217539
CCC#CCC(C)C#C,7.857487725643848
CC1NC11COC2CC12,8.280909131210977
NC(=[NH2+])C1=CC(=O)O[CH-]1,4.703645993475094
CC1(O)CC2CC2(O)C1,8.453043500927414
CCCC1CC1NC=O,7.538729038682576
CC12CN3CC1(O)C23,7.8399657054869305
CC1COC2COC2=N1,7.094687702432983
CCC1C2N1C(C)C2=O,5.824040660041572
CC1N2CC1(C2)OC=O,6.778865488826979
N#CCC12CC3C1N3C2,7.440872996232009
O=CNC1C=CC2NC12,6.387960117572177
OC1(CC2CC1C2)C#N,8.136746249738426
O=C1NC2C3C2N2C3C12,6.296618018887054
O=C1CCCC2CC12,6.01505612545964
CC1CC2OC(C#C)C12,7.375259259516511
OC1C2CC3OCC13O2,7.9321961703229995
CC1OCC(O1)C#N,8.108572554214033
C1C=C(CO1)NC(=O)N,6.10008300231114
c1coc(=O)n1CC#N,5.695556180081824
CC1(CCC=CC=C1)C,5.895146435372258
c1nc(c(o1)N=CN)O,5.142248411672983
CCC1(CC(C1)O)CC,8.84907775657448
CC1OCCC(=O)C1C,5.964184251607025
OC(C1CN1)C1CCO1,8.218924658705523
N#CC1CCC1N1CC1,7.361629608124215
CC1OC2CC(C2)O1,8.930200312128978
CC1CC(O)C1(O)CO,8.399376893345213
CC1NC1C(O)C(C)=O,6.071483869540173
CC1CC2(CC2O)C1O,8.366139884441461
N=C1NN=C2OCCN12,6.395612040262238
C1OC11C2OC2C11CO1,8.03815586567316
CCC1CC(C1)C(C)O,9.021552399651053
CC#CCC1CC1(C)O,8.10460292809761
CC1=C2CC3CC(C1)C23,6.251610151561388
O=CNC1C2C3C1CN23,7.08210821135805
CCC12CCCC1(C)O2,8.904893882937927
CC12CC3C1C3(C2)C=O,5.960490059447013
NC(=O)C(O)CCC#C,7.355656152012433
OC1CCC2=C1NN=C2,6.637975018410247
CCC1OC2C3OC2C13,8.257391648625063
C1CC2(C1)CC(=O)OC2,7.508853790582272
OC12CCCC11CC2O1,8.103411434852331
CC1OCOCCC=C1,6.886801613363586
CCC1(C)C2OC=NC12,7.124755513696142
O=CCC(CC#C)C=O,5.712646075217867
O=C1OC2CC3C2CC13,7.283473836812429
c1c2c(co1)CCCC2,6.415771717863862
CC12OC3CC1C3C2O,8.367543133784121
CCC1=CC(C)C(=O)N1,5.826537021431825
CCC(C#N)C(=O)OC,7.494910572925581
CC12OC1C(=O)NC=C2,5.6226093616399035
CC(C)(C)C1CCOC1,8.673166070529849
COC=NC1C2CC1N2,6.992327487214491
O=C(NCC1CN1)C#C,6.083096444962722
NC1=C(N=CN1)C1CO1,5.937259029594161
OC1CC2(CN2)C1C=O,5.932116871358408
CN=C1C(O)CN1C=N,6.097025924806135
CN1C2C3OC2C13C#C,6.667370151925595
CC1C2(O)CC1(O)C2=O,6.5385997322989216
OC12CCC1CC=CC2,7.279206111343078
CC(CC1CCO1)=NO,6.892546079404027
CC12CC1CCC1CC21,8.996665309844754
N1C2C=CC3OC2C13,6.149429384700738
OCC1=CC(O)C(O)C1,6.665830169683313
C1C2CC11OCCCC21,8.683628737651716
C#CC1CC2CCC2C1,8.344779023905144
N#CC1CCC=CCC1,7.252957456585649
OC1C2CC3C2C1C3=O,6.0546729968608854
CC12CC3(O)C(O1)C23O,7.709830805333924
OC1(CC2CCC12)C=O,5.857127096979859
OCC1OC=NC11CC1,7.075810735317014
CC12OC3C(C13)C2CO,8.180116938820214
CN1C2CCC3(CO3)C12,8.18913727665243
CCCN=COCC#N,7.3417480336175736
OCC1C(C#N)C2CN12,7.25252087816512
CC1NC(C)C(=O)C=C1,4.883375339447111
CC(O)C1=CNC(=O)O1,6.308629579722882
COC1(CO)CC1C#N,7.772035472417177
CNC(=O)OCCC#C,7.907249404885036
CC12OC(C=C1)C2C#N,6.428826191463405
C1OCC2OC3C1OC23,8.215299370280379
CC12CC(N1)(C#N)C2N,6.996204297689238
OC12CC(C1)(C2)N1CC1,8.203388816975874
CN1Cc2c(nc[nH]2)C1,6.270837134951687
CN=C1CC(CC#C)O1,7.473786251192836
C1OC1C1OC2CCC12,8.656292278753108
CC(O)C#CC(N)=O,6.350386246966579
CC1=C(O)OC(=N)C=C1,4.498081744241528
OCC1CC(=O)C1C#N,6.0125657159552
CC1(COC(=N)C1)C#N,7.797504739060254
CC12C3CC1CCC2C3,9.271757743120782
OC1C=CC2(OC12)C#N,6.243120609150767
CN1CC11C2C3CC1C23,8.382904445421785
C1CC1CCCOC=O,7.675259420605548
C1C23COCC12C1NC31,8.165514252387274
CC(C#N)(C#N)C1CC1,8.343573837131553
COC(C#C)C(N)=O,7.0786541613787985
CCC1(CCC1)CCO,9.1847775337847
O=C1NC(=O)C2CC2O1,6.860245495549913
CC1(COC1=N)NC=O,6.929161469583037
CC1OC(C#C)C11CC1,7.425863973296544
OCCCC1(CO1)C#N,7.958395025952195
ON=C1CC2CCC12,6.804020552320375
C1NC1C12CCC1CO2,8.203479317470025
COCC1(O)CCOC1,8.518361657512818
OCC1COCC(=O)C1,5.947225328013397
COC1C2C1C1CCC21,8.535949619664025
OCC(O)(C#N)C1CO1,7.553114706134198
CCC1OC2CCOC12,8.60275307068983
OCC1C(O)C11CCO1,7.938176136814994
COC12CC1(C)CC2=O,5.962794956854991
CN(C)C1=NCC(=O)N1,6.312961748645839
CC1CCC(CC1)C#N,9.08642896719742
O=C1C2C3C2C2C3CC12,5.840525065411167
CCC(C)C12CC1CC2,8.98087037439084
CC1=CC(O)C(CO)C1,6.91548265040278
OC1CC2NC2C(O)C1,8.281695745072074
O=C1COC(=O)N2CC12,5.9958076691841
CC1OC(=N)C1CCO,7.798507443613703
O=C1NC(C#C)C11CN1,6.6497756915267825
CCC1C2C(=O)OC12C,7.3972284358002565
C1C2OC3C=CC2OC13,6.391942281667383
CCC1CN(C1)CC=O,5.58491571498714
N=C1OCCNC11CC1,6.655856737196328
Cc1cc(c([nH]1)O)O,6.097377121020553
C(CC=O)CNCC#N,6.0967599842595215
CCC1C[NH2+]C1C([O-])=O,7.222286102042835
CNC(C=O)C#CC#N,5.333621337644468
N=C1OCC11CN=CO1,6.884665968482789
C1CC2C3C=CC(O1)C23,6.546894340962023
CC12C3OC(C13)C2CO,8.119650953803289
O=CCC(CC#C)C#N,6.038952701377291
CC(O)C1OC(=N)C1C,7.763005079880061
CCC(=O)C1CN1C,5.645828831555478
O=CC1(OCC=C1)C#N,5.615032486856905
OC1C2CC3CN=C1N23,6.14612855903235
C1CC23CC(C2)CCC13,9.496242625579022
OC(C#C)C1(CO1)C#C,7.362998312460526
N=C1NC(=O)CC1C=O,5.649454613258876
C#CC1=CNC(=O)NC1,5.711589164162464
CC12CC3N=COC1C23,7.03987061768767
CC12CC3CN4C1C2C34,8.133685124493708
CC(C#C)C1=NON=N1,6.0513793077609535
[O-]C(=O)C(NC=[NH2+])C#C,6.366449329266818
CC1=CC2COC2(C)C1,6.884551982593843
CC12CNC1C(O2)C#N,6.74563894953378
CC1OCC2(OC12)C#N,7.533137405221591
CC1CC2=NON=C2O1,6.100912725418334
CCC12NC1C1(C)OC21,7.890499431957114
CC1C2C3C=CC1(O)C23,6.298092051435115
CC1(CNC1=[NH2+])C([O-])=O,6.640341606230163
CC1=CC2(CO)CC1O2,6.547754308341419
C1OC23CC4C(C2)OC134,7.745814649439165
Cc1coc(n1)C2CC2,6.290974201549008
CCCOCC(=O)C#N,5.187730641899712
Cc1ccc(=O)oc1C,4.774783416289868
OC1C2[NH2+]C1C2C([O-])=O,7.098918566566808
CC1(C)CC2NC12C=O,5.829298994902033
CCCC(=O)C1CCC1,6.210940801351093
CCC1C(C)COC1=O,7.53221476125321
OCC1C2CC2CC1O,8.45524773654726
c1ccc2c(c1)CCO2,5.651821769642029
N=C1OC=CN=C1C=O,4.35354452731248
CC1COC(=N1)N1CC1,7.046212051468231
N=C1OC=CC=NC1=N,4.476786347537527
CC(O)(C#N)C1COC1,7.630624017881917
CCC(=O)NCC1CC1,7.494854959130495
CC1CC=C2CC=CC12,6.22481799343221
N#CC1CCCC1C#N,8.543978519992129
O=C[C-]1[NH2+]CC=CC1=O,4.7567803140063205
CC12CC1(NC=N2)C#N,6.501252156197341
CC(=O)C1C2CC1CC2,6.282348140592929
CC1CC(=O)C(=N)N1C,4.726314537383089
Cc1cc(c([nH]1)OC)N,6.0329089636395
CCC1OC11CNC1=O,6.967072224703486
CC(=O)CC1OCC1O,6.130631135857946
CC1CC2(O)CC12C#C,7.549041382949771
NC(=[NH2+])C1=COC(=N)[N-]1,4.542238735128359
CCC(=O)C(=O)C(=O)C,3.9606793409005263
Cc1cn(cc1N)C=O,5.120820226797006
CC(O)C12CC(O1)C=C2,6.5536165896360075
OC1CN2CC3(CO3)C12,7.999382340399186
CC1(O)C2OC2C1CO,8.564851208287646
NC(=O)C1CC(C1)=NO,6.559841163228671
CC1OCC(C=O)=C1C,5.167118391893003
CN(CC(=O)OC)C=O,6.665119456606576
CC1CC(=O)C(O)C1O,5.924532420105761
COc1cc(c([nH]1)O)O,6.166519861581508
O=C1COC2CC1C2,5.8092914599285965
C1CN(C(=O)N1)CC=O,5.857773466636499
O=C1CCC2OCC=C12,5.113993163885485
COC1(CC=O)CC1O,6.0133489336181105
CC1(C)C2C(CN12)C=O,5.691893917801904
CCCC(CC)CC#C,8.599285448394527
CC12OC3CC1CC3O2,8.846720432937992
CC#CCN=C(C=O)N,4.647985139922389
COC=NCC1CC1,7.2814672359746995
C1CCC(=CC1)CC#N,6.904039312993892
O=CC12CC3N=CN1C23,5.46923392292756
OC1CC[NH2+]C1C([O-])=O,7.208309910768569
O=C1C2CC3CN1C23,6.522830390463805
CC1CC2CC(=O)C12,5.947644322171513
CCC1C(C)C2CC12C,8.977607000854531
O=C1CC23COC2CC13,5.794321322199206
O=CC1OC2(CC12)C#C,5.676317247162354
OC1C2CC3(O)C2CC13,8.64563295337387
C1OC11COC11CCC1,8.32921341174973
CC1C2CC2N1C=O,6.9718404449623845
CCC1C=CC2(C)NC12,6.573972639306101
C1CC1CCC(=O)C#N,5.594895080410589
C1C2OC3=NOC=C3C12,6.068064670538252
N=C1CCC(O1)C1CC1,7.765854490307218
C1CCOC(OC1)C=O,6.139923021478581
CC(C)(C(=O)C1CC1)O,6.101055914434791
O=CC12C3CC1COC23,5.964875299070741
CCC1CC(OC)C1O,8.4821611485985
OCC12CC3OCC1C23,8.347908453336636
CC1CC2(CCC2C)O1,8.49368721797048
CC1C(=O)C2OC2C1=O,4.9077572086471415
CCC(C1CO1)N1CC1,8.610989019892045
COC1CCC11CC1,8.771060312891882
CN1CC1C1=NOC=N1,5.983077836550941
N=COC1C2CCC12,7.602142702721773
C1CC2OC2C=CCO1,6.759960128975366
CC1OC1C1CN=CO1,7.31216488229324
CC1C(CO)CC2CN12,7.99199169485485
CCc1cc(oc1)C#N,5.8014674992871
CCN(C)C(=O)C#C,6.096379856924015
CC1C(C)C2=CC=CN12,6.474843590387255
CC12CCC3C1OC23,8.678019646091956
C1CC12COC(=O)C2=O,4.892440258782347
CC1COC2CC=CC12,7.033508367038639
C1C2C3OC4C3N2CC14,7.790247389499886
OC1C=CC(O)C11CN1,6.400818792618064
N#CC1CC(O1)C1CC1,7.777449399933214
CC1(CO)C2COCC12,8.302540462748274
CC1(N=CN2CC12)C#N,6.406514729505236
NC(=O)CN1CC1C#N,6.850690032625793
OC1C2OC1(C=C2)C#C,6.1840255171744705
O=CC1OCC(O1)C#N,5.954636777499569
CC1OC2C(CC12)C#N,7.80871829300836
CC1COC(=O)CCO1,7.1943309774435455
CC(O)C(C)(C#N)C#N,8.06947397751564
CC1=C(C)C(CC1)C=O,5.77693379828668
C1CC11C2OC1C21CC1,8.170372061939283
CCC1(CO)COC1C,8.368206259721475
O=C1NC2C1CCC2=O,5.870267519425371
CC1C2NC1(C#N)C2C,7.109617576770155
CC1CC2NC2C1O,8.319983749036048
c1cc([nH]c1N2CC2)O,6.157986160470754
[NH3+]CC(O)[C-](C#N)C#N,6.707903334927736
C1C2CC3CCC(O3)C12,8.455819904388107
[O-]C(=O)C1[NH2+]C2CC1C2,7.235099125006812
CCc1cc(c[nH]1)C#N,5.9022509871019215
N=C1OCC2OC12C#C,6.947838094974539
c1c2c([nH]n1)N=COC2,5.52851692123243
CCCC1(O)CCC1O,8.464817085532534
COC12CN3CC1C23,8.031459398075327
CCN=c1cnonc1,4.788176100262469
CC1(C)NC1C(=O)C#C,5.294249002339169
ON=C1C2CCC1CC2,6.743582311697274
C#CC1CCC2CC2O1,7.827125176209021
OC1C(O)C(C#C)C1O,7.325917944957888
CC12CC1OC(=O)N2,8.17505437927204
OCC12CC(CC1)O2,8.564901069210089
CN1C2CC1C(=O)C2,5.616578298823761
OC1CNC11COC1=O,6.818998592565458
CC1CN2C=CC=C2C1,6.509491552824179
N#CC12CCNC1CO2,6.832794982464136
Cc1cc(cnc1O)N,5.211432547685197
COC(C)(C=O)C1CN1,5.813499882522734
OC(C#C)C1CCOC1,7.713468668552351
CC(C#N)(C#N)C1CO1,7.885388313363208
CC(OCC#N)C1CC1,7.961390817782796
CCC12CC1C(C)C2O,8.5093241998821
CC1(OCC11CO1)C#N,7.460911578838783
CC1OC2C(O)C2(C)O1,8.271063101467526
O=CCCC1CN1C=O,5.914164345046861
[NH3+]CCC1=NOC=C1[O-],5.601691267837196
CCC12COC(CO1)C2,8.64473611164654
CC1=CCNC(=N)C1=O,4.367283988095922
CC1(COC1)C(=O)NC,7.212108987823157
CC1CC2OCC1C2=O,5.702537345892166
c1c2c(n[nH]1)CCCC2,6.779496127547082
N#CC1CC2(CO2)CO1,7.8684201944915
N=C1OC2C(C3CO3)C12,7.160419691138658
[NH3+]C12CC(C1)(C2)C([O-])=O,7.227332820854964
NC1(C#C)C2OC(=N)C12,6.8006023963982996
CC1C2C3CN2C13C#C,6.891883135100828
CC(O)(C#N)C(O)C#C,7.598172005378196
O=C1CC2NC1C2C#C,5.838457086567262
CC#CC1CC2OC12C,7.652267215502231
COC1C(=O)C2CC12C,5.923808847631059
CC1C2(CO2)CC1(C)O,8.686063946189673
OC12CC(OC1)C2C#C,7.499487050506114
CC1OC1C1=CON=C1,6.499574644747868
OC1(CC1)C#CC1CN1,7.0221264000138195
CC(=O)C1(CC1)OC=N,5.95118595406583
CC1C2C(O)C=CC12O,6.372813851925905
CC1C2C3C2C2(C)C3N12,8.110539904959701
CC1OC=NC2CC1C2,7.2383055931750775
N#CCC(C#N)C1CN1,7.4859957154419465
OC1CN2C=CC(O)=C12,6.091635651397989
CC(C#C)C1=NON=C1,6.702443274601419
O=CCC1CCN2CC12,5.831305794457553
CC1(CCOCO1)C#C,7.775629765753473
COCC(C#N)(C#N)N,7.380289598987762
CN1C2C3OC2C(=O)C13,5.52403969145661
O=C1CCC2CC12C#N,5.949856086694495
CCC1(OC)C(C)C1C,8.580480472818447
Cn1cc(cn1)NC=O,5.798086987899652
CC1CC11OC(=N)C1O,7.479701940690022
NC(=O)C1OC1C1CC1,7.214370623367223
CC1(CC1)C1CC1CO,8.855349591112198
O=C1OCC2C=CCN12,6.390431127650868
CC1=CC2(C)CC3C1C23,6.059390950715123
OC1CC2C3CC3C12O,8.049369350258864
CC1=C(CCC1)NC=O,6.181150948752459
CCCC(C#N)C1CN1,7.8233333187005885
c1c2c(co1)NC=NC2,5.453471459791542
CC(=O)C12NC1CC2O,5.884303514659096
CC1CCC1(O)CC#N,8.213950182826693
CC12CC1(CO)C(=N)O2,7.30537541199314
OC1CC(C2CO2)C1=O,5.843816533112877
ON=C1CC2(CCO2)C1,6.587585799870399
CC1C(O)C1OC1CC1,8.228355564313683
C#CC12COC1C=CC2,6.596581270874097
Cc1cnc(cn1)NC,4.964045745845263
CC(O)C12NC1C1NC21,7.351684668111449
CC12CC3C(C1)C3O2,8.731505976474693
CC1OCCOC(=N)O1,8.160257618430517
C1C2CN1C1=CNC=C21,5.896655663875962
N=COC(=O)NCC#N,7.207337224457963
CCCC12CC3C1CC23,9.275131059482518
CC1CC2C3C(CN23)O1,8.225922409189415
C1COCOCC1=NO,6.680089448706755
CC12CC(O1)C(C)(O)C2,8.46789570384957
OCC12CC1C(C2)C#N,7.859617425708335
CC1C(=O)OC1(C)C,7.688966079113822
C1COC(OC1)CC=O,6.161706914964817
CC1COC2=C1C=NO2,6.133896096001906
N=COC1OCCC=C1,6.62123378241896
C1OC1C12CC1CO2,8.505785925362556
OC(C#C)C(O)C1CC1,7.8840262038264175
Cc1ncnn1C(=O)N,5.9736659372222425
C(C=O)OC(C#N)C#N,6.175058269023015
C#CC(=O)C1CCCC1,5.4710439750850215
OCC#CC1CCOC1,7.489461402449012
N=C1COC(CO1)C#C,7.27983565043348
COC12C3CC1(O)CC23,8.244050461993142
CC1C2C1C1C(O)CC21,8.238757663479483
CC(C)C1CCOC=N1,7.275013166853877
N#CC1C2NCCNC12,7.087430528140667
N#CC12COC1CCO2,7.342630355387965
C1CC1C1C2COCC12,8.589056688988547
OCC12COC1CN2,8.01993146993602
OC1C2NC(=O)C(=O)C12,4.698912547402456
CC1CC1(C)OC(N)=O,8.359786673032918
COCCNC(=N)C=O,4.769198099784994
CC1=C2CC3C(C1)C23C,5.488083962098369
CC1CC(=O)OC11CC1,7.494706676477122
CC1(CC#CC#N)CN1,6.327006355179015
CC1NC(C#N)C11CO1,7.450873986098145
c1c[nH]cc(c1=NO)O,4.547082307902521
CC1CC1([NH3+])CC([O-])=O,7.298673242811387
C(C1CN1)C1=CNC=N1,6.703727383356149
CC1(O)C(O)CCC1=O,5.903090288594481
CCC(O)CN=COC,7.19734121700676
CC1CC2=C(N1)OC=N2,5.949403220120157
CC(C)C12CC3C1CN23,8.358312327352568
CC12CC=CC1CC2O,6.881772118391643
O=C1OC=NCC2CC12,6.556336382234668
OC1C2(O)C3CC1(O)C23,8.055811080266398
O=C1C2C3C4OC1C4N23,5.680174625023267
CC1C2C1C(O)C2O,8.228617394764392
CC12CNC1(C)C(=O)O2,6.769049155831051
C1C2C3CCCOC1C23,8.428050009970427
CC1CC(C)C2(CC2)C1,9.213240556051637
CN=C1OC(C)OC1=N,6.119154019481527
CC12OC=NC1C2CO,6.93418329995043
CC1(CC2CC1C2)C=O,6.156723397440249
CC1(O)CC11OCC1=O,5.789546134004788
CCNC1(COC1)C=O,5.477021219700491
C1C2CCOC3CC3C12,8.40919634735281
CC1C2C3C=C(C)C1N23,5.784358253586881
CC1CC2(CN2)C(C)=C1,6.704213745759927
CCN=C(C#N)OCC,6.213390149489273
O=C1NC2CC1C1NC21,6.9938359598494655
CCC12CC(C1)C(C)C2,9.58217469912485
c1nc(c2n1CCO2)N,6.19394936146707
O=COC1CC(C1)C=O,6.069933439110693
CC1=C(C)C(=N)OC1,6.171176396941516
O=CCC1C2CC1O2,5.920334234734928
CC1CC23CC4C2C1C34,9.08460947255087
c1c(nc([nH]1)CO)C=O,5.068891016710659
CC12OC3C4C(OC13)C24,8.008652475120025
COC1(CO)C(C)C1O,8.160590905509272
O=C1CCOC2COC12,5.609534278060328
C1COCC2(CO1)CO2,8.862489367343937
CC1C=CC(O)C1=NO,6.1543562113128
CC1(CO)OC1(C)C#C,7.6150151173491585
CC12CCC(C1)OC=N2,7.279780558962178
OC1CCC(C=O)=CC1,5.196107479252382
CC1(C)CC2OC2C1,9.237432822406811
CC1C2CC3(COC3)C12,8.564284730259017
CC1C2CC(C2O)C1=O,6.147116159448554
CCCCC1CC2CC12,9.205574148009088
CC1CC1OCCC=O,6.116877329059949
COC1C2CC2C1C=O,5.976975473373707
OC12CC3(NC1C23)C=O,5.761333586356349
C1CC(C1)C(=O)CC#N,6.251103765580051
COCC(C)(CO)C#N,7.98574756813172
CC#CC1C2CC1(C)C2,8.052228056375288
CCNC(C=O)C#CC,5.619057600233326
CCC1(C#C)C(O)C1O,7.448381928597418
COC12CN(C)C1C2C,7.765666896445999
N#CCN1C2CCCC12,7.057501678028987
CN1C(=N)CN=C1C#C,5.431435093995665
COC=NC(C)C#CC,7.242267699019967
c1c2c(no1)C=CCO2,4.9529516906267
C1COCC12CC(=O)C2,5.941745087440299
OC1C(=O)C2CN2C1=O,4.893936275407624
CN(C)C(=O)NCC#N,7.399430062273973
CC#CC(=NO)C(C)O,5.889174663950511
COCc1cc(oc1)N,6.069319522757045
O=C1CC23CC(C2)C3O1,7.394315171788003
CC1OC2COC=NC12,7.126238222133198
CCCN1C2C3NC2C13,7.769060853108693
C1CC1CCOC=O,7.687781824096403
CN1N=NC(C)=CC1=O,4.803503750558026
CCC#CCC(O)C=O,5.954054197698932
CC1CC(C1)C(=O)CO,6.170535489170993
NC1C(OC1=N)C1CN1,7.141900833568524
CC1=CC2(O)CC1C2=O,6.0850178480474115
ON=C1C2CC(O)C1N2,6.541903481637093
O=CC1=CC2COC1C2,4.992191869390448
CC1C(C)N1CC(C)=O,5.860648245640751
OC12CC1(O)C(C2)C=O,5.890987961440754
NC(C#C)C(CO)C#N,7.604191154305798
OC12CN3C4CC(C14)C23,8.021101005138757
OCC1CCOC1C#N,7.620863001310522
CC1CC1CC(O)C#C,7.933210028817379
OC1C=CCC11CCC1,6.915719645331462
CC1CCC=C1C1CO1,6.688515532672171
OC1CNC2=C1N=CN2,5.9159915206686815
c1[nH]c(c(n1)O)N2CC2,6.148404463343817
CC1NC1(C)C1CO1,8.779269692206249
Cc1[nH]c(cn1)OC=O,5.944603316677085
CC1(C)C(O)C=CC1O,6.971242810563644
COC1C2NC2CC1=O,5.6533304152816415
C1C2C1C13COC1C2C3,8.629771333531819
CC12C3CC1N3C2C=O,5.509284484297407
OC12CC1C1NC21C#N,6.80716836632541
CC1N2CC1(C)OCC2,7.92255651705476
CCC1=NC(C)C(=O)N1,6.294481699013108
CCCCC1OCC=C1,6.88358269699357
CC(=O)C1CC2CCC12,6.114867331633871
CCC(=O)C1COC1C,6.030010762384325
O=CC(CC1CN1)C#N,5.8704971606809995
OC1C2CC1C2CC#N,8.336858281603277
C#CC12CN1C1CCC21,6.955327893132825
Cc1cnoc1C2CC2,6.371496801560367
CC1CC2OC12CCO,8.79895073831511
CCC12C(C)C3C1CN23,8.329837486803749
CCC1=C(C)CCC1C,6.861156276596772
OC12CC1N(C=N)C2=O,6.059560736675935
OCC1(O)C2C3CC1N23,8.023564049893269
N#CC12C3NCC1OC23,6.769614813624128
CC1CC(C)(O)C(=O)N1,7.306956619470366
CC12NC1C(O)C1OC21,8.084335558627352
CC12COC1C2(C)C=O,5.935334792020855
C1C(CO1)OCC(=O)N,7.204623824981411
OC12CC1C1C2N1C=O,6.607050562565618
CC1(O)C2N3CC3C12O,7.47321128943123
C1CC1C2CC(=O)C2,6.0711694755659655
O=C1OCC2(CN2)C1=O,4.753903900080677
NC(C#N)C1C2CC1C2,8.054500546985514
CN1C2CC(O)C12C#N,7.04635652733848
CCC1(C)OC2C(C)C12,8.397830629729743
C1COC(=N1)CN2CC2,6.903884674930544
CCC(C)(C)C1(CC1)O,8.691583420435526
CCCC12OC1C1CC21,8.389845384364957
CC1C(O)C(C#C)C1O,7.795580918478585
OC12CC1C1(CO1)CC2,8.652004001238915
CC1C2N1C(=O)OC2=N,6.7784949470984275
CC1OC2C1CCC2=O,5.715695501328292
CC1C2COC2C1C=O,5.77083486411504
CC12C3CCC1CCC23,9.030957839438653
CC(=O)C1CC(O)C1,6.256978320716518
CC12CC(=O)C1C1CC21,5.828789893187969
CC12OC3(C)CC1C23C,8.369291984205136
CN1C2C3CC(C3)C12C,8.226886291703858
Cc1c(non1)N(C)C,5.907403442375733
CC1OC2C1CC2=NO,6.55490885290503
CCC#Cc1c[nH]cn1,6.083940336896218
CC1N2CC1(C2)C1CO1,8.352935020374979
CC(=N)OCCC=O,6.150282323148038
C#CC1OCC2COC12,7.442197615308498
O=C1CCC2CC(C2)O1,7.429642284746974
CN=C1NCC1(O)C=O,5.32459715057883
OC1C=CC2CC=CC12,6.375631639536975
CN1C2CC(C)(CO)C12,7.806142271876285
Cc1c(c[nH]c1CO)O,6.07781306530787
C1CC23CC(CC=C2)C13,6.728810790274472
C1CC1C(C=O)C=O,5.62923058195288
OCC1=CNC(=N)C=N1,4.7531194696406915
CC1CC2CC12C=O,6.003249736443773
CC1C(C#C)C1C1CO1,7.846177850591478
CC1=C2CCC2OC1=O,6.060981231817545
NC(=O)C1CC(C1)C=O,5.849088759332936
O=C1OCC2C1C1CN21,6.6909538029636595
CC1(COC1)N(C)C=O,7.20777896497508
CC(O)C1CN=C(C)O1,7.401872692534957
O=CN1C2CC3(CC3)C12,6.727298589720997
CN1CCOC(CO)C1,8.153401609248345
ON=C1C2OC2C11CO1,6.468774365204748
NC(=[NH2+])[C-]1N=COC1=O,4.723780943159938
CC(O)C1=COC=N1,6.712762213325405
C1C23CCOC12COC3,8.142595189611475
CC12CN3C(C13)C21CO1,8.46561191041914
CC1CC2CC3C2OC13,8.64418436903208
Cc1[nH]cc(c(=O)n1)N,4.954742989982653
CC(CC1CCO1)C=O,6.074452605939395
C(C1CO1)N1C=CC=C1,6.6114445501911945
OC1(CCC=C1)C1CN1,6.736254663132053
N=COCC(C#C)C#N,7.4424526663927955
CCC(C1CC1)C(N)=O,7.527913482371945
CC1=C([O-])OC(C[NH3+])=C1,5.142137273607946
C(C1CO1)C12CCC1N2,8.64321468905768
CN=CN1C2CC1C2=O,5.715837181533374
CC1CC2CC1(C2)C=O,6.135873627746295
Cc1nc(no1)C(C)C,6.938666272963733
CCOC1(COC1)CO,8.564085281259665
Cc1c(c(n[nH]1)O)C=O,4.971077078015817
O=C1CCC2NC2CN1,7.27747414003675
CC(CC#C)C1(C)CO1,8.325866065759952
CC1CC2CC2C1(C)O,8.68333331358629
ON=C1C2CC2OC1=O,5.672020579334295
CC#CC1=NCC(C)O1,6.113010687232172
CC(=O)C(=O)OC1CC1,4.866444124628646
N=C1NC2C3OC12C=C3,5.628504930357473
CC1(O)C(O)C1CCO,8.311903449482832
N=C1OCC2CC2C=C1,5.772153050839658
CCC12CC3CC1(O)C23,8.249129622976083
C(N=C1CCO1)C1CN1,7.098343767098776
CC12OC3=NCC1C23O,6.2367113338456
CN(C)C(=O)COC=O,6.8648742562329055
CC1CN1C(=O)C1CN1,6.681424219962556
CC(O)C1=CC=NO1,6.761851615342193
CC12CC1(C)C(C2)C=O,5.966726332392514
OC(CCCC#N)C#C,7.932853288077099
CC12CCC(O)C1C2O,8.312955981958757
CCC1CC=CC=CC1,6.03154905505806
OC1(C=O)C2C3CN3C12,5.519374845161998
CC1C2C1C1(C)CC2C1,9.260781589897732
CCC1OC(=NC)C1O,7.355362077898357
CC1OC2CC2(O)C1C,8.298715025805999
COC12CC3(C)C1OC23,8.210691515258441
CC(=O)CCCNC=O,6.1529986132619765
CC12OC1C1CC2C1=O,6.172146094957725
CC12CC(C1)C1(CC1)O2,8.68336194409252
CCOC1CC2C(C)C12,8.64812053693494
CC1C=CC(=O)C1C#C,5.061658154087755
CCC1CC(C=C1)C#C,7.0537070383496925
O=CC1C2CC1C1OC21,6.1218734002082416
C[NH+]1CCC1C([O-])=O,6.9473738035553545
O=CC(=O)NCC1CO1,4.82583493603842
CC1=C2CC3OC(C1)C23,6.167442212526075
CC(=O)CC(=O)CC#N,5.507848982891142
CC1=C(O)N=COC1=N,4.760986120462008
CC1CCC(O)C1C=O,6.102364014417997
CCC(O)CC1CCC1,8.951831452011294
N=C1CC2(CCO2)CO1,7.554257545833586
CC1C2CC=CCC1O2,7.0951409973966975
OCC12CC1C1COC21,8.185678030914767
CCCc1cc(n[nH]1)C,6.977626450691385
NC1=NCC2COC1O2,6.875721872828606
C#CC(=NO)CC1CC1,5.873054686103225
CN=C1CC2(CC2C)O1,7.371081930608594
CCc1c(onn1)C,6.080182959932384
CC(C)(C#C)C(O)C#N,7.869694005568167
O=CCC(C#C)C1CN1,6.0769068283209755
N=C1OC2CC1C2C#C,7.388446244199251
CC1OC1(C#N)C1CO1,7.615932521576581
CCOC1(C)C2CC1C2,9.091981067673979
CC1C(NC1=O)C(N)=O,6.7094398066306615
C1CC(=O)CCOC1,6.042249954680235
C1COC(=N1)C#CCO,6.1145056506926085
CCC1N2CC3C2C13C,8.198716237241007
OCC#CC12CN1CC2,6.992271648873946
CC1=CC=CCC(=O)C1,5.346865625602727
CCC(O)C1CC1C=O,6.137535044228829
COC=NC12CN(C1)C2,6.947346473252891
OCC12CC1CCC2,8.865331926711331
CC12OC1C1OCOC21,8.161793773775067
CC1=CN(C=O)C(=N)O1,5.1101333562578715
CC(=O)C(C#C)C(N)=O,5.5811878683440135
Cc1cnn2c1CC=C2,5.5783152859895715
CC1COC1C1(C)CN1,8.372802375345643
C1CC1CN=CNC=O,6.170060979636172
CC1C2CCC12C(N)=O,7.268456377388872
CC1COC(=O)C1(C)C,7.517894243262891
C1CC23CC4C(C12)N4C3,8.443772132961563
CCC(=NO)CC#CC,6.638900251647295
C#CC(=O)CCCCO,5.405052903317555
CC1CC11CC(O)C1=O,5.922005574311632
CNC1=C(N=NO1)C#C,4.72118428330405
COC(C)(C)C1CCO1,8.643934365665762
NC(C#N)C1(O)CC1O,7.295044025715744
OCC12CCC1C2C#C,7.756902909889371
COCC12CN1C(=O)C2,7.003504860804383
C1OCC2OC1C1OC21,8.513263318571882
O=CNC(CC#C)C#N,7.055838005423254
CC1C2CCOC(=O)N12,7.612481256387075
O=CC1COC(C1)C=O,5.6483691568044545
CN1CC11C=CNC1=O,5.501350937841005
C1CC2CC1COCO2,8.934372869972588
O=C1CC2NC2CN1,7.3137933675935844
COC(=O)C(C)(N)C#C,6.797214731388867
CC1C=CC2OCC12C,6.749955721876987
OC1(CCOC1)C1CN1,8.22030904487158
COC(=O)c1[nH]ccn1,5.882801870594611
CCOC1CC2OC2C1,9.017688296725536
OC1COC2CCC12O,8.168022180714361
CC1CC(CO)OC1C,8.574994273144608
OC12CC3C(C1)C3CC2,8.901444528311508
CCCC1(CO)OC1C,8.98552503495058
CC1(C#N)C(O)C1O,7.480361342436919
CC1=CCC2(C)OCC12,6.857960245400309
OC1COC2=CON=C12,6.069471327118192
CC1C2CC(O)CCN12,7.917488269029493
CC#CCC12CCC1N2,7.58602461531153
OCC1CC2CC(O)C12,8.535006794014567
CN=C1OC2(CC12)C#N,6.69751966197512
N=C1OCC1C1CCO1,7.547573591995562
OC1C2OC3COC3C12,8.0581094808879
OC1CN2CC3NC3C12,7.679830641839727
CC(C1CO1)C1(O)CC1,8.825697051355338
O=CCC12CC3C1OC23,5.905971313366839
C1CC2CC3OC(C2)C13,8.659190830565096
O=C1CC(NC=C1)C#N,5.07561942136745
CC1(O)CCOCC1=O,5.727967264923213
COCc1c(c[nH]n1)N,6.144215900802033
C1CC1OCCCC=O,6.1978936155051025
CC1(C)C2CC1C2(C)O,8.700992579891022
CC1(CC#N)CCOC1,7.9549090711666715
CC(=O)C1CC(CO)C1,6.263005999068495
N=C1OCCCC2OC12,7.398537014763562
N#CC1CC2CC2CO1,7.927820533840479
CCC(C)(C#N)C(C)=O,6.265165434586062
CC1CC2(C)CC3C1C23,8.996209069257056
CCC1C=CC(C)C1O,7.090093770447002
CC1N=COCC1(C)O,7.234605096085971
NC1(C=CCC1O)C#N,6.536660625623025
CCOCC(CC)C#N,8.27504258071611
CN=C1OCC1C(C)C,7.549890442697315
COC(C)(C#N)C#CC,7.339208567557636
CC1C2CCC2NC1=O,7.305044356188819
COc1c(cco1)N,5.999104811555607
C1C2OC2C2=C1NC=N2,6.311908352953624
CC1OC11C2C3CC1C23,8.856911962651335
CN(CC#N)C1COC1,6.850789403910016
NC12CC(OC1)C2C#N,7.526881294497252
CC12CC(C1)C=C2CO,6.500472423478988
CN=C(NCC#N)OC,7.097705485664259
COC1C(O)CC11CC1,8.386089601354676
CC12CN1C1CC2(C)C1,8.49694815266424
O=CC1C2C3N=CN1C23,5.441103254608098
OC12C3CN(C13)C21CC1,7.905948182977502
CC1CC11CC2CN2C1,8.319876276125752
CC1(CC1)N(C=N)C=O,6.221216522808991
OC12C3CC1OC23C=O,5.743252656819243
CC1C=CCCC1(C)C,7.203769181491034
C1C2C3COC1CN23,8.40277897949656
CCC1OC1C1CC1O,8.74011152745831
CC(CO)(CO)C1CC1,8.731116595089334
CC(O)COC(=N)C#C,6.828845761097939
CCC1OC1(C=O)C#N,5.878516663092581
CC1(O)CC2(O)CC12,8.387281361225208
OCC1(CN1)C(=O)C#N,5.175322289004669
COC(C)(C#N)C(N)=N,6.885446828984818
CN1CCc2c1[nH]cc2,6.025476931759163
CC(CC(C)=NO)C#C,6.966753056361498
CC1CC2CC2C(C)=C1,6.844128021898694
COC1CC11CC2CC12,8.648688023421633
CCCCC1=CCCC1,6.92478779107852
c1c(c(c([nH]1)O)N)CO,5.9772134779808
COC(=O)C(C)C#N,7.471486763601229
OC1C2OC3C(O)C1C23,7.874797154083533
CC(C)(C)C1(CCC1)O,8.60428621583321
O=C1CC2CC3OCC123,5.710739916022268
O=C1CC2(O1)C1CC2O1,7.176100110535831
CC12CCC1COC2=N,7.744498426605317
CC(O)C12COCC1O2,8.687045491878646
CC12CC(C1)(CC2)C=O,6.164630142497737
C1C2C1N1CC3OC2C13,7.834118177382084
CC(C1CN1)C(C)=O,6.172075948686172
CCc1cocnc1=O,5.0992082821422375
CC1(CO)CCC=C1,7.187960519253842
O=CC12NC1CC21CO1,5.839225271412541
COC(CO)C#CC=O,5.530419073107869
O=C1OC2CC1CC=C2,6.574460579443271
CC1C2OC1(C=O)C2C,5.666890840176622
OCC12CCC1(CO)N2,8.139274873166732
O=CCC1OC1C1CN1,6.01326230616959
Cc1c(c(no1)N)C=O,4.780007574759839
CCC(O)COCC#N,7.908034052517602
CC12CC3C1C2(O)C3=O,6.503284478285208
CC1(C)NCC(O)C1=O,5.77627497564003
CCC(=N)NC(=O)C=O,4.6012734495881675
C1CC11C2C3CC1CC23,8.98736198597932
CC1(C#C)C2OC(=N)C12,7.048182053351968
CC1CC=CC(C1)C#C,7.136295418247309
CCCC12CC=CC1O2,6.7726574586016355
CN1CC11CC(C)(O)C1,8.040905204875889
CCC(CO)N(C)C=O,7.294044125492918
CCc1c(ocn1)N,6.004009158014803
Cc1c[nH]nc1C2CC2,6.776619111373717
N=COCC1COC1=N,7.3323269485307385
CC1OCC23CC(O2)C13,8.356658408954111
CCc1ccoc1CO,6.35539644316773
CN=C1ON=CC(N)=N1,4.516638187592853
C1NC11C2C3N2CC=C13,4.556565017291464
COC(=O)C1CC(C)C1,7.4961244899311215
CC(O)C1=CC=C(N)O1,5.937282760110016
C1CN1c2c(nn[nH]2)O,6.144731703775853
COCCc1ccno1,6.7456547213601565
OC1(C#N)C2NC1C2=O,6.22765110989817
CC1(CC([O-])=O)C[NH2+]1,7.3372384655128196
COCCC1CC1C#N,8.126728389919549
ON=C1C=CC2CC12,5.319927451037606
O=C1NC2CC2C2CN12,7.386936748497216
O=CC1=CC2C3CN2C13,4.91338498723362
Cc1ccn(c1)C=O,5.321676608099294
CC1COC(CO1)C#C,7.548266213053585
Cc1c(nc([nH]1)OC)C,6.566949028816135
CC#CC(C)(O)C=O,5.786999802797612
CCC(=O)C12CN1CC2,5.668698378855202
CCC1C2CC2C1CO,8.85059471794026
CC1C2COC(O2)C1O,8.609055678185227
CC1CC2(C)CC1C2O,8.751898080173543
OC12CC3C4CN(C14)C23,8.066454609397198
c1c(cnc(n1)C=O)N,4.246207103133825
c1cnoc1CC2CC2,6.64866006424211
OCC12C3CC1(O)CC23,8.268859820619678
Cc1c(nn(n1)C)C#C,5.792315700933653
COC12CN3C1CC23C,8.144470611946018
N=C1OCC=C1CC=O,5.5313337232081174
CC1CC2C1=CCC2=O,5.738045294582437
CC(C)(C#N)C(=O)C=O,4.123005904527744
CC12CC(O)(C1)CC2=O,6.219903281733165
C1C2C3C4C5C(C2N15)N34,7.378543601764631
CC12COC1C=CC2O,6.672326690502636
OC1=CNC=C1OC=N,5.525080134239131
Cc1coc2c1CC=C2,5.191140804806308
OC1=C(OC=N1)C1CO1,6.038768946577577
CCCC1NC1CC#N,7.824212921925568
NC1=NC2C(O)C2CO1,6.973795695756749
CC[NH+](C)CCC([O-])=O,6.949291176027341
CC1OC1C(=O)N1CC1,6.7391614795971195
CC1OC1C1CCCC1,9.196143914843441
CC12CC(=O)C1C2CO,6.061872590031091
CC12CC1(COC2)C#N,7.61583162851978
CC1OCOC1C(N)=O,7.256942865128301
CCC1=NCC(C)O1,7.307237527009371
CCC1NCC(=O)C=C1,5.0361361300870255
CC1C2CN2C1CC=O,5.717047794579646
OCCCC12CC1CO2,8.35518028977568
C#Cc1cc([nH]c1O)N,5.337933690149346
OC12CCOC1C2C=O,5.864973539834434
O=C1CC2(N1)C1CC2C1,7.410006500001347
CC1CC1N1C=CN=C1,6.7009378612220365
CC1(C)C2COC1C2O,8.28572205399026
OC1CC23CC(C2)CC13,8.90117186352717
CC(C)C12CC(O)(C1)C2,8.868985541790211
COC1COC1(C)C=O,5.759726969432303
CC1=CC2NC2(C1)C#N,6.17796113686606
CC1C(O)C=CC2CN12,6.445061478747549
CC(C)(C#CC=O)O,5.519129826595216
CC(=O)C1(CC1)OC,6.040123413374137
C1C2CC1N=COCO2,7.114006624343415
CC1C(C)C1(C)CC#C,8.226028973059499
COCC1CC2C(C)N12,8.145253904169454
O=CC12CC(CO1)CO2,5.925575328615302
O=CC12CC1C(=O)NC2,5.871916260353033
O=C1CC(N=CN1)C#C,6.209065829714269
CC12CC(CO1)C=CC2,7.015897118658746
O=COC1C2CC(=O)C12,5.912103963768504
CC#CC(O)CN1CC1,7.232410550792261
CC1OCC11CC2OC12,8.577192678761499
O=C1C2CC1(CC#N)O2,6.282835664382713
CC1(C)CC2C(C=O)N12,5.696897741994766
CC1C2N3CC2(CO)C13,7.964448728877196
CC(CC#C)C(=O)C=O,4.2078489616269685
CCCOC(C=O)C#C,5.91424335263021
C1C2CC3CCC3=CC12,6.62029628808384
COC1C(O)CC11CN1,8.250320726988624
OC12CCC(OC1)C=C2,6.706472999576643
CC1CC=CC(=O)N1,5.676003483705078
CC1OC1C(=O)CC=O,5.540669368364952
CCC1COCC11CO1,8.875568109043947
CC1=C(C)C(CO)CC1,6.894460204320174
C#CCC#CC1COC1,7.514997904545229
CCN1CC(C=O)C1=O,5.687315640520284
OC12CC=C3CCC1C23,5.953037133997441
CC1CC2OC2C1O,8.86935713930468
O=C1CCOC2CC12,5.910541262350196
CC1OCC2OC3C2C13,8.290246437745658
C#CCc1c(onn1)N,5.50653049382264
CCCC(OC)C#C,8.012827269787913
CCN=c1[nH]cc(o1)N,5.781153493888102
CC1=CC(=O)OC2CC12,6.033465732899295
CC1=CC2(CC1N2)C=O,5.580225530470452
[NH3+]CC1=C([O-])C(O)=CO1,4.863928460482871
CC(O)CCNCC#N,7.414991415733603
CCN=COCCC#N,7.392508671409133
O=C1C2CCC1OCC2,5.720113634623553
CC(=O)C1(C)CCC1O,6.101491742831465
C1CC23OC=NC2C3O1,6.844306551654262
O=C1CC(CCC#C)O1,7.590237634280269
OCC12C3C1N1C3CC21,8.002379860054628
C1OC2OCC1C=C2,6.780284756672896
CC12CC3C(N13)C2=O,6.285861816140299
O=CC1OC2CC1C=C2,5.8533486916927835
CC1C(O)C=CC11CC1,6.658608264682191
CC12CCC3CC1(O)C23,8.396253827838716
O=CC1CC=CC2NC12,5.98967245299595
CCC1OCC1(C)OC,8.601829883606072
OC1=C2CCN2C(=N)O1,5.874990404238216
CNc1cccc(c1)N,5.33537464265256
CN1C2C(O)C1C2C=O,5.321527804739041
C1C2COC3CC2C13,8.721236928747444
CN1CC(NC=O)C1=O,6.730370744994041
CC(C)C(C)(CO)C#N,8.468225342259414
CC1COC(=O)C=C1,6.096045261201891
OCC12C3C4NC1C4N23,7.696775328034179
CCC1CCC(=O)C1,6.065817876610693
CNc1cc(c[nH]1)C#N,5.4946621742992585
COC12CC1NC2C#C,7.133095415402796
CN1C2CC(CCO)C12,7.894373525739854
C1CN1C1=NCC2NC12,6.205344123955735
NC=[NH+]CC(=N[O-])C#N,4.831481179880558
CC12CC(C1)CC2(C)O,8.959690899741664
OC1C2CC1N=COC2,7.110689737334203
CC#CC(=O)N(C)C=O,5.540645558954888
C#CC12CCCC1CO2,7.589396191325818
c1c[nH]c2c1NCCN2,5.867723937101322
Cc1c(c(co1)N)C#N,5.445492381641684
OC12C3C1C1CC2CC31,8.515045720813633
CC1C2C3C4OC4C2N13,8.207790749749964
CCC(C)(CC#C)OC,8.243741109805184
Cc1ccnn1C(C)C,6.991233151608533
CC(OC=N)(C=O)C=O,5.425129169382891
CC1OC2C(C)OC12,8.415784963332264
CC(C=O)C(C#C)C#C,5.9901782995609665
CCc1ccc(o1)C#C,5.5681724250404585
CC1C2CC3CC2C13O,8.8261341589207
CC(O)(C#N)C(N)C#N,7.754204675308122
O=C(OCC1CN1)C#N,6.391962149224063
CC1CC2(C)OC2(C)C1,8.903133833676367
C1CCC(=NO)C=CC1,5.603205873412118
COc1ncc(=O)[nH]n1,4.881996244038205
Cn1c2c(cn1)CCN2,5.982167912053667
CC1(CO)CCC1=NO,6.648937162517966
CC(C)(C)OC(=O)CN,7.311970458181863
OC12C3NC3C1NC2=O,6.649387626826953
N#CC1C2NCC3C2N13,7.064123962430097
O=C1OC23CC12CC=C3,6.013636626268772
CCC12CCC1OC2=O,7.468131231911899
CC1COC(C)C11CO1,8.870553298255313
CC(C)C(C#N)C(C)=O,6.3390529541390634
CC1C2N=CN3C2C13C,6.448611700740704
C(CCO)CNCC#N,7.45905245105905
CC1NCC1(C#C)C#N,6.943728824203751
O=C(C#N)C1COC=N1,5.3486125072802775
[O-]C(=O)CC1=[NH+]CCN1,6.189450941027393
O1C2C3C=CC4C1C2C34,6.200828913757697
CN1CCCCNC1=O,7.828611597521883
CC(O)C1COC=N1,7.266114292247409
OC1CC1C12CC(C1)C2,8.947359928843227
CC(=NO)C(C=O)C#C,5.542303860662204
CCC1(CC1)C(=O)NC,7.400685851469886
OC1C2CC3N2C13C#N,7.135415969369772
C1C2CN=C3OCOC123,6.85142902079873
[O-]C(=O)C1CC2(C[NH2+]2)C1,7.224939616872455
OC(C#C)C(=N)N1CC1,6.733439424877627
CCC1(NCC1=O)C#N,5.7682434217326675
CC1C(C=O)C1(C)C#C,5.886659432812746
OC1CC(CC1O)C#N,7.979085988606341
CC12C3C1C1C3C3C2N13,7.776574706334036
C1CC23CC4OC2C4C13,8.391588222731441
COC1C2CC(=O)C1N2,5.734391876814429
OCC12C3NC1COC23,7.9758554012365295
C(C1OC2CC12)N1CC1,8.310410352152768
CC(=O)OC1(C)CC1O,7.521875466773648
c1c[nH]c2c1c(n[nH]2)O,5.732359497449444
CC1C=CCOC1=N,6.593941101013851
OCCN1C2CC2C1=O,6.873972899851208
C1COC(O1)C2COC2,8.878507207589747
CC1(CC1)c2cnn[nH]2,6.70051666675794
COC(=O)C1(CC1)C#C,7.0973895325785294
CC1(C)OC2CCC1C2,8.618396557005344
CC1OC(C)C2(C)NC12,8.314617108213431
CC12CCC1(CO)CC2,8.868530122491611
C1C2C3CN=COC2C13,7.312594894624825
COCC12CN(C1)C2C,8.185549524385193
CC(=O)C1(COC1)NC,5.681607727802002
CCC1(CC)NC1C#N,7.546769810010042
CC12CCC1NC2C#N,7.026672122908747
OCCC1CC2CN12,8.287305316184595
OC12C=CCC11CC2C1,6.521489115628607
C1CC1CC(=O)CC#N,6.425459976402477
CC(O)C1OCC11CO1,8.582105776568936
COCC#CC(O)C=O,5.814809629276217
CC1CC23CC12N=CO3,6.679778298641911
CC(=O)CC(=O)C(=N)N,4.633209703190654
CCC1C=CC2C(C)C12,6.713654668171346
CC12CC1COC=NC2,7.180818025291532
CC1CC(C#C)N2CC12,7.3971180012020685
O=CC1=CNC2CCC12,5.075097519578266
CC1(CO)CCC11CC1,8.787508860714102
CC1CC=CC(O)C1,7.136862451767967
OC12C3NC1CC(=O)C23,5.931892837477614
NC1(CC1O)C#CC#N,6.114087651365041
CCC(C)(O)C(N)C#N,7.903965441193055
c1c(c(c([nH]1)N)CO)O,5.947517062460699
CCCc1cnoc1N,6.14222746690731
COC1CCNC1C#N,7.209456142784781
CC1OC=NCC1C=O,5.842728966624076
c1c(cnc(c1N)O)N,5.118925933166218
CCC12NC1CC2C=O,5.874233718037721
C1C2CC34COC23C1C4,7.970783992987213
O=CCOC12CC1OC2,5.935642034194234
OC1C=CC2(O)COC12,6.511074284400435
COC1C2CC(C2)C1O,8.583902638825917
O=COCC1COC=N1,6.947694080713223
CCc1c(con1)N,6.115717666498277
C(C1CO1)C1=NNC=C1,7.144667756529742
CCc1c(cno1)CO,6.55531296156285
NC1=CC(=N)N=C(O)O1,5.3427188225814115
C#CC1OC2C3OC3C12,7.140869427491767
CN1CC1COC(N)=O,7.6823260021018775
Cc1c(c[nH]c1CO)N,5.953998472816668
O=C1NCCC11CCO1,6.9490322420960835
COC1CC2(C)CC1O2,8.663224710872534
CC12CN1CC(C2)C#N,7.386972575056545
CC1(CO)CCNC1=O,7.337704521917144
NC(C#N)C1CC1CO,7.712520956925574
CC1(CCCOC=N1)C,7.227112060507884
CC(=N)N(C)C(=O)C=O,4.5851716927479895
CC1(O)CC11CC2CN12,8.103907496550312
NC(=O)N1C=CCC1=N,5.979695992862826
COC1C([NH3+])C1C([O-])=O,7.089483620827231
C1NC1C1=NCCO1,6.999780522206344
OCCC(C#C)C1CN1,7.85849861900322
OC1C2CCOC1CO2,8.346676020102691
CNc1cc(co1)OC,5.9137023278804985
CCn1c(ccn1)O,6.707477365336514
CC1=CCC(=O)N1C=N,5.445440341799672
C(C1CO1)C1CC=CC1,7.320685456115282
CC1(CC1)COC2CC2,8.838638252600882
C1CC1(C=O)C2(CC2)O,6.089079980725432
OC1CCCC2(CC2)C1,8.858321770332365
C1C(CN1C=O)NC=O,6.663977863060764
C1CC11N=C2NC3C2C13,5.7349174893168255
CCC1CC=CC(O)C1,7.084007495933178
CC1(OCC1O)C1CO1,8.558912011376682
CC1=NC(OC=N)=CO1,5.960446167806492
C1CC11COCC2OC12,8.739247931360014
C1CC23COCC2(C1)N3,8.216809062212034
OCC(=O)N1CC1C=O,5.7688803264993105
CCOC(C)CCC=O,6.206900036764086
COCC1OC2(C)CC12,8.3805592679543
CC1=CC2NC2COC1,6.553727524457252
c1cocc1OCCO,6.212964502866604
CC12OC3CC1C2C3,8.688405404310332
C1C=CC2(O1)CC(=O)C2,5.839910191204857
CCCN(C=O)C=O,6.232065268374906
OCC1(C=O)C2CC1O2,5.681104537712959
COC1C2COCC1N2,8.189001447266675
OC1CC(=O)CC2CC12,6.0897454324032925
O=CC12CC3C(C1)C3C2,6.1743324272458695
O=C1C2C=CC1C21CC1,5.9014495840001
CC12CC3CC1C1C2N31,8.43416714804528
O=CC1CC2OC1C2=O,5.5420174666561755
C#CCNc1ccon1,5.986086981905569
OCC(CC=O)C1CN1,6.110269352179366
CN1C=NC(C#C)C1=O,5.962694287038782
CC#CC12CC1C(=O)N2,6.589451686185923
CC12CC3C(OC1)C23,8.685715908281525
OC1CCC(=C1)C1CO1,6.57288075999379
CCC1C2CC=CC1O2,6.817095833420792
OCC1(CC1O)NC=O,7.270160817516973
CC12CC3N1C3(CO)C2,8.291541067210591
OC(CC#C)(C=O)C#N,5.9097235251070686
OC12CC34CC=C(C13)C24,5.245610675888752
CN=c1ccnc(o1)N,4.940416766906305
CCC12CC1C(O2)C#C,7.3035073367078525
C1C=Cc2c(nno2)N1,4.460203805916361
O=C1CC2NC3C2OC13,5.455568949289797
C(C#CC=O)OC(=O)N,5.801373977462481
CC(=O)OCC#CC#N,6.608477133584232
CC1C2OC(=N)C1C2C,7.686188916653251
NC1C2OC1(C=C2)C#N,6.169059179813231
CCOC(=N)C(O)C#N,7.4091190802258655
CCC1CC2(C)CCC12,9.257296769151436
CC1CC2(C1)CC(=O)O2,7.600472898052292
OC1C2COC(C2)C1=O,5.66190932222109
CCC12CN1CC21CO1,8.486035853943045
C1OC1C12CC1COC2,8.734438780865027
C1C(CO1)C2COC2,8.547056843301585
N#CC1C2NC1C1CC21,7.4097070208746025
OC12C=CCC3CC1C23,6.408639117693764
CC1CCCC=CCO1,6.978488169595367
O=C1C2OC3C=CN1C23,5.516377789953815
CC1CC2OC2(C)C1,9.146734714155711
CCOCC1(COC1)O,8.422454607982957
CCc1c(n[nH]n1)CO,6.729467043455533
CC(C)CC1C2CCC12,9.182891854459221
CC(=O)N(C)C(=O)C,6.057056629802501
CNC(=O)C12CC1OC2,6.969660267222667
COC(=O)CC1(CC1)O,7.335672080151928
O=C1CCCN2CC12,5.571600786407141
CCC1CC(C#C)C1C,8.246919402804313
CC12CC3CN1C3C2O,8.084335155793967
CC(C)C(=O)C1(CC1)C,6.159239979797916
CCC1=CCC(CO)C1,7.046464570202971
CN=C1OC(C)C11CC1,7.220667945189541
CC1(C)CN2CC1(O)C2,8.010795275296278
CC(=NO)c1cnc[nH]1,5.403823489159251
CC1OC2C3CCC2C13,8.732056247775846
CC1OC2CCC1C2=O,5.761064698520196
C1CNc2c1onc2O,5.9362734243688635
C#CCc1cc(n[nH]1)N,6.192438729633288
C#CCC1COCCO1,7.950405246646492
N=C1CC2NC2CCO1,7.183718206348746
O=COC12CC1CC=C2,6.415155458071199
C1CN=COCCC#C1,6.703093953441741
CC12C3N1C1CC3=CC21,4.198050262288313
OC1CCC=C(C1)C#C,6.013970238087905
CC(=N)OC1=NON=C1,6.258521271359166
O=C1CCC2(CN2)C1,5.984394383916225
CC1OCC2C(C#N)C12,7.851677896960277
OC12CC1C(=O)COC2,5.751895608524219
O=CC12CN(C1)CC=C2,5.418952140408918
CCC(CC=O)C#CC,5.990417000573152
CC1=C(C=O)C(=N)OC1,4.992578957465513
COCCC1OCC=C1,6.932145773088302
c1c[nH]cc1NC2CC2,6.104696014856635
OC1C2C3NC3C(O)C12,7.899583220514749
CC1OC2CN3C1C23C,8.307887597559452
CC([NH3+])C1=CN=C([O-])O1,5.532854301468706
CC1CCNC(=N)C1=O,4.862994003211775
CCC1C(=O)OC1(C)C,7.605176074828263
CCc1cc(co1)C=O,5.115711938868743
O=C1CC2(CO2)C2NC12,5.766156334654604
CC1(O)C2CC3CC1C23,8.57671660514308
CC1C2OC(=N)C(=O)C12,5.088903373216268
Cc1conc(c1=O)O,4.98501879800363
CC12CC1(CO)N1CC21,7.927598148637934
CCOC1(C)CN=CO1,7.332445974360814
CC12CN1CC2(C)C#N,7.225230575592136
CCCOCC(=N)OC,7.6573271028305285
c1coc(n1)CCO,6.643728371074018
CCC(N1CC1)C(N)=O,6.99517853515459
NC(=O)C(CO)CC#C,7.211312347397304
COC1C2CC(O)CC12,8.440412435991606
CC12CCC(C=C1)C2=O,5.749565846498384
CC1COC(=O)C(=N)O1,6.025450172835455
OCCC12C3CC1CN23,8.293742690973934
CC(C)(C)n1cccn1,7.016080766441212
CC1OC1(C)C(C)=NO,6.700033365871826
OC1CC2COC1C2O,8.243125349681655
O=CCCC1CN=CO1,6.012787518599224
CN1C2C(C1=O)C2(C)O,6.718993190404313
C1N=CN2C3C4NC3C124,6.045653649146042
COC1C2CC2C=C1C,6.608627805729137
CC#CC1C(O)C1O,7.225691767666435
OC1CC=C(C1)C1CC1,6.801851715149969
COC1CC1C(C)C#N,8.07778817561076
CC1COC11COC1=N,7.2398738067924455
CCC12OC3C(C13)C2O,8.009296388876548
CC1CC2CC(O2)C1=O,5.736619005804844
O=CCCC1CC2CC12,6.214811649784732
CC(O)C(O)C(N)C#N,7.698463660421781
CC(CO)(C#C)C1CO1,8.086262554267076
CCC1OC2CC(=O)C12,5.868117955477364
OCC1C(OC1=O)C#C,7.2620745270087035
O=CC1=NC2CC(C2)N1,4.4046219886331555
OCCC1C2CC1O2,8.51086008224397
NC(=O)N1CC1C1CN1,7.580555534004854
OCC1(O)C2CC1C2=O,6.511410023042563
OC1C2CC1C(O2)C=O,5.842420140260731
Cc1c(ccn1C)C#N,5.799690858310919
COC1CN2CC2C1C,8.158136198836116
OC1C2CC1C1CC2O1,8.290724352670619
OCC(O)C1=NNC=C1,6.8701106811226476
CC1C(O)C(O)C1C#C,7.807460482490271
CC1C2CC3(CCO3)C12,8.37755573745181
CC1C2N=COC12C=O,5.778919115950795
CC12CC(O)C1OC2=O,7.363077204754675
CC(=O)NC(=N)C1CN1,6.087500664964917
CCc1[nH]cc(n1)OC,6.410329880995019
CN1C(C#N)C(N)C1=O,6.627750612450376
N#CC1CCC1C1CC1,8.713407797793039
CCC(NC=O)C1CC1,7.570033885812458
N=COC1=CNC(=O)N1,5.325701840937391
CC(C)OC1CC1C#C,8.00270439520026
OC1C2CC1(O)C1OC21,8.507149201153451
CCC1(CC#N)CO1,8.397247378084609
CCOC1(CC1C)C#C,7.525069933819663
O=CCC1CC2CC2O1,6.137523817399288
CCCC1CC(O1)C=O,5.905783955956732
COCc1c[nH]cc1N,6.113764481368288
CC1=C(C(=O)NC1)C#N,5.498500933036434
CC1COC2(C)CC2C1,8.523651056292838
CC1CC2(O)COC12C,8.260594021790727
CC1([NH3+])CC1C([O-])=O,7.298466206507031
CCC(=O)OC=NCC,6.693370160244331
COC1(CN2CC12)C#C,7.050619091880651
CC1C2C3C(O)C2(C)C13,8.753521865012594
CC(=O)CC1CC1C#C,6.234440915365613
O=C1CC2NC1CC2=O,5.3837611296231245
C1C2OC=NC3COC123,6.952129435701389
Cc1coc2c1OCC2,5.969335745006221
COC1(CC=CC1)C#N,7.103535465959249
CC1CC11CCC1(C)C,9.017478889787828
Cc1cc([nH]c1C#N)N,5.464741631087662
CCC1(C)COC1=O,7.6727462489546205
CC12CC3OCC1C23C,8.446929728131416
CC(C)CCC(O)C=O,6.178630623989893
CC1OCC(N)=C1C=O,4.985483244042642
CC1(CC#N)C2CC1O2,7.8219858340270605
N=C1NC=NC1C1CO1,6.286114134873411
CC1=CC2C(C1)C2(C)C,6.582932586320583
Cn1cc(cn1)CCO,6.9034999259298315
OC12CCC3C1C=CC23,6.590600258172654
OCC1CC1(CO)C=O,6.03715100695903
C1OC2C1C1COCC21,8.207429291549769
CCN1CCNCC1=O,6.998100413746187
OC1C2CC1N2CC#N,7.147788894890512
OC(C#N)C1=CC=NO1,6.44294243926937
OC1C(CC#N)C1C=O,6.079523339848944
COC=NC1(C)CC1C,7.1505227361365336
COC12CC1CC2CO,8.48356220833654
CC(CC1NC1C)C#N,7.870005873506219
CCC(C=O)C1CO1,6.115103860320357
CCCCCC(C)C=O,6.20320344811156
CC1C2C3N1C(=N)C23O,6.73069077477876
C1OC2CC1CCC=C2,6.793801367844524
Cc1cc(nc(=O)o1)O,5.326097095038549
COC1CC2OC1C2C,8.561685921519976
OC(C#C)C1COCO1,7.699579745688576
C1CC1C(=NO)CCO,6.72767459654097
C(CN=C(C#N)N)C=O,5.426440401469124
CCC12CC(O1)C(O)C2,8.326967792955584
CC(N1CC1)C(=O)C#N,4.919098401673235
COCC1CC2(O)CC12,8.546973851567788
CC12CC3C4CC3N1C24,8.468751903393573
O=C1CCC11COCO1,5.6629200524240275
CCC1=C(C)COC1=N,6.215889130830923
CCCC1(CN1)C=O,6.036412934006458
O=CC1C2OC2C11CN1,5.909776879272398
CC#CC1C(C)C1(C)C,7.635836306000641
OC1C2CC11OC(=N)C21,7.262278813402648
OC1C=CCCC1C=O,5.941325320790987
C1OC2COCC22NC12,8.249749008047885
C#CC12CN1CC21CC1,6.925996016071695
OC1CC11CCOC=N1,6.990028506828116
CC1CC2C3CCC3C12,9.112338361839138
COC=Nc1c[nH]cn1,5.6381598740712535
CN1CC1C1CN1C=O,6.677997952517911
CNc1cc(on1)C#C,5.016087524799636
OCC1NC2C1OC2=N,6.987110899958011
C1OC23COC12C1NC31,7.905049057048894
CCC(O)C(O)C1CO1,8.766343320222814
c1c[nH]nc1CCC=O,6.02783275851696
C1OC11CCCN2CC12,8.41271420726605
CC1CC2CN2C(=O)C1,6.828095828671191
CC1OC(C)C1C#C,7.937986396142835
OC1CC11OCC1C=O,5.776372575053101
OC(C#N)C12CC(C1)C2,8.133200716649332
CC(=O)C(CO)CC=O,5.746865214844795
OC1CC2(C1)OC1CC21,8.175415814439155
CC1(CO)C(O)C2CN12,8.000206638711258
Cc1cc(on1)CCO,6.5703289034919425
COC1C=C(C)C2NC12,6.361407015289571
OC(C#N)C1C2CC1O2,7.402839723854597
CCC1(CO1)C(=O)C=O,4.136170390872898
CNC(=O)C1CN1C=O,6.432159581061928
O=CCC12COC1CO2,5.736785419369957
O=CC(=O)C12CC(C1)C2,4.534156208739831
CC1C2C=CCC(C)C12,6.899840138971947
CC1CC(O1)C(=O)C#C,5.239521241802769
CC1=CCN(C(=O)C1)C,6.280193118319281
CC#CC1=CCC(O)C1,6.08686497560367
CC1OC(=N)NC1C#C,7.1744295483276295
CCC1(CC(C)C1)C#C,8.228426943440342
CC12CC(OC=N1)C2=O,5.740333888047454
CC(=O)C12CC3C1CC23,6.227253795237276
CC(O)C1=C(N)N=CN1,6.1073531113370905
CN=C1ON=CC(C)=N1,4.690349264090528
CC1OC2(CC2O)C1=O,5.851597722453379
CC12OC(=O)C1C2C#C,6.904691341452664
CCC1(C)OCC1OC,8.525178452050794
C1C2CCC3CCC3C12,9.206227714337325
CC1C=CC(C)(C)C1C,7.109607460664381
Cc1c(n(c(n1)O)C)O,6.392492709785295
O=C1C2CC3CC1OC23,5.733351887472436
O=C1NC2CCC3C2N13,7.262807635765867
OC1C=CCC2OC12,6.929629538561954
CCC(C)C1CC1C=O,6.10849479304093
OCC(C=O)N1CCC1,5.605030698293664
C1C2CCOC1C=C2,6.852146654712025
CC1OC2C3NC3C2=C1,6.31366141725571
CC12C3C1C1(C)CC3N21,8.209798810373904
CC1OC2(CO)C(O)C12,8.02889564626611
CC12CN3CC(CC13)O2,8.044408652129201
CCC1(CCC1=O)C=O,5.630292454383908
CC(=O)C#CC1CCC1,5.532037848355498
CC1(C)C2CCC=CC12,6.771100585669949
CC1(C(N)C1[NH3+])C([O-])=O,7.197120974078082
CC(=O)OCC(=O)C#N,5.4039656061624495
Cc1c(cnnc1N)O,5.564593972966174
OC(CCC#C)CC=O,6.1932897610452375
CC1CC1C1CC(=O)C1,6.042340146054839
N=CN1C=CCCC1=O,5.440982679061285
CNC(=O)C1(COC1)N,6.970869966360895
CC1OC2COC2C=C1,6.806478000116925
CC(=NO)C(O)C1CC1,6.780640584359549
Cc1c(nco1)OC,6.280272019915369
CC1C2OC2C11COC1,8.502966777865534
C1C2CC3CC2C1OC3,8.637452332113943
CC12CC3N1C2C31CO1,8.504362693986678
C1C(CO1)C2(COC2)O,8.237016886798102
CC1=CC2C(O)C2(C)C1,6.4647519424738915
OC(CC=O)CC1CC1,6.198799643821531
C1CN(C=C1)C(=O)C#N,5.547796068960638
CC12CC1COC(=O)N2,7.9468450476565335
OC12CN(C1)C21CCC1,7.888343291486806
CC1C2CC(C)(C#N)C12,8.198108569005665
CC1CN2CC3(O)C1C23,7.805530758317833
CCC1CCC(O1)C#C,7.876030533929078
N=C1OCC2CC2C1=O,5.04286468443423
OCC1(CO1)C(O)C#C,7.63761675482984
OC1CC1COCC=O,6.149117293854051
CN1C(CC11CC1)C#N,6.955892734503243
CCCC1=CC(C)CC1,6.910284602424389
OC1CC=C(C1)C#N,6.229308955439588
c1c2n(cn1)CCC2=O,5.193441519969235
CC12CC3C4CC(C14)C23,9.253299215475433
N#CC1CC2N=COC12,7.187281900752563
CC1CC2(O)C(C)OC12,8.340996555311465
c1c2c([nH]n1)C(=O)NC2,5.837888554029798
CC1CNC(=O)C(O)C1,7.324240059327976
CCC12C3C4C3C1(C)C24,8.162870520495987
CC1(C)OC11COC1=N,7.340295428848217
OC1CCC(=O)C1C#N,5.995649336687673
CC12CC(C1)C1(CC1)C2,9.470893189362869
N=C1CC2(CN2)C(=O)O1,6.5816154561447835
CC#CC1CCC2NC12,7.543943424947467
CC(C)C(C)C1OC1C,9.183687485680068
CN1C(=N)OC=NC1=O,5.4953004000899055
CC12NC(=N)OC1C2O,6.98115972580244
CC1(CO)CCC(=O)O1,7.575453946629715
CC1=CC(=O)CN2CC12,4.796192499067376
Cc1ccoc(=NC)c1,4.351774069829874
CC1COC(CO)=N1,7.265331713579566
CC1OC(C)C1OC=O,7.34957787335997
OC1CC2CC12N1CC1,8.167972261987721
O=CCC1=CC2CN2C1,5.521531571944523
CCCC1C2C3OC3C12,8.472983740551221
OCC1CC2(O)CC1C2,8.804267075447203
CCC1(CCC1)C(=O)C,6.119682652558324
CCN=C1OCC1C,7.504968528243785
O=CCN1C2C3CC3C12,5.771256284821694
CC12CCC1CNC2=O,7.3586102798140605
Cn1cnc2c1OCC2,6.284998758581671
ON=C1CCCC2CC12,6.747564604649445
N=COC1=NC=NC=C1,5.596882479409623
CNc1cc(no1)CO,6.0467055402698
CCC1=CC=NOC1=N,4.906062281017888
OC1CC2(COC2)C=C1,6.734016134330572
CC12C3C4CN(C14)C23C,7.958016366358502
CC1CNC2=CON=C12,5.833083941666276
CC1C2C(C3CN23)C1=O,5.509684767716213
N#CC12NCC3C1CC23,7.0971715521823375
CC12NC(C1C=O)C2=O,5.612867830571304
OC1CC2COC=NC12,7.148868417744342
C1NC1C1COCO1,8.74990881517996
CC(C)n1c(=O)[nH]cn1,6.402939081774511
O=C1CCC(O1)C1CC1,7.5428080724950215
N=C1OC2C3CN3C2=C1,5.607508104844405
COCC1(C)NC1C=O,5.856179773037963
COc1coc(n1)C#C,5.384186729982628
N#CC1CCCN=CO1,7.128729912286656
OCC#CC1C2CCC12,7.399997895744693
OCC1CC=C(C1)C#N,6.226801008742833
CC1OC1C(O)C#N,7.87234453742721
CCc1cc(co1)N,5.953672767493394
CCC1C2N(C)C1C2=O,6.219491064902101
COCCCOCC=O,6.201084432636591
CC(=O)CC1NC1CO,6.242112434542659
COC1(C)C2NC2C1=O,5.683252106342312
NC(=O)CC1COC1=O,6.986965665710998
C1CC(O1)C1=NNC=C1,6.855654771470619
CC12CC(C)(O)C1O2,8.655516888502467
CCC1OC=NC1C=O,5.829918819804663
OCC(O)C1(CN1)C#C,7.35407694682564
C1C2C3C4OCC3N1C24,8.062399395027429
COC1CC(C1)C1CO1,8.941199729109321
OCC12COC1C2C#N,7.419681735973563
COC1(CC1)C1CC1C,8.677269622358928
CC1(CC#C)COC1=N,7.6853515811575015
CCC1C=CC=CC=C1,5.312128965787577
COc1c([nH]nn1)C#C,5.548152156299773
CN1CCOCOC1=O,7.926007584712159
CC1C([NH3+])C1CC([O-])=O,7.250521828992824
O=C1COC(CC#C)C1,6.004802639027625
c1c(ocnc1=O)CO,5.2031533499297655
C1OC1C1=NCCCO1,7.1199736356426575
CCC(C)(C)CC(=O)C,6.312805736710704
c1c(c[nH]c1CC=O)N,5.1554223573191456
O=CCCC1COCO1,6.297263326510331
c1c(nno1)CCCO,6.26929260863984
CCC12CC(C1)C2C#N,8.61899632079711
CCn1cncc1C#N,6.215502211981798
O=C1CCCC2CC2C1,6.046505891454366
C(CC(C=O)C=O)CO,5.6320858385963115
CC1(CN(CC1=O)C)C,5.462741783983005
Cn1cnc2c1ocn2,5.71220103412513
CCN=C(CO)NC=O,6.028180106833974
C1C(=O)CC1(C=O)C=O,5.604024393021812
CC12CC3C(C13)C(=N)O2,7.37906913760248
CC1(CN2CC12)OC=N,7.176540565528297
O=CC12NCC1CC2=O,5.432547878269189
C1CC(=O)C2(C1=O)CN2,4.995023240561231
CCc1cc2n(n1)CC2,6.8856017158983
CCC1NC1C(C)=NO,6.551358979966847
C1CC1C1CC2CCC12,9.275013108706068
CCC1=CCC(=O)C1,5.8406405404731325
CC1C2C3C4C2C1(C)N34,8.313213150664996
OCC1CC(C#C)C1=O,5.833536561018583
CCC1(C)CC2CC12O,8.482590820114929
N=C(C#C)N1CC(=O)C1,5.2661059321064165
COC(C)(CO)CC#C,8.050265266572861
OC1C2C3C4C1C2CN34,8.144624441907077
CC1C=CCC(O)C=C1,6.304885719649529
O=C1CCC2C1C1CN21,5.745151032110695
O=CC12CCC1OC2,5.763634574155167
CN=C1OC2C(CO)C12,6.997275789945004
Cc1c(nco1)CCO,6.446833137414464
CC1N2CC1(C#N)C2C,7.091540611927065
O=C1CC2C3NC3C2C1,5.980930814721167
OC1CC2CC(=O)C1N2,5.903645653157516
CC12CC3(CC3)C1CO2,8.503808344706638
CC(C)OC1(CC1)C#C,7.638684911931936
CCC(O)C1(CO1)C=O,5.860603446764671
c1coc(=O)c(c1N)N,4.459339794933256
ON=C1C2C3C2C1C3O,6.527281138897016
O=C1C2CC3(COC13)O2,5.610723396128327
CC12CC(C1)C(=O)NC2,7.2161575466615275
CC(CCC#N)CC=O,6.2585096373423825
C1C2OC22COCCC12,8.726583751024272
CNC(C)(C#N)C1CO1,7.582798250067567
CC1(O)C2CCC1C=C2,6.807104442282
Cc1cnc(o1)NC,6.082782538195525
OC1C(O)C1(C)C1CC1,8.230414377235777
C#CC(=O)CCC(=O)N,5.533933684816101
OC1CC11C(O)CC1=O,5.925788478571979
Cn1c2c(cn1)nco2,5.957003199965933
c1c[nH]c(=O)cc1C=O,4.500153563008004
CC1CC2=C(O1)C=CN2,6.158867881250566
C1OC2C3CC1COC23,8.322744113458183
OC1CCN(C=O)C1=N,6.309091079498379
CC1CC(O)C(C=O)=C1,5.146732558416492
CN1CC(C=O)C1C=O,5.026991069212444
CCOC1COC1C#C,7.447534454082261
CNCC(C=O)C#N,5.673674822937779
CCC(CC)C(=O)OC,7.592520603304708
CN1C2C3OC2(C#C)C13,6.566984714065027
CCC1C2C=CC(=O)C12,5.009673261859536
C1C2C3C2C2CC3OC12,8.522318728120482
CCC1CNC(=O)C1=O,4.6809341252015395
CC1(CCC11CO1)C#N,7.975732371940329
CC12C3N1CC2CC3=O,5.747920309319936
CC1CCOC2CC1C2,8.582982377634803
[NH3+]C1C=CCC1C([O-])=O,6.393129859129433
CCC12CN1CCC2O,8.02162623525097
OC1C2CC1(O)C(O)C2,8.347094879407358
ON=C1COCC11CN1,6.450796963373818
C1C2CCOCCOC12,8.572492080788944
CCC(C)(O)C(C)C=O,6.1093821229495955
CC1=CC(C#C)N2CC12,5.851463458345749
OCCOC1CC(O)C1,8.553603174804172
CC1C2C3CC2C2C3N12,8.495418475577106
CCc1c(cc([nH]1)C)N,6.080393466271731
NC(=O)C12CC(C1)O2,7.159486799069685
CN1C=NOC(=O)C1=N,5.310017480392856
CCC1CC2CC(C1)O2,8.659292429951165
CCC(O)(CC)C1CO1,8.90608465169592
OC1CC11CNC1=O,7.181839865815571
CC(=O)CCC(=O)CO,5.928374283627739
CCC(=NO)C1OC1C,6.639258445131738
COCC(O)C(C)C#C,8.073840147509134
[NH3+]C1(CC=CC1)C([O-])=O,6.520516592356616
C1CN1C1C2C3CC1N23,8.039110433861126
OC1=CC(=N)C(O)=CN1,4.8727650999594285
CC(C)(C(=O)C(=O)N)O,4.784408580433985
OCC1NC1(CO)C=O,6.013860826025003
CCC(=O)CC(C)C=O,5.909899005176872
CC(C)N=C1OCC1N,7.130660824253787
CC1=NCC=CCCO1,6.527626955254094
C1CC(C1)OC2CC2,8.924147699808069
N#CCC12CC1CC=C2,6.664595815177303
CCC(C)N(C=N)C=O,6.3441257283146895
OC1C2NCC(=O)NC12,6.932374648222345
O=CC12C=CC3CN1C23,5.367054889601815
CCNC(=O)C1CCO1,7.120937060729263
CCOC(C=O)C(C)C,5.965377454114979
C1C=CC(=O)CNC1=O,5.12136361603123
C#CC1COCCC=C1,6.897329988539348
CNc1cc(cnc1)O,5.396064383913496
CCC1=CCOC1=O,6.041741875241307
CC(O)CC12CC(C1)O2,8.392295957632955
CC1=CCOC(=N)OC1,6.438112646715838
OCC12NCC1OC2=N,7.000818724612282
c1c(cn[nH]1)C(=O)CO,5.3978255663763415
CCN1CC(=NO)C=C1,5.107533712179826
N#CC1N2CC2C11CC1,7.269233097137924
Cc1[nH]c(=O)c(cn1)N,4.714593320483466
c1[nH]c(c(n1)O)NC=O,5.422027406905687
OC1COCC(O)C=C1,6.788760552628357
CC12OC3(CO)CC1C23,8.231464230193632
Cc1nc(co1)NC=O,5.592653061547839
C#CCOC12CC1CC2,7.712458383229268
C1CCC(C1)OCC=O,6.118441679299715
COCC1CC(C)C1=O,5.986979150284876
CCN1C(C)C1C#CC,6.998177531915181
CC1C2C(=O)C(O)C12O,5.932148475257109
CCCc1cocn1,6.784800599307641
CC1(C)OC1CC=O,6.147725718090664
NC12CC1(OC2=O)C#C,6.514077101800635
CC12CC(C)(C1)C1NC21,8.560623054921564
N#CC1C2C3CC1OC23,7.716162890230667
CC(C)(C)C1OCC1=O,5.865855015583025
OC1CC1C(=O)CC#C,5.883859533887709
COC12CC1OC21CC1,8.099598948406127
CC12NC1C1C(C#N)C21,6.844008759092769
CC(O)C1CC2(C)CN12,8.01724365791801
C1CC2C=CC3NC23C1,6.6331984124885395
CC(O)C12CC1C1NC21,7.684677133127215
N=C1CN(CCO1)C=O,6.694529206212673
COCc1nccnn1,5.568244945789075
CCC1=CC(=NO)CC1,5.809102783979416
CCOC1C2NC2C1O,8.086625671553218
CC(CCC#C)N1CC1,7.854973137290704
OCC1=CC(=O)C(O)C1,5.243261830384458
CN1CC11C2CC1O2,8.26067880074037
O=C1NC2C3N=CN1C23,6.290645796907885
CC1C2CC2(CO)C1C,8.661249712340945
CC1CC(O)C(N1)C#N,7.336378541574584
CC1(COCC1=O)C,5.887162923200826
CCC1CC2(CC2)C=C1,6.8112089504906335
CC12CC(C1)NC2=O,7.099421886367509
C1C(=NCC#N)OCO1,7.19486868144614
CCC(=O)COC(C)C,6.265006644327696
O=CC12C3OC4C(C14)C23,5.777178195880823
CC12OC1CC=CC2O,6.6708496183452874
O=C1CNC11CC2CC12,5.819201965584633
C#CC12CC1N=COC2,6.92302004488635
CC1=CC(=O)N(C1)C=O,5.277795500996741
O=CCC1C2CN1C2,5.739998679170933
OC12C3CC1C=CC2O3,6.479382354496387
C1CC1C(=O)C(=O)C=O,4.077609135869709
CC12OC3CCC1C23C,8.321038061513947
CC(C)C1OC1CC#N,8.306613098501474
COCC12OC1CC2=O,5.781730652485611
CC12OC1C1CC21C#N,7.274700192732828
COCC1CC2(CO2)C1,8.965913423561245
CC1C2CC(=O)N(C)C12,7.034580639993557
CC12CC3(C)C1C1C2N31,8.357640140240346
CC1(OCCCO1)C=O,5.933460358848434
CC1C2N1CC2(O)CO,7.7682748508878445
N=C(C#N)N1C2CC1C2,5.897131436446945
OC12C3N=C4CC1N4C23,5.391925491935041
NC1=C(C=CO1)C1CO1,5.821958704749679
C1CC(C1)OC(=O)CN,7.214307908642207
C1C2CCOC3CC2C13,8.508800506836097
CC1=CC(=O)C2(O)CC12,5.286778600561664
CC1C2NC=CC(=O)C12,4.951486192713035
CCC1NC1C(=O)CC,6.066180630365921
C1OC23CC(CC=C2)C13,6.533906291108482
OCCC(=O)C(O)C#N,6.111358446256899
O=CCC12CN3C1CC23,5.679545460950565
CC1(O)CCC(C)(O)C1,8.609242056048265
N#CC1NC2C3NC3C12,6.957704790626211
C(CO)N=COCC=O,5.8358843587580145
CC1CC23NC12CC=C3,6.3540901323659735
CC(O)C(C#N)N1CC1,7.381655177327566
C1OC2CC1OCC2,8.664303834427791
OC1C2NC3C1(O)C23O,7.5450538970462455
Cc1cc(nn1C)CO,6.772168059067641
CC1(C)C2OCOC12,8.752402098928906
CC1C(=O)CC1(O)C#C,5.909632768378993
O=CC1=CC2CCC1C2,5.145326865087724
CC12COCC1N=CO2,7.228331507444875
O=C1OC2C3CC=C1C23,5.623283982917606
CC12C3C1C1CC3C2C1,8.964877227850273
CCCC1C2OC2C1O,8.72993663146236
CCN=C1OCC1O,7.293802923749537
CC1=CCOC12CC2,6.556530400473273
CC1=CC2CC1C(=O)O2,6.35943780984062
CC(O)C12CC(C)(C1)O2,8.462260698571429
CCC(CC#N)C1CC1,9.001904608109042
c1c(n[nH]n1)CCC=O,6.0314683917586684
CC1CC2(CC2)NC1=O,7.295620784297677
CC1(C)C2N3CC2(O)C13,7.848762466498719
O=C1COC2(CC12)C#N,5.744847164499592
OCC1CN(C=N)C1=O,6.225191740839197
CC1CC=CC2(C)OC12,6.807279605961202
COC1(C=O)C2CC1N2,5.445381978377295
C1CCN(C1)C(=O)CO,7.159061581530434
CC(=NO)C1CC(=O)O1,6.7031992670494125
CC12C3C(O)C1(O)CN23,7.790368875779472
O=COC12CC1C(=O)C2,5.989042490480538
CC1C2CC3OC2C13,8.78118799477515
CNC(=O)C1CNC1=O,6.766125803393115
CC1(CC(O)C1=O)C#C,5.761231451415348
CC1=CC2COC1CO2,6.623874249981098
OCC1(O)CCC11CC1,8.377523744832663
CN1C2CC3(O)CC3C12,7.757671609231315
C1C=CCN1CC=O,5.617224409854845
CC1CCOC(C)(C)C1,8.588707974709582
C1CC12CC=CCC2=O,5.995702179608442
COC(C#N)C1(N)CC1,7.555447093211752
CC1OCC(O)C1(C)C,8.382297420500553
CC(O)CCC#CC=O,5.548272829541158
CC1CC2CC2CC1=O,6.0674883526226955
N=C1CC23CC2(CC3)O1,7.445394911555309
CC1=NC2CC2CCO1,6.927906321848772
CCC1CC(=O)C2CN12,5.632404671481701
CCOCCNCC#N,7.361336552078452
CCC1(C)CC1C#CC,7.874760270620339
OCC1OC2C(C#N)C12,7.464132438776575
OC1C(=O)CCNC1=O,5.755479070454225
c1c(c(on1)N)C2CC2,5.956442938991317
CC1CC2(O)CC2(C)O1,8.258869054022425
COC1CC2(O)CCC12,8.474036832036624
CC1(CO1)C(O)CC#C,8.086020866545864
OC12C3NC3C3C1CC23,8.37659399108716
Cc1cc([nH]n1)COC,6.901730670618774
OC1CC2C(C=O)C12O,5.9709829451503404
CC1CC(C#C)C(C)O1,8.117000078887845
N#CCC1C2C3NC3C12,7.313397722714706
CC12CCC(O1)C2C#N,7.7320600891666205
O=CCCC1(CO1)C#C,6.100642432672689
CCOC1(CO)CC1O,8.316656822310225
O=CC1CCC11CCO1,5.842525265404341
OC1CC23CC4N2CC134,7.5752266686011565
Cc1cc2n(n1)CCO2,6.493003536656813
CC(C1C[NH2+]1)C([O-])=O,7.387985211637501
N=COCC#CC1CC1,7.227070743534227
CC12CN(CC1N2)C=O,6.929088983811056
CC1C(=O)NC11CC1O,7.212166442335528
CCC(CC)OC1CC1,8.934245204404277
COCC1(C)C(O)C1O,8.168698684200796
Cc1cnc(nc1)NC,5.111595032382426
COC=NC1CC=CC1,6.751181070674234
CNC12CN=C3NC1C23,5.749417539128849
C1C2CC3OCC=C3C12,6.395196463356329
OC12CC3C(C1)N3CC2,8.131100314344977
CC1OC23CC12C=CC3,6.305692704654504
CC1CCCOCC1O,8.526624809881133
C(C1CO1)C1=CON=C1,6.758271962630715
NC(=O)OC12CC(C1)C2,8.292531104308487
CN1C2CC1C2(C)O,7.754416523215384
C1C=CC(=O)COC=N1,4.954487105631031
N=COC1CC2OC12,7.536171508407866
CC(C)(C)NC(=O)OC,8.380385839471247
CC(CC1(O)CC1)C#N,8.39903891936411
O=C1CC2OC3CC12C3,5.9174709538024555
CC1N2C3C2C1(C)C3O,8.12813720687544
C1OC=NC2C3OC1C23,6.89525649747484
NC1=C(NC=N1)OC=N,5.577052658019267
OCC1=CCC2CC1C2,6.853258033872939
Cc1ccccc(=O)c1,4.405868597984656
CCN=C(CCO)OC,7.290154946068224
O=C1CCC(OC1)C#C,5.871001707633838
CC(C)C1(CC1)C(=O)N,7.481163283265371
CCc1c(c[nH]c1C)C,6.406213307791564
CCC12CCC3C1OC23,8.612769229905998
CC1CCC2=CNC=C12,6.192487950911986
CC1C(NC=O)C1C=O,5.84049908864235
C1CC2C1C1COC2C1,8.664993933684071
CCC1=CCC(=O)NC1,6.191509821568927
CC1OCOC11CC1,8.966697467934836
CC1CC(C)=CC1CO,7.014201619246423
Cc1c([nH]cn1)CO,6.6199953031657905
CCCC1(CC1)OCC,8.851976806672296
CCC1(CO)C2COC12,8.252791253495719
CC1C2CCC(C=O)N12,5.8064455747497155
CCCC12CC(C1)C2=O,6.478039024331649
CC1C2C=CC1(O)C2O,6.386435278761738
NC(=O)C12CCC1CC2,7.422472262771814
CC1(O)C2C3CC2(O)C13,8.395621661655401
CC12COCC1OC2=N,7.567759676163581
CC12CN1C(CCO)C2,8.197206909501283
O=CC1C2NC2C11CN1,5.84504719064562
CN=C1ON=C(O)C=C1,4.6014614461521335
CCC1=NC(C)CCO1,7.248081201650917
C1COC(=O)CC(=O)N1,6.685997615644487
COC12CCC3C1OC23,8.44695924647077
CC1C2OC2CNC1=O,7.235666631095179
C1C2OCC3C4CC23N14,7.796448203652037
C1CCCC2(CC1)CC2,9.316415832648486
CCC(=O)n1cccc1,5.35993330552756
CN(C)C(=O)C1CN1C,6.738777767045351
CC(=O)CC(C#C)C#C,6.210962489775111
OC12CC3(O)C1CC23O,7.738071376592183
CC1C2CC1C2C(C)=O,6.3115672084519705
c1nc(c(n1C=O)N)O,4.789419122497912
CC(C1OC1C)C(N)=O,7.339462279623509
CC12CC(C)(C1)C2C#N,8.4637449537646
OC1CC(O)C(=O)C=C1,5.0983140964002125
C1CC2CC3NC3C2=C1,6.6028325263605
CC1C(C)N2C1CC2=O,6.744847931903077
COC(=O)n1nccn1,6.0067159821769565
OC1CC2C(=O)CC12O,5.954152475699934
CC12CN1CC(=O)C2,5.6869386873008
OCCOC1CN=CO1,7.305692294962756
OC1(CNCC1=O)C#N,5.378198366726429
OC12CCC3C=CC1C23,6.465853067438552
OC12CC3(O)C(CC13)C2,8.517019413061398
OC1CCC2=C1ON=N2,5.674366164313456
CC(=O)C1C=CNC1=O,5.2781595135595625
COC(C)C1OC1(C)C,9.007809266117315
C1C=CC2COCOC12,6.941463423711479
OC1C2C(=O)CC12C#N,6.061764456481603
OC12CNC1=NCC2,6.576867760213964
CC1=NC(=N)N=C(N)O1,5.532388282641315
C1CC1CC(C=O)C=O,5.782648842706242
CCC1N2CC1(C2)C#N,6.997277228274209
Cc1cncoc1=NC,4.697296116559499
CC1(CC1)C1(CO1)C#N,7.756372776091788
CC1CCCC(O)C=C1,7.027094450708456
CC1(C)C2CC1(CO)C2,8.999004004651416
COC(C)(CO)CC=O,6.142711738564064
CC(O)CC1=CN=CN1,6.803435978513362
Cc1c(n2c(n1)CC2)O,6.286707438828253
CC(CO)C1(CN1)C=O,5.997052641048077
CC1=CC2C3CCC1C23,6.542595727723598
c1cc(oc1CCO)N,5.864210556905582
CC1=CNC(=O)CCC1,5.822122562344703
CCCC(CO)C#N,8.433679709449034
CN1C=NC2CC12C#N,6.328189934826568
CC12CC(N)C1(O2)C#N,7.062335716119976
COC1(CC1C)C(N)=O,7.184141200059791
O=C1CN2CCC1C2,5.518616101744036
C(C=O)N=CNCC#N,5.697448405383663
CC1OCOC1C#C,7.8095962271487025
C1CC(=O)C(C(=O)C1)O,5.406577793085056
COC1CCOC=NC1,7.0606856245169
C1N2C3C=CCC=C1C23,5.458872187693687
Cc1c([nH]nc1O)C,6.634510677800271
OC1C2CC2C2CC1C2,8.972142132818481
CC1OC2CC(C)CC12,8.540660255340498
C1OC2C3CNC12CO3,8.19000974420882
ON=C1CC2(CN2)C=C1,5.305480208733728
NC(=O)C12CC(O1)C2O,7.058561328738877
C(CCC(=O)N)CCO,7.547265391157155
CCC(C#C)C1CC1O,8.24881826233163
N=C1NN=C(C=O)C=C1,4.510728674712359
OCC1(CC2CC12)C=O,6.022012570543367
CC1(O)C=CC2OCC12,6.756735659399924
CN1CC23CC(C)(C2)C13,7.970421611900088
CC12CC3N1C2CC3=O,5.868072881430506
CCC1CC1C1CCC1,9.287611782963355
CC1(O)CNCC1=O,5.690676864250439
OC1C2NCC1(O)C2=O,5.7314850940041095
CC1(CC(C1)C2CC2)C,9.340190786125605
C1CC1(CO)C(=O)C=O,4.20523947402637
CCC(=NO)C1(CC1)C,6.741209996511111
NC(=O)N1CC2CC2C1,7.659211359276492
CNC(=O)COC1CC1,7.231753605612321
C1NC1C#CC1CO1,6.979931232886341
CC1COC1=NCC#C,7.332276937694605
NC1(CC1(O)CO)C#N,7.256790443667608
CCC(=O)C(C#C)C#N,5.995049387835575
CN=C1OC=NC(O)=C1,4.763247462298837
CC1=C(C)C(O)CC1O,6.724785089774258
C1C23CCOC12C=CC3,6.400733524562593
CC1(O)C2CC(CO)C12,8.412870349680167
C1OC11CN=C2NCC12,6.4530812884181055
COC(CO)C1(C)CC1,8.721099295199632
CC1=NC(CCO1)C#C,7.156919931927893
CC(O)C1=CC2NC2C1,6.510667062322489
CCC1(O)C=CCC1O,6.994348983465949
CC12OCC1C2CCO,8.301536886801292
COC1C2CC=C(C)C12,6.5540829812003105
Cn1c(=O)c(=O)[nH]cn1,5.334230250780948
CC1CC2(CN2)C2NC12,8.173564719151049
CC1C(O)C(C#C)C1=O,5.7833960338185175
CCC1COC1C=O,5.826494406021772
COC1C2CC=CC12,6.585989599820654
CC1C2C1C(C)CC2C,9.259991758747269
CC1CC(=O)C=CC=C1,4.639670637224361
CC1=CC(=O)C(O)C1=O,4.3752455284756415
CC1=CC(=O)C2(C)CC12,5.299364853083513
C1CC2OCCC3C1C23,8.473665878640434
CCn1cncc1C=O,5.0040060941880125
CC(OCC1CC1)C=O,6.096355469849402
N=COC12CC1OC2,7.286271115262415
N#CC12CN3C(CC1)C23,7.273954837443645
C#CC1=CC2OCC1O2,5.793410521604285
CC1(C)CC2OC=NC12,7.221224511196468
CC12CC3C1N3C21CC1,8.457794634516272
CC1C(C)C1C(O)C=O,5.986572703769858
COC1CC23CC(C2)C13,8.953765953394065
CN(CC=O)CC#N,5.621618047915938
CN=C(C#N)N1CC1C,5.563167654459408
CC1C2C3N2C(=O)C13C,6.590265596003667
CC12OC3C1C(C=O)C23,5.862702644495111
CC(O)C1=CCOC1C,6.7752187629328775
CC1NC2C1OCC2=O,5.637026407764473
CC1(CN1)C1OCC1O,8.234409241174736
O=C(C#N)C1CC2OC12,5.19280531984984
c1cc(c(=O)cnc1)N,4.05087787208757
Cc1cc(=O)c(c[nH]1)N,5.072838693123587
COC1CCOC(=N)O1,8.128673069092157
OC1CCC1(O)C1CN1,8.192559244080071
OC1C2CC2(O)C11CO1,8.25422212671922
COC1CN2CC12C#N,6.983883395585291
CC1C2CC3C2N3C1=O,6.4758370995317485
CN1C2C1C(=O)CC2=O,4.811318367579271
CN1CC2(C)OC(=O)C12,6.5215628968716715
CC1C(O)C(=O)C11CO1,5.6134294543268926
CC12COC(C)(C1)C=C2,6.713544429587336
O=C1CC23CNC2C1O3,5.506933734605507
CC1(C#N)C2C3CN3C12,6.92646904064421
OCCCOC(=N)C=O,5.185596278669132
CCCN1CC1CC#N,7.408763626647516
OCC12OC1CC21CC1,8.648097396761353
CC1=CCC2OCC12,6.880844018847379
COC=NC1CC1(C)C,7.1615953253623355
C1OC2CCC=CCC12,7.08883102907657
Cc1c(c(n[nH]1)C=O)O,5.002458808952917
COC1(CC1)C1NC1,8.48948623193429
C1COCC(CO1)CO,8.58883589247295
c1c2c(c[nH]1)CC=CC2,5.804441254676717
O=CC1C2CC1C2C=O,5.763118903733217
COC1CCCC(C)C1,8.840937837047536
CN=C1OC(=O)C(N)=C1,5.289186234320287
COc1ccc(o1)OC,6.324749505231997
COc1coc(c1N)N,5.882839683343406
CC(C=O)C1CC1CO,6.185176945201222
CC1C(CC1=O)OC=N,6.019681915311046
CN(CCC#N)CC=O,5.6327792091041315
COCC1C2OC=NC12,6.998204715455835
C1C2OC3COCC3C12,8.45342465483255
c1c2c(no1)CCOC2,6.525164833987782
CC12OC1CC2(O)C#C,7.30304273520836
N=C1CC(=N)OC(=O)N1,6.506295655984039
CC(=O)C12CC1(C)OC2,6.02878390928459
CC1(C2CC1O2)C(N)=O,7.1024759059113025
C1CC1(CC=O)C#N,6.148526196758951
O=C1C2NC3CC2NC13,5.629371338449377
C#CC1C2NC1C1OC21,7.325357835417751
OCCC1C2C3OC1C23,8.396501057788374
CC(=NO)C1(CN1)C#C,6.254464184994105
OC1CC(CC#C)C1O,7.989856932022245
CC1C2C=C(C)CC12C,6.560828466806135
CC(C)(O)C1CN2CC12,7.992065628785939
C1CC(C1)C1CCCO1,8.657878618239135
CC12C3CN3C1CC2=O,5.586545885838188
CC1(CC1)OC(=N)C=O,5.086216789740161
COc1nccc(n1)O,5.568180830572631
C#CC1CC2OCC=C12,6.081586914372937
CC1C2CC(C2)C1O,8.886724743698789
CN(C=O)C(=O)COC,6.099076415854115
COCC(=O)NCC#N,7.25227064622462
NC1=NC2CCC2O1,7.277727642291589
CN1C2C3C=CC1(C)C23,5.934598182671386
CCN=C1C(CO1)(C)C,7.416192825861595
CC12CCC1(O)CC2O,8.369219940912306
CC1C2(C)CCC12CO,8.445095357470908
CC#CC1CC=CC1=O,4.99247195931718
CCC1(O)C(O)CC1=O,5.854220020766983
C1CNc2c1onc2N,5.846572957289759
C1CC(=O)C(=C1C=O)N,4.963451052055053
O=C1NCC2OCOC12,7.0502122045949225
N=C1OCC2CCC2=C1,6.086933104529745
CC1CC2(C)CN3C1C23,8.280995682610353
O=C1OCC2CC12C#N,6.921382403734652
CC1OC2C3CCC3C12,8.394544635290476
CC1=NN2C3CC3C2=C1,6.352825354025662
CC12COC1(CO2)C#C,7.103492919755891
CC1CN=C2OCC12,7.249877719367945
CC#CC(C)C(O)C=O,5.931390073321467
CC12OCC34CN(C13)C24,7.896434171100147
Cc1c(ncoc1=O)C,5.030360189341454
COC1CN2CC12CO,7.991269417002604
CC(CCO)C(=O)C=O,4.2019339118340335
CC(C)OC(C)CC=O,6.116374476476395
O=C1CC2NC2(C1)C#N,5.938393376986785
COC1C2CC1(O)C2O,8.313204760019135
CC1CC2(CC2)CC1=O,6.102407411563039
c1cc(oc1)C#CCO,5.650157600939322
C1CC2(CC1=O)COC2,5.9279109253055635
CC1C2CN1C2(C)C=O,5.48815033917831
CC1CCC([NH2+]1)C([O-])=O,7.380159700989262
CC1(O)C(NC1=N)C#N,6.873578028276379
CCC#CCC(C)CC,8.1731091205251
CC1N=COC2C(O)C12,7.05843583531571
CC#CC(CCO)C#C,7.7342290974847145
CN=C1CCC(CO)O1,7.400565243813709
CC1C2C1C1C(C)OC21,8.331917770269444
C1C2NC3=COC=C3C12,5.738753497193888
N#CC1C2C3CCN2C13,7.171040003659963
COC1CC11CC2NC12,8.23175937141688
OC12CCC1NCC2=O,5.587691412091063
C1CC1C12C3C4C1N4C23,7.671208464640006
O=C1CC2NC2C2CN12,6.703210009101407
OCC(=O)C1CCC=C1,5.977401848723053
OC1CC2OC12CC#N,7.620716101142458
C1CC11CCC2(CO2)C1,9.01489738805664
CC1C(CC1C=O)C=O,5.844416537029549
CC12CC1C=CCC2O,6.776719485809769
CC#Cc1c(con1)C,5.658901604234499
CC(=O)C1(CC1O)C#C,5.911295568987824
N#CC1CNCCCO1,7.109744167622194
CC1C=CC2OC2C1C,6.719191129627568
OCC12CN3CC(O1)C23,7.387129469868938
CC1CNC(=O)C1O,7.437383114289568
CN1C2C1C1OCOC21,7.859074207406683
OC12COC1CC21CN1,7.908223409960074
Cn1c(cnc1O)C#N,5.456167441556015
CC1CC(CO)CC=C1,7.182358473384213
CC1(CO)OC11COC1,8.574811031318026
O=CN1CC(C1)C1CO1,7.265182680397242
CN=C1C(=NO)CCO1,5.6322693933086745
CC1COCC11CN1,8.519514166964868
COC1C(NC1=N)C=O,5.527874276389229
CCOC1CCC(C)C1,8.87384088815714
CC1OC2CCC1(C)O2,8.89846279232676
Cc1ccc(o1)NC,5.812855637322749
CC1COC(=O)C1C,7.60602500065082
CC12C(CO)C3C1CC23,8.892607712354284
C1N=C2OC3C4NC13C24,5.88723269464943
OC1CCC(O)C1C=O,6.0364281469214305
CC1C2C3OC3(C=O)C12,5.828175418068451
CC1(C)C(O)C1C1CO1,8.690085872172027
CC(=O)CC1COC=N1,6.101420095900134
CCC1C(C)C(C)C1O,8.623770125416563
CCC1(C)CCC=CC1,7.311181904097247
CC1(O)CC11OCC1O,8.01584527247183
CC(C)(C#N)NC(=O)N,7.7863714487924405
COCC1OCOC1=N,7.620745206420894
CC1(O)CCC(CO)C1,8.875704058121826
OC1CCC2(CC2)C1,8.943336746575469
C1N=C2OCCC3C1N23,6.813745449129625
O=C1C2CC3C4C3N2C14,5.781327036592354
CC(C)C(O)C#CC#N,6.437451946925115
N=COC(=O)CCC#N,6.864361053744093
O=CC1C2CC3(CC3)N12,5.768208711225296
CC12OC1C1C(O)CC21,8.389038585970491
OC1C2CC(O2)C11CC1,8.345336149182128
CCC1CC2OC2C1,9.311646652083647
CC1CNCC(=O)C1O,5.534063150040947
C1C2CC3NC3C1O2,8.372003933923464
CC1(C)C(CO)C1CO,8.443890165934446
CC(=O)CC1=NCCO1,5.6888289852984535
CCC1CN(C1)CC#N,7.087024683194461
COC1C(C=O)C1C=O,5.63058236792047
CC(CC=O)CC(N)=O,5.936757582536666
CNC1=CC(=N)OC=C1,4.763579686137716
CCC(C#C)C(=O)NC,7.320423556170262
CC1NC1(C=O)C1CC1,5.971350482858638
NC(=O)C(CO)C1CN1,7.254981517661472
CC1(CCC1)OCCO,8.796325957852657
CC1C2OC(=O)C1C2C,7.459366680265957
CC1CCC2(CO2)C1O,8.826139056261734
C1CC2(C1)COC=N2,7.2184688393875955
C1C2CCC3=CCOC123,6.184420641434481
OC12C3C=C4CC1C4C23,4.804568276298794
CC1N2C3C(O)C2C13O,7.687450246041167
CCC1OCCC1=NO,6.658916068206038
CCC1C2C3C1CC23O,8.50023010782504
COC1C2(C)CC1(C)C2,8.925938344823948
CC1=CC2CC(O2)C=C1,5.692162818725317
O=C1CNCC1C#C,5.628407453537761
CCC1(CC#CC)CO1,8.115043357602799
CN=COC1COC1=O,6.792609914813225
CC1C2C(=O)C1C21CN1,6.407067963896672
CCC(N)(C#N)C(N)=O,6.97004141776943
OCC1CC2(CO2)C1O,8.608995204493766
COC(C=O)(C#C)C#C,5.7586772663558
CC1(C)CC1OC1CC1,8.698690082860896
CC12CC3(C)C1C=CC23,6.177627185782953
CN=C(C=O)OCC=O,4.7764063315112555
c1nc(c(o1)N)CC=O,5.120851055631912
O=C1CCC(=O)C2CC12,5.6840865069785576
O=CC1CC2(CO2)C1,6.092393169022788
CCc1cc(n[nH]1)O,6.670193394674058
N#CC12NC1C1CC2C1,7.160162482000267
C1C2C3CC4C(CN24)N13,7.68816511767226
CN=C1OC(C)C1C#N,7.202793250778219
CCOC1(CCCC1)C,8.78240428208357
C1CC1OCCOC=O,7.418876713267204
CC(C=O)C1=NC=CN1,5.5443493879223045
CC1(CN(C1)C=O)CO,7.2686422854732635
CC1CC(CO)(N1)C#N,7.391372544586668
CC1=CC2OC2CCC1,6.718374037840304
O=C1C(C#C)C2CCN12,6.446066207228626
CC1C=C(C)CC1O,7.027495913345493
C1C2CCOC=NC12,6.930442247058273
CC(OCC1CC1)C#N,8.062710732833118
CCC1(CO)NC1C=O,5.905236099741208
CC12C3OC3C1NC2=O,6.682972421175028
CC1NC1C(=N)OC=O,6.41467732317827
COCCC1CCC1C,9.083048779097144
CC1=CC(=O)CCCC1,5.308719243007551
N=C1OCC2OC(=O)C12,6.7192458529170676
CC1C(O)C1C(O)CO,8.1911040807269
Cc1cnccc1O,5.930750570639157
CC1=C(CCC1=O)N,5.5094153113590485
CC1(C)CCOC1C=O,5.903599211172977
COCC12NC1CC2=O,5.800638924413638
COC12CCC1(O)C2C,8.127691443694244
CCN=c1ncnno1,5.085218587444173
CC1CC(O)C(=O)N1,7.318260921450303
CCOC(=O)C(O)CC,7.420577421642585
O=C1CC(CC2CO2)C1,6.157420637322896
CC1OC2CCC12C=O,5.6576778688427245
CC1C(O)C1(N)CC#N,7.587842406933628
CC12CC1N1CC21C#N,6.710536224680681
CC12C(CC1=O)N2C=O,5.7655377037712885
N=C1NC(NC=O)=CO1,5.157415644657157
COC(C#N)C(C)C,8.138258857986093
N=C1NC(C#N)C11CO1,6.832174448707772
OC1C=C2CN3C1C23,5.337565593267108
CC12COC1(C)C(=O)C2,5.690793233567467
CC(O)C(C)CC#N,8.501434499926278
O=C1CC2CCC(=O)N12,6.249859528164722
CC(OCCC#C)C#N,7.832999699088794
CCC1C(O)C2(C)CN12,7.891301279111408
CC(=O)Cc1cnn[nH]1,5.894070170015246
COC12CN(C1)C21CC1,8.24347928160196
CC12CC3C1OC(=O)C23,7.148970212822789
Cc1c2c(c[nH]1)onn2,5.259701179623777
OC1CCC(CC#N)=C1,6.827305134586992
CC1(O)C2CCCOC12,8.311575576868158
CC#CC(=NO)C#CC,5.344760167963724
c1conc1C2COC2,6.686390190461183
CC(=O)C#CCNC=O,5.62337095641775
N=C1OC2CC3CC12O3,7.09439510364914
CCC(C)(O)CC#N,8.431443003705166
C[NH+]=C(N)C(C)C([O-])=O,6.3482451080279105
CC1(OCC1=O)C1CC1,5.93116985177139
C1CN1C2(COC2)C=O,5.613166526398468
CC#CC(C)OC(C)C,7.7981754812581014
NC(C#N)C1COCO1,7.61122939918572
C1OC2CCCC3NC123,8.318673662648692
CC1=C(C=NO1)C1CN1,6.283667651469744
C#CCC1COC1C#N,7.418538631920182
c1nc(on1)C2CCC2,6.791300678795018
CC1(NC(=O)C1O)C=O,5.677109906597803
CC12CC(C1)(O2)C(N)=O,7.132779730062581
CCC1CCC2CC1O2,8.698085983470538
OC1CC2(O)C=CCC12,6.6971372409750884
COC(C)C#CCO,7.640340940959617
CC1OC2CC12CO,8.217353989886563
OCC1C(O)COC1=N,7.429837226663049
CCc1ccncc1O,5.889689481844778
C1CC=CCC(=NO)C1,6.5383033485840105
NC1=NC=C(O)C(=N)O1,4.869987294638655
CC1CCC(O)C2CN12,7.961717482633112
CCC1CC2(C)CC12O,8.456181069498772
CCOc1c(c[nH]n1)C,6.519928780321891
COCC12CC(C1)OC2,8.61963188599863
c1c2c([nH]c1N)C=CC2,5.128200861206468
CCC(CC(C)=O)C#N,6.418835554793274
COC12CC3OC1C23C,8.184139414469072
OCC1C(CO)C1CO,8.413023418281876
N=C1CN=C2OCC2O1,6.719912375811579
OC1C2CC1NC(=O)N2,7.799771701179589
CC1C2CC(C=O)C12C,6.002192960346365
CC1(C)C2CC(=O)NC12,7.264832262455385
C1C2OC3CCC1OC23,8.469583725685206
OC1CC=CC1OC=N,6.692337263005591
c1c(c2c([nH]1)CCO2)N,5.840948004759978
CC1(C)OC2(CC2)C1O,8.358043356377921
CC12CC3CC4C(C13)N24,8.359333752387029
CC12NC3(COC13)C=C2,6.040513135832855
COC1C2OC1C2C#N,7.372956878753083
ON=C1C2CC(C2)C1=O,4.96504412814752
OC1C2CN2C1C1CO1,8.246064544550862
OCC1CCOC1C=O,5.943651303830353
CC1OCC2C3CN3C12,8.120704548054857
N1C2C3C4C1C2N=CN34,6.185156289078271
CC1OCOCCC1O,8.811976578364266
COCC1(C)CC2CC12,8.886475590030626
COCCC(O)C#N,7.945597068132466
CCCc1ncco1,6.7134954021888475
CNC(=N)C(OC)C#N,6.477276502888233
C1CC23COC12CC=C3,6.585462097132774
CC1(N)CC1(O)C#N,7.347287685622877
CCC(CO)OCC#N,7.7739558118792225
CC1OC=NC2C(O)C12,7.00753299559998
OC12C=CC3(O)CC1C23,6.130459657656157
Cn1ccc2c1C=CC2,5.06720492765234
OC1CC2C(C#C)C12O,7.414338506768956
N=COC1CN2CCC12,6.935607686706349
COC12CC(CC1)C2O,8.603045919625147
CCC(C)C12CC(C1)O2,8.493427325743141
CCN1CCCC1=O,7.216425073354335
O=C1CC2(CC2)C2CC12,6.086641274683261
OC1C2CC11OCC1O2,7.858865320797072
C1C23COC12CC=CC3,6.7415406489769145
O=CC1CC(C1)N1CC1,5.826328362446376
OC1(CCCC=C1)C=O,5.660780658746799
C1CC2OC2C2OC12,8.770065172811643
C1CC1CCCNC=O,7.655078323121608
CC1CC2C3C2C2C3N12,8.224357658875114
CC1=C(C)C2OCC2C1,6.660635016843265
CC(C)n1c(ncn1)O,6.835961371673019
OC1CN(C1)C(=N)C=O,4.500532497787394
CC(CO)COC(C)=O,7.615000345270612
CCOC(C)C#CC=O,5.485842024835732
N#CC1CCCC11CN1,7.704540690555419
CC1(C)COC(O1)C#C,8.026252279364975
C#CC1CN=C2OCC12,6.881617843135604
CC(=O)c1c(cc[nH]1)O,5.026306100367507
COC(C)C1(CC1)C=O,6.142108329139083
CC1(CC[NH2+]1)C([O-])=O,7.2461376268337006
CC1COC1C1CC1,8.684398570358722
NC(C#N)C12CCC1N2,7.107892138682343
c1cn(nc1O)C(=O)N,5.420941519387499
CC(OC=N)C#CC#C,6.175500420445249
CCC1(O)CC(=O)C1C,5.993506403975661
CC1CN(C=O)C(C)=N1,6.036317902883079
CN1CC(O)C(=O)C1,5.551577352406861
O=CC1C2CN3CC3C12,5.699434509190187
CC1NC(=O)C1CC#N,7.420885445768243
COCCCOCC#C,7.889701869164524
CC1(CO1)C1(CO)CO1,8.704275746477594
OC12CC1C1CCC21O,7.861741835152076
OC12CC1OC1CC21,8.141774977300088
CC1CC2(CC2)C(=N)O1,7.739789736494074
N=CN1CC11COC1=O,6.515786908056545
O=C1CC2(CC12)C1CC1,6.157555633440972
CC12CC1C1(CO1)C2O,8.48629832295907
ON=C1C2CC1C(O)C2,6.726359936040711
CC1C2C3OCCC3N12,8.115962914349511
CCCC1=CCCC1C,6.994224621800151
CC(O)C(=O)CC(C)=O,5.5516604592034025
CC1C=CC(C)C2OC12,6.945270096913604
C1CC11C=C2CN3C2C13,4.597631969568528
CCC(=O)c1ncco1,5.375138453069791
OC1(CC1)C12CC(C1)O2,8.2584122944303
OC1(CC#C)CC1C#N,7.596263009706477
CC1C(=O)CCC1(C)C,6.053868311434944
OC1CC2C3CC12OC3,8.249756822951632
C1C2OC=NC3CN1C23,6.604628975668476
C1N2CC11COC3C2C13,8.105125226266882
CCC#CC1CC(=O)C1,5.919488233522228
COC=NC(CO)C=O,5.678599482981354
O=CC1OCC(C=O)=C1,5.053483837228715
OCC12C3CC1COC23,8.360030511032381
OC1C2OCCC(=O)C12,5.931382087838528
CC1OC(=N)CC11CO1,7.624092712261744
OCC1=CCC2NC12,6.379733911630444
CC(=O)NCC#CC#C,6.269662274794828
CC1(C)NC(=N)NC1=O,6.511903053320345
CC1C=CC(=O)CC1O,5.146530290577561
CCOC(C#N)C(N)=N,6.943265695297072
CN1C2C3(C)CC1C23O,7.528424348545249
Cc1c(cno1)C2CC2,6.392496114464573
O=C1C=CC2CCC1O2,4.921965090914986
O=CN1C=CC2CCC12,5.919171330583655
C1CC(C1)(C2CC2)O,8.7965401866159
CCn1cc(cn1)CO,6.893276522186654
COC12C(C)C1OC2=N,7.218272881432177
OC1C2CC=C(C#N)C12,5.792643534366109
CC1(NC1CO)C1CN1,8.247686812436221
COC1COC1C#CC,7.39087044299905
C1C2NC1C1=C2NN=C1,6.217992964658727
C1NC1C12CC3CN1C23,8.213312820747177
CC1C(O)C11OCC=C1,6.275695611853832
CC1C=C(C)C2CC1C2,6.890559941038499
N=C1NC(=O)CC2NC12,6.4119352942310055
CC1C=CC=CCC1O,5.971148049280051
CC(=O)C1CCC1(C)C,6.179136155638032
CCOCC(C)(C)C#N,8.296669823360542
CC(C)OC(C=O)C#N,5.976399003415876
CCC12C(C)C1NC2=O,6.941335976330938
Cc1c(c(ncn1)N)O,5.5631577220144806
OC1(COC=N)COC1,7.277916036836781
CCC(C)N1CC1C=O,5.6702767142304165
N=C1OCC1C(=O)C=O,4.428055368913275
C1C2CC3C1C21COC31,8.710138896340295
Cn1cc(nc1CO)O,6.159076539855477
CC(C=O)N1CC(O)C1,5.590053038513184
O=CC1=CC(CC1)C#C,5.1865479289439005
CC1(NCCC1=O)C#C,5.648889434343975
CC(O)CC1(CC1)C=O,6.14752049504327
N=C1N(CC11CN1)C=O,6.219465916194873
C1CC(O1)C1=CC=CO1,6.2977414733791255
c1cnc(c(=O)[nH]1)CO,4.933346828807505
CC12CC(C1)C(C2)C=O,6.15783098797565
CC12CC1(O)CC2C=O,5.980150020817417
CC(C#N)C1CCC=C1,7.174050094689876
N=C1C=CC=COC1=O,4.331488119538091
OC12CC(C1)OC2C#C,7.405662964912729
CC1CCC2(CCC2)C1,9.42621323409464
CCC1COC(C)=NC1,7.384077551339421
CC1N=C2CCN2C1=N,6.068286039980652
CN1CC1(C=O)C1CC1,5.597560495729053
OC1C=CC(=O)C11CN1,4.89832075590688
CC1=C(ON=N1)C1CO1,5.638453201067412
OCC(O)C1=CON=C1,6.59667842025781
CN(C)C1=COC(=N)O1,6.139820668373324
CC1N=CN2C(CO)C12,6.591828865810726
ON=C(C#C)C1CCO1,5.986051918202544
CC1CC2COCC12,8.779746634844873
CC1=C(N=CN1)C1CN1,6.420017650171352
C1C2C=CC3OC12C=C3,5.833355627750512
CC1(CC(=O)C(=N1)N)C,4.840086681018812
CC1CC1(O)C(N)C#N,7.622306743383679
CCC(C)C(=O)C1CO1,6.060177497200335
CC1C(O)C1(C)CC=O,6.063928161121344
CC1C2COC2C1=NO,6.493391513771226
OC1CC(=O)C1CC#C,5.994800534989524
CCOC(C#C)C1CO1,7.7599696922660195
Cc1cc(=O)[nH]c(n1)O,5.430006148661923
CCC12CC(CC1C)O2,8.632725936396229
c1c(noc1N2CC2)N,6.034749333548611
CC1C(C)(C)C1(C)C#N,8.149597527582975
O=C1CC2CNC(=O)N12,6.668320291824358
OC12CC(C1)C2CC#N,8.294228045944442
CC1(CC(O)CO1)C#C,7.745905443151879
OC12COC11CCC1C2,7.981975684661914
CCC1OC(=O)C1N,7.127917323620728
CCNC1CC1(O)C#N,7.171031540622992
CC(C)(CC=O)C1CC1,6.158943415259424
CC1(O)CC(C=O)C=C1,5.884805851707417
CC1C(O)C11CC(=O)O1,7.472289209538867
CCC1C2CC1CCC2,9.591077512142952
CNc1cc[nH]c1CO,5.9465283961942665
CC(C)(C(=O)N)OC=O,6.894456631594535
CC#CCN=COC,7.234866233256073
CC1C2CC(C)C1(C)O2,8.565438609991055
CC12CC1C1NC(=O)C21,6.891208798380288
CN=COC1CC1C#N,7.205580751853566
CCn1cc(nn1)OC,6.151680305495602
CCC1(C)OC(=N)C1N,7.4035231005948265
C1CC(=O)CC2(C1)CC2,6.085549303392425
N=C1OCC(=O)C2NC12,5.7563512374237655
COC1(COC1)C(=O)N,7.06002629069636
C1C2C3CCOCC3N12,8.117676267567493
OC1CC(CC=O)C1=O,5.66216880578748
CC1CC2C3CC2C1O3,8.641383024471578
OCCCC1CC1C=O,6.1834806851842865
COc1ccn(c1)C=O,5.460393236955107
CC(C)(C#N)C1CO1,8.41450261899277
C1N2C3COCC=C1C23,5.952109903662915
CC1(CC2(O1)CC2)C,8.546995040393906
CC1(CC2(C1)COC2)O,8.31001260440268
OCC1=CCOC(=N)C1,6.30191451307682
C1OCC11C2C3OC3C12,8.101689664760782
CC12CN3CC(OC1)C23,7.960632531265166
Cn1c(ccc1OC)N,6.1435412514964005
OC12CC1N(C2)C=O,7.0167921275134395
OCC1(CC1)C1CCO1,8.388432459092083
CCC12CC(=O)C1C2C,6.044235056775438
Cc1cc(c([nH]1)N)C=O,4.69479242267618
O=C1C2CC1C(=O)NC2,5.866635781215278
OC1(CCN2CC12)C#C,7.153211678084747
COC12CC1(O)CC2O,7.91017407005589
CN1C2C(=O)NCC12C,6.638470716204063
CC(=O)C12C3CC1CN23,5.853636697620875
CC1CC2(C1)OC2C=O,5.886665587797213
C1C2C3OC4CC13C2O4,8.180979026906808
CC(C)c1c([nH]cn1)O,6.52579434229687
OC1C2CC3(CO3)C12O,8.264147127399005
CC1(C)OC2CC12C#C,7.249816364836771
C1C=CC(=O)C=CCO1,4.674519443759266
OC1C2CC2(O)C1C=O,5.937210234241284
CC1OC2C(O)C12C#C,7.234841298979863
CC1NC(=O)NC1C#C,7.535980299753822
CCN=C1C(=CCO1)C,5.883837929985311
COC12CC3CC1(C)C23,8.458410671431455
OC(CC#C)CN1CC1,7.526541576885151
CC12CC1C1C(C#C)N21,6.79329754546736
COCC1(O)CCC1=O,5.771069030363984
N#CC1CCC2CC1C2,8.911922221616901
Cc1cc(=O)[nH]c(=O)[nH]1,5.411980361340316
CC(C#C)C([NH3+])C([O-])=O,7.26467396976283
CCCOc1cnco1,6.446522330173523
C1CCN=C(C1)OC=O,6.428030333000152
OC1COCC2CCC12,8.443902950912648
CC1=NCC2NCC2O1,7.070822662112146
CCCC1=CCC(=O)C1,5.840938088789545
O=C1CC23CC2(CC3)O1,7.323584224863242
CCC1(C)CC(N1)C#N,7.337814009961716
