smiles,gap_eV
CC1(CN1)C(C#C)C#N,7.270129592504281
C1CC11C2OC2C11CO1,8.233561872832023
OC1CC1C1CC(O)C1,8.62432429307451
OC1C=CC2COC12,6.706570181253477
CC1OC1CNC(N)=O,8.044023277664316
O=C1CC2OC2(C1)C#C,5.8516689922084915
C1C2CC3(COC3)C12,8.657689991783768
CC(C)(O)C(C#C)C#N,7.979933977961859
CC1COCOC1=N,7.656017143723629
CC#CC1(O)C(C)C1C,7.387466924004563
OC12CC1CC2CC#N,7.986219606760553
CC1C2C(=O)OCC12C,7.4015486995513715
CC12OCC3OC1C23O,7.637095066430897
CC1C2C=CC3(CO3)C12,6.605807231604401
OCC12NC1CNC2=O,6.889512340457213
OC12C=CC3C(C=C1)C23,5.875367026838027
c1cnc(cn1)CCO,5.598676792549452
CN=C1OCOC2CC12,7.125263839621338
CC12CC(N1)(C=O)C=C2,5.544504776276709
CC1CN1C(=O)CCO,7.081017779765703
Cc1c[nH]c(c1O)OC,6.242113462696455
CN=C1OC2C3CC3C12,7.175862130145901
CCCC1CCOC1C,8.716578719423255
CC1(OC1C1CN1)C#N,7.190926053466091
CC1C=CC2OC12CO,6.643330845642582
CC12C3N=C4NC1C4C23,5.574833512928701
C1C2C3NC3C3(CO3)C12,8.088260090721745
CC1=CC(O)C2(CN2)C1,6.722777462714498
N=C1C=COC(=O)N=C1,4.747043871798583
NC1=NC2COC2C1=O,4.5355406206577005
C1OC11CC2OC3C2C13,8.369928479149467
N#CC1NC23CC(C2)C13,7.1929961423255815
N#CC1OC23CC(C2)C13,7.267949260288951
CC1CC2CNC12C#N,7.052929386579669
NC(=O)C1(CCO1)C=O,5.549621802058025
CC1(CN1)C1(CC1)C#N,7.451709672178907
C1C2COCCCN12,8.389418309829885
CC12CC3(O)C1NC23,8.083433485734341
CC#Cc1ncn(n1)C,6.012521014196853
OCC12CN1CC=C2,6.321431798933368
CC1(O)C2COC1CO2,8.402376580592733
CCC1OC(=O)C=C1N,6.029749540198175
CC1(CO1)C(=O)NC=O,5.968591797683624
CC1=CC(=NO)CN1,5.346690739362181
CC1C(N1C)C(=O)C#N,4.874870385355926
OC1CC=CC(C1)C#N,7.246998118523226
C1OC1C1OCC11CO1,8.582926782109215
O=CC(=O)NCC1CN1,4.916457705019137
C1C2=C(COC2)C(=O)N1,5.622162752313766
CCC1COCC=CC1,6.917185630952578
Cc1c(oc(=O)cn1)C,4.979170704300145
CC1C2CN1C(C)CO2,7.9782021948213036
CCCC1CNC(=O)N1,8.034337989066497
O=C1C2CNC1CN2,5.4430173159110184
NC1(C#N)C2CCCC12,7.729264268549071
NC(=O)N1CC1CC#C,7.395740394656071
CC1CC=CC2OCC12,6.895990540609477
CC(C#N)N1CCCC1,7.2781919371698764
CN1C2C3NC3C12C=O,5.386514908007397
CC(C#N)C1=CN=CO1,6.562893177464796
CC1=NCC(O1)C#C,7.263964515584132
CC1OC(C)(C#N)C1=O,5.698317492738739
NC(=O)C12OC3C1CC23,6.76989323395329
CCC1=CCOC(C)C1,7.013953144742437
c1c(onn1)CC(=O)N,6.159368136507533
OCCC1CCCOC1,8.754616698726924
CN1C2CC=CC1C2O,6.2612821400173875
C1OC2C1CC1OCC21,8.402778276779785
CC12NC1COC2C=O,5.725433811600174
CC1CCC=C1C(N)=O,6.047056939627945
C1C2CC3OC2C1C=C3,6.699145315983148
OCC#CC(CO)C#N,7.501930995797554
CCCC1OCC11CN1,8.399398866735998
O=CC1OC(C=O)C=C1,5.293723068861219
CC1(O)C2CCC12C,8.424050874286893
CCC(C#N)(C#N)OC,7.719314484603974
CC1(CO1)C1(CO)CN1,8.592099245641064
O=C1NN=C(N1)C1CO1,6.361832188594006
COC12CC3C1C2N3C,7.792227715020108
COC1=CC(=O)NN=N1,4.8071380262743295
OC1C2C3CC3C12C=O,5.662810709937039
COC1(C)CC1(O)C#N,7.409282955375745
CC#CC(CO)CC#N,7.913054100861579
CCC1=CC2C3CC1C23,6.238829371268114
CC#CC1C2C3CN1C23,6.921692335750795
c1c2c([nH]n1)COC=N2,5.632109770071007
CC12OC3C(C13)C21CN1,8.183783529681318
OC1CC=CC(=O)C1,5.313047342213228
C1C(CO1)C(CO)CO,8.409982464731051
Cc1c([nH]nn1)C(=O)C,5.371103128692635
COC1(CCCO1)C=O,5.960854229788488
C#Cc1conc1CO,5.803059670619924
C1OC2C=CC3C1OC23,6.399467856886515
COCCCN=COC,7.230083238369581
CC1(CN1C=O)C1CC1,6.904152564008815
CC(=O)CC1(CO1)C#N,6.184427401373896
CC1CC1CCCCO,9.21666480993148
CC1OC2CC(=O)C12,5.865468547701587
N#CC1CN2C3CC3C12,6.971075397874417
C1N=C2OC3C=CC1C23,5.7074846248437305
CC1(C=O)C2N1CC2=O,5.515658275202378
C1CC12CN=COCO2,7.06592016584912
OC1(CCC1C=O)C=O,5.583202190689287
CC#CC1(CN1)C1CC1,7.4044642897353246
CC1CC2(C)CC2(C)O1,8.424465507875363
CC1CN2CC1C2C=O,5.613736974364383
CCCCN=COC=O,6.598416813897044
CCOc1coc(n1)C,6.265471938793311
CCC1CCC=CC1=O,5.151893384617882
CN=C1C=C(O)NN=N1,4.452246131737761
N#CC12CC(C1)C21CN1,7.432884160905181
OC1C=CCNCC1=O,5.4786764783182935
CC1C(CC#N)C1C=O,6.131502985355377
CCC1OCC(C)=C1C,6.809569285549262
CCC1CC(C1)C#CC,8.138991939849067
CCC(C)C1=CN=NO1,6.686787773235585
OC1C2OC3C2C13C#C,7.018195231389059
CC1OC2C1OCC2O,8.28115394179749
CC12CC1C(O)C1CC21,8.506315504799211
CC(C)C(C)C(O)C#C,8.11018946403654
CC1=NOC(=N1)C1CN1,6.058974174678529
CC(=O)C1CC1(O)C#N,6.014233478523678
Cc1cc(n[nH]1)N2CC2,6.229780543684178
CC#CC1C2CC1CC2,8.088316758321952
C1OC2C1C1C3OC3C21,8.24701928891508
OC12CC3C(CC1=O)C23,6.130783807918766
NC1=CN=C(N1)C1CO1,5.8819124290131715
C(CCOC=O)CC#N,7.49983322926478
CC1(CCOC(=O)C1)C,7.508716598780797
OC1CC1C1(CC1)C=O,6.120527584421572
ON=C1CC2(O)COC12,6.5938330453535805
CC(C=O)N(C)CC#C,5.530874444784674
c1c(c(n[nH]1)N)CC=O,5.275326134047125
CCC(C#C)C1CC1C,8.30557807878904
OC12CN(C1)C(C2)C#N,7.135379951308688
[NH3+]C1(CO)CC1C([O-])=O,7.3085031967351135
C1NC1C1=CC=NC=C1,5.902538664534111
CCOC(=N)C(=N)OC,6.3776304866976945
COc1ccc(=O)[nH]n1,4.702162952288561
C1CC12COC23CC3,8.279276915276649
c1coc2c1CCCO2,6.177630763152114
c1nc(c(c(n1)O)N)N,5.3842030191285355
N=C1NCC2(CN2)C1=O,4.667529018914421
CC1CC(=O)CC1C,6.033201523884747
COc1ccncc1N,5.508889464670724
CCC1CCC1(C)C=O,6.074133408948088
CCCC(=O)NC1CC1,7.442028818317219
CC1CCOC(=O)C=C1,6.213892435269895
CC12CC3(C#N)C1NC23,7.1373690446605345
Cc1c(ocn1)N2CC2,6.117369714545063
OCCC1C2C3CN1C23,8.162816349000282
CC1OC2C3CC1C23C,8.466931467811984
O=COCC1OCC=C1,6.56111712529541
C1C2CC1C1OC1C=C2,6.699523911823576
CC1CC2(COC2=O)O1,6.915644879024331
OCC1C2C3CN1C23,8.088266882041784
CCC12OC1(C)C1CC21,8.28464455754482
CCC1C2CC1C(C)O2,8.604174829205808
OC1COCC(=C1)C#C,5.992342608927852
CC(C)C1(C)OCC1O,8.365484126094533
CC([NH3+])C1=COC([O-])=C1,5.4330823058704425
CC12CC(OCO1)C2=O,5.763063140079074
N=C1COC2CC2CO1,7.400956259072984
CC12OC1C1OC2C=C1,6.651621437548419
CC1CC2OC2C1CO,8.838717106556267
CC1C2CC3OC3(C)C12,8.842420585258681
O=C1CC2OCCOC12,5.628702489545252
N#CC12CC1NCC=C2,6.468444050949463
OCC1(CO)CC1C#C,7.896692095766796
O=CN1CC2OCCC12,7.1374515053863234
CC1=C(OC=N1)C1CO1,6.2844092698432
CC1=CCC2OC12CO,6.679395061294263
COC(C#N)C1CC1C,7.906982727532919
CC1CCC=CC11CN1,6.72432650892603
CC1CCC(C)(O)C1C,8.778081633398214
C1CCC=CC=CCC1,6.12571028049595
NC12CC1N1CC21C#N,6.652788467162958
CC(=O)C1(CN1)C(=O)C,5.298114835889983
CC1CC2(C)OCC=C12,6.515653323213009
CC1CN2N=C(C)N=C12,6.872137508602635
C#Cc1c(nc([nH]1)O)N,5.3348065858029265
NC1=CC=C2C3CC3N12,5.874822045751335
COCC1C2CC(O)C12,8.414259075632287
OCC1C(C#C)C1C#C,7.119115136989833
CC1(C)COCC2CC12,8.62691267155899
C1CC2CCCC=C2C1,6.898065273582769
C1C2OC11CCC=CC21,6.618210180450572
CCC12CC1C(C)(O)C2,8.56199532911701
CCC(N)(CC#N)C#N,7.770502797510078
CC1OC(CC#C)C=C1,7.05562396139007
CC(=O)C(CO)C1CN1,6.115705081696007
c1c2c(cnn1)CCC2,6.1574078680118545
CC1C(C#N)C1C(C)=O,6.264647365262933
OC1C2CC2(C#C)C1O,7.468953722732707
CC(O)CCOC(C)=N,7.804767439550891
CC(O)C1(C)OC2CC12,8.26040221964721
CCC(=O)N1CC1C=O,5.78900683841444
CC12CC3CC1(C=O)N23,5.863691384029199
CC12CC3C(O)C(O1)C23,8.130155287720752
CC1(CO)CC2OC12,8.79311039307042
CC12C3CC4CC1C4C23,8.822395363730937
CC1CC(=O)C(C)=C1N,5.514988940141661
CC12CCOC1=NCC2,7.224467851734089
C1C2C=CC3CCC12O3,6.441160069023692
O=CNCC1CCCO1,7.491884294755181
CC1COC1(C)CC#N,7.867751105901557
CC(=O)CC1(O)CC1O,6.234406188143918
CC1C2CC(C)C1O2,8.776615368162146
OC1(C=O)C=CNC1=O,5.1617740286556195
C1OC2CC34CC(C3)C124,8.298408147262663
CC1C(CC=O)OC1=N,6.054028453906801
CCc1c(nc[nH]1)O,6.433402167027068
C1C2OC2C2=C1N=CO2,6.321895737584456
CCC1OC(CO)C1O,8.267033064910905
OC12CC(=O)N3CC1C23,6.5864940486548615
CN1CC(O)(C#N)C1=O,6.519968098545247
CCC#CCC(=O)OC,7.350188537402498
O=C1C2OC3OCC2C13,5.815676899607599
CC12C3N1C1C3(O)C21O,7.378765595591869
CN1CC1CCC1CO1,8.573441702491014
CCOC1CC(=O)C1O,5.957779323646752
N#CC12CC3C(C1)N3C2,7.476066469204008
CCC1(CCCO1)OC,9.058787371798992
CCC1(O)CC2(CO2)C1,8.690267583146007
OCC1CC2CC1CO2,8.47678331571193
O=C1CC2C3CN3C2C1,5.844057819598923
CNC1COC(=N)C1=O,4.853869339985805
CC12COC1CC21CC1,8.429606899691535
N=C1OCC2OC2CO1,8.154627715259872
CC1CN1C(C)(C)C#C,7.484127975373064
CCC(C=O)C(C)=NO,5.79405091041505
C(C1CO1)C1=NC=CO1,6.699857852906055
C#CCC#CC1(CC1)O,6.373077773887574
O=CC1(CN=CN1)C#N,5.5406690314572815
CCC1C2CC(O2)C1C,8.652901207699792
CC1C23CCC12OCC3,8.084444988721566
CCCC1(CO1)C1CO1,8.97222106770084
CC1C2OC(C=O)C12,5.762384288998031
C#CC12CC3CC3C1N2,7.201946057669114
CC1CC(=CN1)C(C)=O,5.343578137804066
CCOC1CNC1C#N,7.206666612997845
CC1C(N1C)C(C)=O,5.6424262323341
CC(C)(CC1CC1)C#C,8.468428753021444
CNC1=NC2CC2C1=O,4.40735322418215
CC1C2COC(=O)N12,7.705861374409613
Cc1[nH]c(cn1)CC#N,6.7039121334677505
CC1OC2CCC12CO,8.211574916522958
OC1C2C3C4C1C2N34,7.985734947851774
O=C1C2CCC2C2CN12,6.557754924532299
OC1CCC2C1OC2=O,7.508224541574009
CC(C#N)C1CCC1O,8.320701137318856
CC(C#C)C1=NNN=C1,6.870014585123822
OC1CN2C3CC(=C1)C23,5.93880985414802
OC1C2CC3OC3CC12,8.728925032172294
CC1CC2(CO)CC1O2,8.387815641543416
CCC12OCC1C2C=O,5.839548309983639
CC12CC(C)(C)C1(C)O2,8.666315531616661
CC12CC(O)(CO1)C=C2,6.670474608248126
CC1=CC(O)C(C)(C)C1,6.930597326599258
CCC1COC1(C)C#N,7.737210823858972
C1CN=C(CN1)OC=O,6.1196524769000895
CN(C)C1C=CCC1=O,5.212349937164004
CC1C2CC2(O)C1(C)O,8.18873452020075
CC1OC(=O)CCC1=O,6.026977886806952
CC1=CC23OC4C2C1C34,5.318264039716708
c1cnccc1CC=O,5.165236564816624
CCC1(O)CC2OC12C,8.621365794377784
CC1C(CO)C11CCO1,8.123454504621028
CC1CCC2OCC2=C1,6.773915007046675
C(CCC(=O)N)CC=O,5.940192537971074
CC12OC1C1(OC21)C=O,5.735288658297371
OC1CC2NC(=O)C12O,6.917457777112897
COC1=CC(=N)OC=N1,4.734655015067915
CCC(C=O)N=COC,5.854053282234676
CCC1COC1CC=O,6.001696546501829
COC1C=CCCC1O,7.088498213016577
N=C1OCCC2NC12,7.167986798289191
O=C1CN2CC2C2CC12,5.666466901343091
CCC1N=COC1(C)C,7.362285119106027
CC#CCC1COC1=O,7.43993977165232
CC1C(CC1(C)O)C=O,6.024423845106483
CN1C2C3OC3C12C=O,5.477598144010121
C1C2CCOCOCC12,8.962755073031271
CNC(=O)CC(O)C#N,7.28910734335712
OC12CC3CC1C3C2=O,6.4251068323002105
CNC12C(N)C1OC2=N,6.692777270903168
CC1COC(=O)C(C)C1,7.482458284088611
NC12C(CO)C1NC2=O,6.711887146177544
CCC12CCC1C(=O)O2,7.535465906095226
CN1C2CCC1C(=O)C2,5.496899591879472
CC12OCC1=CC1CC21,6.169993709146297
CN=COCC#CCO,7.203340905833402
C1OC2C3CC=CC12O3,6.404145068483666
CN1CC(C1)(C=O)C#C,5.281142294806335
C1OC11CCC11COC1,8.470784299944699
CC1(COC=N1)C1CN1,7.245995661677792
OC(CC#N)C1COC1,7.7913149928120795
CC12OCC1OC2CO,8.08949921732145
C1C23CCC12N=COC3,7.012550134562694
Cc1ccc(nc1O)C,5.700817740555209
CC1=C([O-])C(C[NH3+])=NN1,5.806945120161835
CC1NC11CC(=O)C1,5.952126987532653
CC12CC3CC4C3C1N24,8.42548930229956
COC1CCC1CC=O,6.107057435459593
O=C1CC2C3COC2C13,6.040976396795898
CC1CCC1C(O)C=O,5.977947714519079
CC(C)C(=O)OC=N,6.998550914073325
N#CC12CC3NC1C3O2,6.7482298337990905
c1c(nc([nH]c1=O)N)N,5.320868059553876
OC12C3CN4C(C13)C24,7.927062680707019
CC1(C)C2OC1C21CO1,8.589013986440207
COCCC(=O)CC#C,6.157682541281396
OC1C2C3CC4C3C1N24,7.9609369418080975
CC1(O)C2C3OC1OC23,8.196072226760046
O=CC12OCC1C1OC21,5.729128420105029
C1CC=C(C1)CC2CC2,6.890587578877974
CC1OC1CN(C)C=O,7.213336530582735
O=CCCC1CN2CC12,5.819528846861604
C#CCC12CC3C(O1)C23,7.507427606251706
NC(=O)C12CC(O)(C1)C2,7.386116453992047
CCCC1CNC1=O,7.5665145176175015
C1CCC(CC1)C(=O)N,7.506099501414635
O=CN1CC11C2CC1O2,6.882830815888503
CN1C=NCCOC1=O,6.678045472763487
CC1CC2(C)OC=NC12,7.249722011103575
CC1OC(=N)CC1CO,7.724520028565461
CC12COC1(C)CCC2,8.442301096183138
CCC1C(C)C(O)C1=O,5.896229522198958
CC1=CC(C[NH3+])=C([O-])O1,5.049897551740325
OC1CC2C3CC1C23O,8.45697209165121
C1CN1C1C2C3OC2C13,8.23994871474398
CCC1CC(C)=CCO1,7.0306620009342184
CC1N2CC2C11COC1,8.18931153820643
Cc1c2c(cno2)on1,5.526584268929033
O=CC1CCCOC1,6.056301252434528
c1cnc([nH]1)C(=O)C=O,3.971819351602125
CC#CC#CCC1CO1,6.2633488833958335
CC#CC1OCC1C#N,7.1807850020065205
Cc1c(ncnc1O)O,5.669972400848376
O=C1OCCC2NC12,7.000599094990449
O=CCC1CC1CC#N,6.216675513853674
CN1C2CC1C(=O)C=C2,4.923049594833447
CC(C#C)C1COC1=O,7.492624463492334
CC(O)(CO)C#CC#N,6.827947487169084
CC1CC1C(O)C(C)=O,6.212796606906414
CC1(CC(O1)C#C)C#N,7.318655234930957
CC(=O)c1c(cno1)N,4.834609987687615
CC1CC(CO)C2CC12,8.918884660189432
OCC12OCC1C1CC21,8.290255628823568
NC1=COC(=N)C(N)=N1,4.5466380384665515
c1cncc2c1CCO2,5.7787633751913
CC1CC1C1(O)CC1C,8.498633241175357
OC12CC3C(NC13)C2=O,6.2541952904206894
CN=C1OC2COCC12,7.291589535512545
CC1CC2CC(=O)C2O1,5.732322361867212
CCC12CC(C1)OC2C,8.665211501420213
Cc1ccc(oc1=O)O,4.661262448075519
c1c([nH]c(n1)NC=O)N,5.684449558871183
CC1C2C3C2C2(CC2)C13,8.822038222880723
CCC1(COC1)C#CC,7.661885388803954
C1C(=O)C=CC12COC2,5.182424128623406
CC12COC3CC1CC23,8.885204502363633
N=C1OCC23CC(N2)C13,7.097328980645836
CC(=N)OC1CCOC1,7.603925447984954
CC1(O)C(=N)NCC1=O,5.297498246016538
CC1=NC2COCC2O1,7.116140503072757
OCC1(O)C2CC1C=C2,6.599545023708415
CC(=O)C1CC1(C)C=O,5.877592274467819
C#CC12OC1CC1OC21,7.173575753572623
CNC1CCC1(O)C#N,7.257185955068844
NC1=CNC(O)=NC1=N,5.00442989839352
NC1CC(CO)OC1=O,7.051487379450149
C1C(=CC(=O)C1=O)CO,3.792422313126849
ON=C1CC2(O)CNC12,6.402580856599215
O=C1OC2C3CNC1C23,6.658693361861404
CCC(=O)C(O)C#C,6.12961805250507
CC(CCO)C1COC1,8.577486169830944
CCC1(N)CC1(O)C#N,7.384912384092829
CC(OC(=N)C#C)C#C,6.581348295596965
Cc1cc(c(o1)OC)O,6.015436396854824
CC(C)(CC#CC#N)O,6.955472441213088
CC(NC=O)C(C)=O,5.907901725200686
CC1=CC2N3CC2(O)C13,5.525954989256233
Cc1c(con1)C(C)C,6.692269114192072
CC12CC1C1(CC1)C2O,8.46529311551883
CC(C=O)C1NC1(C)C,6.025718972366349
CC12CCCC1C=CC2,7.015143996038747
O=C1C2COCC1N2,5.702674283759736
CC1NC=[NH+]C1C([O-])=O,6.633899634139816
ON=C1CC=C2COC12,5.808899700163196
CC#CC(O)CC(C)C,7.924977252920957
CCC1CC2COC1C2,8.607232396074558
OC12CC1N1CC21C=O,5.631900436099272
CCC(N)(COC)C#N,7.849015118240131
CC#CC1OCC1C=O,5.83767527276491
CCN1CC(C#C)C1=O,7.047673257026489
c1cnc([nH]1)C2(CC2)O,6.4877665786301915
C1N2C3C4OC3C2C1=C4,4.988659004931327
CC1=C(COC(=O)C1)C,6.677732612050735
CC12OC3C4OC4C1C23,7.986000121036808
CN1C2CCOC2C1=O,6.756673628015066
O=CNC1C2C=CC1O2,6.254499383811944
CC1=CC2(CC2)OC1=N,5.74508146289438
CCC(C)C1OC1C=O,5.979759043270145
CC12CC(=O)C(O1)C=C2,5.588086020115699
C1C2OCCC3OC2C13,8.224869660685593
OC1C2CNC(=O)OC12,8.033087175067562
CC(C)CC(C)C(C)=O,6.300046435108744
CC(C=O)C(=O)C1CO1,5.5324036241143375
Cc1c(c(ncn1)O)O,5.539606582605589
OCC1C2C=CCCN12,6.4207643027488785
O=C1C2C3CC4C3C2C14,5.88681895451456
CC1C2OC1C1CC2C1,8.698553349455944
COC1CCOCC1C,8.695972622195862
N=C1CC2OC(O1)C=C2,6.441565397350221
C1OC1C1CCCOC1,8.94816573351842
CN(C1CC1)C(=O)CO,7.179683732214263
N=C1NC(C=O)C1C#N,5.849433525178351
CC12OCC1CC2C#C,7.600112626697035
Cc1c(ccc(n1)O)N,5.117361550583958
CC12NC1CC(O)C2O,8.077843064880291
CC1(O)CC(O)C(=O)C1,6.001964038938283
OC12C3CC1C1(CC1)C23,8.352514348016125
CC(C#C)C1OCC1C,7.957651939501368
CC1(CC(CO)O1)C#C,7.602932479888416
CN1CC2CCC12C=O,5.251063481727603
CCC1C(NC1=O)C#C,7.298823644929813
CC1=CC(O)C2CN2C1,6.382848190357519
C1OC11CCC2OCC12,8.755341180029303
C#CC1(CCO1)C1CN1,7.332703580359493
CCC12CCOCC1N2,8.421368377809616
CNc1ncc(o1)C#C,5.1935973167639835
CC12CCCC1CO2,8.686077166552133
CN=C1OC2(C)CNC12,6.9645493098430356
CC12CC1C1(C)CC21O,7.962958323725435
CC(C)CC(=O)OC=N,7.019085293140309
CCC1=CC(=O)CCN1,5.308870286021596
CC(=O)CCC(=O)N,5.993212164459658
COCC1C2CC(=O)C12,6.054689339363549
CN1C2C3NC2C3C1=O,6.494635600516745
CC1(C)CC(CCO)O1,8.602216393712208
OC1(C=O)C=CC2OC12,5.5884823961593035
N=C1CC(OCO1)C#N,7.621152023883754
OC1C=CC(=N)OC1=O,5.481285681382515
CC(O)C#CC(C)O,7.709001717338349
CN1CCCC(=O)C=C1,5.089226931504371
CC1=COC=C([O-])C1=[NH2+],4.4428733910352145
C1C2OC2C11COCO1,8.608837250968204
OCC1OC1C#CC=O,5.559626682880866
CC1NC(=O)C1N(C)C,6.762548731566763
CC1OC(=O)NC1C=O,5.940708737335074
CC1(CC1)C1C(O)C1O,8.253034542132157
CC1(CN1)C1CC(=O)O1,7.342292562569975
C1COCC=C1CC=O,5.75963363690819
CNC(=O)CCC1CO1,7.434278970574294
CC(O)C1OC2CC12O,8.149997210063722
O=C1COC2C3OC3C12,5.74399471900856
CC1=CCC(=O)C12CC2,5.641907561296949
CC1C2CC1C(=O)N2,7.142503216294479
CC1CCN2N=CN=C12,7.072700269927527
Cc1c([nH]c(=O)o1)CO,6.355822984152516
N=C1OCC1(C=O)C#C,5.9889971186167195
CC1(CCOCC1)C#N,8.060742511670938
CC12CN1C(=N)C2O,6.748032481690252
CC1OC1(C)CC1CC1,9.170016421257298
O=C1N2CC2CC11CN1,6.424560674133897
OC1CCC2CC3C2C13,8.74549748168642
CC(C#N)C(=N)NC=O,6.22609969827482
OC12COC1COC2=N,7.200612833586139
C#CCCc1cnc[nH]1,6.765998223279761
OC12CC1(O)C(C2)C#C,7.4998499769838425
O=C1C2CC2C1CC#N,6.114493686918477
CC1OC2(CCC2)C=C1,6.754960453515743
CC(O)C#CCCC#N,7.663572191615129
COCC1(CC1C)C#C,7.794217570399712
CC1=COC(=N)N=C1N,4.70186806618017
CCCC(=O)CC(=O)N,5.747082365266046
C1C2CC3=C(NC=C3)N12,5.963183029159953
CCC1C2C3CCC1C23,9.014761192559536
C#Cc1c(cc(o1)N)N,5.0651642105046495
CC1C2NC(=O)C(O)C12,7.094991150313014
OC12CC3CC1(O)C23,8.121545195697049
CC1CCC(O)C11CC1,8.768648897426285
c1cnoc(=O)c1CO,5.0196172324771595
OC1COCCC11CO1,8.556972512224412
c1[nH]c(c(n1)NC=O)O,5.43907370728465
CC1(C)C(O)C11CCO1,8.02686610907308
C1CC23C=CC4C(C24)N13,5.5685270522713815
ON=C1CC(C1)OC=O,6.778389221498193
OCC(=O)C#CC1CO1,5.321320482574956
[O-]C(=O)C1CN(C1)C=[NH2+],6.465164611263062
CC1C2C3C2C2(CC2)N13,8.392025069655825
CC12OC(N)=NC1C2O,6.803818608665433
CC12CC(C)(C1)C1CC21,9.37170086001468
CC1C2(C)CC1(O)C=C2,6.506104324645806
C1C2OCC11OCCC21,8.445872619830341
O=C1NCC2CC1C=C2,6.365017003845492
Cc1c(oc(n1)C)OC,6.366632739175376
CC(CC#C)C(O)CO,8.138561831531415
O=CCC12CC1OC2=O,6.123169768284093
CC1COC2CC1C2=O,5.704613117142779
CC12C=CC(O)C1C2O,6.411241102878654
CC#CC1C2CC1(O)C2,7.659918157622802
OC1C2C3C4CCC13N24,7.826545565272838
CN=C1OC(C)C1CO,7.408169035508088
CN=CNc1ccco1,5.516305865468419
OCC1C2COC12C#N,7.184546628140042
CC12OC3C1CCOC23,8.25111106419203
C1OC23CC(COC2)C13,8.32674736366139
COC1CC1(C)C1CC1,8.752212783328075
CC1C2N1C(C)(C)C2=O,5.892431291563069
CCC1(C)OC11CCC1,8.85450096369905
CCC#CC(O)C#N,7.514967843218397
C1CC11OC2CCC12,8.4278196024404
CC12CCCC(O)C1O2,8.870307656719541
[O-]C(=O)C12CC([NH2+]1)C=C2,6.07954475828232
CC1(CCC1)C2(CC2)C,9.268324370245743
OCC12OC1C1(O)CC21,7.975324508164567
CC(CC(C)=NO)C=O,5.967499429833585
NCC1(CC(=O)O1)C#N,7.161008030062941
O=CC1C2CCCCN12,5.730137865914557
OCC1C(C#C)N1C=O,6.881794911638634
CC1C2N1C1C(C)C21O,7.634238902825507
CC1(C)CN1C1CC1O,8.03445290295559
CN1CC11CC2C(O)C12,7.921467628542584
OCC1C2OC1C21CN1,8.177583345399757
C1CC(C1)C1CCC=C1,7.119969647935536
C#CCCc1cocn1,6.6307554519989615
OC12COCC1C2C#C,7.312324400189976
O=CC12CN=C3NC1C23,5.3039448723827345
CC1CC(C)C=CC=C1,6.393567304467588
CC(NC1CC1O)C#N,7.280917320186715
CCC12C3C4N1C2C34O,7.385316175571994
Cc1cc(c([nH]1)C#C)O,5.300107213833064
C#CCc1[nH]c(=O)on1,5.889771083218572
CC(C)C12CC1(C)CO2,8.335814039833577
OC12CC3C4C(C14)N3C2,8.09752198775801
OC1C2CCC1C=CC2,7.021240213798044
Cn1c2c(cn1)OCO2,6.082235884861212
CC1(CC2(C1)CCO2)C,8.511088621698867
CC1CN(C1)C(=O)C#C,6.257200451806855
C#CC1COCC=CC1,6.97080883084145
C#CC1C2CC1C2(C)C,8.272696520686996
CCc1c(cno1)C#N,6.06429408490071
CN1CCOCC(=O)C1,5.430804133448945
COC(C)CC#CCO,7.711042494146682
C1C2CC34CC3(OC4)C12,8.14982724237204
CC1CCCC1(C)C#C,8.272633701124457
COC1C2C3OC3(C)C12,8.093822778812221
CC1=CC(=O)CC2CC12,5.122246119839113
[NH2+]=C1NC[C-](C=O)C1=O,4.287419442636456
CC1(O)COC2CC12O,8.009787470714127
CC1N=COC(=O)C1C,6.669887718019329
CN=CNc1cnoc1,5.645073307748879
OC1C2CCCCC12,8.680877739689803
CC(C)CCC1(CC1)O,8.875154584139354
CC1C2C3CC=C1C23O,5.6343992627791355
CC(=O)CCC(O)C=O,5.809025885294811
CC(=N)OC(C#C)C#C,6.9776998570802835
CC1(CC(N)=O)CC1O,7.408964773230525
C1C23CC=CC12C1OC31,5.857653789303621
C1C2C1C1CCC2CC1,9.486148796884443
COC(C)CC(=O)OC,7.239093633379
OC(C=O)C1C2CC1O2,5.777648013938553
CC12C3CN1C3C21CN1,7.9845580454035545
CN(C)C(=O)CCOC,7.2951368779192
CC1(N)C(CO)OC1=O,6.862883647473696
CC1(COC=N)COC1,7.398237503496254
CC(CCC#N)C(C)=O,6.425805573434164
CC(C#N)C1=NOC=C1,6.7062646275049556
COC1=NC2CC2(C)N1,6.9233484717458
O=CC1C2OC2C1C=O,5.6505415388709075
CC1OC(CO)OC1=N,7.77538942415474
CC12CN3C4C1C2C34C,7.957251670317868
CC1(O)CC2C=CCC12,6.910809748678445
Cn1cnc(c1N)CO,6.069746118428606
C1CC(C1)NC(=N)C=O,4.598188013017661
O=CCC1CN1CC#C,5.835998418668
CC(=O)c1c(cc[nH]1)N,4.852205129416759
O=CNCC1CCC1=O,5.955412794482218
NC1C(COC1=O)C#N,6.997001629622787
CC1CC=CC2CC12O,6.801433835774808
O=C1NC=CCC1C#C,5.849200556954983
CC1OC2(CC12)C1CO1,8.440515568734206
OC12CC(NC1=O)C=C2,5.782130798410251
O1C2C3C4C5C4C(C23)C15,8.133955975883987
CC1CC(C1)NCC#N,7.428324237393676
Cc1c[nH]c2c1ocn2,5.6226950123027954
CCC12CC=CC1C2C,6.660234597148097
CCCN1CCC1C#N,7.107175670566633
CCC12OC(=O)C1C2C,7.455029397285458
CC1=C(C)C(=N)N=NO1,4.715125187241399
C1CC11C2C3OC1OC23,8.295389851406254
OCC1(CC=CC1)C#C,7.089235981775763
C1C2N1CC1=C2C=CO1,6.12899877510703
CCC1(CC1C#C)OC,7.807808696585829
OC12CC(C1)CC21CN1,8.410165137062386
OC1CC1(O)COC=N,7.323271252032704
O=C1CNC11CCOC1,5.5105275777683005
CC(CO)C1CN2CC12,8.12271718837016
CC(=O)NCCC#C,7.517757724129041
CC(O)CCC1(O)CC1,8.833575581134724
CC(=O)OCC1(CC1)O,7.496461392600766
CC(=O)CC(C)(C)OC,6.285674046720494
CC1CC(C)(C=O)C=C1,5.946047675671055
CN1CC1C1CC(=O)N1,7.017169241197966
C#Cc1cc([nH]c1)CO,5.731100321917342
C#CC1CC11OCC=C1,6.2887008053819535
Cc1cc(=O)cc([nH]1)N,5.44106129508794
CC(C)NC(=O)CCO,7.4680431669169405
CC1NCC(=O)C2OC12,5.632237465437573
C1CC(=NO)C=C1C=O,4.803053807423445
CC12CC1C(O)CC2=O,6.093949533458822
OCC(C#C)C#CC=O,5.481391856045825
Cc1cc(no1)C(=O)C,5.351510553220631
c1c(c(c([nH]1)O)C#N)O,5.491288722513697
Cc1cc(oc1C)NC,6.055708428412767
CC1OC2(C)CCC12O,8.378614516495327
OCC1C2CC1(O2)C#N,7.454835812635594
OC12CN3CC1C23C#N,6.822794892789323
CC(C)C1(O)CC2NC12,8.196716137693777
C#CC12CC3CC1OC23,7.371923372130167
CC(C)Oc1ccco1,6.336578591176389
OCCC1OCC2CC12,8.53000180539926
CN=C1OC2C(C#C)C12,6.445552975290603
NC1C2NC2COC1=O,6.916675875799443
CC1=CNCC(O)C1=O,5.245885314914732
CC1=NCCNC(=O)N1,6.489958795184662
CC1C=C2COC2C1O,6.475928071890826
CC(=O)N1C2CC1C2O,6.8960526728033065
CCN(C=N)C(=O)OC,6.917324399668248
CC1CC2OCC(C)=C12,6.509056401329735
N#CCC1CC2OCC12,7.98461900013507
CC#CC1N2CC1(C)C2,7.078102311342686
C1OC1C1CC2COC12,8.667940259261561
OC1C(=O)C2NC2C1=O,4.85865206576821
NC(=O)C1C2NC2C1O,7.069046198738329
CC1C(OC1=N)C1CC1,7.830371992019248
OC1CCCC2CCC12,8.88883030152503
CC(CCC(N)=O)C#N,7.365671470490813
C1C23COC12CCOC3,8.281772170760593
O=C1CN2C3COC3C12,5.425053647102681
C#CC1(CC1)NCC=O,5.8819836204449
CC1CC1(CC#C)C=O,6.073730486885519
OC1CC2OC12C1CO1,8.39764729331014
CC1C2C3NC3C12C=O,5.852402842991852
CC(=O)C(C#C)N1CC1,5.645423180693589
C1C2OCC3COC1C23,8.507723172827314
CC1C2N(C=O)C1C2=O,5.991655009452693
CC1OC2C1=CCC2=O,5.521855806842339
CCC(CC1CO1)C#C,8.473726359951339
N#CC1OC2C=CCC12,6.626776560571615
Cn1cnc(nc1=O)N,5.0084051211182015
CCC(C)NC(=N)C=O,4.590542296167944
CC1=C(OC=N)ON=N1,5.752584057940052
O=C1CC2(CC1N2)C#C,5.821914082762932
CC1(C(=O)C2(O1)CC2)C,5.935274522939499
CC(O)(C#C)C(=O)C#N,5.305328164773194
O=C1CC2C3COC1C23,5.703009811694931
O=CC12C3COC1CN23,5.62674282823556
CC1CCC11CC1C=O,6.001199007314581
CCC(CC(N)=O)OC,7.466969870189628
CCC1(C)C(O)C1C#C,7.761438350736349
CC12CC3CC(=O)N1C23,6.529959196215614
CC1(C)CCCC(=N)O1,7.753251453400297
CC(=O)C12NC1CC=C2,5.491486377205391
NC(C#N)C1OCC1O,7.268341975970225
O=C1CC2NC11CNC21,5.55828671781879
CC(=N)Nc1ccon1,5.759030188678027
C1C2C=CC11CCCC21,6.654974664419241
CC12CC1(C#C)C(O)C2,7.5328212356545565
C#CCC1=CCC(=O)C1,5.866153788091476
CN1CC2(C)C3C1CN23,7.471814328014894
O=CC1COC(C=O)=N1,4.840880342893761
OCC1CC(O)(C1)C#N,7.869572575362831
CC1COC(=O)CC1C,7.530891864466982
CC1(COC(=O)CN1)C,6.8153174714391636
OC1C(C=O)C1(O)C#C,5.67636222611454
CC1CC2(OC12)C1CN1,8.555945817602716
CC1CC2(C)C(C)OC12,8.46201861181418
CC(=O)CNC(=O)CO,5.8662878618844925
CC(CO)(C#C)C1CC1,8.264389983035365
OCC12CC1C1NC1C2,8.226990336490456
CC1(C)CC(O)C(=O)C1,6.038224017573329
CC(NC=O)C1NC1C,7.3915158654069355
NC(=O)C1CC2OC2C1,7.385088548363843
CCC12CC1(CO2)OC,8.190856490778327
CC1C(OC=N)C2CN12,7.235947351732151
O=C1CNC2CC12C#C,5.588215268692142
CC#CCCC(C)C=O,6.031459690616544
CC(=N)Nc1cnno1,5.558966853356461
OC1C2NC2C11CN1,7.916422080269859
C1C2OCOC3CC12C3,8.669200853419197
CCC(C#C)C(O)C#N,7.745524366117996
CC1C2CC2CC11CC1,9.134483654612167
OC1C2CCCC1C=C2,7.012293695699512
N=C1NC(=O)CN1C=O,5.821518522367487
CC1(C)NC(=O)OC1=N,7.196208626632953
CC1C(=O)C(C)C11CC1,5.980947838297246
CC1(C)CCCC1(C)O,8.730760457382072
CC1CCCCCCO1,8.755340842321575
COC(C)C1(CO1)C=O,5.8909864939126155
CCC1C(C)CN1C=O,7.191812313167419
N=C(OC=O)C1CC1,6.639599409029603
C1OCC2C3C4C3C2C14,8.58122491181161
CC1(O)CCOC1C#N,7.68563834645016
C1C=CC2OCCOC12,6.783238006770345
[NH3+]CC1(CC1)C([O-])=O,7.271072488461367
CN=C1OC2CC1C2O,7.196459818872828
CN1CC(=O)C(C)(O)C1,5.443331497622303
CC1CC(=O)CN=CO1,5.8342131295559465
OCC12OC1CC=C2,6.710560769822095
CC#CC12CC3C(C1)N23,7.137163274705419
CC1OCC(=O)OC1C,7.145821276308491
C1C2C3OC4CN(C13)C24,8.101768644396868
CC12NC1(C)C1(C)OC21,7.990013255022373
COC(C)C1OC1C#C,7.63051569825342
c1cc(cc(c1)O)CO,5.86430487657418
CC12C3N4CC1C4C23O,7.444092543312708
OCC(O)C12CC(C1)C2,8.707050452831732
CC#CCc1cc[nH]c1,6.365679690458887
CC1CCNC(=O)CC1,7.344744145169363
CC1C(O)C(C)C1(C)C,8.49162186969697
CC1C(C)C11CC(C)O1,8.342112413566422
CCC1(NC1CO)C#N,7.652938506885624
CC12COC1(C)CO2,8.214463776643008
c1c(con1)C2CC2,6.549526948809918
CC1CCCOC(C)=N1,7.1598923261662
OC1CCC1COC=N,7.5515491442264855
CNC(=O)CC#CC#N,6.531980709479649
NC(=O)C12OC1CC2=O,5.1081683229224275
CC1C(C)(C)C11CCO1,8.307161764906626
CC1OC(C(C)=O)C1=O,5.300440912276654
CC1CN(C1)CC(=O)C,5.767207165328857
CC12C(O)C1C1CC2C1,8.690167666057476
CC1(OCC=C1)C1CN1,6.687267716094653
O=C1CCN2CC2C1,5.805582915893932
NC1=NC(O)=CC(=N)O1,5.325530484444281
CCC1CC(C)C(=N)O1,7.804722909873865
CC1CC(C=O)C=C1C,5.826010575893564
CC(C#C)C1=CNC=C1,6.27070201988215
C1CC2C1C1CCOC21,8.469555644777934
CCC(=O)n1nccn1,5.7145872414764325
OC1C2CC(O)C12C#N,7.474728186369443
C1CN2CCCN=C2O1,6.914777871721897
CCCC(O)C(=O)CO,6.2939643537372065
CC1C(=O)OC1(C)C=O,6.014456932733252
NC1=C(OC=N1)C1CN1,5.7665801323864905
O=C1C=CC2CN2C1=O,4.340183779874808
C1C2C3OC4CC3C2C14,8.599650990639915
N#CC1CCCC11CC1,8.605529974861506
CCC#CC(C=O)C=O,5.6043383506337285
CC(C)(C)C1(CC1)C#C,7.945234234421874
O=C1OCC2OC2C=C1,6.1466706643854545
OC1(CC1)CC1OC1,8.927882012694658
Cc1cc(cnc1)OC,5.729639280249614
CCC1(COC=O)CN1,7.299749382271566
OC1(C#N)C2C3NC1C23,7.160496782331875
COC1(CO)CCC1C,8.612035762180401
N#CC12CC1OC1CC21,7.5248307047359075
C1CN1c2[nH]nc(n2)O,6.75561456536392
NC1(CC1N1CC1)C#N,7.230321911821851
COC(C=O)C(C)(C)O,5.928494800610432
CC(CC=O)C1COC1,6.094872065100978
CC12CC(O1)C(=C2)C#N,6.106999622836986
CC1C2N3CC1C23C=O,5.880301852800283
CC12CC3C1N3CCC2,8.334877297478352
COC1C2CC1OC2,8.600686906930747
CC1CC2(CCO2)CO1,8.538948009033298
[O-]C(=O)C12CC1NC2=[NH2+],6.599743752974286
CN1CCC(=CC1=O)N,5.693426044900885
OC12CC1C1OC1CC2,8.727930598132893
COC12CC1N1CC21C,8.046124614278918
CC1C(OC1=O)C1CC1,7.631355553864912
CCC1OC2C(O)C2O1,8.518066740103002
O=C1CC2CCC3C2N13,6.590665882127281
N=C1CC(CC#C)O1,7.699948242332061
C#Cc1c(oc(n1)N)N,5.1422496052918
CC1OCC2C(C=O)C12,5.92767742098747
O=C1NCC2COC1O2,7.052611974413006
CNc1cnnoc1=O,4.591366455543075
CN1C=C[C-](C#N)C1=[NH2+],5.124816290081336
CCC1(C)OCC2CC12,8.577520383013525
CC1(CC=O)NC1C#N,5.976701850132072
CN1C2C1C1(O)CC21C,7.458499977466763
COc1c(cc([nH]1)N)O,6.120812596580282
CC(C#N)C1(O)CC1O,7.946512214403107
Cc1nc(no1)CC#N,6.472002870644869
CC1COC2CC2OC1,8.647371311734963
CC12OC3CC1C2(C)O3,8.4018793531422
C1NC11CC2OCC12,8.23149092033408
CNC12CNC1C2C#N,6.747306163567987
OC(C=O)C12CC1OC2,5.7047376972873085
COCC1CC(=O)C1,6.143192686598315
C1OC2C=CCC3NC123,6.620055621489964
CC(CCC=O)C1CC1,6.247653237832285
CCC1NC11COC1C,8.353705764101614
CC1(CCC11CC1)C#C,7.9579389281011
CCCc1cnon1,6.819538057333063
CCC12C3C4C(CC14)N23,8.300830854969288
C1C2CN1C1=C2C=CO1,5.778872485931538
COCC(C)C(O)C=O,6.093341713521558
CC1NC1C#CC1CN1,7.065346945236565
OC12C3C1C1CC3C2=C1,4.887645591400364
CC(=O)c1conc1N,5.031045830003842
C1C2CC=CC3NC3C12,6.617327165118582
CC1(CN1C(=O)OC)C,7.87720822826588
CN(C=O)C1CCOC1,7.237639184932943
CC12CC1CCC2(C)C,8.962892144362593
c1c(nc(o1)CC=O)N,5.070062674382283
CC1CC(C)C11COC1,8.511768966383789
CN=C1OC2CCC1C2,7.353988779575525
CC(CC=O)CN1CC1,5.901918900633026
N#CC1CC2CCN2C1,7.218283401858388
CC1C2C=CC(O)C12C,6.504665371180598
CCCC(O)CCC=O,6.23010084855313
CCCc1nc(no1)N,6.400379883612537
CC1CC=C(C1)NC=O,6.353698284800833
COc1cncnc1N,5.217357954977763
OC1CC11COC2CC12,8.31762854995644
OC1CC(OC=N)C1=O,5.755804297352492
CC1(CO)CC(O1)C=O,5.867613775076256
CN=C1OCC2CC1C2,7.354388750410235
OCC12CN1CCC2O,8.020119099182134
CC1(OC1C=O)C1CO1,5.966263806268521
CC(C)c1nccn1C,6.765737773973688
CC#CC1N=CNC1=N,5.7908672570837965
COC(C=O)C#CC=O,5.344003377193365
CC#CC1(CN1)C=O,5.771395187402982
CN1CC2(O)C1C2(C)C,7.40688978779022
OC12COC1CCCC2,8.369125136278106
OC1CNC1(C=O)C#C,5.624415897212618
COC1(C)CC(=O)C1O,5.864958961485067
O=C1OC2C3N4CC13C24,6.291941393895419
C1C2COC=NC1C=C2,6.429726442096323
CC1N2CC3(CC3)C12C,8.434836184916234
O=COC1CC2NC12,7.246748776771047
c1cc(c(nc1)C=O)N,4.428373707654404
CC1CNC2C1OC2=N,6.958000135320168
ON=C1CC2C(C=O)C12,5.794015322403029
C1C2N1CC21COC1,8.135618777789418
CC1C(O)C2C(O)CN12,7.676872458256609
CC1C(C)C(C)(C)C1=O,5.962619317056216
CNC(=O)C(C)C(N)=O,6.448070494349872
CC1=CC2(CN2)CC1=O,5.13893321707441
OC1C(C#C)C1(O)C#C,6.79620133306971
CC(C)c1ncc(o1)N,6.1767063831805995
CC#CC(C)(O)CCO,7.837992493504799
CC1(C)CC2CCC2C1,9.282051401768832
COCCC1(CC1)C#N,8.181427728985389
CC1CNC2=C1C=NN2,6.055267314381998
CCCCc1cc[nH]n1,7.043362409035826
OCC1C2NC1C2C#N,7.29617077548532
CN(CCCO)CC=O,5.677036970030712
CCC1COCCC1=O,6.023038685726645
Cc1conc1C(=O)N,5.6062355523868765
CC(=NO)C1(CC1)CO,6.706628453619886
CC1(CN1)C1=COC=N1,6.382237019532035
CC1CC1(CCO)C#N,8.214140911432349
O=C1OCCCC2NC12,6.904456364500404
CCC1C(C)C1C1CC1,9.068212022770151
C1CCC(=CC1)CC=O,5.793395945940396
C#CC1COCCOC1,7.808866981051075
CC1OC2=NCCCC12,7.346115398414545
C1CC1C#CCCC#N,7.657965328633868
CCC(=O)OCC(C)O,7.670677567951616
Cc1[nH]c2c(n1)con2,5.646578220651292
CC#CC1(C)NCC1=O,5.648427089362563
OC12CC(=O)C1C2C=O,5.68738409353317
CC(C)C1(CC(=O)C1)C,6.035728156087073
O=C1NC=C(O1)C1CO1,6.342672927940164
CC1C2CC1C(=O)CO2,5.798084795017617
CC1C2C(CN12)C(C)=O,5.815265184075082
CN1CC11CCCC1O,8.018035877006366
CC(O)(C#C)C(O)C#C,7.3564952072168674
CCC1(O)CC2NC2C1,8.274310756705342
CC(O)C12CC1OCC2,8.249479505238256
CCOC(C#N)C(C)C,8.143631017214249
CCC(=O)NC(C)CO,7.486953687945805
CC12CC3CC1(C)C23C,8.555420447118955
O=COC1CC=CC1=O,5.373748137929722
O=CC1C2C3CCN1C23,5.653172929244782
CC1CN(C)C1(C)C#N,7.062126515971528
CC(=O)C1CCN=CO1,5.835379259616625
CCC12CC1OCO2,8.797733848349898
C1=C(C(=O)NC1=O)CO,4.777536900875562
O=C1CC23COC2C1N3,5.5257303383264516
N=COC1(CNC1)C#C,7.009894187057348
C1CCCC(CC1)C#N,9.018999056905162
CCC(=O)C#CC1CO1,5.497307470196141
OC12CCC1CC1OC21,8.766552065262259
CC1(C)CN2C3CC1C23,8.292451538064538
CC1(CO)CNC(=O)C1,7.370323120621743
OC1CNC2=C1OC=C2,5.640395843103643
CC1(CC1)OC2CCC2,8.713604646212424
O=CC1CCCC2CC12,6.0801746506201475
CNC(=O)C1CC(=O)O1,6.88324921000172
CCC1C2CCCOC12,8.613737479332173
CC(=O)C1=CC2CC2C1,5.316658828264234
CC12C3C1C1OC3C21C,8.341432328587386
c1c(c2c(o1)NCC2)N,5.792568959106488
OC1CCC2COC12,8.419182050325334
N=C1C2C3NC(=O)N1C23,6.458588492446564
Cc1c(=O)ncncn1,4.418764484077956
CCN=C1OC(C)C=C1,5.9271650134961975
C1OC1C1CCC2CN12,8.458614426866092
N#CC1OC2OC1C=C2,6.638667304372468
N=C1NC2C(OC12)C#N,6.709559165843383
CC1(C)CC11CC2NC12,8.245509198353027
CC1(CC1)N=C2CCO2,7.09022766367792
CCC12OC1(C)CC=C2,6.698973314770921
CC1OC11C2CN2C1=N,6.564942411349761
COC12C(C)C3C1OC23,8.187533467814717
CC1C2CC3N2C13C=O,5.9723746582750055
CC1CC2OC1C=C2,6.688184399324712
CC12NC(=O)OC1C2O,7.90685676122328
NC1=C2CCN2C(=O)O1,6.072270528593558
C1CCOC(=O)COC1,7.083196942789854
OC1(CNC1C=O)C#C,5.617989172942308
O=C1CC2NC3C2NC13,5.476122744381056
CC12C=CC3CC1C23C,5.816907361645345
CC12COCC=CC1N2,6.591716482582711
OC12CC3C1N3C21CC1,8.003827061078525
CC1CC11CC(=N)O1,7.6238117247017865
CC1CCC1(CO)C#N,8.310272580399126
CC(O)C1CC(=O)C1C,5.997564069032503
CC(C)CC(O)CC=O,6.192835145064066
CC1(C)CC2N=COC12,7.248634309122885
CC1OCC(C)C(C)=C1,6.917225095526259
C1OC23CC4OC2CC134,7.812857779355394
O=COC1C2C3CN3C12,6.8203020908205865
C1C2OCC3=CCN1C23,5.986875734335619
CCC1=CCN(C1)C=O,6.466457339119456
CC(=O)N1CCC2CC12,6.983197897069681
COC(C)C(C)(C)C#N,8.249273923419322
OCC12CC1CC(=O)C2,6.182466188496759
CC(=O)CCCC1CC1,6.410990534056771
C1CC2NC2C=CC=C1,5.803161100272048
CC1C23CCC12OCO3,8.201739802497368
CCC1(CCO)CC1C,9.026428793679854
CC1C2OC1(C#N)C2N,7.06144701280909
CC12NC1C(O)C1NC21,7.766749696175646
CCC12COC1C2C#N,7.566775075702438
CN1CC1C1(CC1)C#N,7.044969381033379
CC12CC(O)C1OCO2,8.435848749096133
CC12CC=CC3OC1C23,6.398433683487967
C1C2N1CC21CCCO1,8.17085842867459
COCC(O)(CO)C#N,7.632255306362142
CC1(C)CC(C=C1)C#N,7.128753550810785
OCC#CC(C=O)C#C,5.808867798041548
CC1(CO1)C1COC1=O,7.374229087924749
CC12CCC1N2C(N)=O,7.635626358816865
C1C2OCOC3CC2C13,8.695937864311254
O=CC1C2CC(C#C)N12,5.693151848668448
CN1CC2(O)CC=CC12,6.297874838430859
CNC1CC1(C#C)C#N,6.912623242680129
OC1C2N3CC3CC12O,7.706602439058395
CC1N(C)C11C2CC1O2,8.247153759347121
CC1(O)C2OC3CC2C13,8.333856445522597
OC12C3C=CN(C13)C2=N,5.450193049652572
C1CC2(CC2)CCOC1,8.74135535208195
CC1(COCO1)C1CO1,8.971154470877917
C#CCc1c[nH]nc1N,6.000609885097386
CN1CC1CC(C)=O,5.8345991544854865
CCN=C1OC(C)C1N,7.205334408186372
CC12CC3C1CCC23O,8.753969912161947
OCC12CCC1OC2=N,7.512613550102725
CC1C2CC(=NO)C12C,6.63185261250956
C1OC2C3NC3C2=C1,6.035109690978199
COC1C2NC2(C)C1C,8.275689871166641
C1CC(O1)C1OCC=C1,6.733051933546534
N=COC1CC2(CO2)C1,7.568451130037292
OC1CC23COC2C1O3,7.9450588964688045
CC(CC#C)(CO)CO,8.184031971717872
C1C2COC3CN1C23,8.017907785963038
OC1CC11NC(=O)C1O,6.950289120631064
CC1C=CC2C3OC3C12,6.80002272547387
COC12C3CC1CC23O,8.091794086744766
CC1(C)NC11CCC=C1,6.649850091788023
O=CNC1CC=CC1,6.681616813680093
CC1=CC(=N)OC1(C)C,6.178298931549124
CC1COCC=C1C#N,6.332947843414562
OC1CC2OC1CCO2,8.722635401383567
OC1C2OC1C2CC#C,7.5938746081839135
C1OC2C1C21CC2OC12,8.118881687463299
C#CC1=C2COC2CC1,5.570506329672193
COC(=O)C(C)C(N)=O,6.677142895626661
N#CC12CC(C1)CO2,7.636157517753988
C1CC11N2C3CC=C1C23,4.793196411930573
COCc1c(nco1)O,6.1760358215274564
CCc1c(c(co1)N)C,6.07085979088798
COCC(O)CC#C,8.036981337988959
Cc1cccc(=O)cc1,4.42324835608193
CC(O)C(C)C(C)=NO,7.012863274913593
CC1(O)CN2CCC12,7.929404515377179
C1C2NC3=CC=NN3C12,6.171248547265336
CCC(OC=N)C#C,7.603563964368256
CC(C)Nc1conn1,5.729562506547261
c1cc2c(nc1)CCO2,5.703859108140305
OCC1OC11CC2CC12,8.776333309191495
CC1CC2(CN2)C(=O)N1,6.842410324041152
Cc1c(c(no1)N)CO,6.077507670391125
OCC1CC23CC(C2)C13,8.868181911840024
CC1C=C2COC3C1C23,6.044260766310492
CCOCC(C)(C)C#C,8.24138609329505
CC1=CC(=O)[CH-]OC1=[NH2+],4.830194586233546
CC1=CCOCCOC1,6.692749636347314
Cc1cc(no1)CO,6.66611283740826
Cc1cc(=O)c(co1)C,5.074310246706753
CC1C2CC=CC(=O)N12,5.5626858543459665
CC1CN(C=O)C=C1C,6.100507179783577
OC1CN(C=N)C(=O)C1,6.256025373160995
CN1C(=N)NN=C1C=O,4.6798278743946415
CC1=CNC(=O)OCC1,6.297605848505876
[O-]C(=O)C1[NH+]=CN2CC12,6.530533862748279
O=C1CC2OC12CC#C,5.786240669212584
CC1NC=C(C=O)C1C,5.143644453475469
c1c2c(on1)CC(=O)C2,5.547617277161789
Cn1cnc2c1COC2,6.561990609417941
CCCC1COCC=C1,7.011325306462735
CC(CO)C#CC(N)=O,6.433890695372823
CN(C)CC(CO)C#N,7.071817146701883
C#CCOc1cnoc1,6.346776950570105
COC(C)C1(C)CCO1,8.600718181091066
N=C1C=CON=C1C=O,4.615888984865824
COC1OC(=O)C2NC12,6.846709314211289
CCC1(C#C)C2CCC12,7.731602254325418
c1c(c([nH]c1N)O)C=O,4.602050454406345
CCOC(COC)C#N,7.881271337373529
CC1CC2(CC12O)C=O,5.943989625732127
C1CC2COCC2C1,8.864342702311477
OCC(C1CN1)N1CC1,8.035275655423318
OC12C=CCC3C1OC23,6.501706488032024
OCC1NCCCC1=O,5.756958595557287
N#CCC1OCC11CN1,7.544516242883552
CCC12CC1(CC2)C=O,6.00334919584877
CC1COCC2CN2C1,8.25994029116367
CC12C(O)C1COC2=O,7.258864237526823
CCC1(CC#N)CC1C,8.651002181601461
CCC12CC1(CC)OC2,8.299825994205607
CC(CCOC=N)C=O,6.09862272045263
CC(OC1CC1)C#N,8.082114534435881
CCCc1conc1O,6.539455264610202
Cc1cc(c([nH]1)N)C#C,5.354506599074961
CC(CC#N)OC(N)=O,8.238798136401854
O=C1CCC2CC3C1N23,5.7947340839606944
CC1C2OC2C2OCC12,8.478313707549733
NC12C3NC3C1C2C#N,6.718795439366755
O=C1OC2CC=CC2=C1,5.55657868372363
OC12CC1(O)C1(CC1)C2,8.14110895908246
COCCN=COC=O,6.470586200416766
CC12CN1C(=O)C2O,6.609521686165491
C1CC12CNC(=O)CO2,7.032563575276676
CC1CNC1(C#N)C#N,6.958805006317289
CNC1(C)C(O)C1C#N,7.177038162091191
CC12CC3(C)C=CC1N23,5.99157337349912
OC1=CC=CN=CC1=N,4.263745567147091
CC1(C)OC1(C)C=O,5.930926284659801
OCC1CC1(O)CC#N,7.935820134675337
O=CC1C2CC2C2CC12,6.003839688869124
CC#CCC1CCC1C,8.199835799368373
Cc1nc2c(o1)nc[nH]2,5.670187328783399
CC12CC3C1C1(CC1)N23,8.578793742631044
CC#CC12CC1CC2O,7.529825235916453
CC1CC2N=CNC2=N1,5.989860712186764
CC1C2C3C(O)C3CN12,7.721553953426888
C#Cc1cocc1CO,5.746139237617309
CC1=C(COC1)CCO,6.667328904586832
C1C(CO1)CNCC#N,7.241036389904921
OC12CC3=CCOC1C23,5.773775701190361
CC12NC1CCC2=NO,6.422135657047702
[NH3+]C1(CCC=C1)C([O-])=O,6.267568116180213
O=C1CCNC(C1)C#N,5.754982876859027
CC(C)C12CC(C1)OC2,8.642181196404504
O=CNC1C2COCC12,7.195188274418397
OCC1COC2COC12,8.37318374090059
CC1C2C(O)C1C21CC1,8.874018890273621
CN=C1C=CC(=O)N1C,4.8930614977600175
COCC1=COC(=N)O1,6.5063296740088035
Cc1cc(oc1)N2CC2,6.0589690763087525
CCC1(C)C(O)C1CO,8.285753356378956
CC1(CO)OC11CCC1,8.781254652525165
O=C1NC2CC2CCO1,8.004657999743358
CN1CC2OC3C2CC13,7.850962784437014
CC1=CC(O)(CC1)C=O,5.576368042117297
CC12CC1C1CC(C1)O2,8.650596278928317
CCC(OC1CC1)C=O,6.043099384452974
CCOC1(CC)CC1O,8.459881631895348
O=CC1NC1(C=O)C=O,5.403669540807839
CC1(C)CCC1(C)CO,8.907657610190784
CC12CC1CC1CCC21,9.085887071358217
CC#Cc1cn(nn1)C,5.882485850849038
[NH3+]CC(O)C#CC([O-])=O,6.263085790624766
CCC1(C)C2OC2C1=O,5.841714669691408
CC#CC1CC2C(C)C12,7.79676110580326
CC12NCC1(C#N)C2N,6.760800067852649
CC1(CC1O)C1CCO1,8.249061183273321
OC1C(=O)C2C3CC12O3,5.986460154992345
O=C1CC2C3CC3C2N1,7.271104070135768
CC1OC2(COC12)C#N,7.153372479872035
OCCC1CC2(O)CC12,8.629866736308234
COC(=O)C#CC1CC1,6.3839269847147415
CC1C(C#C)N(C)C1=O,7.033303744472079
CCC1OC(=O)OC1=N,7.499666484100784
CC1=CCOC1(C)CO,6.804980930212058
OC1CC1(OC=N)C#N,7.231627021617844
CNc1cc(oc1)NC,5.8575317672008484
CN1CCCCC1=O,7.19216833812216
CC1C2CN1C2C(N)=O,6.826905317173724
C1C2NC1C1=C2OC=N1,6.177207341775203
OC12CC1C1NC2C1=O,6.218190831998976
NC1=NC(C#C)C(=O)C1,5.439380896569244
O=CC1CCC11CC1,6.007797072970199
CCC(C)C1CC1CO,9.118379668965844
CC1C2OCC3CN1C23,7.926743478754835
OC12CN=C3OCC1C23,6.385614056840155
N=C1CCNCC(=O)O1,6.425579479893543
CC1CC2C(CCO)N12,8.045475751063012
CN1CCC2CC2C1=O,7.018559159672094
CC(OC=N)C#CC#N,6.6655356227461535
CC1OCC(CO1)C#C,7.980568165143804
CC1(CO1)C1OCCO1,8.997796452730627
N=C1OC2CC12OC=O,6.840673571414657
CC(O)C12CC1CC2,8.77394132488917
Cc1c(ncoc1=O)O,4.90088817492409
CC1=CC(=[NH2+])C([O-])=CO1,4.4209860242173535
OC1C(CC11CO1)C#N,7.662243383701807
OC1CC2CN2C1C#C,7.246590875055384
COC1CC2C3OC1C23,8.37389188780284
O=C1CC2CC1C=CC2,5.885002679308879
CC12OC1C1(C)CC2O1,8.627724099757472
CC1NC11CCC(=O)C1,5.970297558795993
CCc1cnccc1O,5.867546880863054
CC12OC1C(=O)CC2=O,4.982867434120701
CC12CC1(C)CC(=O)C2,6.023717751042154
C1CC(C1)OC2CCC2,8.669359059098191
O=C1C2NC2C1CC#N,5.722485368711293
CC1C(C#CC=O)N1C,5.061449928363714
NC(=O)C12OC1CC=C2,5.778263757532921
Cc1c(c[nH]c1O)C#C,5.465686423147125
CCc1c(cc(o1)C)C,6.305784715699081
Cc1c(onn1)C2CC2,6.202920451601475
NC(=O)C1CCOC1=O,6.814839406828973
C#CCC1C2CCCC12,8.200517388094758
CC(=O)CCC1COC1,6.2594043355202515
C1NC1C12CC(C1)O2,8.315675897722079
CC1=CC(=O)C2CC1O2,5.269161699778686
O=CCC1(CC#N)CN1,6.002940770209955
c1c[nH]cc1OC2CC2,6.348620237602895
CCC1C2OCOC12C,8.621159337737627
CC12C3NC11CCN2C31,7.625022014713043
OCC12C3C(O)C1CN23,8.106829830213645
CNc1coc(c1N)O,5.810511452038941
CCC#CCC#CCC,7.744612603277947
CCC(=NC)OC=O,6.599753309425749
CC#CC(C)(C=O)C#C,5.796115725971765
C1C2CC3N=COC2C13,7.166294315323572
C(CN=COC=O)C#N,6.593367704110571
CC12CC1(C)OC(=O)N2,8.149045097283334
CC12CCOC1CC2O,8.322092583215397
CCC1OC2C(C#C)C12,7.6708863122861874
C1C=CC(=O)CC1=NO,5.020160263885181
CCC12OC1C1NC21,7.791000531346909
CC12COC(CC1=O)C2,5.921228897375389
CC1(C)C2CC(CO)N12,8.0018425700366
CC1(CNC(=O)N1)C#C,7.489290341453673
OCC(=O)C12CC1OC2,5.872549993614916
CC(=O)C(=O)N1CC1,4.598856355928898
CCC1(CC(=O)C1)C#C,5.966575078540562
OCC1CC2OC(=O)C12,7.384255501910102
O=C1COC(=O)C11CN1,5.0987199704523105
OCC12CC1N=COC2,7.173195100176948
C1C2CC3CCC=CC123,6.779085887647861
[O-]C(=O)C1C2C3[NH2+]C1C23,6.990042793596486
CCC#CC1CC1(C)O,7.522602518411517
CCC1COCC1(C)C,8.636625813980132
OC12CC1(CC2)C1CO1,8.562527611141713
CC1(O)CCCC=CC1,7.228374218124279
OC(C#C)C1NC1C#N,7.315737471299348
C1C2CC1OCCCC2,8.478004128523486
CC1(COC1=NC)C,7.474677955166619
COCC1(C)CC2OC12,8.766864202877402
CC12OCC1C2C1CO1,8.408656802676987
C#CC12CCC1CCC2,8.02899944785467
CC1CCCC(C1)=NO,6.969148994503759
OC1C2OC1C2C1CN1,8.376940803305311
CC1N2CC2(C)C1=O,5.940940495166872
O=CNCC(C#C)C#N,7.04255089628357
OC12C3CC3C1CC2=O,6.065993308156507
C#CC12CCC1OC=N2,6.943021099490897
CC1C2C3(O)CC3C12O,7.623645869506467
CC12CC1CC2CC#C,8.189816825381405
CC12CCC(C1)C(=O)O2,7.446790292939154
CCC1NC(=O)C11CN1,6.954099464515519
CC1CC1C1CCO1,8.70116324342155
CC(=O)COCCC#N,6.288787248386694
CC1(OC2C(O)C12)C#C,7.297544571441364
C#CC1CC11COC=N1,6.84604723831471
CC(CNC(C)=O)C#N,7.366412436354663
OC1CC(C1)C1CO1,8.923704195064596
CC1OCCC2C1N2C,8.088709164313181
COC1CC1CC1CO1,9.007447227768393
C#CCCNC(=O)N,7.602046883071397
CCc1ccc(cn1)N,5.4079606542256595
OC12CN(C1)CC2C=O,5.6350548356640635
CC12CC(=O)C1(N2)C#N,5.897080233124916
CC(=O)OC1CC2OC12,7.403309468277051
CCC1=CCN=COC1,6.403204216028529
N#CC1C2CC2C2CC12,8.031481869747402
NC12C3OC1CC23C#N,7.041254035789604
CC1OCC11CCC1O,8.217262889123113
CCC1OC(C)(C)C1=O,5.8415760536506856
C1CC2OC1CC1NC21,8.188414516810216
C#CCC1=NCC(=O)O1,6.052467726378291
O=CC12CC3C(CN13)C2,5.628347793637421
CC1=CCCC(O)C=C1,5.917499608447681
CCC1CCC(C)=CC1,7.11412087046112
NC(=O)CC1CCCO1,7.433528053924466
CCC1OCC(C)C=C1,6.942591202016109
N=C1OC2C3NC=C1C23,5.371988422903225
O=C1CNC(=O)C2CC12,5.803608468385297
CC(C)C1OCCC1O,8.44643303627408
CCc1c(=O)[nH]ncn1,4.891237616404638
CN1CC2OC(=O)CC12,6.611352334466436
CC1NC1(CCO)C#C,7.524884818795472
COC1CC2C(O)C12O,8.028919064431662
CC#CC1(C)CCC1=O,5.7571105568117416
c1c(nco1)C(=O)CO,5.367964488050915
O=C1NCCC11CN1,7.013946594808856
[O-]C(=O)C1CC2C[NH+]1C2,6.963009979345161
CC1(CO)CCC1C#C,8.254043354621977
CC1OC(=O)C2CC1C2,7.444397606698048
OC(C=O)(C#N)C1CN1,5.776606312752536
CC1CC1(C=O)C(C)=O,5.700915418612706
CC1=CC(C)(O)CC1,7.042405509988434
CC1(CCO)COC1=O,7.378560873985517
O=C1C2COC2C1C#C,5.627169125934092
OCC12CC1OC2C#N,7.34530913056887
CCC1CC2(NC12)C#C,7.338076415196255
C1C2CC1C21CCC=C1,6.886850112232068
CC#Cc1c[nH]c(n1)C,5.492390944021203
CC1(CC1)N1CC1C=O,5.741136920769727
CC1C=C(NC1=O)C=O,5.237225628040761
OC1CC11OCC2OC12,8.285177969010004
O=CC1CC2C3CN1C23,5.673447264546107
CC1=CC(C)(CO)OC1,6.804909859820702
O=C1N2CC2C11CCO1,6.353856576513048
Cc1c(c[nH]n1)OC,6.398008819814374
CC12CC3CC1C3C=C2,6.686592889583477
COC(C#N)C#CC,7.393589061677069
NC1=CC(=O)CC1C#C,5.329178621407241
CN1C2COC(C#N)C12,6.925371872193396
OC12C3COC(C13)C2=O,5.971731914711422
CC1CCOC(C)OC1,9.114826601963474
c1c(c(c[nH]c1=O)O)N,4.731016399385443
CC1OCC(CO)=C1,6.792439290414777
COCC12CC(O1)C2=O,6.176457885645497
CC1C(O)C2(C)COC12,8.184207323607973
CC(C)NC(=[NH2+])C([O-])=O,5.498254459535952
CC([NH3+])C#CC([O-])=O,6.4409288324368905
C1C=C(CC(=O)O1)CO,6.249920439749085
C1COC=NC12COC2,7.14391484682293
c1c(c(c[nH]1)O)N2CC2,6.079083298695899
C1OC2C3CC1CC2O3,8.45578710659616
CC1CC2=CNC(=O)N12,6.246377952267483
N#CCC1NC1CC#N,7.476975719162483
OC12CC3C(N3C1)C2=O,5.831761936047015
COC12CC1(NC2)C=O,5.595722699630368
C#CC(=O)N1CC=CC1,5.601495189107529
CC1CCC(O)COC1,8.588940322302907
OC12COC1C1COC21,7.721286115408867
CC12CNC(=O)C1(C)N2,6.842885596935107
N=CN1C2CCC2C1=O,6.168825900603653
CN1CCOC(=O)C=C1,5.7472584996107825
COCC#CC(C)C=O,5.947281830293372
OC1C2C1C1(CN1)C2O,7.8886980509197855
C#CCC1CC=CCO1,7.08114526432872
OCC1C2CN1CC2=O,5.733374994202272
CC1OCCC2(C)CC12,8.641412093991805
CCC(C#C)C1(C)CO1,8.303639624339471
CCC1CC2(C)CC1C2,9.57481127760439
CC1CC(=N)OC1(C)C,7.782620244136298
O=C1C2CNC1C=CC2,5.545120150437339
CN1C2CC3(CC3O)C12,7.657959389196357
c1c([nH]c(=O)[nH]1)CC=O,5.038918120735369
CC1(C#C)C(O)CC1=O,5.763578037354661
CCn1ccnc1C#N,6.234766025073287
Cn1cnc2c1noc2,5.8174069093555865
C1CC=CC2(CC2)C=C1,6.1885110413306785
CC1CC1(C)CCC=O,6.158986665452383
CC1NC(=O)C=CC1C,5.786982185476637
CNc1c[nH]nc1C=O,4.732784552560949
COc1ccc(o1)N,6.091863469520675
CC(=O)C(=NCC#C)N,4.952786777527931
OC1CC2(O)CCC12,8.38846553474736
ON=C1C=CC2CC1C2,5.808320252234241
NC(=O)C1CC2CC2C1,7.451167447977786
CC1(CO)CC1C1CO1,8.828815040056188
CC1C2COC1C21CC1,8.690143501717289
CC1C2NC2C11COC1,8.188588449350352
CC1(CO)C2COC12C,8.14243974688058
CC1NC(=O)C(O)C=C1,5.7839361084711225
N=COC(C#C)C1CO1,7.372351825226486
OCC1CCCC=C1,7.222356194163162
O=CC1CC2(CC12)C#C,5.877080877274876
OC12CN(C1)CC21CO1,8.310434866087972
CC1CN(CC1O)C=O,7.230326347209866
CC1CC2CC1C2O,8.918046717109718
CCCN=C1OCC1O,7.205214750902894
CCC12C(O)C1OC2=N,7.350986818346029
CN1C2C=CC(O)C12,6.2731155365753875
CC1C2C3OC1C(O)C23,8.339611641555653
CC12CN1C(C)(C2)C=O,5.770160246323769
CN=C1OC2(C)CC12N,6.851104895615515
C(CC1COC1)C1CO1,9.020815775656747
OC1(COC1=O)C1CN1,6.951045097519538
CCC(O)C#CC1CO1,7.432696580805263
COC(C)C(=O)CC=O,5.5654159755191035
OC1(CC1C1CO1)C#C,7.473617748447603
CCC1(CC1C)NC=O,7.514312525880999
C#CCNc1ccoc1,5.861413327606904
OC1(CCC(=O)C1)C#N,6.014165282711723
OCC12CC(O1)C1OC21,8.410171786327002
CC1CC2CCCC1O2,8.563060261105692
CNc1c([nH]cn1)CO,6.026229736490424
OC1CC11N=CNC1=O,6.044997894406792
C#CCC1COC=NC1,7.28800443151036
COCC(OC)C1CO1,8.924982404391452
CC(C)C1(C)CC(=N)O1,7.7854777704313065
CCC1C(O)C1OC=N,7.470119340837378
C1CC(C1)C(C=O)C=O,5.741522303455266
COC1C(C)CC1(C)O,8.566525441230528
c1coc2c1[nH]c(c2)N,5.589500677585081
CCOC1(C)CC1C#C,7.774532026005315
COC(CO)C#CC,7.6875552723514815
CC12CC3(C)C1OC23C,8.369848208717073
Cc1cn2cnoc2n1,5.711547022129805
C1C(=O)CC1(CO)C=O,5.7273344169035845
CC1=C(C)C(O)C2CC12,6.52060032815209
CC1NC(C=O)C1C#N,5.672515154634247
O=C1CC2CC2N=CO1,6.496811067870669
OC1CC2(CCO2)C=C1,6.660514631290763
[O-]C(=O)C12CC(C1)[NH2+]C2,7.10567719057137
CC1C2CC(=O)C(C)C12,6.024481551837599
CC(=O)N1CC=CC1=O,5.382157123824843
CCC#CCCC1CO1,8.186693405311582
Cn1c(=O)ccnc1N,4.901366469524752
CC1OCC=C1CO,6.782141339730446
C#CC1CCC(O1)C#C,7.656777943825151
CC1C(O)C2OCC=C12,6.384252439615624
CCC1CC1(C)C1CO1,9.13726612395692
CC1C=CC2C3CC3C12,6.732960829250159
COC1CC(C1)C(N)=O,7.385326155369591
CC1CC2C3CC3C2O1,8.410011891783773
CC1(NC2CC12O)C#C,6.9592025545734435
CC1OCC2(C)CC12C,8.445878720643632
CC1C2C3C4N1C2C34C,8.175880156887068
CCNC(=O)C1NC1C,7.027200306132261
CC(O)C1(COC1)C#N,7.667601001251178
C#CCC1(CO1)C1CN1,7.753299798638661
C1C(=NO)C2(O1)COC2,6.522942595594827
Cc1cnc(=O)oc1O,4.946308618734288
O=C1CC2(CN2)C2CC12,6.0037125389621595
OCC1CN2C(C#C)C12,7.157855497141978
O=C1CC2(CN2)C1C#N,5.710623908706294
CC1(C)CC2CC=CC12,6.889415378393024
O=C1CC2NC(=O)CC12,5.926627833081969
CC1(CNC(=O)CN1)C,7.181340492284264
CC1(N)C(O)C1C#N,7.4209087044623345
OCC12CC(CC=C1)O2,6.651437143942344
CC(=O)C1C2CC2C1O,6.042874692983194
CC1(CC11CCO1)C#N,7.537829456376151
OCC1=NC(=N)NC=N1,4.836106624286903
CC1C2CC3C4C(C23)N14,8.327622232626174
CC1OCC2CC=CC12,6.961495316651658
CCC1C2OCC3C2N13,8.372466472355772
CC12C3CN3C1(C)C2O,7.77125898672423
c1nc2c(o1)C(=NC2)N,5.584056623183052
OC1CC2CC1OCO2,8.631937626585861
CC12CC1C1COC1C2,8.626083741753064
CC(C#N)C1(C)CC1O,8.310471224719675
CC1(O)C(O)COC1=N,7.410239196028494
[O-]C(=O)C1OC2C[NH2+]C12,6.898367066023121
OC1C2OC(C=C2)C1O,6.5481551759935765
NC1(C#N)C2C3CC3C12,6.8884917484373664
CC1(COC1)CC#C,8.047557443680262
CC12CC3OCCC1C23,8.495339143778018
O=C1NC=C2CC=CC12,5.3234789463793355
CC1CNC=CC(=O)N1,5.642061511159839
C1C2OC1C21CCCC1,8.615131112466374
Cc1ccnc(c1)O,5.811504206688524
CCOC(C)(C=O)C#C,5.857100519609841
CC1C(=O)CC=CC1=O,4.979882839450019
OCC1CC=C(CO)C1,7.025494565494482
O=CC(C#C)C1COC1,5.8185901276428655
CCC1CCC(C)C=C1,7.108079059177875
CC1CC(C)(C)N1C=O,7.025781316021403
OC1C=CC2=C1N=CO2,5.047543872552208
CC#CCOCC#CC,7.4817636702741
CC1C(C#C)N1CC#C,6.880543417261846
COCC1=NCC(=N)N1,6.0018526412068205
CN1CC(C1)(COC)O,7.895060300582149
CN=C1N(C)CC11CO1,6.373430297164033
N=C1OCC2=C1COC2,5.812315363308078
CN1CCCCCC1=O,7.2145502505150105
CC(O)C#CC(O)C#N,7.461204665398144
CC1COC2=C1C=CO2,6.127830720658333
OC1CC11C2CC2C1O,8.373346371285791
O=C1CN2C1C21CCC1,5.84828721704126
CC1C2CCC1(O2)C=O,5.817526219922111
CC1C2C3OC2C13C,8.56861866967152
CC1NC(C)C1(O)C#N,7.263694410238152
CC1CCN=COC1,7.218058844743657
CN1CC1(C)C(=O)C#N,5.02879907650994
CC(=O)NC(=N)CC#C,6.088706987032911
CC#CC1C2C3CC1N23,7.245737778868703
C#CCOC12CC(C1)C2,7.82224310451752
OC1CC(C#C)C1C=O,6.058971612266389
CC(CO)(C=O)C(N)=O,5.726579915511183
CC1CC2(CO)CC12C,8.572928484222775
COC(=O)C1(CCC1)O,7.052278773989452
COC1=NC=CC(=N)O1,5.065553934285877
CN1CCN2C3CC2C13,7.540648758225599
CN=COC1CC(O)C1,7.334676120867248
c1c2c(c(co2)N)[nH]n1,5.619528677402747
CC(C#N)C1OC1C#N,7.760649884528438
O=C1OC23CC12C=CC3,6.044817501159072
CC1C(O)CC1C(N)=O,7.352558131682162
N#CCCN1CC1C#N,7.157538146637191
OC1(CC=O)CC2NC12,5.962016540729126
CCC1=CC=CCC=C1,4.907115347317065
C1CN(C1=O)CC=O,5.782841282857439
CC1C2OCC(C)C12,8.568015556450941
O=CC1=CCCC11CO1,5.116532535959577
CN1CCC1C(=O)C=O,3.7627924667307235
COc1c(cco1)CO,6.3145532343765405
c1c(cn[nH]1)NC2CC2,6.103920429919814
CN1CC11C2NC2C1O,7.795633794939999
CC1(CN(C1)C(=O)N)O,7.6748644139500835
CC1C2CC2CC2CC12,9.108090285091114
NC(=O)C1CCC2OC12,7.370661349652187
CC(C)C(O)C1(O)CC1,8.493230164401414
CC1(C)CC1CC=O,6.136780258804935
C1OC23C4C2C2C4C32O1,7.526753175912963
CC1(CN1)C#CCC#N,6.938818880418083
CC1C(C)C2C3CC3C12,8.794966132111519
C1C2CC=CC3CC12C3,6.860257418378609
CC1(CC1)C(C)(C)C#C,8.190628656767515
Cc1c(noc1OC)C,6.3675529801257476
CC1OCCC11CO1,8.956795443422939
C1C2C=CC11C=CCN21,5.63216540884782
OC1C(=N)N2CC12C=O,5.4352364336636825
CC1COC(=N)C1(C)O,7.67063641342332
CC1CC2CC(=O)NC12,7.382665616018267
OC1C2CC=CC1C2O,6.741800014322495
CC(O)C1CC=CC1=O,5.231509317125407
CC1(N)C2CC1(O2)C#N,7.039860105751668
O=CC1CC2CC2C1,6.105475893565348
C1C2NC2C2=NNC=C12,6.252947409781809
C1C=CC(=O)N1C(=O)N,5.6386887398988765
N=C1C=CN=CN1C=O,4.333811621610708
OC1CN=CN(C1)C=O,6.108465143806109
CCC1(CC1)NC(=O)C,7.454486824435739
CC1OC2CCN=C2O1,7.215378301144457
CCC1(O)CC1C(N)=O,7.340994612425024
c1c(oc(c1N)N)C=O,4.474972112136489
CCCCOCCC#C,8.306414054654551
O=C1CC2OC12C1CN1,5.761620086068486
CC1(CO)C2CC1OC2,8.388128508130137
CC1C=CC2=CON=C12,5.3350987096590945
CC1C2C3CC2C13O,8.846556766975217
COC12CC3C(C1)C23,8.725565465389515
Cc1cc([nH]n1)CC#C,6.948404423232494
CNc1[nH]c(=O)ncn1,5.054479202427489
CC(C)(C)C(C)(C)C#C,8.391586830793145
CC12CNCC1(O2)C#N,6.8367603709407
OC1C2OC11CCOC21,7.8404480509642624
CC(C)C(CC=O)C#C,6.104052953817079
CC1OC11C2OC2C1C,8.489323124998231
c1c(c(c([nH]1)CO)N)O,5.76243692452211
OCC1CC(=O)C11CO1,5.776037721371337
CC1COC(C#N)C1O,7.524381477859233
OCC#CC#CC1CN1,6.294123612623814
CC(O)CC1(CO1)C=O,5.939424195448215
CN1C2CC1(C=C2)C#C,6.033445297054239
CNC1=NC(C)C2OC12,6.432910563523212
CC#CCC1COC1,8.0162810782723
O=C1CCC11NC1C#C,5.756694759680526
CC(C)(C)C(=O)C1CC1,6.109108268096479
O=CCN1CC1C=O,5.547289289313186
OC1CC23CC(O2)C13O,7.754618554953534
Cn1c(ncn1)C2CC2,6.824987128870366
CC(C)Oc1cn[nH]n1,6.20955148226175
CC1OC(=N)OC1C#N,7.872105810087016
N#CC12CCOCC1N2,7.395636433585128
OC12CC1CNC2C#N,7.004724948611994
CC(C)(O)C1OC2CC12,8.262949860245614
CC(O)C1=COC=C1N,5.895214287035713
CC12COC1CCC2=O,5.865102034221287
N=COC1(CCC1)C#C,7.4869634832322935
Cc1[nH]cc(n1)CC=O,5.446602973331586
CCC#CC1COCO1,7.699649237691624
O=C1CN2CCOCC12,5.465108242570138
CCCC1C(C)C1C#C,8.059771346093603
CC1C(=N)N2CC12C#N,6.5754496894657
O=C1OC2C3NC(=C1)C23,5.562637121009994
CC12CC(CC1O2)C#C,8.093960108269648
C1CC1C1C2C3OC1C23,8.58372107128479
CCC12CC1(C)CO2,8.370651526743549
CC1C(C)C(CO)C1C,8.98303601421922
OCC1NC1(C=O)C#N,5.820854160389082
CC1(NC1C1CN1)C=O,5.890941986361941
C(CO)C(C#N)(C#N)O,7.712930597343511
N=COC1CCC2NC12,7.198706876361774
O=CC1CN1CCC#C,5.799014368019477
CC1=C(NN=C1)C1CO1,6.7749095022006065
C1CC1(CO)OC(=O)N,8.32161803676585
COC(C)C#CC1CC1,7.601524845311747
CC1OC(C)C(C)=C1C,6.721948506823529
O=CCC1OC2CC2O1,6.09291558330891
CC1(C)CC(O1)C1CN1,8.389835430374324
COCC1CC=CC1C,7.107722116644083
COCC(=N)OC(C)=O,6.553129389614773
N=C1N=COC=CC1=O,4.6124707867051224
O=CCCC1C2CC1C2,6.328143227751694
CCC12CC1OC(=O)O2,8.432547330522363
OC1C2CC11CC(=O)C21,6.025691760240749
CC1C(C)=CC(=O)C1=O,3.875216853388416
CC1OC(C)C1(O)CO,8.23258011700623
[NH3+]CC1NC1CC([O-])=O,7.226334398086945
CC1C2C3C4CCC13C24,9.001285848230044
COc1ncc(nn1)N,5.044960116617923
CC1CC1C1=NNN=C1,6.632174983004051
CCCN1C2C3OC3C12,7.611595813795133
OC1CC(O)(C#C)C1O,7.2412899038120475
OC1C2OCC(C#C)C12,7.703629496348466
OC1(CC1)C1CCC=C1,7.018896891806132
CC12OC(=N)C1C1NC21,7.006804794448994
CC12CCCC=CC1N2,6.801910664764407
CC1(C)OC1(C)C1CN1,8.682036724254212
NC(=O)N1C2CC1C2=O,6.1154032891779355
CC1C=CCC=CC1C,6.647292039088067
CC(C=O)C1COC1=N,6.0555679540472225
CC1(CO)C2C3CC2N13,8.145367105373607
O=C1CC2CCCCN12,6.988001163077246
CC1(CC1)OCCC#N,8.12520375177103
CCC1C2NC2CC1=O,5.984493083348065
CC12COC(CC1O)C2,8.399297945971723
CC1C2CC2C2OC12,8.976457821186578
C1COC(=N1)CC(=O)N,6.538002336013085
C1C=CC(N1)(C=O)C=O,5.203601235883655
COC1OC2CC1C2,9.042942138534542
CC12CC(C1)CCC=C2,6.978626328428858
OC1CC2NC(=O)C12,7.190872247712484
O=CC(C1CN1)C1CO1,5.9619959318964995
c1cc(nc(c1O)O)O,5.339638430442142
OCC1=NC(=N)C=NO1,4.8834856100504656
OC12CCCC1C1NC21,8.110250283300392
OC1CC2OCC2C1O,8.318590146406912
CN1C2CC=CC1C2=O,5.448218236407078
CC1CC2(C1)NCC2=O,5.737613893724461
C1CN1C1C2C3CN2C13,7.894546834366378
OC1C2C(=O)NC12C#C,6.4980816458687105
CC1CC(C)C(CO)=C1,6.980628545547339
CC(O)CC1CC(O)C1,8.82879513637316
CC(C1CCC1)C(C)=O,6.22010373012583
O=CC(=O)C1CC2OC12,4.272658623505193
CC1CC2C(O)C(=O)C12,5.839058773387051
CC1(CC1)CNC=O,7.587881089416921
O=CC12CC(C1)N1CC21,5.86755933917134
CCC1OC2C1C2(C)C,8.396021036004392
C1OC2C1C1CC2C=C1,6.832416197499142
CCC#CC1(CC1)OC,7.425315583896254
O=CC12C3CC1CCC23,5.948220717155895
Cc1nc(n(n1)C=O)C,5.533148869782399
[NH3+][C-]1C=CC2=C1ON=N2,5.241495853002351
COC(=O)NCC1CO1,8.337243977271521
CCC1(CO)NC1C#N,7.58648277838344
CCCC1CC1(C)C#N,8.51806536906098
CC1(C)N2CC(O)C12C,7.914477291880766
c1cc(=O)nc[nH]c1=O,4.36053793278953
CC12CC1C(=O)C(N)=N2,4.754528003804196
CC1OC2CC3C2C13,8.632518856841486
CC(=NO)C1CC1C=O,5.873997179652
OC1C2C3CC4C(C23)C14,8.39031550690262
N=C1OC2C3NC3CC12,7.143190382368651
CC(C)(CC1CC1)C=O,6.196764696891757
CC1CN1C1=NON=C1,5.820438485311092
COC=NCC(=O)C=O,4.224790276323435
CC(=O)c1c(ocn1)N,4.810392907941444
CN=C1OC2CC2C1=O,4.78933953765903
CCC1(C)CC2OCC12,8.480425104943622
CC1C2OC3CC2C13,8.773560789164268
c1cn(c(n1)O)CC#N,6.145541378093087
CC1C2(C)C3OC1(C)C23,8.357158111724859
CC12CC(C1)C(=O)C2O,6.150547243143458
O=C1C2CC3C4C(C23)N14,6.351654138489659
N=C1CC2CC(CO2)O1,7.5934248434606895
CCC12CN(C1)CCO2,8.017033007553938
Cn1c(=O)[nH]cnc1=O,5.261620849007871
CC(=O)N1CCC(=O)C1,5.733633510367969
Cc1cc(n(c1)C)C=O,5.084335525848072
N=C1N=CNC=C1C=O,4.386754321127988
CN1CC11CCC11CN1,8.05417167588701
CCC1CN1CCC#N,7.4716368854929165
CCC(C#N)C(=O)NC,7.265688427674074
CC1(COC(=N)C1)C#C,7.622035761723243
CC1=CC2CC2(O)CC1,6.782268016840369
C1CC11CC2NC2C=C1,6.788116311241745
NC1=NCCC1(O)C=O,5.51747704725982
O=CC1=C2CC3C2N3C1,4.768321984066973
C1OC23CN(CC2)C13,7.979428777145866
C1OCC2(CC=CC2)O1,7.029629639544657
CC1(CC1)C1CN=CO1,7.308205236689821
CC1=CCC2COCC12,6.801345978965315
OC1C=CC2(CC2)C1O,6.608622893380749
CC1(C)CC1(O)CC=O,6.076113520398319
C1OC2C3CC12CCC3,8.566333063341283
CC12NC1CC2(O)C=O,5.766128260027535
C1CC(C1)CNC=O,7.625171068470799
CCCc1nccnn1,6.074668404256926
OC1CC2C(O)CC=C12,6.5249308415648795
CC1(CC1)NC(=N)C#N,5.846421784353774
CC1C2CCC(=O)C12,6.062308434949445
CN1CC11CC(=O)C1O,5.517274725349394
COC1(C)CN2CCC12,8.069554567961928
CC1(CO1)C(=N)OC=O,6.5974504340814155
CC1C(=O)CC11CCO1,5.82042256998452
CC12CC1C1CC2(C)O1,8.624927360459898
C1C2OC1C=CCC=C2,6.3485575597961645
C1COCCC1CC#N,8.031239788424429
CC1(O)C2CC1N1CC21,8.117140133308883
O=C1NCC2(CC12)C#C,6.9698776372969045
CC(C)(O)C1(CO)CN1,8.35584618250226
CNC(=O)C1(CC1)O,7.1442162629290955
CN1CC(C#N)C1CO,6.995457361101839
CC1OCCC2COC12,8.54616523502293
CCC(O)CC(=O)C#N,5.425477686675705
OC12C3CC4CC1C4C23,8.458007331824827
O=C1CC2C(O1)C1CN21,6.978641102539969
OC1=COC(=N1)C1CO1,6.112945157381672
CCC12CC(C1)(C2)C#N,8.570337798185545
CC1C2CC1(C)C21CN1,8.520707462120729
CCC12CN1CCC2=O,5.655600405849842
COC(N)=NC(C)C#C,7.265182594279924
CC(=O)C1(C)CCCO1,5.9232196690993675
COC(=O)C(N)C1CN1,6.847938163103313
CC(CC(C)=O)N1CC1,5.986016328313653
CC1C2CC(=O)C12CO,6.086953916373755
CCCC#CC1NC1C,7.274252313691241
CC12C=CC34CN(C13)C24,5.661972240953945
O=C1NCCCC11CO1,6.965108275618991
CC(CC(C)=O)C(N)=O,5.989580266007677
CC(=O)C1OCCC1O,5.957103146904836
CC1CC=CC=CC1=O,4.930075573736393
CC(C)c1c(cco1)N,5.984569674750212
OC12COC(C1)OCC2,8.721634803251186
Cn1cc(nn1)CCO,6.77510495644113
CC1C2CC1COC2,8.792897773584341
CCC1=CCCC12CC2,6.650311456412956
CCC12CCC1C(C)C2,9.183405903634249
C1C2OCC3OCOC123,8.246070828093844
O=CC12CC3C1N3C=N2,5.492738699511932
C1CC1C1CCC11CO1,9.117340590721351
C1N2CC3CC12CCO3,8.284783602450027
O=C1OC2CC3CC1C23,7.345728827725885
CC12CC3C(C13)C(=O)O2,7.27239587987276
CC1(C)C2OC2C1=NO,6.74830530851288
CNC(=O)C1CCC=C1,6.282193428062073
CC(CCC1CO1)C#N,8.441694192834323
OCC1C2CCC1C=C2,6.90703939039896
CC1N2C3C1=CCC23C,5.1154219743722935
OC1(CC2OC2C1)C#N,7.81992631275745
C1CC23CC=CC2C1O3,6.615574835540773
CC12COC1C(=O)CC2,5.728215283795185
COC1(C)C=CC2NC12,6.500536098079774
CC1CC(CO)=CC1O,6.897736888765633
CC12CC1(O)C1C(O)C21,7.651899212830827
CC12CC3CC3(O)C1O2,8.550532643988396
CCC(CC)C(O)C#C,8.041063750770263
CC(O)C1OCC(C)O1,8.8631130025023
CCC(=O)C1CCC=C1,5.9440477814896715
CCC(COC)C(C)=O,6.297450533630377
CC(=O)Oc1ccco1,5.8733827160191385
CC1C2C3OCC1C23O,8.088142242465933
CCC12CC1(C)C(C)C2,8.845926864539583
OCCC1(CN1)C#C,7.4749982198763405
CN1C2C3NC2(C#N)C13,6.446782359516419
N=C1NC=CCNC1=O,5.014082561452567
c1c(onc1N)C(=N)N,5.12140044536809
CC1(CC1OC=O)C=O,6.0229064032646145
O=C1CC2COCC2O1,7.287580282790475
CC1OCC2C(O)C2O1,8.600617923942362
N=COC1C2CC2C1=O,5.882300562292338
O=CC1C2C3CC2N1C3,5.648392542183378
OCC1C2C3N2C1C3=O,6.0760193841510635
CC1CCOCCC1O,8.537929776561324
OC1COC2C3CC12C3,8.398805329627857
COC1=NNC=CC1=N,4.683648726696963
C1OC1C1=CCC2NC12,6.278557852580567
CC12CC3CC4C1C2N34,8.197102648182463
CCc1cnc(o1)N,6.2190650748094285
Cc1c(n(nn1)C=O)N,4.903223483651479
COC1C2C(O)C2C1O,8.038765841471074
CC12C3CN1C(C=O)C23,5.644184482899837
CC12CCC(O)C1N2,8.33719169272635
CC1=CC23CCC2C1O3,6.161072779704296
N#CCOC1CCCO1,8.11960713128284
CC1(O)CNC1CC#N,7.380321658666304
CC12CC=CC1(N2)C#C,6.106481656630894
CNc1cc(on1)C#N,5.133966945234951
OC1CC(=N)OC11CC1,7.558870158564973
C1C2OC3COC(C3)C12,8.300072163404002
CC12CN1C(=O)NC2=N,6.4619136493950515
CC1(O)CC11CCOC1,8.403521922323037
NC(=O)CC1NC1C#C,7.081794813915354
C1C(=C(CO1)N)C=O,5.021291695021254
CC#CCN=C(CO)N,6.982575267794819
O=CC1CC(=O)C11CC1,5.716367266361081
OC1COCCC1C#N,7.698264152299498
c1c[nH]c(c1O)CC=O,5.1876677773334485
OC1C(O)C11NCC1O,7.617641002271652
CN1C2CCC1(C)C2=O,5.896234443665526
C1OC2CCN=COC12,7.229884358553662
CN1C(CCO)C1C#N,7.044893764820843
COCC#CC(C)OC,7.532818079466918
OC1C2CC(C2)C1C#C,8.092943409819462
OCC(CCC#C)C=O,6.116280907759119
OCC12CC=CCC1N2,6.683618952253345
OCC(O)C1C2CCN12,7.923944502379291
CCC1CC(CO1)=NO,6.719916812483085
CN1C2CCC2OC1=O,7.875584705725828
CC1(CO)CN1CC#N,7.446389305848276
C1CC2CCCOC2C1,8.616927705725802
O=C1CNC2CC(C2)O1,6.741164742455608
C#CCOC1CN2CC12,7.184069716658542
c1c([nH]c(c1O)N)CO,5.913554398286587
CC1C2C(C)C(C#C)N12,7.21098158524239
C1CNc2c1c(no2)N,5.824674653099668
CC1(CC(C1)C#C)C=O,6.066813218130015
c1c(cnc(n1)N)C=O,4.248158710538193
C1C2CC3C4OCC12C34,8.339934239465588
Cc1c(cnn1C)O,6.384957176223194
CC1C2CC(C3CO3)N12,8.407636940211356
CCOC(=NC)C(C)O,7.345297982977726
CC1CCC2NC12CO,8.271443250584918
Cc1c(ocn1)OC,6.331359438263258
OCC12CC1(O)CCO2,8.00489809842512
OC1C(CC=O)C1C#C,6.082722083843629
CC(=N)OCC1CO1,7.687915724022386
C#CC(CC1CO1)C#C,7.948187964271815
C1C=Cc2c1onc2N,5.48345356732742
COC1C=CC2C1N2C,6.205983084396394
CC1(O)CN=C(N)C1=O,4.553818558082045
CC1(C)CC2OCCC12,8.586642382462733
CC1CC1C(O)CC#C,8.226168144235197
CCOC1CCC1CC,8.827786998187575
OCC1=CCN2CC12,6.120796806369494
C1OCC2OC2CC=C1,6.875333102866911
c1c([nH]c(n1)O)CC=O,5.34512342285279
[O-]C(=O)C1CC2(CC2)[NH2+]1,7.231684572569898
CC1(O)C(NC1=N)C=O,5.692051074921812
O=CC1C2OC1C2C#C,5.724873993236129
CC12CCC(OC1)O2,9.067351091743998
CC12CC(=O)N1C2C#N,6.431028683539722
N=C1CN=C2C=CCN12,5.341802811987658
C1C(CO1)(C(=O)C#N)O,5.300705524529242
C(CC(=N)NC=O)C=O,5.870254457444306
C#Cc1cc[nH]c1CO,5.658009577395798
CCc1cn[nH]c1C#C,6.169835494150327
CC#CC1N=COC1=O,6.198703435860425
C#CC1CC2OCC1O2,8.153067055821024
COC1C2C3C1C2N3C,8.03490944325256
CN1CC1(C)COC=O,6.683490516897027
CC1CN1CCOC=O,7.004227961623124
C1Cc2nc(nn2C1)O,6.635768688669347
CC(C#N)C(CO)C#N,8.071953694686526
CC(=O)C1CN(C1)C=O,5.757758008175798
CC12OC1(C#C)C1CC21,6.932749714107211
CC12CC3C1(O)CC23O,8.156424350021684
CCCC(=O)OCC#N,7.5593916266563514
COCC1C2CC(=O)N12,6.91795635650888
OC1CN2CCOCC12,7.918666337245792
O=CC12CC1CN1CC21,5.811614659367484
ON=C1C=CC2CC12O,5.587107749521543
C#CC1OC2CCOC12,7.38039097585004
CN=C1OCC=C1CO,5.622873904691039
CC([NH3+])C1CC1C([O-])=O,7.352840595940785
CC(OC=O)C1NC1C,7.204441280329815
CC1C=CCC1NC=O,6.730487893294399
OCC12CC(O1)C2=NO,6.716732178767814
CC1(C)C2CN2CC1=O,5.673120121637583
CC1CN1C1=CN=CO1,5.943469411845619
OC12CC1C=CC21CN1,6.325466387700735
CC12C(O)C1OC21CC1,8.126995210846852
CCC#CCC(C)C#C,7.809805715962184
CC1NC11COC2CC12,8.275699896156091
NC(=[NH2+])C1=CC(=O)O[CH-]1,4.709597605193636
CC1(O)CC2CC2(O)C1,8.431545473983222
CCCC1CC1NC=O,7.568634984936727
CC12CN3CC1(O)C23,7.855514836109437
CC1COC2COC2=N1,7.052105486224147
CCC1C2N1C(C)C2=O,5.802768141009601
CC1N2CC1(C2)OC=O,6.806573288584791
N#CCC12CC3C1N3C2,7.437743903584581
O=CNC1C=CC2NC12,6.38607690350366
OC1(CC2CC1C2)C#N,8.070556212643469
O=C1NC2C3C2N2C3C12,6.28675288351691
O=C1CCCC2CC12,6.0331796165871285
CC1CC2OC(C#C)C12,7.335667473879109
OC1C2CC3OCC13O2,7.931535386950278
CC1OCC(O1)C#N,8.092376933396672
C1C=C(CO1)NC(=O)N,6.105074662421522
c1coc(=O)n1CC#N,5.660602405038929
CC1(CCC=CC=C1)C,6.3959793297597844
c1nc(c(o1)N=CN)O,5.080514111160674
CCC1(CC(C1)O)CC,8.83836973453598
CC1OCCC(=O)C1C,5.977958008930841
OC(C1CN1)C1CCO1,8.237789607559492
N#CC1CCC1N1CC1,7.376678108247711
CC1OC2CC(C2)O1,8.884516512221671
CC1CC(O)C1(O)CO,8.38357884362128
CC1NC1C(O)C(C)=O,6.022193819699652
CC1CC2(CC2O)C1O,8.384077870936016
N=C1NN=C2OCCN12,6.436104813527231
C1OC11C2OC2C11CO1,8.040817006903776
CCC1CC(C1)C(C)O,9.000304103381051
CC#CCC1CC1(C)O,8.05721265427235
CC1=C2CC3CC(C1)C23,6.210746874689248
O=CNC1C2C3C1CN23,7.11437717686378
CCC12CCCC1(C)O2,8.918445540549948
CC12CC3C1C3(C2)C=O,5.949489722526801
NC(=O)C(O)CCC#C,7.376619783519895
OC1CCC2=C1NN=C2,6.672354710298027
CCC1OC2C3OC2C13,8.27213757805574
C1CC2(C1)CC(=O)OC2,7.480019862625165
OC12CCCC11CC2O1,8.161516621799905
CC1OCOCCC=C1,6.8720147313158755
CCC1(C)C2OC=NC12,7.145823973440411
O=CCC(CC#C)C=O,5.736017698509129
O=C1OC2CC3C2CC13,7.292596495419257
c1c2c(co1)CCCC2,6.469785431653683
CC12OC3CC1C3C2O,8.34526605751017
CCC1=CC(C)C(=O)N1,5.874642377543652
CCC(C#N)C(=O)OC,7.488360256441798
CC12OC1C(=O)NC=C2,5.629156584585628
CC(C)(C)C1CCOC1,8.663853462326191
COC=NC1C2CC1N2,7.02946190248759
O=C(NCC1CN1)C#C,6.117152901203573
NC1=C(N=CN1)C1CO1,5.951700961345821
OC1CC2(CN2)C1C=O,5.860548662159114
CN=C1C(O)CN1C=N,6.104198700723696
CN1C2C3OC2C13C#C,6.665380595809915
CC1C2(O)CC1(O)C2=O,6.536903973677736
OC12CCC1CC=CC2,7.17287919908791
CC(CC1CCO1)=NO,6.927960784003541
CC12CC1CCC1CC21,8.979846732800084
N1C2C=CC3OC2C13,6.231765085748086
OCC1=CC(O)C(O)C1,6.684430203089722
C1C2CC11OCCCC21,8.677688861811747
C#CC1CC2CCC2C1,8.337568288095508
N#CC1CCC=CCC1,7.227617451519226
OC1C2CC3C2C1C3=O,6.006858693047769
CC12CC3(O)C(O1)C23O,7.718053298508586
OC1(CC2CCC12)C=O,5.873840187003822
OCC1OC=NC11CC1,7.0440561626130656
CC12OC3C(C13)C2CO,8.241265129915524
CN1C2CCC3(CO3)C12,8.158499488608202
CCCN=COCC#N,7.315541335272303
OCC1C(C#N)C2CN12,7.337339032373519
CC1NC(C)C(=O)C=C1,4.936873901492802
CC(O)C1=CNC(=O)O1,6.313058724519372
COC1(CO)CC1C#N,7.782437869617522
CNC(=O)OCCC#C,7.867887823661545
CC12OC(C=C1)C2C#N,6.4244066967950735
C1OCC2OC3C1OC23,8.201603118484641
CC12CC(N1)(C#N)C2N,7.04713414549961
OC12CC(C1)(C2)N1CC1,8.216878429213063
CN1Cc2c(nc[nH]2)C1,6.312729713403343
CN=C1CC(CC#C)O1,7.41414651003244
C1OC1C1OC2CCC12,8.641282205680085
CC(O)C#CC(N)=O,6.349984843873659
CC1=C(O)OC(=N)C=C1,4.636655186556128
OCC1CC(=O)C1C#N,6.032005982522207
CC1(COC(=N)C1)C#N,7.781850478124456
CC12C3CC1CCC2C3,9.23115607307905
OC1C=CC2(OC12)C#N,6.224659571735194
CN1CC11C2C3CC1C23,8.373249021256836
C1CC1CCCOC=O,7.623686434709272
C1C23COCC12C1NC31,8.16792211163927
CC(C#N)(C#N)C1CC1,8.30046185947659
COC(C#C)C(N)=O,7.0597279787495575
CCC1(CCC1)CCO,9.1993592327043
O=C1NC(=O)C2CC2O1,6.848526828730914
CC1(COC1=N)NC=O,6.952090648613906
CC1OC(C#C)C11CC1,7.390675525217442
OCCCC1(CO1)C#N,7.960478900729147
ON=C1CC2CCC12,6.792869963107168
C1NC1C12CCC1CO2,8.239304429210796
COCC1(O)CCOC1,8.55376080136999
OCC1COCC(=O)C1,5.958032115280245
COC1C2C1C1CCC21,8.554556136673737
OCC(O)(C#N)C1CO1,7.511099787638608
CCC1OC2CCOC12,8.617887171515623
OCC1C(O)C11CCO1,7.993557491337283
COC12CC1(C)CC2=O,5.969296837777833
CN(C)C1=NCC(=O)N1,6.251566076311323
CC1CCC(CC1)C#N,9.116231127810167
O=C1C2C3C2C2C3CC12,5.849171586802429
CCC(C)C12CC1CC2,8.95312436156074
CC1=CC(O)C(CO)C1,6.923662588043632
OC1CC2NC2C(O)C1,8.293299023976186
O=C1COC(=O)N2CC12,5.967272921570821
CC1OC(=N)C1CCO,7.771338916256001
O=C1NC(C#C)C11CN1,6.69781537684595
CCC1C2C(=O)OC12C,7.408444027453973
C1C2OC3C=CC2OC13,6.44234367943981
CCC1CN(C1)CC=O,5.570924312206774
N=C1OCCNC11CC1,6.915559585367442
Cc1cc(c([nH]1)O)O,6.0692261484044465
C(CC=O)CNCC#N,6.06674147348343
CCC1C[NH2+]C1C([O-])=O,7.218410507083236
CNC(C=O)C#CC#N,5.415333984131625
N=C1OCC11CN=CO1,6.86688015142364
C1CC2C3C=CC(O1)C23,6.544916932058591
CC12C3OC(C13)C2CO,8.149205743069329
O=CCC(CC#C)C#N,6.088471874318939
CC(O)C1OC(=N)C1C,7.77376787178956
CCC(=O)C1CN1C,5.610983811485752
O=CC1(OCC=C1)C#N,5.57519827666488
OC1C2CC3CN=C1N23,6.221935656127584
C1CC23CC(C2)CCC13,9.53071362923307
OC(C#C)C1(CO1)C#C,7.207432919198499
N=C1NC(=O)CC1C=O,5.66492435861275
C#CC1=CNC(=O)NC1,5.739022821849106
CC12CC3N=COC1C23,7.057096180433982
CC12CC3CN4C1C2C34,8.11494036207986
CC(C#C)C1=NON=N1,6.142170920258603
[O-]C(=O)C(NC=[NH2+])C#C,6.34685199118705
CC1=CC2COC2(C)C1,6.853909563281068
CC12CNC1C(O2)C#N,6.716302617292504
CC1OCC2(OC12)C#N,7.550368208436316
CC1CC2=NON=C2O1,5.9047303235568265
CCC12NC1C1(C)OC21,7.944201877914372
CC1C2C3C=CC1(O)C23,6.300394471905257
CC1(CNC1=[NH2+])C([O-])=O,6.599293017433157
CC1=CC2(CO)CC1O2,6.511399719822203
C1OC23CC4C(C2)OC134,7.693654800582488
Cc1coc(n1)C2CC2,6.275197018461192
CCCOCC(=O)C#N,5.26642004157214
Cc1ccc(=O)oc1C,4.902076182255948
OC1C2[NH2+]C1C2C([O-])=O,7.079849720900082
CC1(C)CC2NC12C=O,5.795832161969118
CCCC(=O)C1CCC1,6.171002110928226
CCC1C(C)COC1=O,7.522768561816614
OCC1C2CC2CC1O,8.466888027034704
c1ccc2c(c1)CCO2,5.6405802722773215
N=C1OC=CN=C1C=O,4.312855941417054
CC1COC(=N1)N1CC1,7.0502607821403025
N=C1OC=CC=NC1=N,4.471732060984667
CC(O)(C#N)C1COC1,7.562819663841969
CCC(=O)NCC1CC1,7.527922727011907
CC1CC=C2CC=CC12,6.127401599494245
N#CC1CCCC1C#N,8.512886205133555
O=C[C-]1[NH2+]CC=CC1=O,4.757853908727258
CC12CC1(NC=N2)C#N,6.457262545452807
CC(=O)C1C2CC1CC2,6.278275213395709
CC1CC(=O)C(=N)N1C,4.696535743851793
Cc1cc(c([nH]1)OC)N,6.051775663957104
CCC1OC11CNC1=O,6.930126252962964
CC(=O)CC1OCC1O,6.127116515443129
CC1CC2(O)CC12C#C,7.531138328096761
NC(=[NH2+])C1=COC(=N)[N-]1,4.639281298571328
CCC(=O)C(=O)C(=O)C,4.0046809419022384
Cc1cn(cc1N)C=O,5.08271797923898
CC(O)C12CC(O1)C=C2,6.568386346364744
OC1CN2CC3(CO3)C12,8.035425561551865
CC1(O)C2OC2C1CO,8.604381544380164
NC(=O)C1CC(C1)=NO,6.594932705376823
CC1OCC(C=O)=C1C,5.176019201376189
CN(CC(=O)OC)C=O,6.728596550274915
CC1CC(=O)C(O)C1O,5.974798609201683
COc1cc(c([nH]1)O)O,6.124859903406911
O=C1COC2CC1C2,5.795025519519977
C1CN(C(=O)N1)CC=O,5.80673039101717
O=C1CCC2OCC=C12,5.124878884410263
COC1(CC=O)CC1O,6.023267822906073
CC1(C)C2C(CN12)C=O,5.695358152052351
CCCC(CC)CC#C,8.660525130028208
CC12OC3CC1CC3O2,8.842059516547643
CC#CCN=C(C=O)N,4.68302363607922
COC=NCC1CC1,7.302705471848016
C1CCC(=CC1)CC#N,6.832552714224594
O=CC12CC3N=CN1C23,5.465549231768324
OC1CC[NH2+]C1C([O-])=O,7.191628214352102
O=C1C2CC3CN1C23,6.519735618464921
CC1CC2CC(=O)C12,5.957402106065094
CCC1C(C)C2CC12C,8.935557868699624
O=C1CC23COC2CC13,5.804483879037221
O=CC1OC2(CC12)C#C,5.717832850418084
OC1C2CC3(O)C2CC13,8.6406833646062
C1OC11COC11CCC1,8.378498956015022
CC1C2CC2N1C=O,6.948343109400868
CCC1C=CC2(C)NC12,6.591283673839323
C1CC1CCC(=O)C#N,5.687803642089767
C1C2OC3=NOC=C3C12,6.012393053934623
N=C1CCC(O1)C1CC1,7.743706949930299
C1CCOC(OC1)C=O,6.089768806833285
CC(C)(C(=O)C1CC1)O,6.053589875594073
O=CC12C3CC1COC23,5.9783273661210865
CCC1CC(OC)C1O,8.511064888189267
OCC12CC3OCC1C23,8.355599858494559
CC1CC2(CCC2C)O1,8.517298117955516
CC1C(=O)C2OC2C1=O,4.915302652038351
CCC(C1CO1)N1CC1,8.594292525433803
COC1CCC11CC1,8.758465635516453
CN1CC1C1=NOC=N1,5.960059381758207
N=COC1C2CCC12,7.610704637735582
C1CC2OC2C=CCO1,6.774203645944942
CC1OC1C1CN=CO1,7.314650673333336
CC1C(CO)CC2CN12,8.037257408239364
CCc1cc(oc1)C#N,5.8552758892859575
CCN(C)C(=O)C#C,6.093501060899177
CC1C(C)C2=CC=CN12,6.5503795377556795
CC12CCC3C1OC23,8.75856068463532
C1CC12COC(=O)C2=O,4.866444778907967
CC1COC2CC=CC12,6.965806679097649
C1C2C3OC4C3N2CC14,7.839051436810207
OC1C=CC(O)C11CN1,6.397812949995632
N#CC1CC(O1)C1CC1,7.765073319767685
CC1(CO)C2COCC12,8.229947031201355
CC1(N=CN2CC12)C#N,6.478814934859125
NC(=O)CN1CC1C#N,6.776198839747499
OC1C2OC1(C=C2)C#C,6.239035861664772
O=CC1OCC(O1)C#N,5.892103571614598
CC1OC2C(CC12)C#N,7.82001715557478
CC1COC(=O)CCO1,7.196038452988149
CC(O)C(C)(C#N)C#N,8.080178857630578
CC1=C(C)C(CC1)C=O,5.834219396260197
C1CC11C2OC1C21CC1,8.21148094260989
CCC1(CO)COC1C,8.337068620115748
O=C1NC2C1CCC2=O,5.861018864647729
CC1C2NC1(C#N)C2C,7.100983559563303
CC1CC2NC2C1O,8.312151755639023
c1cc([nH]c1N2CC2)O,6.188688420492474
[NH3+]CC(O)[C-](C#N)C#N,6.62955885228334
C1C2CC3CCC(O3)C12,8.44948714431521
[O-]C(=O)C1[NH2+]C2CC1C2,7.227507128137859
CCc1cc(c[nH]1)C#N,5.9102347298229425
N=C1OCC2OC12C#C,6.944031564485959
c1c2c([nH]n1)N=COC2,5.650758963849068
CCCC1(O)CCC1O,8.50591645992906
COC12CN3CC1C23,8.026950371204993
CCN=c1cnonc1,4.818053862563911
CC1(C)NC1C(=O)C#C,5.257910076160169
ON=C1C2CCC1CC2,6.7092953894844305
C#CC1CCC2CC2O1,7.821956416392589
OC1C(O)C(C#C)C1O,7.3394954350887165
CC12CC1OC(=O)N2,8.189252536798099
OCC12CC(CC1)O2,8.527910861190591
CN1C2CC1C(=O)C2,5.595996041866924
OC1CNC11COC1=O,6.770000751965577
CC1CN2C=CC=C2C1,6.506908758778531
N#CC12CCNC1CO2,6.921469722102927
Cc1cc(cnc1O)N,5.220761789302529
COC(C)(C=O)C1CN1,5.826005006754829
OC(C#C)C1CCOC1,7.7343891947451
CC(C#N)(C#N)C1CO1,7.851438791388044
CC(OCC#N)C1CC1,8.025780165122898
CCC12CC1C(C)C2O,8.502431478099151
CC1(OCC11CO1)C#N,7.413402921307103
CC1OC2C(O)C2(C)O1,8.256108388666792
O=CCCC1CN1C=O,5.9066582753788275
[NH3+]CCC1=NOC=C1[O-],5.605122933705045
CCC12COC(CO1)C2,8.664905674943268
CC1=CCNC(=N)C1=O,4.315262004906648
CC1(COC1)C(=O)NC,7.236885191707186
CC1CC2OCC1C2=O,5.7302362178698765
c1c2c(n[nH]1)CCCC2,6.801038560957916
N#CC1CC2(CO2)CO1,7.930665763257186
N=C1OC2C(C3CO3)C12,7.13785978943705
[NH3+]C12CC(C1)(C2)C([O-])=O,7.229258534629285
NC1(C#C)C2OC(=N)C12,6.8426894063243475
CC1C2C3CN2C13C#C,6.906071491653593
CC(O)(C#N)C(O)C#C,7.580633624383429
O=C1CC2NC1C2C#C,5.772210152844474
CC#CC1CC2OC12C,7.667504452113839
COC1C(=O)C2CC12C,5.88009850319302
CC1C2(CO2)CC1(C)O,8.656773935090202
OC12CC(OC1)C2C#C,7.4805745634231275
CC1OC1C1=CON=C1,6.480368630059987
OC1(CC1)C#CC1CN1,7.076300467450136
CC(=O)C1(CC1)OC=N,5.91741689200766
CC1C2C(O)C=CC12O,6.383429057157722
CC1C2C3C2C2(C)C3N12,8.209263694641583
CC1OC=NC2CC1C2,7.228897822044475
N#CCC(C#N)C1CN1,7.43386042476201
OC1CN2C=CC(O)=C12,6.115027659766033
CC(C#C)C1=NON=C1,6.6290966211324704
O=CCC1CCN2CC12,5.824512833614339
CC1(CCOCO1)C#C,7.784348299911593
COCC(C#N)(C#N)N,7.336709172534136
CN1C2C3OC2C(=O)C13,5.481193330676158
O=C1CCC2CC12C#N,5.931681010071001
CCC1(OC)C(C)C1C,8.578113381478929
Cn1cc(cn1)NC=O,5.844543283384241
CC1CC11OC(=N)C1O,7.4892697368056815
NC(=O)C1OC1C1CC1,7.232495813279543
CC1(CC1)C1CC1CO,8.838901817353964
O=C1OCC2C=CCN12,6.344254292268409
CC1=CC2(C)CC3C1C23,5.845993831671082
OC1CC2C3CC3C12O,8.0318986657725
CC1=C(CCC1)NC=O,6.205619791945177
CCCC(C#N)C1CN1,7.797365860371611
c1c2c(co1)NC=NC2,5.384067976855128
CC(=O)C12NC1CC2O,5.905735569203352
CC1CCC1(O)CC#N,8.275538745910355
CC12CC1(CO)C(=N)O2,7.362385087948496
OC1CC(C2CO2)C1=O,5.855529323476987
ON=C1CC2(CCO2)C1,6.584410499134976
CC1C(O)C1OC1CC1,8.215694053930372
C#CC12COC1C=CC2,6.560281101059556
Cc1cnc(cn1)NC,5.061098630193566
CC(O)C12NC1C1NC21,7.307473363023862
CC12CC3C(C1)C3O2,8.757036876392998
CC1OCCOC(=N)O1,8.159993466049288
C1C2CN1C1=CNC=C21,5.806489736157335
N=COC(=O)NCC#N,7.151660328183081
CCCC12CC3C1CC23,9.265217594856827
CC1CC2C3C(CN23)O1,8.238731798161721
C1COCOCC1=NO,6.691411613069287
CC12CC(O1)C(C)(O)C2,8.449095096118674
OCC12CC1C(C2)C#N,7.884851629935703
CC1C(=O)OC1(C)C,7.674258979473535
C1COC(OC1)CC=O,6.125453704285023
CC1COC2=C1C=NO2,6.145381536024351
N=COC1OCCC=C1,6.57540677465872
C1OC1C12CC1CO2,8.440123613362244
OC(C#C)C(O)C1CC1,7.862675932306326
Cc1ncnn1C(=O)N,5.902694831891412
C(C=O)OC(C#N)C#N,6.173205939115928
C#CC(=O)C1CCCC1,5.498933784334723
OCC#CC1CCOC1,7.500890480858272
N=C1COC(CO1)C#C,7.243554454178052
COC12C3CC1(O)CC23,8.212492721500162
CC1C2C1C1C(O)CC21,8.241969857412775
CC(C)C1CCOC=N1,7.307016005006097
N#CC1C2NCCNC12,7.104473224091411
N#CC12COC1CCO2,7.4128323747883975
C1CC1C1C2COCC12,8.611208655123972
OCC12COC1CN2,8.030459163728784
OC1C2NC(=O)C(=O)C12,4.651741647205894
CC1CC1(C)OC(N)=O,8.382944787272466
COCCNC(=N)C=O,4.759218876431735
CC1=C2CC3C(C1)C23C,5.3425841736926944
CC1CC(=O)OC11CC1,7.4957180910149095
CC1(CC#CC#N)CN1,6.521581132303277
CC1NC(C#N)C11CO1,7.3778967000880415
c1c[nH]cc(c1=NO)O,4.534327487400865
CC1CC1([NH3+])CC([O-])=O,7.2791726394887455
C(C1CN1)C1=CNC=N1,6.730109908374297
CC1(O)C(O)CCC1=O,5.924977400079421
CCC(O)CN=COC,7.232688926935687
CC1CC2=C(N1)OC=N2,5.932049633017334
CC(C)C12CC3C1CN23,8.3473592656688
CC12CC=CC1CC2O,6.801509868246006
O=C1OC=NCC2CC12,6.52127826647008
OC1C2(O)C3CC1(O)C23,8.047252510136298
O=C1C2C3C4OC1C4N23,5.65950027288889
CC1C2C1C(O)C2O,8.239075682142282
CC12CNC1(C)C(=O)O2,6.74329995473018
C1C2C3CCCOC1C23,8.48229191283141
CC1CC(C)C2(CC2)C1,9.18499751704682
CN=C1OC(C)OC1=N,6.116222383015021
CC12OC=NC1C2CO,6.916703474798396
CC1(CC2CC1C2)C=O,6.148230313814806
CC1(O)CC11OCC1=O,5.800122538537321
CCNC1(COC1)C=O,5.502267328476025
C1C2CCOC3CC3C12,8.468641041739321
CC1C2C3C=C(C)C1N23,5.7248239383448425
CC1CC2(CN2)C(C)=C1,6.690985896688886
CCN=C(C#N)OCC,6.295441316454555
O=C1NC2CC1C1NC21,6.9772482224305925
CCC12CC(C1)C(C)C2,9.611749772596427
c1nc(c2n1CCO2)N,6.170643573220592
O=COC1CC(C1)C=O,6.063982217776322
CC1=C(C)C(=N)OC1,6.151322122199064
O=CCC1C2CC1O2,5.895020299354162
CC1CC23CC4C2C1C34,9.133559955438574
c1c(nc([nH]1)CO)C=O,5.096312454075811
CC12OC3C4C(OC13)C24,7.961833571849803
COC1(CO)C(C)C1O,8.16074739334578
O=C1CCOC2COC12,5.6533163847317685
C1COCC2(CO1)CO2,8.905433285889638
CC1C=CC(O)C1=NO,6.1478174606195335
CC1(CO)OC1(C)C#C,7.670870311663528
CC12CCC(C1)OC=N2,7.264077743967135
OC1CCC(C=O)=CC1,5.234578559338997
CC1(C)CC2OC2C1,9.239571036432196
CC1C2CC3(COC3)C12,8.580292349858315
CC1C2CC(C2O)C1=O,6.122240471231681
CCCCC1CC2CC12,9.206351349884459
CC1CC1OCCC=O,6.13940703247253
COC1C2CC2C1C=O,5.9612841237494365
OC12CC3(NC1C23)C=O,5.779398072743033
C1CC(C1)C(=O)CC#N,6.158418017678296
COCC(C)(CO)C#N,7.978199273539641
CC#CC1C2CC1(C)C2,7.998349189391647
CCNC(C=O)C#CC,5.648418488477015
CCC1(C#C)C(O)C1O,7.5268070719713425
COC12CN(C)C1C2C,7.751670888923487
N#CCN1C2CCCC12,7.141765130168347
CN1C(=N)CN=C1C#C,5.487970340375184
COC=NC(C)C#CC,7.259950181844392
c1c2c(no1)C=CCO2,5.125786308130568
C1COCC12CC(=O)C2,5.930749702453662
OC1C(=O)C2CN2C1=O,4.9496379719535
CN(C)C(=O)NCC#N,7.427447294176459
CC#CC(=NO)C(C)O,5.798842783238403
COCc1cc(oc1)N,6.031350783382378
O=C1CC23CC(C2)C3O1,7.393530165031113
CC1OC2COC=NC12,7.10994923052553
CCCN1C2C3NC2C13,7.790462001850401
C1CC1CCOC=O,7.628418080198245
CN1N=NC(C)=CC1=O,4.832615001615656
CCC#CCC(O)C=O,5.967566163954392
CC1CC(C1)C(=O)CO,6.0996986946879
NC1C(OC1=N)C1CN1,7.197664569095221
CC1=CC2(O)CC1C2=O,6.073174614228568
ON=C1C2CC(O)C1N2,6.544106843407073
O=CC1=CC2COC1C2,5.043660192683559
CC1C(C)N1CC(C)=O,5.853792966428114
OC12CC1(O)C(C2)C=O,5.911623000548067
NC(C#C)C(CO)C#N,7.590651038829811
OC12CN3C4CC(C14)C23,8.050850209582594
OCC1CCOC1C#N,7.678591376224151
CC1CC1CC(O)C#C,7.916081424646061
OC1C=CCC11CCC1,6.909247914851089
CC1CCC=C1C1CO1,6.677455996739645
OC1CNC2=C1N=CN2,5.888997265097165
c1[nH]c(c(n1)O)N2CC2,6.184136577804234
CC1NC1(C)C1CO1,8.741751103619642
Cc1[nH]c(cn1)OC=O,6.0586934389040525
CC1(C)C(O)C=CC1O,6.965698962937416
COC1C2NC2CC1=O,5.655986767695598
C1C2C1C13COC1C2C3,8.630093533091962
CC12C3CC1N3C2C=O,5.546285404304989
OC12CC1C1NC21C#N,6.80924013227315
CC1N2CC1(C)OCC2,7.9328761154406315
CCC1=NC(C)C(=O)N1,6.2639490289187005
CCCCC1OCC=C1,6.8998235297953485
CC(=O)C1CC2CCC12,6.083575737970142
CCC(=O)C1COC1C,6.000700914752981
O=CC(CC1CN1)C#N,5.871665643738408
OC1C2CC1C2CC#N,8.29469577739669
C#CC12CN1C1CCC21,6.974198760364273
Cc1cnoc1C2CC2,6.409690034713309
CC1CC2OC12CCO,8.767865524291025
CCC12C(C)C3C1CN23,8.340236774428353
CCC1=C(C)CCC1C,6.8385612459838665
OC12CC1N(C=N)C2=O,6.080065897601353
OCC1(O)C2C3CC1N23,7.991388469434391
N#CC12C3NCC1OC23,6.790066029017519
CC1CC(C)(O)C(=O)N1,7.288803584576169
CC12NC1C(O)C1OC21,8.064294477727291
CC12COC1C2(C)C=O,5.926224741118073
C1C(CO1)OCC(=O)N,7.253507164763432
OC12CC1C1C2N1C=O,6.6056318350748695
CC1(O)C2N3CC3C12O,7.521431334827419
C1CC1C2CC(=O)C2,6.102053348268064
O=C1OCC2(CN2)C1=O,4.7098417310035305
NC(C#N)C1C2CC1C2,8.07618144917375
CN1C2CC(O)C12C#N,7.0208711575647955
CCC1(C)OC2C(C)C12,8.366263818177893
C1COC(=N1)CN2CC2,6.9418947971851015
CCC(C)(C)C1(CC1)O,8.661241576647654
CCCC12OC1C1CC21,8.387544140803474
CC1C(O)C(C#C)C1O,7.764647174425363
OC12CC1C1(CO1)CC2,8.648790636511608
CC1C2N1C(=O)OC2=N,6.8487201361369525
CC1OC2C1CCC2=O,5.737761736798165
CC1C2COC2C1C=O,5.790217781030666
CC12C3CCC1CCC23,9.06067509684772
CC(=O)C1CC(O)C1,6.208155332044476
CC12CC(=O)C1C1CC21,5.808595507089227
CC12OC3(C)CC1C23C,8.373544486017995
CN1C2C3CC(C3)C12C,8.24075554585513
Cc1c(non1)N(C)C,5.869938507029711
CC1OC2C1CC2=NO,6.535650370627131
CCC#Cc1c[nH]cn1,6.0734317752211116
CC1N2CC1(C2)C1CO1,8.373886620850103
CC(=N)OCCC=O,6.17336416823818
C#CC1OCC2COC12,7.470788393502678
O=C1CCC2CC(C2)O1,7.424514794292996
CN=C1NCC1(O)C=O,5.278322955356655
OC1C=CC2CC=CC12,6.364118143891151
CN1C2CC(C)(CO)C12,7.7578626897780865
Cc1c(c[nH]c1CO)O,6.113555686847178
C1CC23CC(CC=C2)C13,6.726284962890224
C1CC1C(C=O)C=O,5.639586836705399
OCC1=CNC(=N)C=N1,4.7790528529882605
CC1CC2CC12C=O,6.028531794761895
CC1C(C#C)C1C1CO1,7.852737187597348
CC1=C2CCC2OC1=O,6.053719991167495
NC(=O)C1CC(C1)C=O,5.852061152666242
O=C1OCC2C1C1CN21,6.768287168165431
CC1(COC1)N(C)C=O,7.193004719820036
CC(O)C1CN=C(C)O1,7.385956953591107
O=CN1C2CC3(CC3)C12,6.758143125647568
CN1CCOC(CO)C1,8.148155642536524
ON=C1C2OC2C11CO1,6.523996755632315
NC(=[NH2+])[C-]1N=COC1=O,4.741000026091581
CC(O)C1=COC=N1,6.670684001312326
C1C23CCOC12COC3,8.25563519831152
CC12CN3C(C13)C21CO1,8.52608190087883
CC1CC2CC3C2OC13,8.635935192470471
Cc1[nH]cc(c(=O)n1)N,4.972532750499395
CC(CC1CCO1)C=O,6.073567777328833
C(C1CO1)N1C=CC=C1,6.485626966965691
OC1(CCC=C1)C1CN1,6.825086729374547
N=COCC(C#C)C#N,7.25588119310714
CCC(C1CC1)C(N)=O,7.525023620356094
CC1=C([O-])OC(C[NH3+])=C1,5.1291206305083445
C(C1CO1)C12CCC1N2,8.659086623826232
CN=CN1C2CC1C2=O,5.671602717209714
CC1CC2CC1(C2)C=O,6.134798626624734
Cc1nc(no1)C(C)C,7.032221876773881
CCOC1(COC1)CO,8.552096379593982
Cc1c(c(n[nH]1)O)C=O,4.933361677772927
O=C1CCC2NC2CN1,7.202207132980831
CC(CC#C)C1(C)CO1,8.377925820807159
CC1CC2CC2C1(C)O,8.693224410567389
ON=C1C2CC2OC1=O,5.609691514427678
CC#CC1=NCC(C)O1,6.020241208293281
CC(=O)C(=O)OC1CC1,4.88264388993507
N=C1NC2C3OC12C=C3,5.619357882336373
CC1(O)C(O)C1CCO,8.263065641998276
N=C1OCC2CC2C=C1,5.973491994305325
CCC12CC3CC1(O)C23,8.245123117090255
C(N=C1CCO1)C1CN1,7.128262435412477
CC12OC3=NCC1C23O,6.274990154073828
CN(C)C(=O)COC=O,6.876904994033275
CC1CN1C(=O)C1CN1,6.685899361684385
CC(O)C1=CC=NO1,6.716479859899032
CC12CC1(C)C(C2)C=O,5.965164766639214
OC(CCCC#N)C#C,7.925077132406116
CC12CCC(O)C1C2O,8.311554674178522
CCC1CC=CC=CC1,6.378555485252143
OC1(C=O)C2C3CN3C12,5.710173636740276
CC1C2C1C1(C)CC2C1,9.277002053828895
CCC1OC(=NC)C1O,7.317122532873834
CC1OC2CC2(O)C1C,8.25667025982169
COC12CC3(C)C1OC23,8.194453696654055
CC(=O)CCCNC=O,6.057639357829
CC12OC1C1CC2C1=O,6.1650066425344585
CC12CC(C1)C1(CC1)O2,8.686409829664177
CCOC1CC2C(C)C12,8.640106394615461
CC1C=CC(=O)C1C#C,5.107861432983453
CCC1CC(C=C1)C#C,7.061499918426739
O=CC1C2CC1C1OC21,6.124041297586119
C[NH+]1CCC1C([O-])=O,6.922282781120266
O=CC(=O)NCC1CO1,4.902968400340264
CC1=C2CC3OC(C1)C23,6.1654658592487115
CC(=O)CC(=O)CC#N,5.448751416245896
CC1=C(O)N=COC1=N,4.723123145638722
CC1CCC(O)C1C=O,6.109929936862612
CCC(O)CC1CCC1,8.978578384044312
N=C1CC2(CCO2)CO1,7.560832086971208
CC1C2CC=CCC1O2,6.982688835444076
OCC12CC1C1COC21,8.198643853147672
CCCc1cc(n[nH]1)C,6.967523695852856
NC1=NCC2COC1O2,6.857287851173482
C#CC(=NO)CC1CC1,5.902747070600078
CN=C1CC2(CC2C)O1,7.335157135303475
CCc1c(onn1)C,6.425365635628577
CC(C)(C#C)C(O)C#N,7.774422530059714
O=CCC(C#C)C1CN1,6.057246545957775
N=C1OC2CC1C2C#C,7.31489098488841
CC1OC1(C#N)C1CO1,7.644112368602613
CCOC1(C)C2CC1C2,9.039386155415107
CC1C(NC1=O)C(N)=O,6.741659284630682
C1CC(=O)CCOC1,6.111376311365487
C1COC(=N1)C#CCO,5.978159747043502
CCC1N2CC3C2C13C,8.16018530734229
OCC#CC12CN1CC2,7.008202527657119
CC1=CC=CCC(=O)C1,5.513189153050335
CCC(O)C1CC1C=O,6.147075847326201
COC=NC12CN(C1)C2,6.978310509037563
OCC12CC1CCC2,8.827724898323073
CC12OC1C1OCOC21,8.147564046567823
CC1=CN(C=O)C(=N)O1,5.0646962575893655
CC(=O)C(C#C)C(N)=O,5.539281578582861
Cc1cnn2c1CC=C2,5.441187999629242
CC1COC1C1(C)CN1,8.351015389408108
C1CC1CN=CNC=O,6.219646471237095
CC1C2CCC12C(N)=O,7.259157002564439
CC1COC(=O)C1(C)C,7.539527709189162
C1CC23CC4C(C12)N4C3,8.459907700806948
CCC(=NO)CC#CC,6.615311001166826
C#CC(=O)CCCCO,5.440453278386412
CC1CC11CC(O)C1=O,5.89577358095789
CNC1=C(N=NO1)C#C,4.883985446767653
COC(C)(C)C1CCO1,8.661831688171143
NC(C#N)C1(O)CC1O,7.2628279021616216
OCC12CCC1C2C#C,7.7786571932535
COCC12CN1C(=O)C2,6.9827870413183675
C1OCC2OC1C1OC21,8.48837464039386
O=CNC(CC#C)C#N,7.055504786205823
CC1C2CCOC(=O)N12,7.711485825093028
O=CC1COC(C1)C=O,5.626524476198
CN1CC11C=CNC1=O,5.404266615103083
C1CC2CC1COCO2,8.908857536386448
O=C1CC2NC2CN1,7.265105214625807
COC(=O)C(C)(N)C#C,6.8173012497977075
CC1C=CC2OCC12C,6.756091061440863
OC1(CCOC1)C1CN1,8.261887386542506
COC(=O)c1[nH]ccn1,5.888449067961256
CCOC1CC2OC2C1,8.980626444654469
OC1COC2CCC12O,8.15016606644572
CC1CC(CO)OC1C,8.593165041695691
OC12CC3C(C1)C3CC2,8.958801892718633
CCCC1(CO)OC1C,9.00854927622431
CC1(C#N)C(O)C1O,7.559202737339644
CC1=CCC2(C)OCC12,6.807227061309775
OC1COC2=CON=C12,5.968376849995054
CC1C2CC(O)CCN12,7.9464239902365446
CC#CCC12CCC1N2,7.630373298032138
OCC1CC2CC(O)C12,8.588377804317336
CN=C1OC2(CC12)C#N,6.601033349446976
N=C1OCC1C1CCO1,7.58250580374703
OC1C2OC3COC3C12,8.094236397681259
OC1CN2CC3NC3C12,7.709151810259439
CC(C1CO1)C1(O)CC1,8.848657876890027
O=CCC12CC3C1OC23,5.887112396412077
C1CC2CC3OC(C2)C13,8.657686909775592
O=C1CC(NC=C1)C#N,5.172891895543341
CC1(O)CCOCC1=O,5.7585723107114735
COCc1c(c[nH]n1)N,6.113633112281432
C1CC1OCCCC=O,6.164358590685835
CC1(C)C2CC1C2(C)O,8.823571202255145
CC1(CC#N)CCOC1,7.976997366058099
CC(=O)C1CC(CO)C1,6.191714474881012
N=C1OCCCC2OC12,7.404426830627985
N#CC1CC2CC2CO1,7.947895930746917
CCC(C)(C#N)C(C)=O,6.26734027840199
CC1CC2(C)CC3C1C23,8.991701256097748
CCC1C=CC(C)C1O,7.095158910247044
CC1N=COCC1(C)O,7.259124466135917
NC1(C=CCC1O)C#N,6.456568596282076
CCOCC(CC)C#N,8.212180882458433
CN=C1OCC1C(C)C,7.48293954908857
COC(C)(C#N)C#CC,7.0082177248291
CC1C2CCC2NC1=O,7.329277849272757
COc1c(cco1)N,6.032819511644719
C1C2OC2C2=C1NC=N2,6.291031693044549
CC1OC11C2C3CC1C23,8.862298539771666
CN(CC#N)C1COC1,6.822158639742676
NC12CC(OC1)C2C#N,7.499466316132125
CC12CC(C1)C=C2CO,6.539851348892308
CN=C(NCC#N)OC,6.96221451690182
COC1C(O)CC11CC1,8.37335672919368
CC12CN1C1CC2(C)C1,8.528902142647457
O=CC1C2C3N=CN1C23,5.436383022244403
OC12C3CN(C13)C21CC1,7.840314090372426
CC1CC11CC2CN2C1,8.309868245066088
CC1(CC1)N(C=N)C=O,6.193720526568414
OC12C3CC1OC23C=O,5.738193866867784
CC1C=CCCC1(C)C,7.203913282454421
C1C2C3COC1CN23,8.317854247524659
CCC1OC1C1CC1O,8.745291140710622
CC(CO)(CO)C1CC1,8.714625148041923
CC(O)COC(=N)C#C,6.861279562333507
CCC1OC1(C=O)C#N,5.867580990523805
CC1(O)CC2(O)CC12,8.33958961189805
OCC1(CN1)C(=O)C#N,5.328636446858923
COC(C)(C#N)C(N)=N,6.819697665270818
CN1CCc2c1[nH]cc2,6.062055041699378
CC(CC(C)=NO)C#C,6.987468977504884
CC1CC2CC2C(C)=C1,6.82583205728674
COC1CC11CC2CC12,8.655877962061654
CCCCC1=CCCC1,6.915811325545958
c1c(c(c([nH]1)O)N)CO,5.938251144215834
COC(=O)C(C)C#N,7.441429691614875
OC1C2OC3C(O)C1C23,7.888762773956271
CC(C)(C)C1(CCC1)O,8.61243878699183
O=C1CC2CC3OCC123,5.727875900517983
O=C1CC2(O1)C1CC2O1,7.1777645158325845
CC12CCC1COC2=N,7.744714019968146
CC(O)C12COCC1O2,8.693454101221244
CC12CC(C1)(CC2)C=O,6.115479996639331
C1C2C1N1CC3OC2C13,7.856286836010356
CC(C1CN1)C(C)=O,6.141638329211854
CCc1cocnc1=O,5.040049776341675
CC1(CO)CCC=C1,7.186228433532873
O=CC12NC1CC21CO1,5.859343978634142
COC(CO)C#CC=O,5.508134290900635
O=C1OC2CC1CC=C2,6.527028530433837
CC1C2OC1(C=O)C2C,5.645259339535805
OCC12CCC1(CO)N2,8.107842179790811
O=CCC1OC1C1CN1,6.0257969284938895
Cc1c(c(no1)N)C=O,4.78348337972933
CCC(O)COCC#N,7.877809693210403
CC12CC3C1C2(O)C3=O,6.493546839429131
CC1(C)NCC(O)C1=O,5.717759437472951
CCC(=N)NC(=O)C=O,4.655776472275532
C1CC11C2C3CC1CC23,8.997457192976253
CC1(C#C)C2OC(=N)C12,7.060420011462706
CC1CC=CC(C1)C#C,7.107731160002596
CCCC12CC=CC1O2,6.737003161481889
CN1CC11CC(C)(O)C1,8.046889740290228
CCC(CO)N(C)C=O,7.305263093168616
CCc1c(ocn1)N,5.9989913745100125
Cc1c[nH]nc1C2CC2,6.674486677758465
N=COCC1COC1=N,7.282034598645181
CC1OCC23CC(O2)C13,8.395395217194377
CCc1ccoc1CO,6.2887900241862615
CN=C1ON=CC(N)=N1,4.624040348323188
C1NC11C2C3N2CC=C13,4.673779922650428
COC(=O)C1CC(C)C1,7.520800617262273
CC(O)C1=CC=C(N)O1,5.926360522029357
C1CN1c2c(nn[nH]2)O,6.139330631051184
COCCc1ccno1,6.781029574580473
OC1(C#N)C2NC1C2=O,6.23699268201778
CC1(CC([O-])=O)C[NH2+]1,7.373113891419067
COCCC1CC1C#N,8.115220266296477
ON=C1C=CC2CC12,5.535066278063148
O=C1NC2CC2C2CN12,7.382542847090615
O=CC1=CC2C3CN2C13,4.927790249451377
Cc1ccn(c1)C=O,5.239880236096424
CC1COC(CO1)C#C,7.567008197600856
Cc1c(nc([nH]1)OC)C,6.561362484936305
CC#CC(C)(O)C=O,5.783207238892871
CCC(=O)C12CN1CC2,5.68016415814528
CCC1C2CC2C1CO,8.864935659273199
CC1C2COC(O2)C1O,8.603412875648496
CC1CC2(C)CC1C2O,8.791601045681855
OC12CC3C4CN(C14)C23,8.039037858807202
c1c(cnc(n1)C=O)N,4.222213087788938
c1cnoc1CC2CC2,6.670223843979678
OCC12C3CC1(O)CC23,8.293264669417084
Cc1c(nn(n1)C)C#C,5.890037193137051
COC12CN3C1CC23C,8.082725548734608
N=C1OCC=C1CC=O,5.481403893163461
CC1CC2C1=CCC2=O,5.7435901846929065
CC(C)(C#N)C(=O)C=O,4.1250479427519124
CC12CC(O)(C1)CC2=O,6.240669385565711
C1C2C3C4C5C(C2N15)N34,7.3316120806803795
CC12COC1C=CC2O,6.67163610715116
OC1=CNC=C1OC=N,5.430767144215693
Cc1coc2c1CC=C2,5.2200371900530245
OC1=C(OC=N1)C1CO1,6.1049172106092815
CCCC1NC1CC#N,7.774917449336811
NC1=NC2C(O)C2CO1,6.983379654323974
CC[NH+](C)CCC([O-])=O,6.961232172674266
CC1OC1C(=O)N1CC1,6.735264951469286
CC1OC1C1CCCC1,9.24976843352458
CC12CC(=O)C1C2CO,6.12084198370612
CC12CC1(COC2)C#N,7.619110768491812
CC1OCOC1C(N)=O,7.2726293288175246
CCC1=NCC(C)O1,7.336809089571012
CCC1NCC(=O)C=C1,5.096321453344773
CC1C2CN2C1CC=O,5.83198623533317
OCCCC12CC1CO2,8.321809439440154
C#Cc1cc([nH]c1O)N,5.372902711341329
OC12CCOC1C2C=O,5.857114131071359
O=C1CC2(N1)C1CC2C1,7.38546136884175
CC1CC1N1C=CN=C1,6.673688995636128
CC1(C)C2COC1C2O,8.19942660473929
OC1CC23CC(C2)CC13,8.911530225641755
CC(C)C12CC(O)(C1)C2,8.879339944527713
COC1COC1(C)C=O,5.744499202590502
CC1=CC2NC2(C1)C#N,6.138342478180109
CC1C(O)C=CC2CN12,6.473623888856851
CC(C)(C#CC=O)O,5.531031906147581
CC(=O)C1(CC1)OC,6.039226227819581
C1C2CC1N=COCO2,7.08477560097967
CC1C(C)C1(C)CC#C,8.23314731420664
COCC1CC2C(C)N12,8.151340383669998
O=CC12CC(CO1)CO2,5.925561915909652
O=CC12CC1C(=O)NC2,5.875698894012672
O=C1CC(N=CN1)C#C,6.23442724450564
CC12CC(CO1)C=CC2,6.958122071210167
O=COC1C2CC(=O)C12,5.894469537909468
CC#CC(O)CN1CC1,7.245015818301849
CC1OCC11CC2OC12,8.546794800740244
O=C1C2CC1(CC#N)O2,6.20325754993377
CC1(C)CC2C(C=O)N12,5.699258271011217
CC1C2N3CC2(CO)C13,7.984246222250194
CC(CC#C)C(=O)C=O,4.2453891977504306
CCCOC(C=O)C#C,5.882050167556005
C1C2CC3CCC3=CC12,6.644533361475061
COC1C(O)CC11CN1,8.198948323896134
OC12CCC(OC1)C=C2,6.776103449922302
CC1CC=CC(=O)N1,5.7451709833811835
CC1OC1C(=O)CC=O,5.531378644964345
CCC1COCC11CO1,8.862178159253011
CC1=C(C)C(CO)CC1,6.8765581385275265
C#CCC#CC1COC1,7.296410314197966
CCN1CC(C=O)C1=O,5.706176186917695
OC12CC=C3CCC1C23,6.023535822612684
CC1CC2OC2C1O,8.919770315641804
O=C1CCOC2CC12,5.9857194790577495
CC1OCC2OC3C2C13,8.252153626166777
C#CCc1c(onn1)N,5.521750656761691
CCCC(OC)C#C,8.030779388880758
CCN=c1[nH]cc(o1)N,5.847518884633518
CC1=CC(=O)OC2CC12,6.011926583109968
CC1=CC2(CC1N2)C=O,5.499793642799024
[NH3+]CC1=C([O-])C(O)=CO1,4.841469428773646
CC(O)CCNCC#N,7.460916086108577
CCN=COCCC#N,7.384461870272393
O=C1C2CCC1OCC2,5.692865308326905
CC(=O)C1(C)CCC1O,6.067203614140059
C1CC23OC=NC2C3O1,6.8319709108637525
O=C1CC(CCC#C)O1,7.556546069518755
OCC12C3C1N1C3CC21,7.940907887198097
C1OC2OCC1C=C2,6.85265687706258
CC12CC3C(N13)C2=O,6.297645584674626
O=CC1OC2CC1C=C2,5.872896764433747
CC1C(O)C=CC11CC1,6.665192401050149
CC12CCC3CC1(O)C23,8.397553353962671
O=CC1CC=CC2NC12,5.945296712372691
CCC1OCC1(C)OC,8.607761243171558
OC1=C2CCN2C(=N)O1,5.8723242196234615
CNc1cccc(c1)N,5.352478664473825
CN1C2C(O)C1C2C=O,5.275306819188161
C1C2COC3CC2C13,8.764280003801312
CN1CC(NC=O)C1=O,6.764791985235417
CC(C)C(C)(CO)C#N,8.456584442206392
CC1COC(=O)C=C1,6.341743572598504
OCC12C3C4NC1C4N23,7.651418690923451
CCC1CCC(=O)C1,6.114918855928277
CNc1cc(c[nH]1)C#N,5.512665521011553
COC12CC1NC2C#C,7.056782958180949
CN1C2CC(CCO)C12,7.875918932877546
C1CN1C1=NCC2NC12,6.157278656563344
NC=[NH+]CC(=N[O-])C#N,5.036196475779295
CC12CC(C1)CC2(C)O,8.933422610962896
OC1C2CC1N=COC2,7.122912108560127
CC#CC(=O)N(C)C=O,5.502833483731986
C#CC12CCCC1CO2,7.521299058168024
c1c[nH]c2c1NCCN2,5.95942599890201
Cc1c(c(co1)N)C#N,5.493151001040337
OC12C3C1C1CC2CC31,8.521961638827126
CC1C2C3C4OC4C2N13,8.239247152952428
CCC(C)(CC#C)OC,8.234502671773038
Cc1ccnn1C(C)C,6.970230139370734
CC(OC=N)(C=O)C=O,5.40152324194899
CC1OC2C(C)OC12,8.386338840584775
CC(C=O)C(C#C)C#C,6.017806622499112
CCc1ccc(o1)C#C,5.673449498623853
CC1C2CC3CC2C13O,8.829189094271578
CC(O)(C#N)C(N)C#N,7.697207820216762
O=C(OCC1CN1)C#N,6.551384158613598
CC1CC2(C)OC2(C)C1,8.92110705303895
C1CCC(=NO)C=CC1,5.8165985655896115
COc1ncc(=O)[nH]n1,5.059591277682603
Cn1c2c(cn1)CCN2,6.015439150624518
CC1(CO)CCC1=NO,6.661100737544991
CC(C)(C)OC(=O)CN,7.322611744514592
OC12C3NC3C1NC2=O,6.657724250009032
N#CC1C2NCC3C2N13,7.059164860277855
O=C1OC23CC12CC=C3,5.9512736947384
CCC12CCC1OC2=O,7.498406702400963
CC1COC(C)C11CO1,8.868113833949252
CC(C)C(C#N)C(C)=O,6.333558874774754
CC1C2N=CN3C2C13C,6.409143355648591
C(CCO)CNCC#N,7.4423704305188885
CC1NCC1(C#C)C#N,6.96700371546812
O=C(C#N)C1COC=N1,5.486550762677822
[O-]C(=O)CC1=[NH+]CCN1,6.1097916015838045
O1C2C3C=CC4C1C2C34,6.211825387668889
CN1CCCCNC1=O,7.80775471999274
CC(O)C1COC=N1,7.255780343915092
OC1CC1C12CC(C1)C2,8.988254402000026
CC(=NO)C(C=O)C#C,5.563015184099432
CCC1(CC1)C(=O)NC,7.465281137637224
OC1C2CC3N2C13C#N,7.135736570364394
C1C2CN=C3OCOC123,6.802725868734326
[O-]C(=O)C1CC2(C[NH2+]2)C1,7.232995008554226
OC(C#C)C(=N)N1CC1,6.657142578136848
CCC1(NCC1=O)C#N,5.7904459956912895
CC1C(C=O)C1(C)C#C,5.87801115962922
OC1CC(CC1O)C#N,7.962805706751122
CC12C3C1C1C3C3C2N13,7.782664925006047
C1CC23CC4OC2C4C13,8.38712598370186
COC1C2CC(=O)C1N2,5.733852022993297
OCC12C3NC1COC23,7.9540874495703
C(C1OC2CC12)N1CC1,8.316647277900781
CC(=O)OC1(C)CC1O,7.475755226689984
c1c[nH]c2c1c(n[nH]2)O,5.757395004265264
CC1C=CCOC1=N,6.671060374264007
OCCN1C2CC2C1=O,6.8929288276338445
C1COC(O1)C2COC2,8.88298957453437
CC1(CC1)c2cnn[nH]2,6.727002568062899
COC(=O)C1(CC1)C#C,7.114431099821116
CC1(C)OC2CCC1C2,8.596922704172984
CC1OC(C)C2(C)NC12,8.314401614652217
CC12CCC1(CO)CC2,8.878628726151504
C1C2C3CN=COC2C13,7.252572406480681
COCC12CN(C1)C2C,8.247258836397588
CC(=O)C1(COC1)NC,5.657119701464938
CCC1(CC)NC1C#N,7.484367172959088
CC12CCC1NC2C#N,7.011068764444953
OCCC1CC2CN12,8.257458836652821
OC12C=CCC11CC2C1,6.380873842759925
C1CC1CC(=O)CC#N,6.3445381203237465
CC(O)C1OCC11CO1,8.636527606113438
COCC#CC(O)C=O,5.850375388488576
CC1CC23CC12N=CO3,6.617743003943607
CC(=O)CC(=O)C(=N)N,4.695089195945846
CCC1C=CC2C(C)C12,6.713320427078989
CC12CC1COC=NC2,7.145230789155239
CC1CC(C#C)N2CC12,7.37330235206783
O=CC1=CNC2CCC12,5.032262683243671
CC1(CO)CCC11CC1,8.820778307000168
CC1CC=CC(O)C1,7.131738410353562
OC12C3NC1CC(=O)C23,5.970532562593384
NC1(CC1O)C#CC#N,6.387068935587551
CCC(C)(O)C(N)C#N,7.941809894588599
c1c(c(c([nH]1)N)CO)O,5.915925997637494
CCCc1cnoc1N,6.1590150248859
COC1CCNC1C#N,7.1965292593915855
CC1OC=NCC1C=O,5.816989058653752
c1c(cnc(c1N)O)N,5.154395742875138
CCC12NC1CC2C=O,5.909602800736147
C1C2CC34COC23C1C4,7.949024898815095
O=CCOC12CC1OC2,5.899187074532463
OC1C=CC2(O)COC12,6.517924923872742
COC1C2CC(C2)C1O,8.592463037916914
O=COCC1COC=N1,7.028252572750416
CCc1c(con1)N,6.085621024044425
C(C1CO1)C1=NNC=C1,7.063576648182668
CCc1c(cno1)CO,6.5625840881889985
NC1=CC(=N)N=C(O)O1,5.36353279725399
C#CC1OC2C3OC3C12,7.186542318747877
CN1CC1COC(N)=O,7.71711927195959
Cc1c(c[nH]c1CO)N,5.959806543189545
O=C1NCCC11CCO1,6.939898438186665
COC1CC2(C)CC1O2,8.684784178693139
CC12CN1CC(C2)C#N,7.350971126975065
CC1(CO)CCNC1=O,7.33384825488621
NC(C#N)C1CC1CO,7.67809443964722
CC1(CCCOC=N1)C,7.269195826184896
CC(=N)N(C)C(=O)C=O,4.652710668522011
CC1(O)CC11CC2CN12,8.076718428527974
NC(=O)N1C=CCC1=N,5.840317800288419
COC1C([NH3+])C1C([O-])=O,7.063709714687616
C1NC1C1=NCCO1,7.06546954284163
OCCC(C#C)C1CN1,7.83512586354823
OC1C2CCOC1CO2,8.364041566733844
CNc1cc(co1)OC,5.9637292041003604
CCn1c(ccn1)O,6.702339349307393
CC1=CCC(=O)N1C=N,5.339974980508048
C(C1CO1)C1CC=CC1,7.231217402813092
CC1(CC1)COC2CC2,8.827568681241464
C1CC1(C=O)C2(CC2)O,6.115946104525867
OC1CCCC2(CC2)C1,8.843729047619359
C1C(CN1C=O)NC=O,6.712887703048475
C1CC11N=C2NC3C2C13,5.794413073752091
CCC1CC=CC(O)C1,7.0894370607882635
CC1(OCC1O)C1CO1,8.533929919509468
CC1=NC(OC=N)=CO1,5.887186659937129
C1CC11COCC2OC12,8.666574052589386
C1CC23COCC2(C1)N3,8.233287921606445
OCC(=O)N1CC1C=O,5.724559525904141
CCOC(C)CCC=O,6.205181515632578
COCC1OC2(C)CC12,8.379388907345884
CC1=CC2NC2COC1,6.544486472400944
c1cocc1OCCO,6.143504525255377
CC12OC3CC1C2C3,8.641984067226415
C1C=CC2(O1)CC(=O)C2,5.817105252226764
CCCN(C=O)C=O,6.238613713065371
OCC1(C=O)C2CC1O2,5.725770586537278
COC1C2COCC1N2,8.228041421143695
OC1CC(=O)CC2CC12,6.1269975308129565
O=CC12CC3C(C1)C3C2,6.156187622655802
O=C1C2C=CC1C21CC1,5.850166212446911
CC12CC3CC1C1C2N31,8.421094390103534
O=CC1CC2OC1C2=O,5.506786250714809
C#CCNc1ccon1,5.962680723486958
OCC(CC=O)C1CN1,6.136735489377043
CN1C=NC(C#C)C1=O,5.924605630371273
CC#CC12CC1C(=O)N2,6.6132376230225125
CC12CC3C(OC1)C23,8.65184218097308
OC1CCC(=C1)C1CO1,6.6225493121778545
CCC1C2CC=CC1O2,6.7477129851117885
OCC1(CC1O)NC=O,7.272437127040932
CC12CC3N1C3(CO)C2,8.351148303519164
OC(CC#C)(C=O)C#N,5.94406824290397
OC12CC34CC=C(C13)C24,5.273185270390248
CN=c1ccnc(o1)N,4.8872746927080595
CCC12CC1C(O2)C#C,7.313992327716911
C1C=Cc2c(nno2)N1,4.722487134387778
O=C1CC2NC3C2OC13,5.427279248690336
C(C#CC=O)OC(=O)N,5.63508133479639
CC(=O)OCC#CC#N,6.851532575685002
CC1C2OC(=N)C1C2C,7.687306836440019
NC1C2OC1(C=C2)C#N,6.168444982205166
CCOC(=N)C(O)C#N,7.380897916826839
CCC1CC2(C)CCC12,9.19301998153963
CC1CC2(C1)CC(=O)O2,7.573165001472285
OC1C2COC(C2)C1=O,5.795683455556091
CCC12CN1CC21CO1,8.477994279082136
C1OC1C12CC1COC2,8.700571205595063
C1C(CO1)C2COC2,8.566334345869864
N#CC1C2NC1C1CC21,7.332115922260606
OC12C=CCC3CC1C23,6.498633641220908
CC1CCCC=CCO1,6.918430604150055
O=C1C2OC3C=CN1C23,5.4933050420994745
CC1CC2OC2(C)C1,9.123384012062457
CCOCC1(COC1)O,8.427933586430555
CCc1c(n[nH]n1)CO,6.698233432888556
CC(C)CC1C2CCC12,9.184055549126548
CC(=O)N(C)C(=O)C,6.050427396134003
CNC(=O)C12CC1OC2,7.025578243701267
COC(=O)CC1(CC1)O,7.381584264532192
O=C1CCCN2CC12,5.6142710465699475
CCC1CC(C#C)C1C,8.262002292427413
CC12CC3CN1C3C2O,8.031160985907892
CC(C)C(=O)C1(CC1)C,6.153387940858169
CCC1=CCC(CO)C1,7.053851700422131
CN=C1OC(C)C11CC1,7.204936517865338
CC1(C)CN2CC1(O)C2,8.030215883696586
CC(=NO)c1cnc[nH]1,5.378912988671098
CC1OC2C3CCC2C13,8.763881981610062
CC1OC2CCC1C2=O,5.766969124382897
C1CNc2c1onc2O,5.905123975929562
C#CCc1cc(n[nH]1)N,6.137636525449892
C#CCC1COCCO1,7.892958497657019
N=C1CC2NC2CCO1,7.230984183306851
O=COC12CC1CC=C2,6.265149836665229
C1CN=COCCC#C1,7.017637242699939
CC12C3N1C1CC3=CC21,4.272993504005763
OC1CCC=C(C1)C#C,6.234227268741371
CC(=N)OC1=NON=C1,6.1958334797959
O=C1CCC2(CN2)C1,5.954826192659409
CC1OCC2C(C#N)C12,7.867473167679209
OC12CC1C(=O)COC2,5.772798917535942
O=CC12CN(C1)CC=C2,5.393294784972634
CCC(CC=O)C#CC,5.976973891144629
CC1=C(C=O)C(=N)OC1,5.049423527264995
COCCC1OCC=C1,6.900431650307258
c1c[nH]cc1NC2CC2,6.162210048345785
OC1C2C3NC3C(O)C12,7.879890648356058
CC1OC2CN3C1C23C,8.319220588405823
CC([NH3+])C1=CN=C([O-])O1,5.741527316802227
CC1CCNC(=N)C1=O,4.890806674810849
CCC1C(=O)OC1(C)C,7.6030244462271925
CCc1cc(co1)C=O,5.120299119631385
O=C1CC2(CO2)C2NC12,5.760231363198863
CC1(O)C2CC3CC1C23,8.612940349875103
CC1C2OC(=N)C(=O)C12,5.2383243819107355
Cc1conc(c1=O)O,4.967953670105945
CC12CC1(CO)N1CC21,7.945219495140085
CCOC1(C)CN=CO1,7.314928853078283
CC12CN1CC2(C)C#N,7.180508881177701
CCCOCC(=N)OC,7.659385181835962
c1coc(n1)CCO,6.615948528646128
CCC(N1CC1)C(N)=O,6.962945363890413
NC(=O)C(CO)CC#C,7.263843060590183
COC1C2CC(O)CC12,8.462748777409338
CC12CCC(C=C1)C2=O,5.709791367324833
CC1COC(=O)C(=N)O1,6.007444910605017
OCCC12C3CC1CN23,8.276256321897714
CC(C)(C)n1cccn1,7.028523128277834
CC1OC1(C)C(C)=NO,6.7833378108586775
OC1CC2COC1C2O,8.234944253799878
O=CCCC1CN=CO1,5.980315254468781
CN1C2C(C1=O)C2(C)O,6.726487074971856
C1N=CN2C3C4NC3C124,6.021265769081066
COC1C2CC2C=C1C,6.580832648779465
CC#CC1C(O)C1O,7.218384383219131
OC1CC=C(C1)C1CC1,6.755780193215221
COC1CC1C(C)C#N,8.149845044853556
CC1COC11COC1=N,7.224738022195166
CCC12OC3C(C13)C2O,8.029279844307222
CC1CC2CC(O2)C1=O,5.7376679938741955
O=CCCC1CC2CC12,6.20895341660448
CC(O)C(O)C(N)C#N,7.726311782262011
CC(CO)(C#C)C1CO1,8.09556181880362
CCC1OC2CC(=O)C12,5.889122040138482
OCC1C(OC1=O)C#C,7.262106288861736
O=CC1=NC2CC(C2)N1,4.40143531736585
OCCC1C2CC1O2,8.508365908355985
NC(=O)N1CC1C1CN1,7.65270790700438
OCC1(O)C2CC1C2=O,6.460205763121527
OC1C2CC1C(O2)C=O,5.825404549915475
Cc1c(ccn1C)C#N,5.779889715015074
COC1CN2CC2C1C,8.18606503292956
OC1C2CC1C1CC2O1,8.220931662957213
OCC(O)C1=NNC=C1,6.808573400968078
CC1C(O)C(O)C1C#C,7.827832972592192
CC1C2CC3(CCO3)C12,8.433246840467117
CC1C2N=COC12C=O,5.773746429690792
CC12CC(O)C1OC2=O,7.412820919521785
CC(=O)NC(=N)C1CN1,6.1700587513315295
CCc1[nH]cc(n1)OC,6.379340068910678
CN1C(C#N)C(N)C1=O,6.6805749496436375
N#CC1CCC1C1CC1,8.740345074733641
CCC(NC=O)C1CC1,7.617521926953077
N=COC1=CNC(=O)N1,5.21020926708319
CC(C)OC1CC1C#C,8.030802341608675
OC1C2CC1(O)C1OC21,8.518071305631029
CCC1(CC#N)CO1,8.438189246576211
CCOC1(CC1C)C#C,7.4925099798834776
O=CCC1CC2CC2O1,6.081170312513944
CCCC1CC(O1)C=O,5.898486104679012
COCc1c[nH]cc1N,6.089374747502442
CC1=C(C(=O)NC1)C#N,5.400656944225034
CC1COC2(C)CC2C1,8.548540101049138
CC1CC2(O)COC12C,8.334331968934542
CC1([NH3+])CC1C([O-])=O,7.277567291664127
CCC(=O)OC=NCC,6.6295250753288615
COC1(CN2CC12)C#C,7.082089636412075
CC1C2C3C(O)C2(C)C13,8.763225711850962
CC(=O)CC1CC1C#C,6.216781260857742
O=C1CC2NC1CC2=O,5.429704186777789
C1C2OC=NC3COC123,6.9524740238933145
Cc1coc2c1OCC2,6.007475353062238
COC1(CC=CC1)C#N,6.937504034559586
CC1CC11CCC1(C)C,9.034019049358491
Cc1cc([nH]c1C#N)N,5.488684355838961
CCC1(C)COC1=O,7.67203776106202
CC12CC3OCC1C23C,8.41577960359822
CC(C)CCC(O)C=O,6.163605192500337
CC1OCC(N)=C1C=O,5.0172186947835815
CC1(CC#N)C2CC1O2,7.848349004561419
N=C1NC=NC1C1CO1,6.326216626121063
CC1=CC2C(C1)C2(C)C,6.610488219787034
Cn1cc(cn1)CCO,6.925014254899398
OC12CCC3C1C=CC23,6.5845703876396
OCC1CC1(CO)C=O,6.015560012431387
C1OC2C1C1COCC21,8.155584080696597
CCN1CCNCC1=O,7.044924948138739
OC1C2CC1N2CC#N,7.16695037495521
OC(C#N)C1=CC=NO1,6.497889215838224
OC1C(CC#N)C1C=O,6.057447612962
COC=NC1(C)CC1C,7.119202556463894
COC12CC1CC2CO,8.438545126938136
CC(CC1NC1C)C#N,7.820806892802393
CCC(C=O)C1CO1,6.121138162471088
CCCCCC(C)C=O,6.200334150070549
CC1C2C3N1C(=N)C23O,6.745719256736159
C1OC2CC1CCC=C2,6.795877631458134
Cc1cc(nc(=O)o1)O,5.3597555504715215
COC1CC2OC1C2C,8.584055129454876
OC(C#C)C1COCO1,7.748427092764672
C1CC1C(=NO)CCO,6.743538328328754
C(CN=C(C#N)N)C=O,5.462892975349648
CCC12CC(O1)C(O)C2,8.31378946397753
CC(N1CC1)C(=O)C#N,4.93984849493601
COCC1CC2(O)CC12,8.52585972202405
CC12CC3C4CC3N1C24,8.482452003496116
O=C1CCC11COCO1,5.635876148771619
CCC1=C(C)COC1=N,6.167059833889876
CCCC1(CN1)C=O,6.035614835299304
O=CC1C2OC2C11CN1,5.893428281868448
CC#CC1C(C)C1(C)C,7.653976200102549
OC1C2CC11OC(=N)C21,7.258549669694889
OC1C=CCCC1C=O,5.857029140283604
C1OC2COCC22NC12,8.165420219209729
C#CC12CN1CC21CC1,6.967394407496322
OC1CC11CCOC=N1,6.994458328429468
CC1CC2C3CCC3C12,9.109229991669112
COC=Nc1c[nH]cn1,5.545358765199104
CN1CC1C1CN1C=O,6.664449222949806
CNc1cc(on1)C#C,5.120594645680217
OCC1NC2C1OC2=N,6.9454056835814875
C1OC23COC12C1NC31,7.958152488457337
CCC(O)C(O)C1CO1,8.73217194218824
c1c[nH]nc1CCC=O,5.953414344745973
C1OC11CCCN2CC12,8.380826689632604
CC1CC2CN2C(=O)C1,6.79738682580744
CC1OC(C)C1C#C,7.89346423999344
OC1CC11OCC1C=O,5.778758148415457
OC(C#N)C12CC(C1)C2,8.138275706773289
CC(=O)C(CO)CC=O,5.738056609571071
OC1CC2(C1)OC1CC21,8.200664021812406
CC1(CO)C(O)C2CN12,8.000634990452166
Cc1cc(on1)CCO,6.555672640635551
COC1C=C(C)C2NC12,6.384297062597881
OC(C#N)C1C2CC1O2,7.355477214052268
CCC1(CO1)C(=O)C=O,4.186482759160704
CNC(=O)C1CN1C=O,6.577143446949021
O=CCC12COC1CO2,5.763647425488921
O=CC(=O)C12CC(C1)C2,4.5464856669869045
CC1C2C=CCC(C)C12,6.895638301472889
CC1CC(O1)C(=O)C#C,5.254562666284695
CC1=CCN(C(=O)C1)C,6.3323110340490665
CC#CC1=CCC(O)C1,6.007780107343304
CC1OC(=N)NC1C#C,7.094960012627778
CCC1(CC(C)C1)C#C,8.250553532761828
CC12CC(OC=N1)C2=O,5.730659870724949
CC(=O)C12CC3C1CC23,6.22674784563381
CC(O)C1=C(N)N=CN1,6.116689589600388
CN=C1ON=CC(C)=N1,4.757734373601202
CC1OC2(CC2O)C1=O,5.836664582155161
CC12OC(=O)C1C2C#C,6.89026329590213
CCC1(C)OCC1OC,8.588251447848068
C1C2CCC3CCC3C12,9.22257827201202
CC1C=CC(C)(C)C1C,7.133657903938959
Cc1c(n(c(n1)O)C)O,6.264398047231903
O=C1C2CC3CC1OC23,5.700418244360019
O=C1NC2CCC3C2N13,7.288594407469288
OC1C=CCC2OC12,6.851289232418932
CCC(C)C1CC1C=O,6.12881740421434
OCC(C=O)N1CCC1,5.575927105245272
C1C2CCOC1C=C2,6.8490955624077205
CC1OC2C3NC3C2=C1,6.318410466746508
CC12C3C1C1(C)CC3N21,8.258912480065984
CC1OC2(CO)C(O)C12,8.040231365173348
CC12CN3CC(CC13)O2,8.008221069045879
CCC1(CCC1=O)C=O,5.621306733234134
CC(=O)C#CC1CCC1,5.588729870383615
CC1(C)C2CCC=CC12,6.793516817279864
CC1(C(N)C1[NH3+])C([O-])=O,7.180461269308963
CC(=O)OCC(=O)C#N,5.521603729286424
Cc1c(cnnc1N)O,5.672609135514278
OC(CCC#C)CC=O,6.18977139911766
CC1CC1C1CC(=O)C1,6.075080144108125
N=CN1C=CCCC1=O,5.416345033679384
CNC(=O)C1(COC1)N,7.028633069551237
CC1OC2COC2C=C1,6.8148475167217395
CC(=NO)C(O)C1CC1,6.800582708661594
Cc1c(nco1)OC,6.2594977566473355
CC1C2OC2C11COC1,8.49417483661718
C1C2CC3CC2C1OC3,8.623352802788379
CC12CC3N1C2C31CO1,8.594907031034596
C1C(CO1)C2(COC2)O,8.183220883943802
CC1=CC2C(O)C2(C)C1,6.501105935333389
OC(CC=O)CC1CC1,6.203446246485166
C1CN(C=C1)C(=O)C#N,5.466371157503076
CC12CC1COC(=O)N2,7.957265908875995
OC12CN(C1)C21CCC1,7.871566390174152
CC1C2CC(C)(C#N)C12,8.198146685329508
CC1CN2CC3(O)C1C23,7.8422237474822305
CCC1CCC(O1)C#C,7.847620582479477
N=C1OCC2CC2C1=O,5.177520734724129
OCC1(CO1)C(O)C#C,7.627967210536506
OC1CC1COCC=O,6.12641525783264
CN1C(CC11CC1)C#N,6.970448726456045
CCCC1=CC(C)CC1,6.902742322555054
OC1CC=C(C1)C#N,6.337047393916863
c1c2n(cn1)CCC2=O,5.182800331715939
CC12CC3C4CC(C14)C23,9.192948742866271
N#CC1CC2N=COC12,7.142218892805721
CC1CC2(O)C(C)OC12,8.350689865158277
c1c2c([nH]n1)C(=O)NC2,5.871440368223453
CC1CNC(=O)C(O)C1,7.302648526404511
CCC12C3C4C3C1(C)C24,8.073881536253124
CC1(C)OC11COC1=N,7.3032574460156265
OC1CCC(=O)C1C#N,5.978670282002246
CC12CC(C1)C1(CC1)C2,9.448486751873961
N=C1CC2(CN2)C(=O)O1,6.526247050289377
CC#CC1CCC2NC12,7.544617962060778
CC(C)C(C)C1OC1C,9.181733992898554
CN1C(=N)OC=NC1=O,5.514600522458799
CC12NC(=N)OC1C2O,6.9325767594926875
CC1(CO)CCC(=O)O1,7.542734003098092
CC1=CC(=O)CN2CC12,4.7076929752362755
Cc1ccoc(=NC)c1,4.407406889925191
CC1COC(CO)=N1,7.278035988557714
CC1OC(C)C1OC=O,7.352767939445245
OC1CC2CC12N1CC1,8.08665999993453
O=CCC1=CC2CN2C1,5.509908597475692
CCCC1C2C3OC3C12,8.514469852200731
OCC1CC2(O)CC1C2,8.794189514344025
CCC1(CCC1)C(=O)C,6.0981427180196395
CCN=C1OCC1C,7.482763675550322
O=CCN1C2C3CC3C12,5.72608092589566
CC12CCC1CNC2=O,7.340041295502414
Cn1cnc2c1OCC2,6.312357295476653
ON=C1CCCC2CC12,6.728941299429609
N=COC1=NC=NC=C1,5.451498114581489
CNc1cc(no1)CO,6.012317323610448
CCC1=CC=NOC1=N,4.810938393129835
OC1CC2(COC2)C=C1,6.740404295579044
CC12C3C4CN(C14)C23C,7.956058329203083
CC1CNC2=CON=C12,5.712207030145185
CC1C2C(C3CN23)C1=O,5.5345007389058605
N#CC12NCC3C1CC23,7.101847408575064
CC12NC(C1C=O)C2=O,5.603265472953813
OC1CC2COC=NC12,7.125298901424538
C1NC1C1COCO1,8.766524946883099
CC(C)n1c(=O)[nH]cn1,6.337637242119539
O=C1CCC(O1)C1CC1,7.51216415571274
N=C1OC2C3CN3C2=C1,5.49726025503921
COCC1(C)NC1C=O,5.849536295783375
COc1coc(n1)C#C,5.453879646902692
N#CC1CCCN=CO1,7.205295425871853
OCC#CC1C2CCC12,7.301403371329346
OCC1CC=C(C1)C#N,6.3282051037531435
CC1OC1C(O)C#N,7.822264010102076
CCc1cc(co1)N,5.991304385301893
CCC1C2N(C)C1C2=O,6.307122251895718
COCCCOCC=O,6.211376753491277
CC(=O)CC1NC1CO,6.213074741771489
COC1(C)C2NC2C1=O,5.6357776688936845
NC(=O)CC1COC1=O,7.063373092953048
C1CC(O1)C1=NNC=C1,6.833385340666837
CC12CC(C)(O)C1O2,8.66830884869439
CCC1OC=NC1C=O,5.820407625377827
OCC(O)C1(CN1)C#C,7.321504306044762
C1C2C3C4OCC3N1C24,8.077705206230497
COC1CC(C1)C1CO1,8.951083138387734
OCC12COC1C2C#N,7.409337864105094
COC1(CC1)C1CC1C,8.635880095485216
CC1(CC#C)COC1=N,7.727236939506274
CCC1C=CC=CC=C1,5.414181669716663
COc1c([nH]nn1)C#C,5.61863620335015
CN1CCOCOC1=O,7.963860296879725
CC1C([NH3+])C1CC([O-])=O,7.2721738510681035
O=C1COC(CC#C)C1,5.936222734838484
c1c(ocnc1=O)CO,5.17852834319316
C1OC1C1=NCCCO1,7.176076228471098
CCC(C)(C)CC(=O)C,6.276221034430605
c1c(c[nH]c1CC=O)N,5.044944425562092
O=CCCC1COCO1,6.2232382907087755
c1c(nno1)CCCO,6.445501082835449
CCC12CC(C1)C2C#N,8.643744046684642
CCn1cncc1C#N,6.327577956974743
O=C1CCCC2CC2C1,6.096836365944706
C(CC(C=O)C=O)CO,5.60675971708638
CC1(CN(CC1=O)C)C,5.5031878231056774
Cn1cnc2c1ocn2,5.699192258816767
CCN=C(CO)NC=O,6.0612777295649
C1C(=O)CC1(C=O)C=O,5.650776299610082
CC12CC3C(C13)C(=N)O2,7.433257630834893
CC1(CN2CC12)OC=N,7.166716364009972
O=CC12NCC1CC2=O,5.4358729040723865
C1CC(=O)C2(C1=O)CN2,4.9976522885315
CCc1cc2n(n1)CC2,6.868490257987753
CCC1NC1C(C)=NO,6.545023395692992
C1CC1C1CC2CCC12,9.3245900221759
CCC1=CCC(=O)C1,5.842169600904617
CC1C2C3C4C2C1(C)N34,8.298670361482278
OCC1CC(C#C)C1=O,5.821647370502793
CCC1(C)CC2CC12O,8.465508759584576
N=C(C#C)N1CC(=O)C1,5.3525905264058675
COC(C)(CO)CC#C,8.074931593649884
OC1C2C3C4C1C2CN34,8.092112524854025
CC1C=CCC(O)C=C1,6.17438204780979
O=C1CCC2C1C1CN21,5.796138015827793
O=CC12CCC1OC2,5.757946443704126
CN=C1OC2C(CO)C12,6.923658943033695
Cc1c(nco1)CCO,6.4456080269389116
CC1N2CC1(C#N)C2C,7.089484635628353
O=C1CC2C3NC3C2C1,6.01816172257174
OC1CC2CC(=O)C1N2,5.89271463014008
CC12CC3(CC3)C1CO2,8.479408500074253
CC(C)OC1(CC1)C#C,7.636085885846192
CCC(O)C1(CO1)C=O,5.846688809855285
c1coc(=O)c(c1N)N,4.432678008088159
ON=C1C2C3C2C1C3O,6.538766881023847
O=C1C2CC3(COC13)O2,5.663446380695657
CC12CC(C1)C(=O)NC2,7.241504841528188
CC(CCC#N)CC=O,6.234788036501193
C1C2OC22COCCC12,8.744124250873908
CNC(C)(C#N)C1CO1,7.581242444918608
CC1(O)C2CCC1C=C2,6.850576286612548
Cc1cnc(o1)NC,6.171522977866248
OC1C(O)C1(C)C1CC1,8.294104184502935
C#CC(=O)CCC(=O)N,5.609045864465205
OC1CC11C(O)CC1=O,5.905275744562216
Cn1c2c(cn1)nco2,5.913932400506527
c1c[nH]c(=O)cc1C=O,4.451554391967054
CC1CC2=C(O1)C=CN2,6.251256664695236
C1OC2C3CC1COC23,8.340470249583444
OC1CCN(C=O)C1=N,6.291370918018462
CC1CC(O)C(C=O)=C1,5.210988709555352
CN1CC(C=O)C1C=O,5.041835699788473
CCOC1COC1C#C,7.499964524560757
CNCC(C=O)C#N,5.7211849760533315
CCC(CC)C(=O)OC,7.621618953096232
CN1C2C3OC2(C#C)C13,6.579340365698384
CCC1C2C=CC(=O)C12,5.07513035862038
C1C2C3C2C2CC3OC12,8.531347640130782
CCC1CNC(=O)C1=O,4.668711242577158
CC1(CCC11CO1)C#N,7.957884753133545
CC12C3N1CC2CC3=O,5.776539571373787
CC1CCOC2CC1C2,8.566639543385168
[NH3+]C1C=CCC1C([O-])=O,6.316344183623079
CCC12CN1CCC2O,8.014869141416074
OC1C2CC1(O)C(O)C2,8.328300974551162
ON=C1COCC11CN1,6.4360985073855685
C1C2CCOCCOC12,8.583828512223818
CCC(C)(O)C(C)C=O,6.094775414470909
CC1=CC(C#C)N2CC12,5.697569086471457
OCCOC1CC(O)C1,8.471518542356643
CC1C2C3CC2C2C3N12,8.436937963070875
CCc1c(cc([nH]1)C)N,6.088200223034024
NC(=O)C12CC(C1)O2,7.135985638002888
CN1C=NOC(=O)C1=N,5.287279001078893
CCC1CC2CC(C1)O2,8.657824824118089
CCC(O)(CC)C1CO1,8.903834347288669
OC1CC11CNC1=O,7.1463401997618625
CC(=O)CCC(=O)CO,5.860356782512511
CCC(=NO)C1OC1C,6.6560042264759804
COCC(O)C(C)C#C,8.004713819602161
[NH3+]C1(CC=CC1)C([O-])=O,6.43330985950276
C1CN1C1C2C3CC1N23,8.023012329227013
OC1=CC(=N)C(O)=CN1,4.864479767288628
CC(C)(C(=O)C(=O)N)O,4.75840136521599
OCC1NC1(CO)C=O,5.964741038719393
CCC(=O)CC(C)C=O,5.924533628403866
CC(C)N=C1OCC1N,7.106038110699738
CC1=NCC=CCCO1,6.470462155254622
C1CC(C1)OC2CC2,8.861183530224267
N#CCC12CC1CC=C2,6.637707500892045
CCC(C)N(C=N)C=O,6.361514575302493
OC1C2NCC(=O)NC12,6.997557045385051
O=CC12C=CC3CN1C23,5.2731021337053186
CCNC(=O)C1CCO1,7.142978799840772
CCOC(C=O)C(C)C,6.045883544324777
C1C=CC(=O)CNC1=O,5.141917081796944
C#CC1COCCC=C1,6.868223536873703
CNc1cc(cnc1)O,5.419314628176699
CCC1=CCOC1=O,6.093505011611709
CC(O)CC12CC(C1)O2,8.367878319554325
CC1=CCOC(=N)OC1,6.426043335237303
OCC12NCC1OC2=N,6.96113931491685
c1c(cn[nH]1)C(=O)CO,5.4001365149443465
CCN1CC(=NO)C=C1,5.239849621786949
N#CC1N2CC2C11CC1,7.252570167938546
Cc1[nH]c(=O)c(cn1)N,4.819323857475736
c1[nH]c(c(n1)O)NC=O,5.417574833418095
OC1COCC(O)C=C1,6.789943225188665
CC12OC3(CO)CC1C23,8.250762513069962
Cc1nc(co1)NC=O,5.618616839948704
C#CCOC12CC1CC2,7.719773778457347
C1CCC(C1)OCC=O,6.130091660873397
COCC1CC(C)C1=O,5.9858025648628255
CCN1C(C)C1C#CC,7.061506440638614
CC1C2C(=O)C(O)C12O,5.93349901113024
CCCc1cocn1,6.792734546448948
CC1(C)OC1CC=O,6.15746053747169
NC12CC1(OC2=O)C#C,6.511661038273193
CC12CC(C)(C1)C1NC21,8.544112058205522
N#CC1C2C3CC1OC23,7.751544354863476
CC(C)(C)C1OCC1=O,5.8894619631601985
OC1CC1C(=O)CC#C,5.9183392019255745
COC12CC1OC21CC1,8.119804788164979
CC12NC1C1C(C#N)C21,6.782805772402672
CC(O)C1CC2(C)CN12,8.027644656726375
C1CC2C=CC3NC23C1,6.651731472286897
CC(O)C12CC1C1NC21,7.710734118297301
N=C1CN(CCO1)C=O,6.6943632292742965
COCc1nccnn1,5.724246220735562
CCC1=CC(=NO)CC1,5.758125606020529
CCOC1C2NC2C1O,8.098380312939573
CC(CCC#C)N1CC1,7.920811509460845
OCC1=CC(=O)C(O)C1,5.1286309100041745
CN1CC11C2CC1O2,8.27240497044366
O=C1NC2C3N=CN1C23,6.242192624025123
CC1C2CC2(CO)C1C,8.666366219352165
CC1CC(O)C(N1)C#N,7.337331663784436
CC1(COCC1=O)C,5.902364240192298
CCC1CC2(CC2)C=C1,6.839546693582731
CC12CC(C1)NC2=O,7.100452408427149
C1C(=NCC#N)OCO1,7.12029117310707
CCC(=O)COC(C)C,6.259297481124207
O=CC12C3OC4C(C14)C23,5.725369297018885
CC12OC1CC=CC2O,6.68053401559426
O=C1CNC11CC2CC12,5.779827944580336
C#CC12CC1N=COC2,6.9130802043181525
CC1=CC(=O)N(C1)C=O,5.258736292888792
O=CCC1C2CN1C2,5.679583801395921
OC12C3CC1C=CC2O3,6.408379190960151
C1CC1C(=O)C(=O)C=O,4.079654808105057
CC12OC3CCC1C23C,8.346647655400046
CC(C)C1OC1CC#N,8.319010775896613
COCC12OC1CC2=O,5.746084985910304
CC12OC1C1CC21C#N,7.284786233691352
COCC1CC2(CO2)C1,8.961485651699041
CC1C2CC(=O)N(C)C12,7.023973558386867
CC12CC3(C)C1C1C2N31,8.352267697800887
CC1(OCCCO1)C=O,5.8985225200266385
CC1C2N1CC2(O)CO,7.827590978035982
N=C(C#N)N1C2CC1C2,6.145573296894702
OC12C3N=C4CC1N4C23,5.406895770212383
NC1=C(C=CO1)C1CO1,5.830012588157629
C1CC(C1)OC(=O)CN,7.201005566711229
C1C2CCOC3CC2C13,8.577670049118439
CC1=CC(=O)C2(O)CC12,5.125911138637193
CC1C2NC=CC(=O)C12,5.048565537682759
CCC1NC1C(=O)CC,6.003216727790577
C1OC23CC(CC=C2)C13,6.450061794379426
OCCC(=O)C(O)C#N,6.061951112827224
O=CCC12CN3C1CC23,5.665835642401119
CC1(O)CCC(C)(O)C1,8.608508673161573
N#CC1NC2C3NC3C12,6.952130869468209
C(CO)N=COCC=O,5.822113551558566
CC1CC23NC12CC=C3,6.209856122941877
CC(O)C(C#N)N1CC1,7.379443612362411
C1OC2CC1OCC2,8.634316178174771
OC1C2NC3C1(O)C23O,7.533270784316352
Cc1cc(nn1C)CO,6.771644461940287
CC1(C)C2OCOC12,8.696646044888995
CC1C(=O)CC1(O)C#C,5.912822062164382
O=CC1=CC2CCC1C2,5.193447351626251
CC12COCC1N=CO2,7.210909784474417
O=C1OC2C3CC=C1C23,5.672269729052141
CC12C3C1C1CC3C2C1,9.03458312664195
CCCC1C2OC2C1O,8.737313429964221
CCN=C1OCC1O,7.243045567322408
CC1=CCOC12CC2,6.519739310199675
CC1=CC2CC1C(=O)O2,6.453188827303454
CC(O)C12CC(C)(C1)O2,8.451329107981286
CCC(CC#N)C1CC1,9.026074613717881
c1c(n[nH]n1)CCC=O,6.046179782180385
CC1CC2(CC2)NC1=O,7.333640879455709
CC1(C)C2N3CC2(O)C13,7.87001922302678
O=C1COC2(CC12)C#N,5.800599851078555
OCC1CN(C=N)C1=O,6.265488224758658
CC1CC=CC2(C)OC12,6.8132739678153635
COC1(C=O)C2CC1N2,5.430003751552688
C1CCN(C1)C(=O)CO,7.174114262165426
CC(=NO)C1CC(=O)O1,6.668308893657645
CC12C3C(O)C1(O)CN23,7.79714908932282
O=COC12CC1C(=O)C2,5.954439779550011
CC1C2CC3OC2C13,8.789443533666425
CNC(=O)C1CNC1=O,6.699105224172897
CC1(CC(O)C1=O)C#C,5.689166699731933
CC1=CC2COC1CO2,6.617809811232048
OCC1(O)CCC11CC1,8.400056597391815
CN1C2CC3(O)CC3C12,7.692836751168043
C1C=CCN1CC=O,5.536836327135084
CC1CCOC(C)(C)C1,8.571352278013098
C1CC12CC=CCC2=O,5.816252125038159
COC(C#N)C1(N)CC1,7.471931594807668
CC1OCC(O)C1(C)C,8.364391920580577
CC(O)CCC#CC=O,5.529620990600188
CC1CC2CC2CC1=O,6.07064415044616
N=C1CC23CC2(CC3)O1,7.441243538497345
CC1=NC2CC2CCO1,6.968029057882667
CCC1CC(=O)C2CN12,5.629641604616448
CCOCCNCC#N,7.393680721155347
CCC1(C)CC1C#CC,7.825716507604613
OCC1OC2C(C#N)C12,7.448853897203607
OC1C(=O)CCNC1=O,5.703519656047138
c1c(c(on1)N)C2CC2,6.032635656017064
CC1CC2(O)CC2(C)O1,8.235419990828204
COC1CC2(O)CCC12,8.434640840868566
CC1(CO1)C(O)CC#C,8.152220953069815
OC12C3NC3C3C1CC23,8.364410106489014
Cc1cc([nH]n1)COC,6.944348119291994
OC1CC2C(C=O)C12O,5.958218054587962
CC1CC(C#C)C(C)O1,8.154258053037578
N#CCC1C2C3NC3C12,7.258784163611063
CC12CCC(O1)C2C#N,7.738301180100578
O=CCCC1(CO1)C#C,6.106374094129043
CCOC1(CO)CC1O,8.302395880577365
O=CC1CCC11CCO1,5.85174333927683
OC1CC23CC4N2CC134,7.586496530365386
Cc1cc2n(n1)CCO2,6.522639041571896
CC(C1C[NH2+]1)C([O-])=O,7.401355454199768
N=COCC#CC1CC1,7.022598615597838
CC12CN(CC1N2)C=O,6.94773216397795
CC1C(=O)NC11CC1O,7.224017550714218
CCC(CC)OC1CC1,8.945706788608014
COCC1(C)C(O)C1O,8.208049966592075
Cc1cnc(nc1)NC,5.371124418435686
COC=NC1CC=CC1,6.745900470912338
CNC12CN=C3NC1C23,5.8759504046721
C1C2CC3OCC=C3C12,6.337345762806377
OC12CC3C(C1)N3CC2,8.14898572605253
CC1OC23CC12C=CC3,6.167234066829083
CC1CCCOCC1O,8.548226003565754
C(C1CO1)C1=CON=C1,6.702792651982726
NC(=O)OC12CC(C1)C2,8.278441895726525
CN1C2CC1C2(C)O,7.806056669231658
C1C=CC(=O)COC=N1,5.066635304016174
N=COC1CC2OC12,7.567443676520641
CC(C)(C)NC(=O)OC,8.380320745015844
CC(CC1(O)CC1)C#N,8.42641558535702
O=C1CC2OC3CC12C3,5.927871483208081
CC1N2C3C2C1(C)C3O,8.123910938422469
C1OC=NC2C3OC1C23,6.8656250864766175
NC1=C(NC=N1)OC=N,5.5100854324169415
OCC1=CCC2CC1C2,6.810529100408621
Cc1ccccc(=O)c1,4.398233446416048
CCN=C(CCO)OC,7.276208243426177
O=C1CCC(OC1)C#C,5.892821898684066
CC(C)C1(CC1)C(=O)N,7.471339606709927
CCc1c(c[nH]c1C)C,6.39037173205184
CCC12CCC3C1OC23,8.659195527174278
CC1CCC2=CNC=C12,6.180050246141147
CC1C(NC=O)C1C=O,5.91920411683684
C1CC2C1C1COC2C1,8.670710389997598
CCC1=CCC(=O)NC1,6.19014751487245
CC1OCOC11CC1,9.00212695700316
CC1CC(C)=CC1CO,7.03997011592453
Cc1c([nH]cn1)CO,6.612538232795796
CCCC1(CC1)OCC,8.851836706006218
CCC1(CO)C2COC12,8.236543133163883
CC1C2CCC(C=O)N12,5.836764485046178
CCCC12CC(C1)C2=O,6.501718078375644
CC1C2C=CC1(O)C2O,6.4421875805290245
NC(=O)C12CCC1CC2,7.423869119581197
CC1(O)C2C3CC2(O)C13,8.36824137209239
CC12COCC1OC2=N,7.52638250614976
CC12CN1C(CCO)C2,8.164214499566102
O=CC1C2NC2C11CN1,5.790540586885939
CN=C1ON=C(O)C=C1,4.5126021750098495
CCC1=NC(C)CCO1,7.253308734002657
C1COC(=O)CC(=O)N1,6.5619928939148355
COC12CCC3C1OC23,8.544109565080385
CC1C2OC2CNC1=O,7.153136752315609
C1C2OCC3C4CC23N14,7.770102753921142
C1CCCC2(CC1)CC2,9.31741475703801
CCC(=O)n1cccc1,5.291265338023757
CN(C)C(=O)C1CN1C,6.749704414166144
CC(=O)CC(C#C)C#C,6.237567028156384
OC12CC3(O)C1CC23O,7.739018671360782
CC1C2CC1C2C(C)=O,6.30454100097754
c1nc(c(n1C=O)N)O,4.774832732881297
CC(C1OC1C)C(N)=O,7.312364038777627
CC12CC(C)(C1)C2C#N,8.508978525153607
OC1CC(O)C(=O)C=C1,5.206919634334811
C1CC2CC3NC3C2=C1,6.557229634280397
CC1C(C)N2C1CC2=O,6.791300921283934
COC(=O)n1nccn1,5.993173263035461
OC1CC2C(=O)CC12O,5.965736575865929
CC12CN1CC(=O)C2,5.689360082024859
OCCOC1CN=CO1,7.243275117262809
OC1(CNCC1=O)C#N,5.357162299755327
OC12CCC3C=CC1C23,6.471777073990172
OC12CC3(O)C(CC13)C2,8.493750346455936
OC1CCC2=C1ON=N2,5.896956402009104
CC(=O)C1C=CNC1=O,5.235052154496461
COC(C)C1OC1(C)C,9.04701942914682
C1C=CC2COCOC12,6.909048162070403
OC1C2C(=O)CC12C#N,6.0839764952882796
OC12CNC1=NCC2,6.559256679277559
CC1=NC(=N)N=C(N)O1,5.526279502385783
C1CC1CC(C=O)C=O,5.778061776309785
CCC1N2CC1(C2)C#N,7.057923183598651
Cc1cncoc1=NC,4.791896924558878
CC1(CC1)C1(CO1)C#N,7.745622744226235
CC1CCCC(O)C=C1,7.019149579628532
CC1(C)C2CC1(CO)C2,8.991295488375806
COC(C)(CO)CC=O,6.118470153392568
CC(O)CC1=CN=CN1,6.812476627410382
Cc1c(n2c(n1)CC2)O,6.304211769494977
CC(CO)C1(CN1)C=O,5.965512904433994
CC1=CC2C3CCC1C23,6.5204612227279535
c1cc(oc1CCO)N,5.859421691233844
CC1=CNC(=O)CCC1,5.900070372871932
CCCC(CO)C#N,8.4050101210841
CN1C=NC2CC12C#N,6.370428502432791
CC12CC(N)C1(O2)C#N,7.153972438278813
COC1(CC1C)C(N)=O,7.169641383873987
O=C1CN2CCC1C2,5.509097176844047
C(C=O)N=CNCC#N,5.713400242966564
CC1OCOC1C#C,7.878780762713335
C1CC(=O)C(C(=O)C1)O,5.4218352743657015
COC1CCOC=NC1,7.091881789629957
C1N2C3C=CCC=C1C23,5.5222364676914
Cc1c([nH]nc1O)C,6.636392568069256
OC1C2CC2C2CC1C2,8.949303655094612
CC1OC2CC(C)CC12,8.597002106022224
C1OC2C3CNC12CO3,8.231353454228483
ON=C1CC2(CN2)C=C1,5.577062267980221
NC(=O)C12CC(O1)C2O,7.052088672196133
C(CCC(=O)N)CCO,7.558002218175937
CCC(C#C)C1CC1O,8.253200663210162
N=C1NN=C(C=O)C=C1,4.565113815083969
OCC1(CC2CC12)C=O,6.023318979042267
CC1(O)C=CC2OCC12,6.7317174052720254
CN1CC23CC(C)(C2)C13,7.954350269561031
CC12CC3N1C2CC3=O,5.863338810405908
CCC1CC1C1CCC1,9.281681866256289
CC1(O)CNCC1=O,5.765692987207634
OC1C2NCC1(O)C2=O,5.805830351663362
CC1(CC(C1)C2CC2)C,9.31335255554603
C1CC1(CO)C(=O)C=O,4.24314197386856
CCC(=NO)C1(CC1)C,6.749219355087192
NC(=O)N1CC2CC2C1,7.65753257679483
CNC(=O)COC1CC1,7.250261757482533
C1NC1C#CC1CO1,7.006739657523534
CC1COC1=NCC#C,7.266464921895007
NC1(CC1(O)CO)C#N,7.233622748697852
CCC(=O)C(C#C)C#N,5.935487776230269
CN=C1OC=NC(O)=C1,4.688924041156755
CC1=C(C)C(O)CC1O,6.701000687781383
C1C23CCOC12C=CC3,6.326941916413098
CC1(O)C2CC(CO)C12,8.401439495889276
C1OC11CN=C2NCC12,6.451686691395714
COC(CO)C1(C)CC1,8.723838776193698
CC1=NC(CCO1)C#C,7.240589308747678
CC(O)C1=CC2NC2C1,6.604871265109617
CCC1(O)C=CCC1O,7.016787231157519
CC12OCC1C2CCO,8.259251031194234
COC1C2CC=C(C)C12,6.489252662810912
Cn1c(=O)c(=O)[nH]cn1,5.295237310063744
CC1CC2(CN2)C2NC12,8.101319862053376
CC1C(O)C(C#C)C1=O,5.7806392405328415
CCC1COC1C=O,5.8211207185766085
COC1C2CC=CC12,6.600126928354115
CC1C2C1C(C)CC2C,9.266791864509337
CC1CC(=O)C=CC=C1,4.924752109526494
CC1=CC(=O)C(O)C1=O,4.431178598780138
CC1=CC(=O)C2(C)CC12,5.140628140203327
C1CC2OCCC3C1C23,8.512415162747157
CCn1cncc1C=O,5.023228861854713
CC(OCC1CC1)C=O,6.10203926419368
N=COC12CC1OC2,7.376265030752855
N#CC12CN3C(CC1)C23,7.353860052785692
C#CC1=CC2OCC1O2,6.058550650578503
CC1(C)CC2OC=NC12,7.243193159929966
CC12CC3C1N3C21CC1,8.431773611327708
CC1C(C)C1C(O)C=O,6.00519628981975
COC1CC23CC(C2)C13,8.886331426417478
CN(CC=O)CC#N,5.604179364067987
CN=C(C#N)N1CC1C,5.620180000523899
CC1C2C3N2C(=O)C13C,6.590147418950138
CC12OC3C1C(C=O)C23,5.882310724804796
CC(O)C1=CCOC1C,6.777944964744288
CC1NC2C1OCC2=O,5.603351886645726
CC1(CN1)C1OCC1O,8.17313582385135
O=C(C#N)C1CC2OC12,5.38312258384191
c1cc(c(=O)cnc1)N,4.0614822772009935
Cc1cc(=O)c(c[nH]1)N,5.059460107729773
COC1CCOC(=N)O1,8.19596562780814
OC1CCC1(O)C1CN1,8.249776159059394
OC1C2CC2(O)C11CO1,8.256020856673434
COC1CN2CC12C#N,6.969514844154363
CC1C2CC3C2N3C1=O,6.516067823856266
CN1C2C1C(=O)CC2=O,4.836009218931729
CN1CC2(C)OC(=O)C12,6.538296735760293
CC1C(O)C(=O)C11CO1,5.6503011831711225
CC12COC(C)(C1)C=C2,6.734603002877522
O=C1CC23CNC2C1O3,5.492373552252982
CC1(C#N)C2C3CN3C12,6.917896243726261
OCCCOC(=N)C=O,5.191629857572302
CCCN1CC1CC#N,7.404497656527806
OCC12OC1CC21CC1,8.649908601210608
CC1=CCC2OCC12,6.739892229455364
COC=NC1CC1(C)C,7.123271433244136
C1OC2CCC=CCC12,7.018053567648758
Cc1c(c(n[nH]1)C=O)O,4.996379006626526
COC1(CC1)C1NC1,8.460728648853744
C1COCC(CO1)CO,8.667267218717303
c1c2c(c[nH]1)CC=CC2,5.569401230655281
O=CC1C2CC1C2C=O,5.822444824700012
COC1CCCC(C)C1,8.83020018989864
CN=C1OC(=O)C(N)=C1,5.1725653880918925
COc1ccc(o1)OC,6.270536730307198
COc1coc(c1N)N,5.8525708828514205
CC(C=O)C1CC1CO,6.171818332138926
CC1C(CC1=O)OC=N,6.0327530391805535
CN(CCC#N)CC=O,5.604128107562458
COCC1C2OC=NC12,6.993468230096116
C1C2OC3COCC3C12,8.449041824601316
c1c2c(no1)CCOC2,6.476684169151357
CC12OC1CC2(O)C#C,7.331484565462574
N=C1CC(=N)OC(=O)N1,6.508644127579121
CC(=O)C12CC1(C)OC2,5.985860189079245
CC1(C2CC1O2)C(N)=O,7.09128755740584
C1CC1(CC=O)C#N,6.137244513944589
O=C1C2NC3CC2NC13,5.613366775327958
C#CC1C2NC1C1OC21,7.256534552498313
OCCC1C2C3OC1C23,8.377078013112998
CC(=NO)C1(CN1)C#C,6.341317444409036
OC1CC(CC#C)C1O,7.958558816347112
CC1C2C=C(C)CC12C,6.564498987455641
CC(C)(O)C1CN2CC12,8.063075447841705
C1CC(C1)C1CCCO1,8.64917162331052
CC12C3CN3C1CC2=O,5.585178492139029
CC1(CC1)OC(=N)C=O,5.127248729741499
COc1nccc(n1)O,5.532979683017286
C#CC1CC2OCC=C12,5.965751649347938
CC1C2CC(C2)C1O,8.927039803585787
CN(C=O)C(=O)COC,6.103829957586431
COCC(=O)NCC#N,7.132862533093143
NC1=NC2CCC2O1,7.268822222510812
CN1C2C3C=CC1(C)C23,5.897944717573255
CCN=C1C(CO1)(C)C,7.391526551850557
CC12CCC1(O)CC2O,8.32948473367951
CC1C2(C)CCC12CO,8.48665715116915
CC#CC1CC=CC1=O,5.058712046910047
CCC1(O)C(O)CC1=O,5.857691740204728
C1CNc2c1onc2N,5.809555663430519
C1CC(=O)C(=C1C=O)N,5.112013632002536
O=C1NCC2OCOC12,7.03002019083758
N=C1OCC2CCC2=C1,6.111211498393505
CC1CC2(C)CN3C1C23,8.26125343560507
O=C1OCC2CC12C#N,6.950170343907544
CC1OC2C3CCC3C12,8.398965315404746
CC1=NN2C3CC3C2=C1,6.2834969635032145
CC12COC1(CO2)C#C,7.076496819754076
CC1CN=C2OCC12,7.253621754120244
CC#CC(C)C(O)C=O,5.93935230109726
CC12OCC34CN(C13)C24,7.9298534969484
Cc1c(ncoc1=O)C,5.07280170159385
COC1CN2CC12CO,8.008783931179513
CC(CCO)C(=O)C=O,4.280857019513284
CC(C)OC(C)CC=O,6.138169502315865
O=C1CC2NC2(C1)C#N,5.938225108245797
COC1C2CC1(O)C2O,8.317469209661633
CC1CC2(CC2)CC1=O,6.085235913459758
c1cc(oc1)C#CCO,5.619557153304045
C1CC2(CC1=O)COC2,5.939348499308525
CC1C2CN1C2(C)C=O,5.464838685216314
CC1CCC([NH2+]1)C([O-])=O,7.393634331314506
CC1(O)C(NC1=N)C#N,6.8312451660176015
CCC#CCC(C)CC,8.15308447251778
CC1N=COC2C(O)C12,7.040430259116754
CC#CC(CCO)C#C,7.505003489473058
CN=C1CCC(CO)O1,7.350890792124769
CC1C2C1C1C(C)OC21,8.35282636210565
C1C2NC3=COC=C3C12,5.871118564595465
N#CC1C2C3CCN2C13,7.149244610630335
COC1CC11CC2NC12,8.281712202508611
OC12CCC1NCC2=O,5.662220473791328
C1CC1C12C3C4C1N4C23,7.722331920774682
O=C1CC2NC2C2CN12,6.683866860798267
OCC(=O)C1CCC=C1,5.884699530340281
OC1CC2OC12CC#N,7.616401720827383
C1CC11CCC2(CO2)C1,9.008682399561831
CC1C(CC1C=O)C=O,5.844190796135455
CC12CC1C=CCC2O,6.72578035834448
CC#Cc1c(con1)C,5.595794617351389
CC(=O)C1(CC1O)C#C,5.8794779761391345
N#CC1CNCCCO1,7.077804467372786
CC1C=CC2OC2C1C,6.764412501270109
OCC12CN3CC(O1)C23,7.4097641098277265
CC1CNC(=O)C1O,7.399886076806934
CN1C2C1C1OCOC21,7.835130219193475
OC12COC1CC21CN1,7.949039668273347
Cn1c(cnc1O)C#N,5.453047534084877
CC1CC(CO)CC=C1,7.1972742502498095
CC1(CO)OC11COC1,8.575834355782765
O=CN1CC(C1)C1CO1,7.289669994615304
CN=C1C(=NO)CCO1,5.611953059981614
CC1COCC11CN1,8.44687539134434
COC1C(NC1=N)C=O,5.511756283982045
CCOC1CCC(C)C1,8.87519229276043
CC1OC2CCC1(C)O2,8.915561887436096
Cc1ccc(o1)NC,5.850217742215012
CC1COC(=O)C1C,7.629875434866845
CC12C(CO)C3C1CC23,8.919658270928885
C1N=C2OC3C4NC13C24,5.938948731202849
OC1CCC(O)C1C=O,6.017580692678409
CC1C2C3OC3(C=O)C12,5.836848427312439
CC1(C)C(O)C1C1CO1,8.647806939607474
CC(=O)CC1COC=N1,6.089383277329833
CCC1C(C)C(C)C1O,8.635562087916684
CCC1(C)CCC=CC1,7.229212733268428
CC1(O)CC11OCC1O,8.002564039597292
CC(C)(C#N)NC(=O)N,7.796349213596233
COCC1OCOC1=N,7.615040829534795
CC1(O)CCC(CO)C1,8.850180845085433
OC1CCC2(CC2)C1,8.910437281759942
C1N=C2OCCC3C1N23,6.897279812690928
O=C1C2CC3C4C3N2C14,5.798995431663949
CC(C)C(O)C#CC#N,6.848488035803287
N=COC(=O)CCC#N,6.914048355787172
O=CC1C2CC3(CC3)N12,5.734791359324071
CC12OC1C1C(O)CC21,8.34407799725471
OC1C2CC(O2)C11CC1,8.325456346509874
CCC1CC2OC2C1,9.283726510582554
CC1CNCC(=O)C1O,5.647435111455257
C1C2CC3NC3C1O2,8.370558014474067
CC1(C)C(CO)C1CO,8.474647144516695
CC(=O)CC1=NCCO1,5.706058785846192
CCC1CN(C1)CC#N,7.113092222855249
COC1C(C=O)C1C=O,5.594850925189682
CC(CC=O)CC(N)=O,5.932084053673643
CNC1=CC(=N)OC=C1,4.8131803309326795
CCC(C#C)C(=O)NC,7.298676591151105
CC1NC1(C=O)C1CC1,5.943886154263352
NC(=O)C(CO)C1CN1,7.3339786387627095
CC1(CCC1)OCCO,8.735949494522863
CC1C2OC(=O)C1C2C,7.453721461046033
CC1CCC2(CO2)C1O,8.871720771359401
C1CC2(C1)COC=N2,7.212716542123044
C1C2CCC3=CCOC123,6.123946196740276
OC12C3C=C4CC1C4C23,4.937093368066438
CC1N2C3C(O)C2C13O,7.666035809881869
CCC1OCCC1=NO,6.665477984421548
CCC1C2C3C1CC23O,8.455148926570232
COC1C2(C)CC1(C)C2,8.929812278213898
CC1=CC2CC(O2)C=C1,5.889118157418809
O=C1CNCC1C#C,5.668452401922117
CCC1(CC#CC)CO1,8.168819643321163
CN=COC1COC1=O,6.792431676599123
CC1C2C(=O)C1C21CN1,6.40933580483511
CCC(N)(C#N)C(N)=O,6.972238801303579
OCC1CC2(CO2)C1O,8.596066125294401
COC(C=O)(C#C)C#C,5.794364061329339
CC1(C)CC1OC1CC1,8.69984676547923
CC12CC3(C)C1C=CC23,6.308939197316158
CN=C(C=O)OCC=O,4.751687909970262
c1nc(c(o1)N)CC=O,5.02160154083305
O=C1CCC(=O)C2CC12,5.72155970349569
O=CC1CC2(CO2)C1,6.066561406018232
CCc1cc(n[nH]1)O,6.680759325780704
N#CC12NC1C1CC2C1,7.216513680575868
C1C2C3CC4C(CN24)N13,7.643285400015151
CN=C1OC(C)C1C#N,7.192372753424573
CCOC1(CCCC1)C,8.756567015095191
C1CC1OCCOC=O,7.389849504038809
CC(C=O)C1=NC=CN1,5.5500118204302
CC1(CN(C1)C=O)CO,7.283912666940888
CC1CC(CO)(N1)C#N,7.37761494220464
CC1=CC2OC2CCC1,6.706479852456267
O=C1C(C#C)C2CCN12,6.537578727781828
CC1C=C(C)CC1O,7.070612018811399
C1C2CCOC=NC12,6.962494189461726
CC(OCC1CC1)C#N,8.04927231874681
CCC1(CO)NC1C=O,5.894323051895881
CC12C3OC3C1NC2=O,6.713524726528178
CC1NC1C(=N)OC=O,6.393345026503882
COCCC1CCC1C,9.069307037269708
CC1=CC(=O)CCCC1,5.255813734174803
N=C1OCC2OC(=O)C12,6.738096697433979
CC1C(O)C1C(O)CO,8.204270692315319
Cc1cnccc1O,5.866118681688069
CC1=C(CCC1=O)N,5.474066097228838
CC1(C)CCOC1C=O,5.893811191874239
COCC12NC1CC2=O,5.800253488080936
COC12CCC1(O)C2C,8.155970399764662
CCN=c1ncnno1,5.109080715282326
CC1CC(O)C(=O)N1,7.366009362138756
CCOC(=O)C(O)CC,7.425464296873741
O=C1CC(CC2CO2)C1,6.164332387589522
CC1OC2CCC12C=O,5.72109221654865
CC1C(O)C1(N)CC#N,7.596230247917072
CC12CC1N1CC21C#N,6.688707682112973
CC12C(CC1=O)N2C=O,5.753447756040742
N=C1NC(NC=O)=CO1,5.173518470217661
COC(C#N)C(C)C,8.14208656876933
N=C1NC(C#N)C11CO1,6.7983912343614605
OC1C=C2CN3C1C23,5.628412364253576
CC12COC1(C)C(=O)C2,5.728153854380986
CC(O)C(C)CC#N,8.494648521523455
O=C1CC2CCC(=O)N12,6.223782442047654
CC(OCCC#C)C#N,7.820445162973955
CCC1C(O)C2(C)CN12,7.903526963163202
CC(=O)Cc1cnn[nH]1,5.982914501473656
COC12CN(C1)C21CC1,8.260096785476035
CC12CC3C1OC(=O)C23,7.180188320035688
Cc1c2c(c[nH]1)onn2,5.6128751054727
OC1CCC(CC#N)=C1,6.8109757108721976
CC1(O)C2CCCOC12,8.289343612349816
CC#CC(=NO)C#CC,5.299891702983457
c1conc1C2COC2,6.600294690556242
CC(=O)C#CCNC=O,5.49302441130123
N=C1OC2CC3CC12O3,7.084609626805928
CCC(C)(O)CC#N,8.485868319169143
C[NH+]=C(N)C(C)C([O-])=O,6.365789405224017
CC1(OCC1=O)C1CC1,5.934202963646753
C1CN1C2(COC2)C=O,5.6015473328572725
CC#CC(C)OC(C)C,7.900946261878493
NC(C#N)C1COCO1,7.572203698272416
C1OC2CCCC3NC123,8.346821343398622
CC1=C(C=NO1)C1CN1,6.309388700616873
C#CCC1COC1C#N,7.369687453065884
c1nc(on1)C2CCC2,6.760091178128771
CC1(NC(=O)C1O)C=O,5.6942138816928445
CC12CC(C1)(O2)C(N)=O,7.126022589198423
CCC1CCC2CC1O2,8.657403104217403
OC1CC2(O)C=CCC12,6.678335202307766
COC(C)C#CCO,7.643626319721649
CC1OC2CC12CO,8.268210891780306
OCC1C(O)COC1=N,7.471831227516239
CCc1ccncc1O,5.827042709611239
C1CC=CCC(=NO)C1,6.336610292102044
NC1=NC=C(O)C(=N)O1,4.881553401696239
CC1CCC(O)C2CN12,7.964907682286892
CCC1CC2(C)CC12O,8.438030591589389
CCOc1c(c[nH]n1)C,6.470544794398689
COCC12CC(C1)OC2,8.648982211902021
c1c2c([nH]c1N)C=CC2,5.178923921315883
CCC(CC(C)=O)C#N,6.438239483447065
COC12CC3OC1C23C,8.186971797149285
OCC1C(CO)C1CO,8.396659831799772
N=C1CN=C2OCC2O1,6.7422916444446725
OC1C2CC1NC(=O)N2,7.781689389012306
CC1C2CC(C=O)C12C,6.016692441282156
CC1(C)C2CC(=O)NC12,7.290293251943058
C1C2OC3CCC1OC23,8.42302877769025
OC1CC=CC1OC=N,6.616217303602181
c1c(c2c([nH]1)CCO2)N,5.847867531199657
CC1(C)OC2(CC2)C1O,8.408127998817633
CC12CC3CC4C(C13)N24,8.325629956937512
CC12NC3(COC13)C=C2,5.956192380529499
COC1C2OC1C2C#N,7.331661614534472
ON=C1C2CC(C2)C1=O,5.0136777405064885
OC1C2CN2C1C1CO1,8.271667625364753
OCC1CCOC1C=O,5.910244000446496
CC1OCC2C3CN3C12,8.113563788929259
N1C2C3C4C1C2N=CN34,6.157389285872465
CC1OCOCCC1O,8.790918858971429
COCC1(C)CC2CC12,8.851753022237949
COCCC(O)C#N,7.8889563626940955
CCCc1ncco1,6.750850455045567
CNC(=N)C(OC)C#N,6.486370005641943
C1CC23COC12CC=C3,6.455520081621527
CC1(N)CC1(O)C#N,7.338439057177722
CCC(CO)OCC#N,7.785116111999745
CC1OC=NC2C(O)C12,6.987905866061857
OC12C=CC3(O)CC1C23,6.064514121734446
Cn1ccc2c1C=CC2,5.151855804406509
OC1CC2C(C#C)C12O,7.391393596666735
N=COC1CN2CCC12,6.9685905939309825
COC12CC(CC1)C2O,8.561885591204124
CCC(C)C12CC(C1)O2,8.500640965232535
CCN1CCCC1=O,7.235874656013469
O=C1CC2(CC2)C2CC12,6.022947516385619
OC1C2CC11OCC1O2,7.916538754353574
C1C23COC12CC=CC3,6.536075045288364
O=CC1CC(C1)N1CC1,5.752445094935579
OC1(CCCC=C1)C=O,5.629101623087301
C1CC2OC2C2OC12,8.74225261487072
C1CC1CCCNC=O,7.648972470157565
CC1CC2C3C2C2C3N12,8.19555320810567
CC1=C(C)C2OCC2C1,6.666850892526757
CC(C)n1c(ncn1)O,6.763346814686291
OC1CN(C1)C(=N)C=O,4.575942958975761
CC(CO)COC(C)=O,7.607378790822694
CCOC(C)C#CC=O,5.49898400653025
N#CC1CCCC11CN1,7.618097595035129
CC1(C)COC(O1)C#C,8.019487596878514
C#CC1CN=C2OCC12,6.8555368325133985
CC(=O)c1c(cc[nH]1)O,4.983207979185468
COC(C)C1(CC1)C=O,6.152234638756339
CC1(CC[NH2+]1)C([O-])=O,7.2511198611618894
CC1COC1C1CC1,8.694352691354906
NC(C#N)C12CCC1N2,7.157790130215832
c1cn(nc1O)C(=O)N,5.350786537650606
CC(OC=N)C#CC#C,6.466802811288062
CCC1(O)CC(=O)C1C,6.00385210850771
CC1CN(C=O)C(C)=N1,6.028454087699133
CN1CC(O)C(=O)C1,5.55883573781805
O=CC1C2CN3CC3C12,5.716013342165286
CC1NC(=O)C1CC#N,7.316232152038186
COCCCOCC#C,7.89942928680782
CC1(CO1)C1(CO)CO1,8.72653305789506
OC12CC1C1CCC21O,7.838969257787045
OC12CC1OC1CC21,8.067694329863652
CC1CC2(CC2)C(=N)O1,7.711202420569195
N=CN1CC11COC1=O,6.54976691906114
O=C1CC2(CC12)C1CC1,6.123567401231316
CC12CC1C1(CO1)C2O,8.501663393960426
ON=C1C2CC1C(O)C2,6.717417091721524
CC1C2C3OCCC3N12,8.153408652808967
CCCC1=CCCC1C,6.954219473958504
CC(O)C(=O)CC(C)=O,5.644466475200234
CC1C=CC(C)C2OC12,6.981238094969305
C1CC11C=C2CN3C2C13,4.686246190747782
CCC(=O)c1ncco1,5.328964677919193
OC1(CC1)C12CC(C1)O2,8.266863955320927
OC1(CC#C)CC1C#N,7.513203459894437
CC1C(=O)CCC1(C)C,6.070268589621527
OC1CC2C3CC12OC3,8.300888881785788
C1C2OC=NC3CN1C23,6.6516240711749735
C1N2CC11COC3C2C13,8.160473226887676
CCC#CC1CC(=O)C1,5.927452001266296
COC=NC(CO)C=O,5.697094065638867
O=CC1OCC(C=O)=C1,5.1390937293225205
OCC12C3CC1COC23,8.363302139260549
OC1C2OCCC(=O)C12,5.9377759959723235
CC1OC(=N)CC11CO1,7.613587177879399
OCC1=CCC2NC12,6.400275917248587
CC(=O)NCC#CC#C,6.332222815549036
CC1(C)NC(=N)NC1=O,6.483859161015683
CC1C=CC(=O)CC1O,5.243902048504004
CCOC(C#N)C(N)=N,6.899793109824286
CN1C2C3(C)CC1C23O,7.486422641542831
Cc1c(cno1)C2CC2,6.437237440219038
O=C1C=CC2CCC1O2,5.101480758700456
O=CN1C=CC2CCC12,5.962106976707722
C1CC(C1)(C2CC2)O,8.800268768533758
CCn1cc(cn1)CO,6.948896300832516
COC12C(C)C1OC2=N,7.160268553918382
OC1C2CC=C(C#N)C12,5.916410340790565
CC1(NC1CO)C1CN1,8.287492501663905
COC1COC1C#CC,7.4045484969747735
C1C2NC1C1=C2NN=C1,6.225272179156595
C1NC1C12CC3CN1C23,8.216098338795902
CC1C(O)C11OCC=C1,6.274789996364034
CC1C=C(C)C2CC1C2,6.862885654747576
N=C1NC(=O)CC2NC12,6.40519830900765
CC1C=CC=CCC1O,6.52800219004901
CC(=O)C1CCC1(C)C,6.132557440862786
CCOCC(C)(C)C#N,8.26216480487624
CC(C)OC(C=O)C#N,5.969667704380958
CCC12C(C)C1NC2=O,6.91168239012336
Cc1c(c(ncn1)N)O,5.538641692016719
OC1(COC=N)COC1,7.217721053790509
CCC(C)N1CC1C=O,5.6773479736354915
N=C1OCC1C(=O)C=O,4.5869045762192915
C1C2CC3C1C21COC31,8.714432001615338
Cn1cc(nc1CO)O,6.15228455065845
CC(C=O)N1CC(O)C1,5.534991921388084
O=CC1=CC(CC1)C#C,5.251844482814709
CC1(NCCC1=O)C#C,5.652456567894487
CC(O)CC1(CC1)C=O,6.1389701001396375
N=C1N(CC11CN1)C=O,6.279121647607328
C1CC(O1)C1=CC=CO1,6.346567647415505
c1cnc(c(=O)[nH]1)CO,4.847242747062603
CC12CC(C1)C(C2)C=O,6.134326077172142
CC12CC1(O)CC2C=O,5.9884231967555035
CC(C#N)C1CCC=C1,7.165857109962871
N=C1C=CC=COC1=O,4.311948641434156
OC12CC(C1)OC2C#C,7.382924880527335
CC1CCC2(CCC2)C1,9.39288319858339
CCC1COC(C)=NC1,7.3887099277770725
CC1N=C2CCN2C1=N,6.1322765171628895
CN1CC1(C=O)C1CC1,5.619334437256159
OC1C=CC(=O)C11CN1,5.077011117715983
CC1=C(ON=N1)C1CO1,5.908552152464168
OCC(O)C1=CON=C1,6.6196473337047586
CN(C)C1=COC(=N)O1,6.099929636509725
CC1N=CN2C(CO)C12,6.699140208777099
ON=C(C#C)C1CCO1,6.21468492208622
CC1CC2COCC12,8.78575162145236
CC1=C(N=CN1)C1CN1,6.468768576309807
C1C2C=CC3OC12C=C3,5.759841165628038
CC1(CC(=O)C(=N1)N)C,4.878594391643846
CC1CC1(O)C(N)C#N,7.65689617374248
CCC(C)C(=O)C1CO1,6.055001345469881
CC1C(O)C1(C)CC=O,6.074039303050327
CC1C2COC2C1=NO,6.522583720153569
OC1CC(=O)C1CC#C,5.949393537621095
CCOC(C#C)C1CO1,7.723980217715975
Cc1cc(=O)[nH]c(n1)O,5.483304549088399
CCC12CC(CC1C)O2,8.64245429848603
c1c(noc1N2CC2)N,6.006483018057652
CC1C(C)(C)C1(C)C#N,8.206615875323383
O=C1CC2CNC(=O)N12,6.564417375762778
OC12CC(C1)C2CC#N,8.233530629475416
CC1(CC(O)CO1)C#C,7.729673774692799
OC12COC11CCC1C2,8.030249659212782
CCC1OC(=O)C1N,7.143083132419353
CCNC1CC1(O)C#N,7.187604360441858
CC(C)(CC=O)C1CC1,6.173724939496568
CC1(O)CC(C=O)C=C1,5.881238763248328
CC1C(O)C11CC(=O)O1,7.475221962907721
CCC1C2CC1CCC2,9.60250625392746
CNc1cc[nH]c1CO,6.01408955780035
CC(C)(C(=O)N)OC=O,6.951041544149872
CC#CCN=COC,7.206352439128836
CC1C2CC(C)C1(C)O2,8.608440498154803
CC12CC1C1NC(=O)C21,6.953909676305301
CN=COC1CC1C#N,7.21217448251123
CCn1cc(nn1)OC,6.248795583214973
CCC1(C)OC(=N)C1N,7.472070116452106
C1CC(=O)CC2(C1)CC2,6.0931929148421435
N=C1OCC(=O)C2NC12,5.772903583113603
COC1(COC1)C(=O)N,7.079409169993157
C1C2C3CCOCC3N12,8.109485321269903
OC1CC(CC=O)C1=O,5.663419739216795
CC1CC2C3CC2C1O3,8.649483574454123
OCCCC1CC1C=O,6.181604223831432
COc1ccn(c1)C=O,5.346876585337978
CC(C)(C#N)C1CO1,8.39354362065403
C1N2C3COCC=C1C23,6.029499515096498
CC1(CC2(O1)CC2)C,8.534846262867891
CC1(CC2(C1)COC2)O,8.298075066917459
OCC1=CCOC(=N)C1,6.385230810077111
C1OCC11C2C3OC3C12,8.074104794515769
CC12CN3CC(OC1)C23,7.960590456263981
Cn1c(ccc1OC)N,6.129535363363434
OC12CC1N(C2)C=O,6.997141997889942
OCC1(CC1)C1CCO1,8.389217471100919
CCC12CC(=O)C1C2C,6.064617788968424
Cc1cc(c([nH]1)N)C=O,4.705886482464942
O=C1C2CC1C(=O)NC2,5.856068063737974
OC1(CCN2CC12)C#C,7.179340697125497
COC12CC1(O)CC2O,7.828444591027287
CN1C2C(=O)NCC12C,6.5807216580761425
CC(=O)C12C3CC1CN23,5.952085070177343
CC1CC2(C1)OC2C=O,5.905131444396478
C1C2C3OC4CC13C2O4,8.10678804784419
CC(C)c1c([nH]cn1)O,6.54157713652603
OC1C2CC3(CO3)C12O,8.227155066696257
CC1(C)OC2CC12C#C,7.225246765092411
C1C=CC(=O)C=CCO1,4.611819520807801
OC1C2CC2(O)C1C=O,5.926584187041151
CC1OC2C(O)C12C#C,7.31154839402082
CC1NC(=O)NC1C#C,7.500802786790068
CCN=C1C(=CCO1)C,5.7950556245165465
COC12CC3CC1(C)C23,8.442108368859241
OC(CC#C)CN1CC1,7.5890340735076025
CC12CC1C1C(C#C)N21,6.702377811829727
COCC1(O)CCC1=O,5.756690571277762
N#CC1CCC2CC1C2,8.932444262825703
Cc1cc(=O)[nH]c(=O)[nH]1,5.377556005851266
CC(C#C)C([NH3+])C([O-])=O,7.290074178121998
CCCOc1cnco1,6.462321180513134
C1CCN=C(C1)OC=O,6.412499256058791
OC1COCC2CCC12,8.466753426186939
CC1=NCC2NCC2O1,7.054682679719891
CCCC1=CCC(=O)C1,5.844714323109981
O=C1CC23CC2(CC3)O1,7.268986487878891
CCC1(C)CC(N1)C#N,7.303906406893898
